{
    "id": 423556962,
    "node_id": "R_kgDOGT73Yg",
    "name": "CopperGolem",
    "full_name": "Sollace/CopperGolem",
    "private": false,
    "owner": {
        "login": "Sollace",
        "id": 6429283,
        "node_id": "MDQ6VXNlcjY0MjkyODM=",
        "avatar_url": "https://avatars.githubusercontent.com/u/6429283?v=4",
        "gravatar_id": "",
        "url": "https://api.github.com/users/Sollace",
        "html_url": "https://github.com/Sollace",
        "followers_url": "https://api.github.com/users/Sollace/followers",
        "following_url": "https://api.github.com/users/Sollace/following{/other_user}",
        "gists_url": "https://api.github.com/users/Sollace/gists{/gist_id}",
        "starred_url": "https://api.github.com/users/Sollace/starred{/owner}{/repo}",
        "subscriptions_url": "https://api.github.com/users/Sollace/subscriptions",
        "organizations_url": "https://api.github.com/users/Sollace/orgs",
        "repos_url": "https://api.github.com/users/Sollace/repos",
        "events_url": "https://api.github.com/users/Sollace/events{/privacy}",
        "received_events_url": "https://api.github.com/users/Sollace/received_events",
        "type": "User",
        "site_admin": false
    },
    "html_url": "https://github.com/Sollace/CopperGolem",
    "description": "Adds the copper golem from the 2021 Minecon Mob Vote",
    "fork": false,
    "url": "https://api.github.com/repos/Sollace/CopperGolem",
    "forks_url": "https://api.github.com/repos/Sollace/CopperGolem/forks",
    "keys_url": "https://api.github.com/repos/Sollace/CopperGolem/keys{/key_id}",
    "collaborators_url": "https://api.github.com/repos/Sollace/CopperGolem/collaborators{/collaborator}",
    "teams_url": "https://api.github.com/repos/Sollace/CopperGolem/teams",
    "hooks_url": "https://api.github.com/repos/Sollace/CopperGolem/hooks",
    "issue_events_url": "https://api.github.com/repos/Sollace/CopperGolem/issues/events{/number}",
    "events_url": "https://api.github.com/repos/Sollace/CopperGolem/events",
    "assignees_url": "https://api.github.com/repos/Sollace/CopperGolem/assignees{/user}",
    "branches_url": "https://api.github.com/repos/Sollace/CopperGolem/branches{/branch}",
    "tags_url": "https://api.github.com/repos/Sollace/CopperGolem/tags",
    "blobs_url": "https://api.github.com/repos/Sollace/CopperGolem/git/blobs{/sha}",
    "git_tags_url": "https://api.github.com/repos/Sollace/CopperGolem/git/tags{/sha}",
    "git_refs_url": "https://api.github.com/repos/Sollace/CopperGolem/git/refs{/sha}",
    "trees_url": "https://api.github.com/repos/Sollace/CopperGolem/git/trees{/sha}",
    "statuses_url": "https://api.github.com/repos/Sollace/CopperGolem/statuses/{sha}",
    "languages_url": "https://api.github.com/repos/Sollace/CopperGolem/languages",
    "stargazers_url": "https://api.github.com/repos/Sollace/CopperGolem/stargazers",
    "contributors_url": "https://api.github.com/repos/Sollace/CopperGolem/contributors",
    "subscribers_url": "https://api.github.com/repos/Sollace/CopperGolem/subscribers",
    "subscription_url": "https://api.github.com/repos/Sollace/CopperGolem/subscription",
    "commits_url": "https://api.github.com/repos/Sollace/CopperGolem/commits{/sha}",
    "git_commits_url": "https://api.github.com/repos/Sollace/CopperGolem/git/commits{/sha}",
    "comments_url": "https://api.github.com/repos/Sollace/CopperGolem/comments{/number}",
    "issue_comment_url": "https://api.github.com/repos/Sollace/CopperGolem/issues/comments{/number}",
    "contents_url": "https://api.github.com/repos/Sollace/CopperGolem/contents/{+path}",
    "compare_url": "https://api.github.com/repos/Sollace/CopperGolem/compare/{base}...{head}",
    "merges_url": "https://api.github.com/repos/Sollace/CopperGolem/merges",
    "archive_url": "https://api.github.com/repos/Sollace/CopperGolem/{archive_format}{/ref}",
    "downloads_url": "https://api.github.com/repos/Sollace/CopperGolem/downloads",
    "issues_url": "https://api.github.com/repos/Sollace/CopperGolem/issues{/number}",
    "pulls_url": "https://api.github.com/repos/Sollace/CopperGolem/pulls{/number}",
    "milestones_url": "https://api.github.com/repos/Sollace/CopperGolem/milestones{/number}",
    "notifications_url": "https://api.github.com/repos/Sollace/CopperGolem/notifications{?since,all,participating}",
    "labels_url": "https://api.github.com/repos/Sollace/CopperGolem/labels{/name}",
    "releases_url": "https://api.github.com/repos/Sollace/CopperGolem/releases{/id}",
    "deployments_url": "https://api.github.com/repos/Sollace/CopperGolem/deployments",
    "created_at": "2021-11-01T17:31:37Z",
    "updated_at": "2021-11-26T18:10:02Z",
    "pushed_at": "2023-12-09T23:29:39Z",
    "git_url": "git://github.com/Sollace/CopperGolem.git",
    "ssh_url": "git@github.com:Sollace/CopperGolem.git",
    "clone_url": "https://github.com/Sollace/CopperGolem.git",
    "svn_url": "https://github.com/Sollace/CopperGolem",
    "homepage": null,
    "size": 284,
    "stargazers_count": 1,
    "watchers_count": 1,
    "language": "Java",
    "has_issues": true,
    "has_projects": true,
    "has_downloads": true,
    "has_wiki": true,
    "has_pages": false,
    "has_discussions": false,
    "forks_count": 0,
    "mirror_url": null,
    "archived": false,
    "disabled": false,
    "open_issues_count": 0,
    "license": {
        "key": "mit",
        "name": "MIT License",
        "spdx_id": "MIT",
        "url": "https://api.github.com/licenses/mit",
        "node_id": "MDc6TGljZW5zZTEz"
    },
    "allow_forking": true,
    "is_template": false,
    "web_commit_signoff_required": false,
    "topics": [],
    "visibility": "public",
    "forks": 0,
    "open_issues": 0,
    "watchers": 1,
    "default_branch": "1.20",
    "permissions": {
        "admin": false,
        "maintain": false,
        "push": false,
        "triage": false,
        "pull": true
    },
    "temp_clone_token": "",
    "network_count": 0,
    "subscribers_count": 4
}