{
    "id": 379817443,
    "node_id": "MDEwOlJlcG9zaXRvcnkzNzk4MTc0NDM=",
    "name": "httplog",
    "full_name": "js0808/httplog",
    "private": false,
    "owner": {
        "login": "js0808",
        "id": 34856518,
        "node_id": "MDQ6VXNlcjM0ODU2NTE4",
        "avatar_url": "https://avatars.githubusercontent.com/u/34856518?v=4",
        "gravatar_id": "",
        "url": "https://api.github.com/users/js0808",
        "html_url": "https://github.com/js0808",
        "followers_url": "https://api.github.com/users/js0808/followers",
        "following_url": "https://api.github.com/users/js0808/following{/other_user}",
        "gists_url": "https://api.github.com/users/js0808/gists{/gist_id}",
        "starred_url": "https://api.github.com/users/js0808/starred{/owner}{/repo}",
        "subscriptions_url": "https://api.github.com/users/js0808/subscriptions",
        "organizations_url": "https://api.github.com/users/js0808/orgs",
        "repos_url": "https://api.github.com/users/js0808/repos",
        "events_url": "https://api.github.com/users/js0808/events{/privacy}",
        "received_events_url": "https://api.github.com/users/js0808/received_events",
        "type": "User",
        "site_admin": false
    },
    "html_url": "https://github.com/js0808/httplog",
    "description": "log request and response for http",
    "fork": true,
    "url": "https://api.github.com/repos/js0808/httplog",
    "forks_url": "https://api.github.com/repos/js0808/httplog/forks",
    "keys_url": "https://api.github.com/repos/js0808/httplog/keys{/key_id}",
    "collaborators_url": "https://api.github.com/repos/js0808/httplog/collaborators{/collaborator}",
    "teams_url": "https://api.github.com/repos/js0808/httplog/teams",
    "hooks_url": "https://api.github.com/repos/js0808/httplog/hooks",
    "issue_events_url": "https://api.github.com/repos/js0808/httplog/issues/events{/number}",
    "events_url": "https://api.github.com/repos/js0808/httplog/events",
    "assignees_url": "https://api.github.com/repos/js0808/httplog/assignees{/user}",
    "branches_url": "https://api.github.com/repos/js0808/httplog/branches{/branch}",
    "tags_url": "https://api.github.com/repos/js0808/httplog/tags",
    "blobs_url": "https://api.github.com/repos/js0808/httplog/git/blobs{/sha}",
    "git_tags_url": "https://api.github.com/repos/js0808/httplog/git/tags{/sha}",
    "git_refs_url": "https://api.github.com/repos/js0808/httplog/git/refs{/sha}",
    "trees_url": "https://api.github.com/repos/js0808/httplog/git/trees{/sha}",
    "statuses_url": "https://api.github.com/repos/js0808/httplog/statuses/{sha}",
    "languages_url": "https://api.github.com/repos/js0808/httplog/languages",
    "stargazers_url": "https://api.github.com/repos/js0808/httplog/stargazers",
    "contributors_url": "https://api.github.com/repos/js0808/httplog/contributors",
    "subscribers_url": "https://api.github.com/repos/js0808/httplog/subscribers",
    "subscription_url": "https://api.github.com/repos/js0808/httplog/subscription",
    "commits_url": "https://api.github.com/repos/js0808/httplog/commits{/sha}",
    "git_commits_url": "https://api.github.com/repos/js0808/httplog/git/commits{/sha}",
    "comments_url": "https://api.github.com/repos/js0808/httplog/comments{/number}",
    "issue_comment_url": "https://api.github.com/repos/js0808/httplog/issues/comments{/number}",
    "contents_url": "https://api.github.com/repos/js0808/httplog/contents/{+path}",
    "compare_url": "https://api.github.com/repos/js0808/httplog/compare/{base}...{head}",
    "merges_url": "https://api.github.com/repos/js0808/httplog/merges",
    "archive_url": "https://api.github.com/repos/js0808/httplog/{archive_format}{/ref}",
    "downloads_url": "https://api.github.com/repos/js0808/httplog/downloads",
    "issues_url": "https://api.github.com/repos/js0808/httplog/issues{/number}",
    "pulls_url": "https://api.github.com/repos/js0808/httplog/pulls{/number}",
    "milestones_url": "https://api.github.com/repos/js0808/httplog/milestones{/number}",
    "notifications_url": "https://api.github.com/repos/js0808/httplog/notifications{?since,all,participating}",
    "labels_url": "https://api.github.com/repos/js0808/httplog/labels{/name}",
    "releases_url": "https://api.github.com/repos/js0808/httplog/releases{/id}",
    "deployments_url": "https://api.github.com/repos/js0808/httplog/deployments",
    "created_at": "2021-06-24T05:48:57Z",
    "updated_at": "2021-06-24T07:26:47Z",
    "pushed_at": "2021-06-25T05:15:12Z",
    "git_url": "git://github.com/js0808/httplog.git",
    "ssh_url": "git@github.com:js0808/httplog.git",
    "clone_url": "https://github.com/js0808/httplog.git",
    "svn_url": "https://github.com/js0808/httplog",
    "homepage": null,
    "size": 313,
    "stargazers_count": 0,
    "watchers_count": 0,
    "language": "Java",
    "has_issues": false,
    "has_projects": true,
    "has_downloads": true,
    "has_wiki": true,
    "has_pages": false,
    "has_discussions": false,
    "forks_count": 0,
    "mirror_url": null,
    "archived": false,
    "disabled": false,
    "open_issues_count": 0,
    "license": {
        "key": "mit",
        "name": "MIT License",
        "spdx_id": "MIT",
        "url": "https://api.github.com/licenses/mit",
        "node_id": "MDc6TGljZW5zZTEz"
    },
    "allow_forking": true,
    "is_template": false,
    "web_commit_signoff_required": false,
    "topics": [],
    "visibility": "public",
    "forks": 0,
    "open_issues": 0,
    "watchers": 0,
    "default_branch": "master",
    "permissions": {
        "admin": false,
        "maintain": false,
        "push": false,
        "triage": false,
        "pull": true
    },
    "temp_clone_token": "",
    "parent": {
        "id": 269354841,
        "node_id": "MDEwOlJlcG9zaXRvcnkyNjkzNTQ4NDE=",
        "name": "httplog",
        "full_name": "gobars/httplog",
        "private": false,
        "owner": {
            "login": "gobars",
            "id": 41989275,
            "node_id": "MDEyOk9yZ2FuaXphdGlvbjQxOTg5Mjc1",
            "avatar_url": "https://avatars.githubusercontent.com/u/41989275?v=4",
            "gravatar_id": "",
            "url": "https://api.github.com/users/gobars",
            "html_url": "https://github.com/gobars",
            "followers_url": "https://api.github.com/users/gobars/followers",
            "following_url": "https://api.github.com/users/gobars/following{/other_user}",
            "gists_url": "https://api.github.com/users/gobars/gists{/gist_id}",
            "starred_url": "https://api.github.com/users/gobars/starred{/owner}{/repo}",
            "subscriptions_url": "https://api.github.com/users/gobars/subscriptions",
            "organizations_url": "https://api.github.com/users/gobars/orgs",
            "repos_url": "https://api.github.com/users/gobars/repos",
            "events_url": "https://api.github.com/users/gobars/events{/privacy}",
            "received_events_url": "https://api.github.com/users/gobars/received_events",
            "type": "Organization",
            "site_admin": false
        },
        "html_url": "https://github.com/gobars/httplog",
        "description": "log request and response for http",
        "fork": false,
        "url": "https://api.github.com/repos/gobars/httplog",
        "forks_url": "https://api.github.com/repos/gobars/httplog/forks",
        "keys_url": "https://api.github.com/repos/gobars/httplog/keys{/key_id}",
        "collaborators_url": "https://api.github.com/repos/gobars/httplog/collaborators{/collaborator}",
        "teams_url": "https://api.github.com/repos/gobars/httplog/teams",
        "hooks_url": "https://api.github.com/repos/gobars/httplog/hooks",
        "issue_events_url": "https://api.github.com/repos/gobars/httplog/issues/events{/number}",
        "events_url": "https://api.github.com/repos/gobars/httplog/events",
        "assignees_url": "https://api.github.com/repos/gobars/httplog/assignees{/user}",
        "branches_url": "https://api.github.com/repos/gobars/httplog/branches{/branch}",
        "tags_url": "https://api.github.com/repos/gobars/httplog/tags",
        "blobs_url": "https://api.github.com/repos/gobars/httplog/git/blobs{/sha}",
        "git_tags_url": "https://api.github.com/repos/gobars/httplog/git/tags{/sha}",
        "git_refs_url": "https://api.github.com/repos/gobars/httplog/git/refs{/sha}",
        "trees_url": "https://api.github.com/repos/gobars/httplog/git/trees{/sha}",
        "statuses_url": "https://api.github.com/repos/gobars/httplog/statuses/{sha}",
        "languages_url": "https://api.github.com/repos/gobars/httplog/languages",
        "stargazers_url": "https://api.github.com/repos/gobars/httplog/stargazers",
        "contributors_url": "https://api.github.com/repos/gobars/httplog/contributors",
        "subscribers_url": "https://api.github.com/repos/gobars/httplog/subscribers",
        "subscription_url": "https://api.github.com/repos/gobars/httplog/subscription",
        "commits_url": "https://api.github.com/repos/gobars/httplog/commits{/sha}",
        "git_commits_url": "https://api.github.com/repos/gobars/httplog/git/commits{/sha}",
        "comments_url": "https://api.github.com/repos/gobars/httplog/comments{/number}",
        "issue_comment_url": "https://api.github.com/repos/gobars/httplog/issues/comments{/number}",
        "contents_url": "https://api.github.com/repos/gobars/httplog/contents/{+path}",
        "compare_url": "https://api.github.com/repos/gobars/httplog/compare/{base}...{head}",
        "merges_url": "https://api.github.com/repos/gobars/httplog/merges",
        "archive_url": "https://api.github.com/repos/gobars/httplog/{archive_format}{/ref}",
        "downloads_url": "https://api.github.com/repos/gobars/httplog/downloads",
        "issues_url": "https://api.github.com/repos/gobars/httplog/issues{/number}",
        "pulls_url": "https://api.github.com/repos/gobars/httplog/pulls{/number}",
        "milestones_url": "https://api.github.com/repos/gobars/httplog/milestones{/number}",
        "notifications_url": "https://api.github.com/repos/gobars/httplog/notifications{?since,all,participating}",
        "labels_url": "https://api.github.com/repos/gobars/httplog/labels{/name}",
        "releases_url": "https://api.github.com/repos/gobars/httplog/releases{/id}",
        "deployments_url": "https://api.github.com/repos/gobars/httplog/deployments",
        "created_at": "2020-06-04T12:34:32Z",
        "updated_at": "2024-04-13T18:42:25Z",
        "pushed_at": "2023-09-13T02:42:02Z",
        "git_url": "git://github.com/gobars/httplog.git",
        "ssh_url": "git@github.com:gobars/httplog.git",
        "clone_url": "https://github.com/gobars/httplog.git",
        "svn_url": "https://github.com/gobars/httplog",
        "homepage": null,
        "size": 408,
        "stargazers_count": 5,
        "watchers_count": 5,
        "language": "Java",
        "has_issues": true,
        "has_projects": true,
        "has_downloads": true,
        "has_wiki": true,
        "has_pages": false,
        "has_discussions": false,
        "forks_count": 2,
        "mirror_url": null,
        "archived": false,
        "disabled": false,
        "open_issues_count": 0,
        "license": {
            "key": "mit",
            "name": "MIT License",
            "spdx_id": "MIT",
            "url": "https://api.github.com/licenses/mit",
            "node_id": "MDc6TGljZW5zZTEz"
        },
        "allow_forking": true,
        "is_template": false,
        "web_commit_signoff_required": false,
        "topics": [],
        "visibility": "public",
        "forks": 2,
        "open_issues": 0,
        "watchers": 5,
        "default_branch": "master"
    },
    "source": {
        "id": 269354841,
        "node_id": "MDEwOlJlcG9zaXRvcnkyNjkzNTQ4NDE=",
        "name": "httplog",
        "full_name": "gobars/httplog",
        "private": false,
        "owner": {
            "login": "gobars",
            "id": 41989275,
            "node_id": "MDEyOk9yZ2FuaXphdGlvbjQxOTg5Mjc1",
            "avatar_url": "https://avatars.githubusercontent.com/u/41989275?v=4",
            "gravatar_id": "",
            "url": "https://api.github.com/users/gobars",
            "html_url": "https://github.com/gobars",
            "followers_url": "https://api.github.com/users/gobars/followers",
            "following_url": "https://api.github.com/users/gobars/following{/other_user}",
            "gists_url": "https://api.github.com/users/gobars/gists{/gist_id}",
            "starred_url": "https://api.github.com/users/gobars/starred{/owner}{/repo}",
            "subscriptions_url": "https://api.github.com/users/gobars/subscriptions",
            "organizations_url": "https://api.github.com/users/gobars/orgs",
            "repos_url": "https://api.github.com/users/gobars/repos",
            "events_url": "https://api.github.com/users/gobars/events{/privacy}",
            "received_events_url": "https://api.github.com/users/gobars/received_events",
            "type": "Organization",
            "site_admin": false
        },
        "html_url": "https://github.com/gobars/httplog",
        "description": "log request and response for http",
        "fork": false,
        "url": "https://api.github.com/repos/gobars/httplog",
        "forks_url": "https://api.github.com/repos/gobars/httplog/forks",
        "keys_url": "https://api.github.com/repos/gobars/httplog/keys{/key_id}",
        "collaborators_url": "https://api.github.com/repos/gobars/httplog/collaborators{/collaborator}",
        "teams_url": "https://api.github.com/repos/gobars/httplog/teams",
        "hooks_url": "https://api.github.com/repos/gobars/httplog/hooks",
        "issue_events_url": "https://api.github.com/repos/gobars/httplog/issues/events{/number}",
        "events_url": "https://api.github.com/repos/gobars/httplog/events",
        "assignees_url": "https://api.github.com/repos/gobars/httplog/assignees{/user}",
        "branches_url": "https://api.github.com/repos/gobars/httplog/branches{/branch}",
        "tags_url": "https://api.github.com/repos/gobars/httplog/tags",
        "blobs_url": "https://api.github.com/repos/gobars/httplog/git/blobs{/sha}",
        "git_tags_url": "https://api.github.com/repos/gobars/httplog/git/tags{/sha}",
        "git_refs_url": "https://api.github.com/repos/gobars/httplog/git/refs{/sha}",
        "trees_url": "https://api.github.com/repos/gobars/httplog/git/trees{/sha}",
        "statuses_url": "https://api.github.com/repos/gobars/httplog/statuses/{sha}",
        "languages_url": "https://api.github.com/repos/gobars/httplog/languages",
        "stargazers_url": "https://api.github.com/repos/gobars/httplog/stargazers",
        "contributors_url": "https://api.github.com/repos/gobars/httplog/contributors",
        "subscribers_url": "https://api.github.com/repos/gobars/httplog/subscribers",
        "subscription_url": "https://api.github.com/repos/gobars/httplog/subscription",
        "commits_url": "https://api.github.com/repos/gobars/httplog/commits{/sha}",
        "git_commits_url": "https://api.github.com/repos/gobars/httplog/git/commits{/sha}",
        "comments_url": "https://api.github.com/repos/gobars/httplog/comments{/number}",
        "issue_comment_url": "https://api.github.com/repos/gobars/httplog/issues/comments{/number}",
        "contents_url": "https://api.github.com/repos/gobars/httplog/contents/{+path}",
        "compare_url": "https://api.github.com/repos/gobars/httplog/compare/{base}...{head}",
        "merges_url": "https://api.github.com/repos/gobars/httplog/merges",
        "archive_url": "https://api.github.com/repos/gobars/httplog/{archive_format}{/ref}",
        "downloads_url": "https://api.github.com/repos/gobars/httplog/downloads",
        "issues_url": "https://api.github.com/repos/gobars/httplog/issues{/number}",
        "pulls_url": "https://api.github.com/repos/gobars/httplog/pulls{/number}",
        "milestones_url": "https://api.github.com/repos/gobars/httplog/milestones{/number}",
        "notifications_url": "https://api.github.com/repos/gobars/httplog/notifications{?since,all,participating}",
        "labels_url": "https://api.github.com/repos/gobars/httplog/labels{/name}",
        "releases_url": "https://api.github.com/repos/gobars/httplog/releases{/id}",
        "deployments_url": "https://api.github.com/repos/gobars/httplog/deployments",
        "created_at": "2020-06-04T12:34:32Z",
        "updated_at": "2024-04-13T18:42:25Z",
        "pushed_at": "2023-09-13T02:42:02Z",
        "git_url": "git://github.com/gobars/httplog.git",
        "ssh_url": "git@github.com:gobars/httplog.git",
        "clone_url": "https://github.com/gobars/httplog.git",
        "svn_url": "https://github.com/gobars/httplog",
        "homepage": null,
        "size": 408,
        "stargazers_count": 5,
        "watchers_count": 5,
        "language": "Java",
        "has_issues": true,
        "has_projects": true,
        "has_downloads": true,
        "has_wiki": true,
        "has_pages": false,
        "has_discussions": false,
        "forks_count": 2,
        "mirror_url": null,
        "archived": false,
        "disabled": false,
        "open_issues_count": 0,
        "license": {
            "key": "mit",
            "name": "MIT License",
            "spdx_id": "MIT",
            "url": "https://api.github.com/licenses/mit",
            "node_id": "MDc6TGljZW5zZTEz"
        },
        "allow_forking": true,
        "is_template": false,
        "web_commit_signoff_required": false,
        "topics": [],
        "visibility": "public",
        "forks": 2,
        "open_issues": 0,
        "watchers": 5,
        "default_branch": "master"
    },
    "network_count": 2,
    "subscribers_count": 0
}