{
    "id": 48094376,
    "node_id": "MDEwOlJlcG9zaXRvcnk0ODA5NDM3Ng==",
    "name": "overlayweaver",
    "full_name": "stonewhitener/overlayweaver",
    "private": false,
    "owner": {
        "login": "stonewhitener",
        "id": 1114146,
        "node_id": "MDQ6VXNlcjExMTQxNDY=",
        "avatar_url": "https://avatars.githubusercontent.com/u/1114146?v=4",
        "gravatar_id": "",
        "url": "https://api.github.com/users/stonewhitener",
        "html_url": "https://github.com/stonewhitener",
        "followers_url": "https://api.github.com/users/stonewhitener/followers",
        "following_url": "https://api.github.com/users/stonewhitener/following{/other_user}",
        "gists_url": "https://api.github.com/users/stonewhitener/gists{/gist_id}",
        "starred_url": "https://api.github.com/users/stonewhitener/starred{/owner}{/repo}",
        "subscriptions_url": "https://api.github.com/users/stonewhitener/subscriptions",
        "organizations_url": "https://api.github.com/users/stonewhitener/orgs",
        "repos_url": "https://api.github.com/users/stonewhitener/repos",
        "events_url": "https://api.github.com/users/stonewhitener/events{/privacy}",
        "received_events_url": "https://api.github.com/users/stonewhitener/received_events",
        "type": "User",
        "site_admin": false
    },
    "html_url": "https://github.com/stonewhitener/overlayweaver",
    "description": "Overlay Weaver: An Overlay Construction Toolkit",
    "fork": true,
    "url": "https://api.github.com/repos/stonewhitener/overlayweaver",
    "forks_url": "https://api.github.com/repos/stonewhitener/overlayweaver/forks",
    "keys_url": "https://api.github.com/repos/stonewhitener/overlayweaver/keys{/key_id}",
    "collaborators_url": "https://api.github.com/repos/stonewhitener/overlayweaver/collaborators{/collaborator}",
    "teams_url": "https://api.github.com/repos/stonewhitener/overlayweaver/teams",
    "hooks_url": "https://api.github.com/repos/stonewhitener/overlayweaver/hooks",
    "issue_events_url": "https://api.github.com/repos/stonewhitener/overlayweaver/issues/events{/number}",
    "events_url": "https://api.github.com/repos/stonewhitener/overlayweaver/events",
    "assignees_url": "https://api.github.com/repos/stonewhitener/overlayweaver/assignees{/user}",
    "branches_url": "https://api.github.com/repos/stonewhitener/overlayweaver/branches{/branch}",
    "tags_url": "https://api.github.com/repos/stonewhitener/overlayweaver/tags",
    "blobs_url": "https://api.github.com/repos/stonewhitener/overlayweaver/git/blobs{/sha}",
    "git_tags_url": "https://api.github.com/repos/stonewhitener/overlayweaver/git/tags{/sha}",
    "git_refs_url": "https://api.github.com/repos/stonewhitener/overlayweaver/git/refs{/sha}",
    "trees_url": "https://api.github.com/repos/stonewhitener/overlayweaver/git/trees{/sha}",
    "statuses_url": "https://api.github.com/repos/stonewhitener/overlayweaver/statuses/{sha}",
    "languages_url": "https://api.github.com/repos/stonewhitener/overlayweaver/languages",
    "stargazers_url": "https://api.github.com/repos/stonewhitener/overlayweaver/stargazers",
    "contributors_url": "https://api.github.com/repos/stonewhitener/overlayweaver/contributors",
    "subscribers_url": "https://api.github.com/repos/stonewhitener/overlayweaver/subscribers",
    "subscription_url": "https://api.github.com/repos/stonewhitener/overlayweaver/subscription",
    "commits_url": "https://api.github.com/repos/stonewhitener/overlayweaver/commits{/sha}",
    "git_commits_url": "https://api.github.com/repos/stonewhitener/overlayweaver/git/commits{/sha}",
    "comments_url": "https://api.github.com/repos/stonewhitener/overlayweaver/comments{/number}",
    "issue_comment_url": "https://api.github.com/repos/stonewhitener/overlayweaver/issues/comments{/number}",
    "contents_url": "https://api.github.com/repos/stonewhitener/overlayweaver/contents/{+path}",
    "compare_url": "https://api.github.com/repos/stonewhitener/overlayweaver/compare/{base}...{head}",
    "merges_url": "https://api.github.com/repos/stonewhitener/overlayweaver/merges",
    "archive_url": "https://api.github.com/repos/stonewhitener/overlayweaver/{archive_format}{/ref}",
    "downloads_url": "https://api.github.com/repos/stonewhitener/overlayweaver/downloads",
    "issues_url": "https://api.github.com/repos/stonewhitener/overlayweaver/issues{/number}",
    "pulls_url": "https://api.github.com/repos/stonewhitener/overlayweaver/pulls{/number}",
    "milestones_url": "https://api.github.com/repos/stonewhitener/overlayweaver/milestones{/number}",
    "notifications_url": "https://api.github.com/repos/stonewhitener/overlayweaver/notifications{?since,all,participating}",
    "labels_url": "https://api.github.com/repos/stonewhitener/overlayweaver/labels{/name}",
    "releases_url": "https://api.github.com/repos/stonewhitener/overlayweaver/releases{/id}",
    "deployments_url": "https://api.github.com/repos/stonewhitener/overlayweaver/deployments",
    "created_at": "2015-12-16T07:21:55Z",
    "updated_at": "2017-01-12T08:54:24Z",
    "pushed_at": "2018-10-12T07:22:51Z",
    "git_url": "git://github.com/stonewhitener/overlayweaver.git",
    "ssh_url": "git@github.com:stonewhitener/overlayweaver.git",
    "clone_url": "https://github.com/stonewhitener/overlayweaver.git",
    "svn_url": "https://github.com/stonewhitener/overlayweaver",
    "homepage": null,
    "size": 18635,
    "stargazers_count": 0,
    "watchers_count": 0,
    "language": "Java",
    "has_issues": false,
    "has_projects": true,
    "has_downloads": true,
    "has_wiki": true,
    "has_pages": false,
    "has_discussions": false,
    "forks_count": 0,
    "mirror_url": null,
    "archived": false,
    "disabled": false,
    "open_issues_count": 0,
    "license": {
        "key": "apache-2.0",
        "name": "Apache License 2.0",
        "spdx_id": "Apache-2.0",
        "url": "https://api.github.com/licenses/apache-2.0",
        "node_id": "MDc6TGljZW5zZTI="
    },
    "allow_forking": true,
    "is_template": false,
    "web_commit_signoff_required": false,
    "topics": [],
    "visibility": "public",
    "forks": 0,
    "open_issues": 0,
    "watchers": 0,
    "default_branch": "master",
    "permissions": {
        "admin": false,
        "maintain": false,
        "push": false,
        "triage": false,
        "pull": true
    },
    "temp_clone_token": "",
    "parent": {
        "id": 12104072,
        "node_id": "MDEwOlJlcG9zaXRvcnkxMjEwNDA3Mg==",
        "name": "overlayweaver",
        "full_name": "shudo/overlayweaver",
        "private": false,
        "owner": {
            "login": "shudo",
            "id": 603208,
            "node_id": "MDQ6VXNlcjYwMzIwOA==",
            "avatar_url": "https://avatars.githubusercontent.com/u/603208?v=4",
            "gravatar_id": "",
            "url": "https://api.github.com/users/shudo",
            "html_url": "https://github.com/shudo",
            "followers_url": "https://api.github.com/users/shudo/followers",
            "following_url": "https://api.github.com/users/shudo/following{/other_user}",
            "gists_url": "https://api.github.com/users/shudo/gists{/gist_id}",
            "starred_url": "https://api.github.com/users/shudo/starred{/owner}{/repo}",
            "subscriptions_url": "https://api.github.com/users/shudo/subscriptions",
            "organizations_url": "https://api.github.com/users/shudo/orgs",
            "repos_url": "https://api.github.com/users/shudo/repos",
            "events_url": "https://api.github.com/users/shudo/events{/privacy}",
            "received_events_url": "https://api.github.com/users/shudo/received_events",
            "type": "User",
            "site_admin": false
        },
        "html_url": "https://github.com/shudo/overlayweaver",
        "description": "Overlay Weaver: An Overlay Construction Toolkit",
        "fork": false,
        "url": "https://api.github.com/repos/shudo/overlayweaver",
        "forks_url": "https://api.github.com/repos/shudo/overlayweaver/forks",
        "keys_url": "https://api.github.com/repos/shudo/overlayweaver/keys{/key_id}",
        "collaborators_url": "https://api.github.com/repos/shudo/overlayweaver/collaborators{/collaborator}",
        "teams_url": "https://api.github.com/repos/shudo/overlayweaver/teams",
        "hooks_url": "https://api.github.com/repos/shudo/overlayweaver/hooks",
        "issue_events_url": "https://api.github.com/repos/shudo/overlayweaver/issues/events{/number}",
        "events_url": "https://api.github.com/repos/shudo/overlayweaver/events",
        "assignees_url": "https://api.github.com/repos/shudo/overlayweaver/assignees{/user}",
        "branches_url": "https://api.github.com/repos/shudo/overlayweaver/branches{/branch}",
        "tags_url": "https://api.github.com/repos/shudo/overlayweaver/tags",
        "blobs_url": "https://api.github.com/repos/shudo/overlayweaver/git/blobs{/sha}",
        "git_tags_url": "https://api.github.com/repos/shudo/overlayweaver/git/tags{/sha}",
        "git_refs_url": "https://api.github.com/repos/shudo/overlayweaver/git/refs{/sha}",
        "trees_url": "https://api.github.com/repos/shudo/overlayweaver/git/trees{/sha}",
        "statuses_url": "https://api.github.com/repos/shudo/overlayweaver/statuses/{sha}",
        "languages_url": "https://api.github.com/repos/shudo/overlayweaver/languages",
        "stargazers_url": "https://api.github.com/repos/shudo/overlayweaver/stargazers",
        "contributors_url": "https://api.github.com/repos/shudo/overlayweaver/contributors",
        "subscribers_url": "https://api.github.com/repos/shudo/overlayweaver/subscribers",
        "subscription_url": "https://api.github.com/repos/shudo/overlayweaver/subscription",
        "commits_url": "https://api.github.com/repos/shudo/overlayweaver/commits{/sha}",
        "git_commits_url": "https://api.github.com/repos/shudo/overlayweaver/git/commits{/sha}",
        "comments_url": "https://api.github.com/repos/shudo/overlayweaver/comments{/number}",
        "issue_comment_url": "https://api.github.com/repos/shudo/overlayweaver/issues/comments{/number}",
        "contents_url": "https://api.github.com/repos/shudo/overlayweaver/contents/{+path}",
        "compare_url": "https://api.github.com/repos/shudo/overlayweaver/compare/{base}...{head}",
        "merges_url": "https://api.github.com/repos/shudo/overlayweaver/merges",
        "archive_url": "https://api.github.com/repos/shudo/overlayweaver/{archive_format}{/ref}",
        "downloads_url": "https://api.github.com/repos/shudo/overlayweaver/downloads",
        "issues_url": "https://api.github.com/repos/shudo/overlayweaver/issues{/number}",
        "pulls_url": "https://api.github.com/repos/shudo/overlayweaver/pulls{/number}",
        "milestones_url": "https://api.github.com/repos/shudo/overlayweaver/milestones{/number}",
        "notifications_url": "https://api.github.com/repos/shudo/overlayweaver/notifications{?since,all,participating}",
        "labels_url": "https://api.github.com/repos/shudo/overlayweaver/labels{/name}",
        "releases_url": "https://api.github.com/repos/shudo/overlayweaver/releases{/id}",
        "deployments_url": "https://api.github.com/repos/shudo/overlayweaver/deployments",
        "created_at": "2013-08-14T08:36:24Z",
        "updated_at": "2023-04-03T09:34:11Z",
        "pushed_at": "2018-10-12T07:24:59Z",
        "git_url": "git://github.com/shudo/overlayweaver.git",
        "ssh_url": "git@github.com:shudo/overlayweaver.git",
        "clone_url": "https://github.com/shudo/overlayweaver.git",
        "svn_url": "https://github.com/shudo/overlayweaver",
        "homepage": null,
        "size": 18014,
        "stargazers_count": 29,
        "watchers_count": 29,
        "language": "Java",
        "has_issues": true,
        "has_projects": true,
        "has_downloads": true,
        "has_wiki": true,
        "has_pages": false,
        "has_discussions": false,
        "forks_count": 20,
        "mirror_url": null,
        "archived": false,
        "disabled": false,
        "open_issues_count": 3,
        "license": {
            "key": "apache-2.0",
            "name": "Apache License 2.0",
            "spdx_id": "Apache-2.0",
            "url": "https://api.github.com/licenses/apache-2.0",
            "node_id": "MDc6TGljZW5zZTI="
        },
        "allow_forking": true,
        "is_template": false,
        "web_commit_signoff_required": false,
        "topics": [],
        "visibility": "public",
        "forks": 20,
        "open_issues": 3,
        "watchers": 29,
        "default_branch": "master"
    },
    "source": {
        "id": 12104072,
        "node_id": "MDEwOlJlcG9zaXRvcnkxMjEwNDA3Mg==",
        "name": "overlayweaver",
        "full_name": "shudo/overlayweaver",
        "private": false,
        "owner": {
            "login": "shudo",
            "id": 603208,
            "node_id": "MDQ6VXNlcjYwMzIwOA==",
            "avatar_url": "https://avatars.githubusercontent.com/u/603208?v=4",
            "gravatar_id": "",
            "url": "https://api.github.com/users/shudo",
            "html_url": "https://github.com/shudo",
            "followers_url": "https://api.github.com/users/shudo/followers",
            "following_url": "https://api.github.com/users/shudo/following{/other_user}",
            "gists_url": "https://api.github.com/users/shudo/gists{/gist_id}",
            "starred_url": "https://api.github.com/users/shudo/starred{/owner}{/repo}",
            "subscriptions_url": "https://api.github.com/users/shudo/subscriptions",
            "organizations_url": "https://api.github.com/users/shudo/orgs",
            "repos_url": "https://api.github.com/users/shudo/repos",
            "events_url": "https://api.github.com/users/shudo/events{/privacy}",
            "received_events_url": "https://api.github.com/users/shudo/received_events",
            "type": "User",
            "site_admin": false
        },
        "html_url": "https://github.com/shudo/overlayweaver",
        "description": "Overlay Weaver: An Overlay Construction Toolkit",
        "fork": false,
        "url": "https://api.github.com/repos/shudo/overlayweaver",
        "forks_url": "https://api.github.com/repos/shudo/overlayweaver/forks",
        "keys_url": "https://api.github.com/repos/shudo/overlayweaver/keys{/key_id}",
        "collaborators_url": "https://api.github.com/repos/shudo/overlayweaver/collaborators{/collaborator}",
        "teams_url": "https://api.github.com/repos/shudo/overlayweaver/teams",
        "hooks_url": "https://api.github.com/repos/shudo/overlayweaver/hooks",
        "issue_events_url": "https://api.github.com/repos/shudo/overlayweaver/issues/events{/number}",
        "events_url": "https://api.github.com/repos/shudo/overlayweaver/events",
        "assignees_url": "https://api.github.com/repos/shudo/overlayweaver/assignees{/user}",
        "branches_url": "https://api.github.com/repos/shudo/overlayweaver/branches{/branch}",
        "tags_url": "https://api.github.com/repos/shudo/overlayweaver/tags",
        "blobs_url": "https://api.github.com/repos/shudo/overlayweaver/git/blobs{/sha}",
        "git_tags_url": "https://api.github.com/repos/shudo/overlayweaver/git/tags{/sha}",
        "git_refs_url": "https://api.github.com/repos/shudo/overlayweaver/git/refs{/sha}",
        "trees_url": "https://api.github.com/repos/shudo/overlayweaver/git/trees{/sha}",
        "statuses_url": "https://api.github.com/repos/shudo/overlayweaver/statuses/{sha}",
        "languages_url": "https://api.github.com/repos/shudo/overlayweaver/languages",
        "stargazers_url": "https://api.github.com/repos/shudo/overlayweaver/stargazers",
        "contributors_url": "https://api.github.com/repos/shudo/overlayweaver/contributors",
        "subscribers_url": "https://api.github.com/repos/shudo/overlayweaver/subscribers",
        "subscription_url": "https://api.github.com/repos/shudo/overlayweaver/subscription",
        "commits_url": "https://api.github.com/repos/shudo/overlayweaver/commits{/sha}",
        "git_commits_url": "https://api.github.com/repos/shudo/overlayweaver/git/commits{/sha}",
        "comments_url": "https://api.github.com/repos/shudo/overlayweaver/comments{/number}",
        "issue_comment_url": "https://api.github.com/repos/shudo/overlayweaver/issues/comments{/number}",
        "contents_url": "https://api.github.com/repos/shudo/overlayweaver/contents/{+path}",
        "compare_url": "https://api.github.com/repos/shudo/overlayweaver/compare/{base}...{head}",
        "merges_url": "https://api.github.com/repos/shudo/overlayweaver/merges",
        "archive_url": "https://api.github.com/repos/shudo/overlayweaver/{archive_format}{/ref}",
        "downloads_url": "https://api.github.com/repos/shudo/overlayweaver/downloads",
        "issues_url": "https://api.github.com/repos/shudo/overlayweaver/issues{/number}",
        "pulls_url": "https://api.github.com/repos/shudo/overlayweaver/pulls{/number}",
        "milestones_url": "https://api.github.com/repos/shudo/overlayweaver/milestones{/number}",
        "notifications_url": "https://api.github.com/repos/shudo/overlayweaver/notifications{?since,all,participating}",
        "labels_url": "https://api.github.com/repos/shudo/overlayweaver/labels{/name}",
        "releases_url": "https://api.github.com/repos/shudo/overlayweaver/releases{/id}",
        "deployments_url": "https://api.github.com/repos/shudo/overlayweaver/deployments",
        "created_at": "2013-08-14T08:36:24Z",
        "updated_at": "2023-04-03T09:34:11Z",
        "pushed_at": "2018-10-12T07:24:59Z",
        "git_url": "git://github.com/shudo/overlayweaver.git",
        "ssh_url": "git@github.com:shudo/overlayweaver.git",
        "clone_url": "https://github.com/shudo/overlayweaver.git",
        "svn_url": "https://github.com/shudo/overlayweaver",
        "homepage": null,
        "size": 18014,
        "stargazers_count": 29,
        "watchers_count": 29,
        "language": "Java",
        "has_issues": true,
        "has_projects": true,
        "has_downloads": true,
        "has_wiki": true,
        "has_pages": false,
        "has_discussions": false,
        "forks_count": 20,
        "mirror_url": null,
        "archived": false,
        "disabled": false,
        "open_issues_count": 3,
        "license": {
            "key": "apache-2.0",
            "name": "Apache License 2.0",
            "spdx_id": "Apache-2.0",
            "url": "https://api.github.com/licenses/apache-2.0",
            "node_id": "MDc6TGljZW5zZTI="
        },
        "allow_forking": true,
        "is_template": false,
        "web_commit_signoff_required": false,
        "topics": [],
        "visibility": "public",
        "forks": 20,
        "open_issues": 3,
        "watchers": 29,
        "default_branch": "master"
    },
    "network_count": 20,
    "subscribers_count": 1
}