{
    "id": 108096447,
    "node_id": "MDEwOlJlcG9zaXRvcnkxMDgwOTY0NDc=",
    "name": "workdev",
    "full_name": "jamalgithub/workdev",
    "private": false,
    "owner": {
        "login": "jamalgithub",
        "id": 9150404,
        "node_id": "MDQ6VXNlcjkxNTA0MDQ=",
        "avatar_url": "https://avatars.githubusercontent.com/u/9150404?v=4",
        "gravatar_id": "",
        "url": "https://api.github.com/users/jamalgithub",
        "html_url": "https://github.com/jamalgithub",
        "followers_url": "https://api.github.com/users/jamalgithub/followers",
        "following_url": "https://api.github.com/users/jamalgithub/following{/other_user}",
        "gists_url": "https://api.github.com/users/jamalgithub/gists{/gist_id}",
        "starred_url": "https://api.github.com/users/jamalgithub/starred{/owner}{/repo}",
        "subscriptions_url": "https://api.github.com/users/jamalgithub/subscriptions",
        "organizations_url": "https://api.github.com/users/jamalgithub/orgs",
        "repos_url": "https://api.github.com/users/jamalgithub/repos",
        "events_url": "https://api.github.com/users/jamalgithub/events{/privacy}",
        "received_events_url": "https://api.github.com/users/jamalgithub/received_events",
        "type": "User",
        "site_admin": false
    },
    "html_url": "https://github.com/jamalgithub/workdev",
    "description": "Java Project ",
    "fork": false,
    "url": "https://api.github.com/repos/jamalgithub/workdev",
    "forks_url": "https://api.github.com/repos/jamalgithub/workdev/forks",
    "keys_url": "https://api.github.com/repos/jamalgithub/workdev/keys{/key_id}",
    "collaborators_url": "https://api.github.com/repos/jamalgithub/workdev/collaborators{/collaborator}",
    "teams_url": "https://api.github.com/repos/jamalgithub/workdev/teams",
    "hooks_url": "https://api.github.com/repos/jamalgithub/workdev/hooks",
    "issue_events_url": "https://api.github.com/repos/jamalgithub/workdev/issues/events{/number}",
    "events_url": "https://api.github.com/repos/jamalgithub/workdev/events",
    "assignees_url": "https://api.github.com/repos/jamalgithub/workdev/assignees{/user}",
    "branches_url": "https://api.github.com/repos/jamalgithub/workdev/branches{/branch}",
    "tags_url": "https://api.github.com/repos/jamalgithub/workdev/tags",
    "blobs_url": "https://api.github.com/repos/jamalgithub/workdev/git/blobs{/sha}",
    "git_tags_url": "https://api.github.com/repos/jamalgithub/workdev/git/tags{/sha}",
    "git_refs_url": "https://api.github.com/repos/jamalgithub/workdev/git/refs{/sha}",
    "trees_url": "https://api.github.com/repos/jamalgithub/workdev/git/trees{/sha}",
    "statuses_url": "https://api.github.com/repos/jamalgithub/workdev/statuses/{sha}",
    "languages_url": "https://api.github.com/repos/jamalgithub/workdev/languages",
    "stargazers_url": "https://api.github.com/repos/jamalgithub/workdev/stargazers",
    "contributors_url": "https://api.github.com/repos/jamalgithub/workdev/contributors",
    "subscribers_url": "https://api.github.com/repos/jamalgithub/workdev/subscribers",
    "subscription_url": "https://api.github.com/repos/jamalgithub/workdev/subscription",
    "commits_url": "https://api.github.com/repos/jamalgithub/workdev/commits{/sha}",
    "git_commits_url": "https://api.github.com/repos/jamalgithub/workdev/git/commits{/sha}",
    "comments_url": "https://api.github.com/repos/jamalgithub/workdev/comments{/number}",
    "issue_comment_url": "https://api.github.com/repos/jamalgithub/workdev/issues/comments{/number}",
    "contents_url": "https://api.github.com/repos/jamalgithub/workdev/contents/{+path}",
    "compare_url": "https://api.github.com/repos/jamalgithub/workdev/compare/{base}...{head}",
    "merges_url": "https://api.github.com/repos/jamalgithub/workdev/merges",
    "archive_url": "https://api.github.com/repos/jamalgithub/workdev/{archive_format}{/ref}",
    "downloads_url": "https://api.github.com/repos/jamalgithub/workdev/downloads",
    "issues_url": "https://api.github.com/repos/jamalgithub/workdev/issues{/number}",
    "pulls_url": "https://api.github.com/repos/jamalgithub/workdev/pulls{/number}",
    "milestones_url": "https://api.github.com/repos/jamalgithub/workdev/milestones{/number}",
    "notifications_url": "https://api.github.com/repos/jamalgithub/workdev/notifications{?since,all,participating}",
    "labels_url": "https://api.github.com/repos/jamalgithub/workdev/labels{/name}",
    "releases_url": "https://api.github.com/repos/jamalgithub/workdev/releases{/id}",
    "deployments_url": "https://api.github.com/repos/jamalgithub/workdev/deployments",
    "created_at": "2017-10-24T08:09:26Z",
    "updated_at": "2021-06-07T05:03:52Z",
    "pushed_at": "2022-12-16T08:56:01Z",
    "git_url": "git://github.com/jamalgithub/workdev.git",
    "ssh_url": "git@github.com:jamalgithub/workdev.git",
    "clone_url": "https://github.com/jamalgithub/workdev.git",
    "svn_url": "https://github.com/jamalgithub/workdev",
    "homepage": null,
    "size": 36007,
    "stargazers_count": 1,
    "watchers_count": 1,
    "language": "Java",
    "has_issues": true,
    "has_projects": true,
    "has_downloads": true,
    "has_wiki": true,
    "has_pages": false,
    "has_discussions": false,
    "forks_count": 1,
    "mirror_url": null,
    "archived": false,
    "disabled": false,
    "open_issues_count": 159,
    "license": {
        "key": "apache-2.0",
        "name": "Apache License 2.0",
        "spdx_id": "Apache-2.0",
        "url": "https://api.github.com/licenses/apache-2.0",
        "node_id": "MDc6TGljZW5zZTI="
    },
    "allow_forking": true,
    "is_template": false,
    "web_commit_signoff_required": false,
    "topics": [],
    "visibility": "public",
    "forks": 1,
    "open_issues": 159,
    "watchers": 1,
    "default_branch": "master",
    "permissions": {
        "admin": false,
        "maintain": false,
        "push": false,
        "triage": false,
        "pull": true
    },
    "temp_clone_token": "",
    "network_count": 1,
    "subscribers_count": 1
}