{
    "id": 123366273,
    "node_id": "MDEwOlJlcG9zaXRvcnkxMjMzNjYyNzM=",
    "name": "dq-easy-cloud",
    "full_name": "HsbGitHub/dq-easy-cloud",
    "private": false,
    "owner": {
        "login": "HsbGitHub",
        "id": 9192706,
        "node_id": "MDQ6VXNlcjkxOTI3MDY=",
        "avatar_url": "https://avatars.githubusercontent.com/u/9192706?v=4",
        "gravatar_id": "",
        "url": "https://api.github.com/users/HsbGitHub",
        "html_url": "https://github.com/HsbGitHub",
        "followers_url": "https://api.github.com/users/HsbGitHub/followers",
        "following_url": "https://api.github.com/users/HsbGitHub/following{/other_user}",
        "gists_url": "https://api.github.com/users/HsbGitHub/gists{/gist_id}",
        "starred_url": "https://api.github.com/users/HsbGitHub/starred{/owner}{/repo}",
        "subscriptions_url": "https://api.github.com/users/HsbGitHub/subscriptions",
        "organizations_url": "https://api.github.com/users/HsbGitHub/orgs",
        "repos_url": "https://api.github.com/users/HsbGitHub/repos",
        "events_url": "https://api.github.com/users/HsbGitHub/events{/privacy}",
        "received_events_url": "https://api.github.com/users/HsbGitHub/received_events",
        "type": "User",
        "site_admin": false
    },
    "html_url": "https://github.com/HsbGitHub/dq-easy-cloud",
    "description": "\u5f00\u6e90\u6539\u53d8\u4e16\u754c\uff0c\u8ba9\u5fae\u670d\u52a1\u5f00\u53d1\u66f4\u7b80\u5355",
    "fork": true,
    "url": "https://api.github.com/repos/HsbGitHub/dq-easy-cloud",
    "forks_url": "https://api.github.com/repos/HsbGitHub/dq-easy-cloud/forks",
    "keys_url": "https://api.github.com/repos/HsbGitHub/dq-easy-cloud/keys{/key_id}",
    "collaborators_url": "https://api.github.com/repos/HsbGitHub/dq-easy-cloud/collaborators{/collaborator}",
    "teams_url": "https://api.github.com/repos/HsbGitHub/dq-easy-cloud/teams",
    "hooks_url": "https://api.github.com/repos/HsbGitHub/dq-easy-cloud/hooks",
    "issue_events_url": "https://api.github.com/repos/HsbGitHub/dq-easy-cloud/issues/events{/number}",
    "events_url": "https://api.github.com/repos/HsbGitHub/dq-easy-cloud/events",
    "assignees_url": "https://api.github.com/repos/HsbGitHub/dq-easy-cloud/assignees{/user}",
    "branches_url": "https://api.github.com/repos/HsbGitHub/dq-easy-cloud/branches{/branch}",
    "tags_url": "https://api.github.com/repos/HsbGitHub/dq-easy-cloud/tags",
    "blobs_url": "https://api.github.com/repos/HsbGitHub/dq-easy-cloud/git/blobs{/sha}",
    "git_tags_url": "https://api.github.com/repos/HsbGitHub/dq-easy-cloud/git/tags{/sha}",
    "git_refs_url": "https://api.github.com/repos/HsbGitHub/dq-easy-cloud/git/refs{/sha}",
    "trees_url": "https://api.github.com/repos/HsbGitHub/dq-easy-cloud/git/trees{/sha}",
    "statuses_url": "https://api.github.com/repos/HsbGitHub/dq-easy-cloud/statuses/{sha}",
    "languages_url": "https://api.github.com/repos/HsbGitHub/dq-easy-cloud/languages",
    "stargazers_url": "https://api.github.com/repos/HsbGitHub/dq-easy-cloud/stargazers",
    "contributors_url": "https://api.github.com/repos/HsbGitHub/dq-easy-cloud/contributors",
    "subscribers_url": "https://api.github.com/repos/HsbGitHub/dq-easy-cloud/subscribers",
    "subscription_url": "https://api.github.com/repos/HsbGitHub/dq-easy-cloud/subscription",
    "commits_url": "https://api.github.com/repos/HsbGitHub/dq-easy-cloud/commits{/sha}",
    "git_commits_url": "https://api.github.com/repos/HsbGitHub/dq-easy-cloud/git/commits{/sha}",
    "comments_url": "https://api.github.com/repos/HsbGitHub/dq-easy-cloud/comments{/number}",
    "issue_comment_url": "https://api.github.com/repos/HsbGitHub/dq-easy-cloud/issues/comments{/number}",
    "contents_url": "https://api.github.com/repos/HsbGitHub/dq-easy-cloud/contents/{+path}",
    "compare_url": "https://api.github.com/repos/HsbGitHub/dq-easy-cloud/compare/{base}...{head}",
    "merges_url": "https://api.github.com/repos/HsbGitHub/dq-easy-cloud/merges",
    "archive_url": "https://api.github.com/repos/HsbGitHub/dq-easy-cloud/{archive_format}{/ref}",
    "downloads_url": "https://api.github.com/repos/HsbGitHub/dq-easy-cloud/downloads",
    "issues_url": "https://api.github.com/repos/HsbGitHub/dq-easy-cloud/issues{/number}",
    "pulls_url": "https://api.github.com/repos/HsbGitHub/dq-easy-cloud/pulls{/number}",
    "milestones_url": "https://api.github.com/repos/HsbGitHub/dq-easy-cloud/milestones{/number}",
    "notifications_url": "https://api.github.com/repos/HsbGitHub/dq-easy-cloud/notifications{?since,all,participating}",
    "labels_url": "https://api.github.com/repos/HsbGitHub/dq-easy-cloud/labels{/name}",
    "releases_url": "https://api.github.com/repos/HsbGitHub/dq-easy-cloud/releases{/id}",
    "deployments_url": "https://api.github.com/repos/HsbGitHub/dq-easy-cloud/deployments",
    "created_at": "2018-03-01T01:43:15Z",
    "updated_at": "2018-04-03T11:17:51Z",
    "pushed_at": "2018-04-03T03:33:21Z",
    "git_url": "git://github.com/HsbGitHub/dq-easy-cloud.git",
    "ssh_url": "git@github.com:HsbGitHub/dq-easy-cloud.git",
    "clone_url": "https://github.com/HsbGitHub/dq-easy-cloud.git",
    "svn_url": "https://github.com/HsbGitHub/dq-easy-cloud",
    "homepage": "https://github.com/dq-open-cloud/dq-easy-cloud/tree/master",
    "size": 683,
    "stargazers_count": 0,
    "watchers_count": 0,
    "language": "Java",
    "has_issues": false,
    "has_projects": true,
    "has_downloads": true,
    "has_wiki": true,
    "has_pages": false,
    "has_discussions": false,
    "forks_count": 0,
    "mirror_url": null,
    "archived": false,
    "disabled": false,
    "open_issues_count": 0,
    "license": {
        "key": "mit",
        "name": "MIT License",
        "spdx_id": "MIT",
        "url": "https://api.github.com/licenses/mit",
        "node_id": "MDc6TGljZW5zZTEz"
    },
    "allow_forking": true,
    "is_template": false,
    "web_commit_signoff_required": false,
    "topics": [],
    "visibility": "public",
    "forks": 0,
    "open_issues": 0,
    "watchers": 0,
    "default_branch": "master",
    "permissions": {
        "admin": false,
        "maintain": false,
        "push": false,
        "triage": false,
        "pull": true
    },
    "temp_clone_token": "",
    "parent": {
        "id": 115392907,
        "node_id": "MDEwOlJlcG9zaXRvcnkxMTUzOTI5MDc=",
        "name": "sika-code",
        "full_name": "sika-code-cloud/sika-code",
        "private": false,
        "owner": {
            "login": "sika-code-cloud",
            "id": 17608739,
            "node_id": "MDQ6VXNlcjE3NjA4NzM5",
            "avatar_url": "https://avatars.githubusercontent.com/u/17608739?v=4",
            "gravatar_id": "",
            "url": "https://api.github.com/users/sika-code-cloud",
            "html_url": "https://github.com/sika-code-cloud",
            "followers_url": "https://api.github.com/users/sika-code-cloud/followers",
            "following_url": "https://api.github.com/users/sika-code-cloud/following{/other_user}",
            "gists_url": "https://api.github.com/users/sika-code-cloud/gists{/gist_id}",
            "starred_url": "https://api.github.com/users/sika-code-cloud/starred{/owner}{/repo}",
            "subscriptions_url": "https://api.github.com/users/sika-code-cloud/subscriptions",
            "organizations_url": "https://api.github.com/users/sika-code-cloud/orgs",
            "repos_url": "https://api.github.com/users/sika-code-cloud/repos",
            "events_url": "https://api.github.com/users/sika-code-cloud/events{/privacy}",
            "received_events_url": "https://api.github.com/users/sika-code-cloud/received_events",
            "type": "User",
            "site_admin": false
        },
        "html_url": "https://github.com/sika-code-cloud/sika-code",
        "description": "\u5f00\u6e90\u6539\u53d8\u4e16\u754c\uff0c\u8ba9\u4e16\u754c\u6ca1\u6709\u96be\u5199\u7684\u4ee3\u7801",
        "fork": false,
        "url": "https://api.github.com/repos/sika-code-cloud/sika-code",
        "forks_url": "https://api.github.com/repos/sika-code-cloud/sika-code/forks",
        "keys_url": "https://api.github.com/repos/sika-code-cloud/sika-code/keys{/key_id}",
        "collaborators_url": "https://api.github.com/repos/sika-code-cloud/sika-code/collaborators{/collaborator}",
        "teams_url": "https://api.github.com/repos/sika-code-cloud/sika-code/teams",
        "hooks_url": "https://api.github.com/repos/sika-code-cloud/sika-code/hooks",
        "issue_events_url": "https://api.github.com/repos/sika-code-cloud/sika-code/issues/events{/number}",
        "events_url": "https://api.github.com/repos/sika-code-cloud/sika-code/events",
        "assignees_url": "https://api.github.com/repos/sika-code-cloud/sika-code/assignees{/user}",
        "branches_url": "https://api.github.com/repos/sika-code-cloud/sika-code/branches{/branch}",
        "tags_url": "https://api.github.com/repos/sika-code-cloud/sika-code/tags",
        "blobs_url": "https://api.github.com/repos/sika-code-cloud/sika-code/git/blobs{/sha}",
        "git_tags_url": "https://api.github.com/repos/sika-code-cloud/sika-code/git/tags{/sha}",
        "git_refs_url": "https://api.github.com/repos/sika-code-cloud/sika-code/git/refs{/sha}",
        "trees_url": "https://api.github.com/repos/sika-code-cloud/sika-code/git/trees{/sha}",
        "statuses_url": "https://api.github.com/repos/sika-code-cloud/sika-code/statuses/{sha}",
        "languages_url": "https://api.github.com/repos/sika-code-cloud/sika-code/languages",
        "stargazers_url": "https://api.github.com/repos/sika-code-cloud/sika-code/stargazers",
        "contributors_url": "https://api.github.com/repos/sika-code-cloud/sika-code/contributors",
        "subscribers_url": "https://api.github.com/repos/sika-code-cloud/sika-code/subscribers",
        "subscription_url": "https://api.github.com/repos/sika-code-cloud/sika-code/subscription",
        "commits_url": "https://api.github.com/repos/sika-code-cloud/sika-code/commits{/sha}",
        "git_commits_url": "https://api.github.com/repos/sika-code-cloud/sika-code/git/commits{/sha}",
        "comments_url": "https://api.github.com/repos/sika-code-cloud/sika-code/comments{/number}",
        "issue_comment_url": "https://api.github.com/repos/sika-code-cloud/sika-code/issues/comments{/number}",
        "contents_url": "https://api.github.com/repos/sika-code-cloud/sika-code/contents/{+path}",
        "compare_url": "https://api.github.com/repos/sika-code-cloud/sika-code/compare/{base}...{head}",
        "merges_url": "https://api.github.com/repos/sika-code-cloud/sika-code/merges",
        "archive_url": "https://api.github.com/repos/sika-code-cloud/sika-code/{archive_format}{/ref}",
        "downloads_url": "https://api.github.com/repos/sika-code-cloud/sika-code/downloads",
        "issues_url": "https://api.github.com/repos/sika-code-cloud/sika-code/issues{/number}",
        "pulls_url": "https://api.github.com/repos/sika-code-cloud/sika-code/pulls{/number}",
        "milestones_url": "https://api.github.com/repos/sika-code-cloud/sika-code/milestones{/number}",
        "notifications_url": "https://api.github.com/repos/sika-code-cloud/sika-code/notifications{?since,all,participating}",
        "labels_url": "https://api.github.com/repos/sika-code-cloud/sika-code/labels{/name}",
        "releases_url": "https://api.github.com/repos/sika-code-cloud/sika-code/releases{/id}",
        "deployments_url": "https://api.github.com/repos/sika-code-cloud/sika-code/deployments",
        "created_at": "2017-12-26T06:30:22Z",
        "updated_at": "2024-04-16T06:53:24Z",
        "pushed_at": "2024-02-19T10:12:26Z",
        "git_url": "git://github.com/sika-code-cloud/sika-code.git",
        "ssh_url": "git@github.com:sika-code-cloud/sika-code.git",
        "clone_url": "https://github.com/sika-code-cloud/sika-code.git",
        "svn_url": "https://github.com/sika-code-cloud/sika-code",
        "homepage": "https://github.com/dq-open-cloud/dq-easy-cloud/tree/master",
        "size": 48205,
        "stargazers_count": 392,
        "watchers_count": 392,
        "language": "Java",
        "has_issues": true,
        "has_projects": true,
        "has_downloads": true,
        "has_wiki": true,
        "has_pages": false,
        "has_discussions": false,
        "forks_count": 121,
        "mirror_url": null,
        "archived": false,
        "disabled": false,
        "open_issues_count": 5,
        "license": {
            "key": "mit",
            "name": "MIT License",
            "spdx_id": "MIT",
            "url": "https://api.github.com/licenses/mit",
            "node_id": "MDc6TGljZW5zZTEz"
        },
        "allow_forking": true,
        "is_template": false,
        "web_commit_signoff_required": false,
        "topics": [
            "code-generator",
            "easy-cloud",
            "easycloud",
            "easycode",
            "redis",
            "redislock",
            "sika-code",
            "sikacode",
            "spring-cloud",
            "spring-cloud-foot",
            "springboot"
        ],
        "visibility": "public",
        "forks": 121,
        "open_issues": 5,
        "watchers": 392,
        "default_branch": "develop_v3.0.0"
    },
    "source": {
        "id": 115392907,
        "node_id": "MDEwOlJlcG9zaXRvcnkxMTUzOTI5MDc=",
        "name": "sika-code",
        "full_name": "sika-code-cloud/sika-code",
        "private": false,
        "owner": {
            "login": "sika-code-cloud",
            "id": 17608739,
            "node_id": "MDQ6VXNlcjE3NjA4NzM5",
            "avatar_url": "https://avatars.githubusercontent.com/u/17608739?v=4",
            "gravatar_id": "",
            "url": "https://api.github.com/users/sika-code-cloud",
            "html_url": "https://github.com/sika-code-cloud",
            "followers_url": "https://api.github.com/users/sika-code-cloud/followers",
            "following_url": "https://api.github.com/users/sika-code-cloud/following{/other_user}",
            "gists_url": "https://api.github.com/users/sika-code-cloud/gists{/gist_id}",
            "starred_url": "https://api.github.com/users/sika-code-cloud/starred{/owner}{/repo}",
            "subscriptions_url": "https://api.github.com/users/sika-code-cloud/subscriptions",
            "organizations_url": "https://api.github.com/users/sika-code-cloud/orgs",
            "repos_url": "https://api.github.com/users/sika-code-cloud/repos",
            "events_url": "https://api.github.com/users/sika-code-cloud/events{/privacy}",
            "received_events_url": "https://api.github.com/users/sika-code-cloud/received_events",
            "type": "User",
            "site_admin": false
        },
        "html_url": "https://github.com/sika-code-cloud/sika-code",
        "description": "\u5f00\u6e90\u6539\u53d8\u4e16\u754c\uff0c\u8ba9\u4e16\u754c\u6ca1\u6709\u96be\u5199\u7684\u4ee3\u7801",
        "fork": false,
        "url": "https://api.github.com/repos/sika-code-cloud/sika-code",
        "forks_url": "https://api.github.com/repos/sika-code-cloud/sika-code/forks",
        "keys_url": "https://api.github.com/repos/sika-code-cloud/sika-code/keys{/key_id}",
        "collaborators_url": "https://api.github.com/repos/sika-code-cloud/sika-code/collaborators{/collaborator}",
        "teams_url": "https://api.github.com/repos/sika-code-cloud/sika-code/teams",
        "hooks_url": "https://api.github.com/repos/sika-code-cloud/sika-code/hooks",
        "issue_events_url": "https://api.github.com/repos/sika-code-cloud/sika-code/issues/events{/number}",
        "events_url": "https://api.github.com/repos/sika-code-cloud/sika-code/events",
        "assignees_url": "https://api.github.com/repos/sika-code-cloud/sika-code/assignees{/user}",
        "branches_url": "https://api.github.com/repos/sika-code-cloud/sika-code/branches{/branch}",
        "tags_url": "https://api.github.com/repos/sika-code-cloud/sika-code/tags",
        "blobs_url": "https://api.github.com/repos/sika-code-cloud/sika-code/git/blobs{/sha}",
        "git_tags_url": "https://api.github.com/repos/sika-code-cloud/sika-code/git/tags{/sha}",
        "git_refs_url": "https://api.github.com/repos/sika-code-cloud/sika-code/git/refs{/sha}",
        "trees_url": "https://api.github.com/repos/sika-code-cloud/sika-code/git/trees{/sha}",
        "statuses_url": "https://api.github.com/repos/sika-code-cloud/sika-code/statuses/{sha}",
        "languages_url": "https://api.github.com/repos/sika-code-cloud/sika-code/languages",
        "stargazers_url": "https://api.github.com/repos/sika-code-cloud/sika-code/stargazers",
        "contributors_url": "https://api.github.com/repos/sika-code-cloud/sika-code/contributors",
        "subscribers_url": "https://api.github.com/repos/sika-code-cloud/sika-code/subscribers",
        "subscription_url": "https://api.github.com/repos/sika-code-cloud/sika-code/subscription",
        "commits_url": "https://api.github.com/repos/sika-code-cloud/sika-code/commits{/sha}",
        "git_commits_url": "https://api.github.com/repos/sika-code-cloud/sika-code/git/commits{/sha}",
        "comments_url": "https://api.github.com/repos/sika-code-cloud/sika-code/comments{/number}",
        "issue_comment_url": "https://api.github.com/repos/sika-code-cloud/sika-code/issues/comments{/number}",
        "contents_url": "https://api.github.com/repos/sika-code-cloud/sika-code/contents/{+path}",
        "compare_url": "https://api.github.com/repos/sika-code-cloud/sika-code/compare/{base}...{head}",
        "merges_url": "https://api.github.com/repos/sika-code-cloud/sika-code/merges",
        "archive_url": "https://api.github.com/repos/sika-code-cloud/sika-code/{archive_format}{/ref}",
        "downloads_url": "https://api.github.com/repos/sika-code-cloud/sika-code/downloads",
        "issues_url": "https://api.github.com/repos/sika-code-cloud/sika-code/issues{/number}",
        "pulls_url": "https://api.github.com/repos/sika-code-cloud/sika-code/pulls{/number}",
        "milestones_url": "https://api.github.com/repos/sika-code-cloud/sika-code/milestones{/number}",
        "notifications_url": "https://api.github.com/repos/sika-code-cloud/sika-code/notifications{?since,all,participating}",
        "labels_url": "https://api.github.com/repos/sika-code-cloud/sika-code/labels{/name}",
        "releases_url": "https://api.github.com/repos/sika-code-cloud/sika-code/releases{/id}",
        "deployments_url": "https://api.github.com/repos/sika-code-cloud/sika-code/deployments",
        "created_at": "2017-12-26T06:30:22Z",
        "updated_at": "2024-04-16T06:53:24Z",
        "pushed_at": "2024-02-19T10:12:26Z",
        "git_url": "git://github.com/sika-code-cloud/sika-code.git",
        "ssh_url": "git@github.com:sika-code-cloud/sika-code.git",
        "clone_url": "https://github.com/sika-code-cloud/sika-code.git",
        "svn_url": "https://github.com/sika-code-cloud/sika-code",
        "homepage": "https://github.com/dq-open-cloud/dq-easy-cloud/tree/master",
        "size": 48205,
        "stargazers_count": 392,
        "watchers_count": 392,
        "language": "Java",
        "has_issues": true,
        "has_projects": true,
        "has_downloads": true,
        "has_wiki": true,
        "has_pages": false,
        "has_discussions": false,
        "forks_count": 121,
        "mirror_url": null,
        "archived": false,
        "disabled": false,
        "open_issues_count": 5,
        "license": {
            "key": "mit",
            "name": "MIT License",
            "spdx_id": "MIT",
            "url": "https://api.github.com/licenses/mit",
            "node_id": "MDc6TGljZW5zZTEz"
        },
        "allow_forking": true,
        "is_template": false,
        "web_commit_signoff_required": false,
        "topics": [
            "code-generator",
            "easy-cloud",
            "easycloud",
            "easycode",
            "redis",
            "redislock",
            "sika-code",
            "sikacode",
            "spring-cloud",
            "spring-cloud-foot",
            "springboot"
        ],
        "visibility": "public",
        "forks": 121,
        "open_issues": 5,
        "watchers": 392,
        "default_branch": "develop_v3.0.0"
    },
    "network_count": 121,
    "subscribers_count": 2
}