{
    "id": 145120959,
    "node_id": "MDEwOlJlcG9zaXRvcnkxNDUxMjA5NTk=",
    "name": "kafka",
    "full_name": "tinaselenge/kafka",
    "private": false,
    "owner": {
        "login": "tinaselenge",
        "id": 39860586,
        "node_id": "MDQ6VXNlcjM5ODYwNTg2",
        "avatar_url": "https://avatars.githubusercontent.com/u/39860586?v=4",
        "gravatar_id": "",
        "url": "https://api.github.com/users/tinaselenge",
        "html_url": "https://github.com/tinaselenge",
        "followers_url": "https://api.github.com/users/tinaselenge/followers",
        "following_url": "https://api.github.com/users/tinaselenge/following{/other_user}",
        "gists_url": "https://api.github.com/users/tinaselenge/gists{/gist_id}",
        "starred_url": "https://api.github.com/users/tinaselenge/starred{/owner}{/repo}",
        "subscriptions_url": "https://api.github.com/users/tinaselenge/subscriptions",
        "organizations_url": "https://api.github.com/users/tinaselenge/orgs",
        "repos_url": "https://api.github.com/users/tinaselenge/repos",
        "events_url": "https://api.github.com/users/tinaselenge/events{/privacy}",
        "received_events_url": "https://api.github.com/users/tinaselenge/received_events",
        "type": "User",
        "site_admin": false
    },
    "html_url": "https://github.com/tinaselenge/kafka",
    "description": "Mirror of Apache Kafka",
    "fork": true,
    "url": "https://api.github.com/repos/tinaselenge/kafka",
    "forks_url": "https://api.github.com/repos/tinaselenge/kafka/forks",
    "keys_url": "https://api.github.com/repos/tinaselenge/kafka/keys{/key_id}",
    "collaborators_url": "https://api.github.com/repos/tinaselenge/kafka/collaborators{/collaborator}",
    "teams_url": "https://api.github.com/repos/tinaselenge/kafka/teams",
    "hooks_url": "https://api.github.com/repos/tinaselenge/kafka/hooks",
    "issue_events_url": "https://api.github.com/repos/tinaselenge/kafka/issues/events{/number}",
    "events_url": "https://api.github.com/repos/tinaselenge/kafka/events",
    "assignees_url": "https://api.github.com/repos/tinaselenge/kafka/assignees{/user}",
    "branches_url": "https://api.github.com/repos/tinaselenge/kafka/branches{/branch}",
    "tags_url": "https://api.github.com/repos/tinaselenge/kafka/tags",
    "blobs_url": "https://api.github.com/repos/tinaselenge/kafka/git/blobs{/sha}",
    "git_tags_url": "https://api.github.com/repos/tinaselenge/kafka/git/tags{/sha}",
    "git_refs_url": "https://api.github.com/repos/tinaselenge/kafka/git/refs{/sha}",
    "trees_url": "https://api.github.com/repos/tinaselenge/kafka/git/trees{/sha}",
    "statuses_url": "https://api.github.com/repos/tinaselenge/kafka/statuses/{sha}",
    "languages_url": "https://api.github.com/repos/tinaselenge/kafka/languages",
    "stargazers_url": "https://api.github.com/repos/tinaselenge/kafka/stargazers",
    "contributors_url": "https://api.github.com/repos/tinaselenge/kafka/contributors",
    "subscribers_url": "https://api.github.com/repos/tinaselenge/kafka/subscribers",
    "subscription_url": "https://api.github.com/repos/tinaselenge/kafka/subscription",
    "commits_url": "https://api.github.com/repos/tinaselenge/kafka/commits{/sha}",
    "git_commits_url": "https://api.github.com/repos/tinaselenge/kafka/git/commits{/sha}",
    "comments_url": "https://api.github.com/repos/tinaselenge/kafka/comments{/number}",
    "issue_comment_url": "https://api.github.com/repos/tinaselenge/kafka/issues/comments{/number}",
    "contents_url": "https://api.github.com/repos/tinaselenge/kafka/contents/{+path}",
    "compare_url": "https://api.github.com/repos/tinaselenge/kafka/compare/{base}...{head}",
    "merges_url": "https://api.github.com/repos/tinaselenge/kafka/merges",
    "archive_url": "https://api.github.com/repos/tinaselenge/kafka/{archive_format}{/ref}",
    "downloads_url": "https://api.github.com/repos/tinaselenge/kafka/downloads",
    "issues_url": "https://api.github.com/repos/tinaselenge/kafka/issues{/number}",
    "pulls_url": "https://api.github.com/repos/tinaselenge/kafka/pulls{/number}",
    "milestones_url": "https://api.github.com/repos/tinaselenge/kafka/milestones{/number}",
    "notifications_url": "https://api.github.com/repos/tinaselenge/kafka/notifications{?since,all,participating}",
    "labels_url": "https://api.github.com/repos/tinaselenge/kafka/labels{/name}",
    "releases_url": "https://api.github.com/repos/tinaselenge/kafka/releases{/id}",
    "deployments_url": "https://api.github.com/repos/tinaselenge/kafka/deployments",
    "created_at": "2018-08-17T13:00:29Z",
    "updated_at": "2022-04-29T13:34:01Z",
    "pushed_at": "2024-04-26T13:38:48Z",
    "git_url": "git://github.com/tinaselenge/kafka.git",
    "ssh_url": "git@github.com:tinaselenge/kafka.git",
    "clone_url": "https://github.com/tinaselenge/kafka.git",
    "svn_url": "https://github.com/tinaselenge/kafka",
    "homepage": null,
    "size": 177392,
    "stargazers_count": 0,
    "watchers_count": 0,
    "language": "Java",
    "has_issues": false,
    "has_projects": true,
    "has_downloads": true,
    "has_wiki": false,
    "has_pages": false,
    "has_discussions": false,
    "forks_count": 0,
    "mirror_url": null,
    "archived": false,
    "disabled": false,
    "open_issues_count": 1,
    "license": {
        "key": "apache-2.0",
        "name": "Apache License 2.0",
        "spdx_id": "Apache-2.0",
        "url": "https://api.github.com/licenses/apache-2.0",
        "node_id": "MDc6TGljZW5zZTI="
    },
    "allow_forking": true,
    "is_template": false,
    "web_commit_signoff_required": false,
    "topics": [],
    "visibility": "public",
    "forks": 0,
    "open_issues": 1,
    "watchers": 0,
    "default_branch": "trunk",
    "permissions": {
        "admin": false,
        "maintain": false,
        "push": false,
        "triage": false,
        "pull": true
    },
    "temp_clone_token": "",
    "parent": {
        "id": 2211243,
        "node_id": "MDEwOlJlcG9zaXRvcnkyMjExMjQz",
        "name": "kafka",
        "full_name": "apache/kafka",
        "private": false,
        "owner": {
            "login": "apache",
            "id": 47359,
            "node_id": "MDEyOk9yZ2FuaXphdGlvbjQ3MzU5",
            "avatar_url": "https://avatars.githubusercontent.com/u/47359?v=4",
            "gravatar_id": "",
            "url": "https://api.github.com/users/apache",
            "html_url": "https://github.com/apache",
            "followers_url": "https://api.github.com/users/apache/followers",
            "following_url": "https://api.github.com/users/apache/following{/other_user}",
            "gists_url": "https://api.github.com/users/apache/gists{/gist_id}",
            "starred_url": "https://api.github.com/users/apache/starred{/owner}{/repo}",
            "subscriptions_url": "https://api.github.com/users/apache/subscriptions",
            "organizations_url": "https://api.github.com/users/apache/orgs",
            "repos_url": "https://api.github.com/users/apache/repos",
            "events_url": "https://api.github.com/users/apache/events{/privacy}",
            "received_events_url": "https://api.github.com/users/apache/received_events",
            "type": "Organization",
            "site_admin": false
        },
        "html_url": "https://github.com/apache/kafka",
        "description": "Mirror of Apache Kafka",
        "fork": false,
        "url": "https://api.github.com/repos/apache/kafka",
        "forks_url": "https://api.github.com/repos/apache/kafka/forks",
        "keys_url": "https://api.github.com/repos/apache/kafka/keys{/key_id}",
        "collaborators_url": "https://api.github.com/repos/apache/kafka/collaborators{/collaborator}",
        "teams_url": "https://api.github.com/repos/apache/kafka/teams",
        "hooks_url": "https://api.github.com/repos/apache/kafka/hooks",
        "issue_events_url": "https://api.github.com/repos/apache/kafka/issues/events{/number}",
        "events_url": "https://api.github.com/repos/apache/kafka/events",
        "assignees_url": "https://api.github.com/repos/apache/kafka/assignees{/user}",
        "branches_url": "https://api.github.com/repos/apache/kafka/branches{/branch}",
        "tags_url": "https://api.github.com/repos/apache/kafka/tags",
        "blobs_url": "https://api.github.com/repos/apache/kafka/git/blobs{/sha}",
        "git_tags_url": "https://api.github.com/repos/apache/kafka/git/tags{/sha}",
        "git_refs_url": "https://api.github.com/repos/apache/kafka/git/refs{/sha}",
        "trees_url": "https://api.github.com/repos/apache/kafka/git/trees{/sha}",
        "statuses_url": "https://api.github.com/repos/apache/kafka/statuses/{sha}",
        "languages_url": "https://api.github.com/repos/apache/kafka/languages",
        "stargazers_url": "https://api.github.com/repos/apache/kafka/stargazers",
        "contributors_url": "https://api.github.com/repos/apache/kafka/contributors",
        "subscribers_url": "https://api.github.com/repos/apache/kafka/subscribers",
        "subscription_url": "https://api.github.com/repos/apache/kafka/subscription",
        "commits_url": "https://api.github.com/repos/apache/kafka/commits{/sha}",
        "git_commits_url": "https://api.github.com/repos/apache/kafka/git/commits{/sha}",
        "comments_url": "https://api.github.com/repos/apache/kafka/comments{/number}",
        "issue_comment_url": "https://api.github.com/repos/apache/kafka/issues/comments{/number}",
        "contents_url": "https://api.github.com/repos/apache/kafka/contents/{+path}",
        "compare_url": "https://api.github.com/repos/apache/kafka/compare/{base}...{head}",
        "merges_url": "https://api.github.com/repos/apache/kafka/merges",
        "archive_url": "https://api.github.com/repos/apache/kafka/{archive_format}{/ref}",
        "downloads_url": "https://api.github.com/repos/apache/kafka/downloads",
        "issues_url": "https://api.github.com/repos/apache/kafka/issues{/number}",
        "pulls_url": "https://api.github.com/repos/apache/kafka/pulls{/number}",
        "milestones_url": "https://api.github.com/repos/apache/kafka/milestones{/number}",
        "notifications_url": "https://api.github.com/repos/apache/kafka/notifications{?since,all,participating}",
        "labels_url": "https://api.github.com/repos/apache/kafka/labels{/name}",
        "releases_url": "https://api.github.com/repos/apache/kafka/releases{/id}",
        "deployments_url": "https://api.github.com/repos/apache/kafka/deployments",
        "created_at": "2011-08-15T18:06:16Z",
        "updated_at": "2024-04-30T00:40:34Z",
        "pushed_at": "2024-04-30T00:40:28Z",
        "git_url": "git://github.com/apache/kafka.git",
        "ssh_url": "git@github.com:apache/kafka.git",
        "clone_url": "https://github.com/apache/kafka.git",
        "svn_url": "https://github.com/apache/kafka",
        "homepage": null,
        "size": 183996,
        "stargazers_count": 27369,
        "watchers_count": 27369,
        "language": "Java",
        "has_issues": false,
        "has_projects": true,
        "has_downloads": true,
        "has_wiki": false,
        "has_pages": false,
        "has_discussions": false,
        "forks_count": 13488,
        "mirror_url": null,
        "archived": false,
        "disabled": false,
        "open_issues_count": 1081,
        "license": {
            "key": "apache-2.0",
            "name": "Apache License 2.0",
            "spdx_id": "Apache-2.0",
            "url": "https://api.github.com/licenses/apache-2.0",
            "node_id": "MDc6TGljZW5zZTI="
        },
        "allow_forking": true,
        "is_template": false,
        "web_commit_signoff_required": false,
        "topics": [
            "kafka",
            "scala"
        ],
        "visibility": "public",
        "forks": 13488,
        "open_issues": 1081,
        "watchers": 27369,
        "default_branch": "trunk"
    },
    "source": {
        "id": 2211243,
        "node_id": "MDEwOlJlcG9zaXRvcnkyMjExMjQz",
        "name": "kafka",
        "full_name": "apache/kafka",
        "private": false,
        "owner": {
            "login": "apache",
            "id": 47359,
            "node_id": "MDEyOk9yZ2FuaXphdGlvbjQ3MzU5",
            "avatar_url": "https://avatars.githubusercontent.com/u/47359?v=4",
            "gravatar_id": "",
            "url": "https://api.github.com/users/apache",
            "html_url": "https://github.com/apache",
            "followers_url": "https://api.github.com/users/apache/followers",
            "following_url": "https://api.github.com/users/apache/following{/other_user}",
            "gists_url": "https://api.github.com/users/apache/gists{/gist_id}",
            "starred_url": "https://api.github.com/users/apache/starred{/owner}{/repo}",
            "subscriptions_url": "https://api.github.com/users/apache/subscriptions",
            "organizations_url": "https://api.github.com/users/apache/orgs",
            "repos_url": "https://api.github.com/users/apache/repos",
            "events_url": "https://api.github.com/users/apache/events{/privacy}",
            "received_events_url": "https://api.github.com/users/apache/received_events",
            "type": "Organization",
            "site_admin": false
        },
        "html_url": "https://github.com/apache/kafka",
        "description": "Mirror of Apache Kafka",
        "fork": false,
        "url": "https://api.github.com/repos/apache/kafka",
        "forks_url": "https://api.github.com/repos/apache/kafka/forks",
        "keys_url": "https://api.github.com/repos/apache/kafka/keys{/key_id}",
        "collaborators_url": "https://api.github.com/repos/apache/kafka/collaborators{/collaborator}",
        "teams_url": "https://api.github.com/repos/apache/kafka/teams",
        "hooks_url": "https://api.github.com/repos/apache/kafka/hooks",
        "issue_events_url": "https://api.github.com/repos/apache/kafka/issues/events{/number}",
        "events_url": "https://api.github.com/repos/apache/kafka/events",
        "assignees_url": "https://api.github.com/repos/apache/kafka/assignees{/user}",
        "branches_url": "https://api.github.com/repos/apache/kafka/branches{/branch}",
        "tags_url": "https://api.github.com/repos/apache/kafka/tags",
        "blobs_url": "https://api.github.com/repos/apache/kafka/git/blobs{/sha}",
        "git_tags_url": "https://api.github.com/repos/apache/kafka/git/tags{/sha}",
        "git_refs_url": "https://api.github.com/repos/apache/kafka/git/refs{/sha}",
        "trees_url": "https://api.github.com/repos/apache/kafka/git/trees{/sha}",
        "statuses_url": "https://api.github.com/repos/apache/kafka/statuses/{sha}",
        "languages_url": "https://api.github.com/repos/apache/kafka/languages",
        "stargazers_url": "https://api.github.com/repos/apache/kafka/stargazers",
        "contributors_url": "https://api.github.com/repos/apache/kafka/contributors",
        "subscribers_url": "https://api.github.com/repos/apache/kafka/subscribers",
        "subscription_url": "https://api.github.com/repos/apache/kafka/subscription",
        "commits_url": "https://api.github.com/repos/apache/kafka/commits{/sha}",
        "git_commits_url": "https://api.github.com/repos/apache/kafka/git/commits{/sha}",
        "comments_url": "https://api.github.com/repos/apache/kafka/comments{/number}",
        "issue_comment_url": "https://api.github.com/repos/apache/kafka/issues/comments{/number}",
        "contents_url": "https://api.github.com/repos/apache/kafka/contents/{+path}",
        "compare_url": "https://api.github.com/repos/apache/kafka/compare/{base}...{head}",
        "merges_url": "https://api.github.com/repos/apache/kafka/merges",
        "archive_url": "https://api.github.com/repos/apache/kafka/{archive_format}{/ref}",
        "downloads_url": "https://api.github.com/repos/apache/kafka/downloads",
        "issues_url": "https://api.github.com/repos/apache/kafka/issues{/number}",
        "pulls_url": "https://api.github.com/repos/apache/kafka/pulls{/number}",
        "milestones_url": "https://api.github.com/repos/apache/kafka/milestones{/number}",
        "notifications_url": "https://api.github.com/repos/apache/kafka/notifications{?since,all,participating}",
        "labels_url": "https://api.github.com/repos/apache/kafka/labels{/name}",
        "releases_url": "https://api.github.com/repos/apache/kafka/releases{/id}",
        "deployments_url": "https://api.github.com/repos/apache/kafka/deployments",
        "created_at": "2011-08-15T18:06:16Z",
        "updated_at": "2024-04-30T00:40:34Z",
        "pushed_at": "2024-04-30T00:40:28Z",
        "git_url": "git://github.com/apache/kafka.git",
        "ssh_url": "git@github.com:apache/kafka.git",
        "clone_url": "https://github.com/apache/kafka.git",
        "svn_url": "https://github.com/apache/kafka",
        "homepage": null,
        "size": 183996,
        "stargazers_count": 27369,
        "watchers_count": 27369,
        "language": "Java",
        "has_issues": false,
        "has_projects": true,
        "has_downloads": true,
        "has_wiki": false,
        "has_pages": false,
        "has_discussions": false,
        "forks_count": 13488,
        "mirror_url": null,
        "archived": false,
        "disabled": false,
        "open_issues_count": 1081,
        "license": {
            "key": "apache-2.0",
            "name": "Apache License 2.0",
            "spdx_id": "Apache-2.0",
            "url": "https://api.github.com/licenses/apache-2.0",
            "node_id": "MDc6TGljZW5zZTI="
        },
        "allow_forking": true,
        "is_template": false,
        "web_commit_signoff_required": false,
        "topics": [
            "kafka",
            "scala"
        ],
        "visibility": "public",
        "forks": 13488,
        "open_issues": 1081,
        "watchers": 27369,
        "default_branch": "trunk"
    },
    "network_count": 13488,
    "subscribers_count": 1
}