{
    "id": 38284097,
    "node_id": "MDEwOlJlcG9zaXRvcnkzODI4NDA5Nw==",
    "name": "drools-wb",
    "full_name": "tkobayas/drools-wb",
    "private": false,
    "owner": {
        "login": "tkobayas",
        "id": 489731,
        "node_id": "MDQ6VXNlcjQ4OTczMQ==",
        "avatar_url": "https://avatars.githubusercontent.com/u/489731?v=4",
        "gravatar_id": "",
        "url": "https://api.github.com/users/tkobayas",
        "html_url": "https://github.com/tkobayas",
        "followers_url": "https://api.github.com/users/tkobayas/followers",
        "following_url": "https://api.github.com/users/tkobayas/following{/other_user}",
        "gists_url": "https://api.github.com/users/tkobayas/gists{/gist_id}",
        "starred_url": "https://api.github.com/users/tkobayas/starred{/owner}{/repo}",
        "subscriptions_url": "https://api.github.com/users/tkobayas/subscriptions",
        "organizations_url": "https://api.github.com/users/tkobayas/orgs",
        "repos_url": "https://api.github.com/users/tkobayas/repos",
        "events_url": "https://api.github.com/users/tkobayas/events{/privacy}",
        "received_events_url": "https://api.github.com/users/tkobayas/received_events",
        "type": "User",
        "site_admin": false
    },
    "html_url": "https://github.com/tkobayas/drools-wb",
    "description": "Drools Workbench is the web application and repository to govern Drools assets.",
    "fork": true,
    "url": "https://api.github.com/repos/tkobayas/drools-wb",
    "forks_url": "https://api.github.com/repos/tkobayas/drools-wb/forks",
    "keys_url": "https://api.github.com/repos/tkobayas/drools-wb/keys{/key_id}",
    "collaborators_url": "https://api.github.com/repos/tkobayas/drools-wb/collaborators{/collaborator}",
    "teams_url": "https://api.github.com/repos/tkobayas/drools-wb/teams",
    "hooks_url": "https://api.github.com/repos/tkobayas/drools-wb/hooks",
    "issue_events_url": "https://api.github.com/repos/tkobayas/drools-wb/issues/events{/number}",
    "events_url": "https://api.github.com/repos/tkobayas/drools-wb/events",
    "assignees_url": "https://api.github.com/repos/tkobayas/drools-wb/assignees{/user}",
    "branches_url": "https://api.github.com/repos/tkobayas/drools-wb/branches{/branch}",
    "tags_url": "https://api.github.com/repos/tkobayas/drools-wb/tags",
    "blobs_url": "https://api.github.com/repos/tkobayas/drools-wb/git/blobs{/sha}",
    "git_tags_url": "https://api.github.com/repos/tkobayas/drools-wb/git/tags{/sha}",
    "git_refs_url": "https://api.github.com/repos/tkobayas/drools-wb/git/refs{/sha}",
    "trees_url": "https://api.github.com/repos/tkobayas/drools-wb/git/trees{/sha}",
    "statuses_url": "https://api.github.com/repos/tkobayas/drools-wb/statuses/{sha}",
    "languages_url": "https://api.github.com/repos/tkobayas/drools-wb/languages",
    "stargazers_url": "https://api.github.com/repos/tkobayas/drools-wb/stargazers",
    "contributors_url": "https://api.github.com/repos/tkobayas/drools-wb/contributors",
    "subscribers_url": "https://api.github.com/repos/tkobayas/drools-wb/subscribers",
    "subscription_url": "https://api.github.com/repos/tkobayas/drools-wb/subscription",
    "commits_url": "https://api.github.com/repos/tkobayas/drools-wb/commits{/sha}",
    "git_commits_url": "https://api.github.com/repos/tkobayas/drools-wb/git/commits{/sha}",
    "comments_url": "https://api.github.com/repos/tkobayas/drools-wb/comments{/number}",
    "issue_comment_url": "https://api.github.com/repos/tkobayas/drools-wb/issues/comments{/number}",
    "contents_url": "https://api.github.com/repos/tkobayas/drools-wb/contents/{+path}",
    "compare_url": "https://api.github.com/repos/tkobayas/drools-wb/compare/{base}...{head}",
    "merges_url": "https://api.github.com/repos/tkobayas/drools-wb/merges",
    "archive_url": "https://api.github.com/repos/tkobayas/drools-wb/{archive_format}{/ref}",
    "downloads_url": "https://api.github.com/repos/tkobayas/drools-wb/downloads",
    "issues_url": "https://api.github.com/repos/tkobayas/drools-wb/issues{/number}",
    "pulls_url": "https://api.github.com/repos/tkobayas/drools-wb/pulls{/number}",
    "milestones_url": "https://api.github.com/repos/tkobayas/drools-wb/milestones{/number}",
    "notifications_url": "https://api.github.com/repos/tkobayas/drools-wb/notifications{?since,all,participating}",
    "labels_url": "https://api.github.com/repos/tkobayas/drools-wb/labels{/name}",
    "releases_url": "https://api.github.com/repos/tkobayas/drools-wb/releases{/id}",
    "deployments_url": "https://api.github.com/repos/tkobayas/drools-wb/deployments",
    "created_at": "2015-06-30T02:52:35Z",
    "updated_at": "2021-12-10T06:39:08Z",
    "pushed_at": "2023-06-21T23:59:58Z",
    "git_url": "git://github.com/tkobayas/drools-wb.git",
    "ssh_url": "git@github.com:tkobayas/drools-wb.git",
    "clone_url": "https://github.com/tkobayas/drools-wb.git",
    "svn_url": "https://github.com/tkobayas/drools-wb",
    "homepage": "",
    "size": 146478,
    "stargazers_count": 0,
    "watchers_count": 0,
    "language": "Java",
    "has_issues": false,
    "has_projects": true,
    "has_downloads": true,
    "has_wiki": true,
    "has_pages": false,
    "has_discussions": false,
    "forks_count": 0,
    "mirror_url": null,
    "archived": false,
    "disabled": false,
    "open_issues_count": 0,
    "license": null,
    "allow_forking": true,
    "is_template": false,
    "web_commit_signoff_required": false,
    "topics": [],
    "visibility": "public",
    "forks": 0,
    "open_issues": 0,
    "watchers": 0,
    "default_branch": "main",
    "permissions": {
        "admin": false,
        "maintain": false,
        "push": false,
        "triage": false,
        "pull": true
    },
    "temp_clone_token": "",
    "parent": {
        "id": 10522020,
        "node_id": "MDEwOlJlcG9zaXRvcnkxMDUyMjAyMA==",
        "name": "drools-wb",
        "full_name": "kiegroup/drools-wb",
        "private": false,
        "owner": {
            "login": "kiegroup",
            "id": 517980,
            "node_id": "MDEyOk9yZ2FuaXphdGlvbjUxNzk4MA==",
            "avatar_url": "https://avatars.githubusercontent.com/u/517980?v=4",
            "gravatar_id": "",
            "url": "https://api.github.com/users/kiegroup",
            "html_url": "https://github.com/kiegroup",
            "followers_url": "https://api.github.com/users/kiegroup/followers",
            "following_url": "https://api.github.com/users/kiegroup/following{/other_user}",
            "gists_url": "https://api.github.com/users/kiegroup/gists{/gist_id}",
            "starred_url": "https://api.github.com/users/kiegroup/starred{/owner}{/repo}",
            "subscriptions_url": "https://api.github.com/users/kiegroup/subscriptions",
            "organizations_url": "https://api.github.com/users/kiegroup/orgs",
            "repos_url": "https://api.github.com/users/kiegroup/repos",
            "events_url": "https://api.github.com/users/kiegroup/events{/privacy}",
            "received_events_url": "https://api.github.com/users/kiegroup/received_events",
            "type": "Organization",
            "site_admin": false
        },
        "html_url": "https://github.com/kiegroup/drools-wb",
        "description": "Drools Workbench is the web application and repository to govern Drools assets.",
        "fork": false,
        "url": "https://api.github.com/repos/kiegroup/drools-wb",
        "forks_url": "https://api.github.com/repos/kiegroup/drools-wb/forks",
        "keys_url": "https://api.github.com/repos/kiegroup/drools-wb/keys{/key_id}",
        "collaborators_url": "https://api.github.com/repos/kiegroup/drools-wb/collaborators{/collaborator}",
        "teams_url": "https://api.github.com/repos/kiegroup/drools-wb/teams",
        "hooks_url": "https://api.github.com/repos/kiegroup/drools-wb/hooks",
        "issue_events_url": "https://api.github.com/repos/kiegroup/drools-wb/issues/events{/number}",
        "events_url": "https://api.github.com/repos/kiegroup/drools-wb/events",
        "assignees_url": "https://api.github.com/repos/kiegroup/drools-wb/assignees{/user}",
        "branches_url": "https://api.github.com/repos/kiegroup/drools-wb/branches{/branch}",
        "tags_url": "https://api.github.com/repos/kiegroup/drools-wb/tags",
        "blobs_url": "https://api.github.com/repos/kiegroup/drools-wb/git/blobs{/sha}",
        "git_tags_url": "https://api.github.com/repos/kiegroup/drools-wb/git/tags{/sha}",
        "git_refs_url": "https://api.github.com/repos/kiegroup/drools-wb/git/refs{/sha}",
        "trees_url": "https://api.github.com/repos/kiegroup/drools-wb/git/trees{/sha}",
        "statuses_url": "https://api.github.com/repos/kiegroup/drools-wb/statuses/{sha}",
        "languages_url": "https://api.github.com/repos/kiegroup/drools-wb/languages",
        "stargazers_url": "https://api.github.com/repos/kiegroup/drools-wb/stargazers",
        "contributors_url": "https://api.github.com/repos/kiegroup/drools-wb/contributors",
        "subscribers_url": "https://api.github.com/repos/kiegroup/drools-wb/subscribers",
        "subscription_url": "https://api.github.com/repos/kiegroup/drools-wb/subscription",
        "commits_url": "https://api.github.com/repos/kiegroup/drools-wb/commits{/sha}",
        "git_commits_url": "https://api.github.com/repos/kiegroup/drools-wb/git/commits{/sha}",
        "comments_url": "https://api.github.com/repos/kiegroup/drools-wb/comments{/number}",
        "issue_comment_url": "https://api.github.com/repos/kiegroup/drools-wb/issues/comments{/number}",
        "contents_url": "https://api.github.com/repos/kiegroup/drools-wb/contents/{+path}",
        "compare_url": "https://api.github.com/repos/kiegroup/drools-wb/compare/{base}...{head}",
        "merges_url": "https://api.github.com/repos/kiegroup/drools-wb/merges",
        "archive_url": "https://api.github.com/repos/kiegroup/drools-wb/{archive_format}{/ref}",
        "downloads_url": "https://api.github.com/repos/kiegroup/drools-wb/downloads",
        "issues_url": "https://api.github.com/repos/kiegroup/drools-wb/issues{/number}",
        "pulls_url": "https://api.github.com/repos/kiegroup/drools-wb/pulls{/number}",
        "milestones_url": "https://api.github.com/repos/kiegroup/drools-wb/milestones{/number}",
        "notifications_url": "https://api.github.com/repos/kiegroup/drools-wb/notifications{?since,all,participating}",
        "labels_url": "https://api.github.com/repos/kiegroup/drools-wb/labels{/name}",
        "releases_url": "https://api.github.com/repos/kiegroup/drools-wb/releases{/id}",
        "deployments_url": "https://api.github.com/repos/kiegroup/drools-wb/deployments",
        "created_at": "2013-06-06T08:26:25Z",
        "updated_at": "2024-04-15T07:28:53Z",
        "pushed_at": "2024-01-16T13:58:45Z",
        "git_url": "git://github.com/kiegroup/drools-wb.git",
        "ssh_url": "git@github.com:kiegroup/drools-wb.git",
        "clone_url": "https://github.com/kiegroup/drools-wb.git",
        "svn_url": "https://github.com/kiegroup/drools-wb",
        "homepage": "",
        "size": 151161,
        "stargazers_count": 102,
        "watchers_count": 102,
        "language": "Java",
        "has_issues": false,
        "has_projects": true,
        "has_downloads": true,
        "has_wiki": true,
        "has_pages": false,
        "has_discussions": false,
        "forks_count": 241,
        "mirror_url": null,
        "archived": false,
        "disabled": false,
        "open_issues_count": 2,
        "license": null,
        "allow_forking": true,
        "is_template": false,
        "web_commit_signoff_required": false,
        "topics": [],
        "visibility": "public",
        "forks": 241,
        "open_issues": 2,
        "watchers": 102,
        "default_branch": "main"
    },
    "source": {
        "id": 10522020,
        "node_id": "MDEwOlJlcG9zaXRvcnkxMDUyMjAyMA==",
        "name": "drools-wb",
        "full_name": "kiegroup/drools-wb",
        "private": false,
        "owner": {
            "login": "kiegroup",
            "id": 517980,
            "node_id": "MDEyOk9yZ2FuaXphdGlvbjUxNzk4MA==",
            "avatar_url": "https://avatars.githubusercontent.com/u/517980?v=4",
            "gravatar_id": "",
            "url": "https://api.github.com/users/kiegroup",
            "html_url": "https://github.com/kiegroup",
            "followers_url": "https://api.github.com/users/kiegroup/followers",
            "following_url": "https://api.github.com/users/kiegroup/following{/other_user}",
            "gists_url": "https://api.github.com/users/kiegroup/gists{/gist_id}",
            "starred_url": "https://api.github.com/users/kiegroup/starred{/owner}{/repo}",
            "subscriptions_url": "https://api.github.com/users/kiegroup/subscriptions",
            "organizations_url": "https://api.github.com/users/kiegroup/orgs",
            "repos_url": "https://api.github.com/users/kiegroup/repos",
            "events_url": "https://api.github.com/users/kiegroup/events{/privacy}",
            "received_events_url": "https://api.github.com/users/kiegroup/received_events",
            "type": "Organization",
            "site_admin": false
        },
        "html_url": "https://github.com/kiegroup/drools-wb",
        "description": "Drools Workbench is the web application and repository to govern Drools assets.",
        "fork": false,
        "url": "https://api.github.com/repos/kiegroup/drools-wb",
        "forks_url": "https://api.github.com/repos/kiegroup/drools-wb/forks",
        "keys_url": "https://api.github.com/repos/kiegroup/drools-wb/keys{/key_id}",
        "collaborators_url": "https://api.github.com/repos/kiegroup/drools-wb/collaborators{/collaborator}",
        "teams_url": "https://api.github.com/repos/kiegroup/drools-wb/teams",
        "hooks_url": "https://api.github.com/repos/kiegroup/drools-wb/hooks",
        "issue_events_url": "https://api.github.com/repos/kiegroup/drools-wb/issues/events{/number}",
        "events_url": "https://api.github.com/repos/kiegroup/drools-wb/events",
        "assignees_url": "https://api.github.com/repos/kiegroup/drools-wb/assignees{/user}",
        "branches_url": "https://api.github.com/repos/kiegroup/drools-wb/branches{/branch}",
        "tags_url": "https://api.github.com/repos/kiegroup/drools-wb/tags",
        "blobs_url": "https://api.github.com/repos/kiegroup/drools-wb/git/blobs{/sha}",
        "git_tags_url": "https://api.github.com/repos/kiegroup/drools-wb/git/tags{/sha}",
        "git_refs_url": "https://api.github.com/repos/kiegroup/drools-wb/git/refs{/sha}",
        "trees_url": "https://api.github.com/repos/kiegroup/drools-wb/git/trees{/sha}",
        "statuses_url": "https://api.github.com/repos/kiegroup/drools-wb/statuses/{sha}",
        "languages_url": "https://api.github.com/repos/kiegroup/drools-wb/languages",
        "stargazers_url": "https://api.github.com/repos/kiegroup/drools-wb/stargazers",
        "contributors_url": "https://api.github.com/repos/kiegroup/drools-wb/contributors",
        "subscribers_url": "https://api.github.com/repos/kiegroup/drools-wb/subscribers",
        "subscription_url": "https://api.github.com/repos/kiegroup/drools-wb/subscription",
        "commits_url": "https://api.github.com/repos/kiegroup/drools-wb/commits{/sha}",
        "git_commits_url": "https://api.github.com/repos/kiegroup/drools-wb/git/commits{/sha}",
        "comments_url": "https://api.github.com/repos/kiegroup/drools-wb/comments{/number}",
        "issue_comment_url": "https://api.github.com/repos/kiegroup/drools-wb/issues/comments{/number}",
        "contents_url": "https://api.github.com/repos/kiegroup/drools-wb/contents/{+path}",
        "compare_url": "https://api.github.com/repos/kiegroup/drools-wb/compare/{base}...{head}",
        "merges_url": "https://api.github.com/repos/kiegroup/drools-wb/merges",
        "archive_url": "https://api.github.com/repos/kiegroup/drools-wb/{archive_format}{/ref}",
        "downloads_url": "https://api.github.com/repos/kiegroup/drools-wb/downloads",
        "issues_url": "https://api.github.com/repos/kiegroup/drools-wb/issues{/number}",
        "pulls_url": "https://api.github.com/repos/kiegroup/drools-wb/pulls{/number}",
        "milestones_url": "https://api.github.com/repos/kiegroup/drools-wb/milestones{/number}",
        "notifications_url": "https://api.github.com/repos/kiegroup/drools-wb/notifications{?since,all,participating}",
        "labels_url": "https://api.github.com/repos/kiegroup/drools-wb/labels{/name}",
        "releases_url": "https://api.github.com/repos/kiegroup/drools-wb/releases{/id}",
        "deployments_url": "https://api.github.com/repos/kiegroup/drools-wb/deployments",
        "created_at": "2013-06-06T08:26:25Z",
        "updated_at": "2024-04-15T07:28:53Z",
        "pushed_at": "2024-01-16T13:58:45Z",
        "git_url": "git://github.com/kiegroup/drools-wb.git",
        "ssh_url": "git@github.com:kiegroup/drools-wb.git",
        "clone_url": "https://github.com/kiegroup/drools-wb.git",
        "svn_url": "https://github.com/kiegroup/drools-wb",
        "homepage": "",
        "size": 151161,
        "stargazers_count": 102,
        "watchers_count": 102,
        "language": "Java",
        "has_issues": false,
        "has_projects": true,
        "has_downloads": true,
        "has_wiki": true,
        "has_pages": false,
        "has_discussions": false,
        "forks_count": 241,
        "mirror_url": null,
        "archived": false,
        "disabled": false,
        "open_issues_count": 2,
        "license": null,
        "allow_forking": true,
        "is_template": false,
        "web_commit_signoff_required": false,
        "topics": [],
        "visibility": "public",
        "forks": 241,
        "open_issues": 2,
        "watchers": 102,
        "default_branch": "main"
    },
    "network_count": 241,
    "subscribers_count": 2
}