{
    "id": 201488201,
    "node_id": "MDEwOlJlcG9zaXRvcnkyMDE0ODgyMDE=",
    "name": "langx-java",
    "full_name": "bes2008/langx-java",
    "private": false,
    "owner": {
        "login": "bes2008",
        "id": 8428331,
        "node_id": "MDQ6VXNlcjg0MjgzMzE=",
        "avatar_url": "https://avatars.githubusercontent.com/u/8428331?v=4",
        "gravatar_id": "",
        "url": "https://api.github.com/users/bes2008",
        "html_url": "https://github.com/bes2008",
        "followers_url": "https://api.github.com/users/bes2008/followers",
        "following_url": "https://api.github.com/users/bes2008/following{/other_user}",
        "gists_url": "https://api.github.com/users/bes2008/gists{/gist_id}",
        "starred_url": "https://api.github.com/users/bes2008/starred{/owner}{/repo}",
        "subscriptions_url": "https://api.github.com/users/bes2008/subscriptions",
        "organizations_url": "https://api.github.com/users/bes2008/orgs",
        "repos_url": "https://api.github.com/users/bes2008/repos",
        "events_url": "https://api.github.com/users/bes2008/events{/privacy}",
        "received_events_url": "https://api.github.com/users/bes2008/received_events",
        "type": "User",
        "site_admin": false
    },
    "html_url": "https://github.com/bes2008/langx-java",
    "description": "Java tools, helper, common utilities.  A replacement of guava, apache-commons, hutool",
    "fork": false,
    "url": "https://api.github.com/repos/bes2008/langx-java",
    "forks_url": "https://api.github.com/repos/bes2008/langx-java/forks",
    "keys_url": "https://api.github.com/repos/bes2008/langx-java/keys{/key_id}",
    "collaborators_url": "https://api.github.com/repos/bes2008/langx-java/collaborators{/collaborator}",
    "teams_url": "https://api.github.com/repos/bes2008/langx-java/teams",
    "hooks_url": "https://api.github.com/repos/bes2008/langx-java/hooks",
    "issue_events_url": "https://api.github.com/repos/bes2008/langx-java/issues/events{/number}",
    "events_url": "https://api.github.com/repos/bes2008/langx-java/events",
    "assignees_url": "https://api.github.com/repos/bes2008/langx-java/assignees{/user}",
    "branches_url": "https://api.github.com/repos/bes2008/langx-java/branches{/branch}",
    "tags_url": "https://api.github.com/repos/bes2008/langx-java/tags",
    "blobs_url": "https://api.github.com/repos/bes2008/langx-java/git/blobs{/sha}",
    "git_tags_url": "https://api.github.com/repos/bes2008/langx-java/git/tags{/sha}",
    "git_refs_url": "https://api.github.com/repos/bes2008/langx-java/git/refs{/sha}",
    "trees_url": "https://api.github.com/repos/bes2008/langx-java/git/trees{/sha}",
    "statuses_url": "https://api.github.com/repos/bes2008/langx-java/statuses/{sha}",
    "languages_url": "https://api.github.com/repos/bes2008/langx-java/languages",
    "stargazers_url": "https://api.github.com/repos/bes2008/langx-java/stargazers",
    "contributors_url": "https://api.github.com/repos/bes2008/langx-java/contributors",
    "subscribers_url": "https://api.github.com/repos/bes2008/langx-java/subscribers",
    "subscription_url": "https://api.github.com/repos/bes2008/langx-java/subscription",
    "commits_url": "https://api.github.com/repos/bes2008/langx-java/commits{/sha}",
    "git_commits_url": "https://api.github.com/repos/bes2008/langx-java/git/commits{/sha}",
    "comments_url": "https://api.github.com/repos/bes2008/langx-java/comments{/number}",
    "issue_comment_url": "https://api.github.com/repos/bes2008/langx-java/issues/comments{/number}",
    "contents_url": "https://api.github.com/repos/bes2008/langx-java/contents/{+path}",
    "compare_url": "https://api.github.com/repos/bes2008/langx-java/compare/{base}...{head}",
    "merges_url": "https://api.github.com/repos/bes2008/langx-java/merges",
    "archive_url": "https://api.github.com/repos/bes2008/langx-java/{archive_format}{/ref}",
    "downloads_url": "https://api.github.com/repos/bes2008/langx-java/downloads",
    "issues_url": "https://api.github.com/repos/bes2008/langx-java/issues{/number}",
    "pulls_url": "https://api.github.com/repos/bes2008/langx-java/pulls{/number}",
    "milestones_url": "https://api.github.com/repos/bes2008/langx-java/milestones{/number}",
    "notifications_url": "https://api.github.com/repos/bes2008/langx-java/notifications{?since,all,participating}",
    "labels_url": "https://api.github.com/repos/bes2008/langx-java/labels{/name}",
    "releases_url": "https://api.github.com/repos/bes2008/langx-java/releases{/id}",
    "deployments_url": "https://api.github.com/repos/bes2008/langx-java/deployments",
    "created_at": "2019-08-09T14:57:12Z",
    "updated_at": "2024-03-31T14:22:50Z",
    "pushed_at": "2024-04-15T19:10:55Z",
    "git_url": "git://github.com/bes2008/langx-java.git",
    "ssh_url": "git@github.com:bes2008/langx-java.git",
    "clone_url": "https://github.com/bes2008/langx-java.git",
    "svn_url": "https://github.com/bes2008/langx-java",
    "homepage": "https://github.com/fangjinuo/langx-java",
    "size": 49351,
    "stargazers_count": 58,
    "watchers_count": 58,
    "language": "Java",
    "has_issues": true,
    "has_projects": true,
    "has_downloads": true,
    "has_wiki": true,
    "has_pages": false,
    "has_discussions": false,
    "forks_count": 9,
    "mirror_url": null,
    "archived": false,
    "disabled": false,
    "open_issues_count": 17,
    "license": {
        "key": "apache-2.0",
        "name": "Apache License 2.0",
        "spdx_id": "Apache-2.0",
        "url": "https://api.github.com/licenses/apache-2.0",
        "node_id": "MDc6TGljZW5zZTI="
    },
    "allow_forking": true,
    "is_template": false,
    "web_commit_signoff_required": false,
    "topics": [
        "aop",
        "classpath",
        "collection",
        "common",
        "cron",
        "csv",
        "diff",
        "helper",
        "idgenerator",
        "java",
        "pinyin",
        "pipeline",
        "reflect",
        "reflection",
        "repository",
        "security",
        "stream",
        "timer",
        "tools"
    ],
    "visibility": "public",
    "forks": 9,
    "open_issues": 17,
    "watchers": 58,
    "default_branch": "master",
    "permissions": {
        "admin": false,
        "maintain": false,
        "push": false,
        "triage": false,
        "pull": true
    },
    "temp_clone_token": "",
    "network_count": 9,
    "subscribers_count": 3
}