{
    "id": 257324232,
    "node_id": "MDEwOlJlcG9zaXRvcnkyNTczMjQyMzI=",
    "name": "CacheManage",
    "full_name": "mohappsdev/CacheManage",
    "private": false,
    "owner": {
        "login": "mohappsdev",
        "id": 59480002,
        "node_id": "MDQ6VXNlcjU5NDgwMDAy",
        "avatar_url": "https://avatars.githubusercontent.com/u/59480002?v=4",
        "gravatar_id": "",
        "url": "https://api.github.com/users/mohappsdev",
        "html_url": "https://github.com/mohappsdev",
        "followers_url": "https://api.github.com/users/mohappsdev/followers",
        "following_url": "https://api.github.com/users/mohappsdev/following{/other_user}",
        "gists_url": "https://api.github.com/users/mohappsdev/gists{/gist_id}",
        "starred_url": "https://api.github.com/users/mohappsdev/starred{/owner}{/repo}",
        "subscriptions_url": "https://api.github.com/users/mohappsdev/subscriptions",
        "organizations_url": "https://api.github.com/users/mohappsdev/orgs",
        "repos_url": "https://api.github.com/users/mohappsdev/repos",
        "events_url": "https://api.github.com/users/mohappsdev/events{/privacy}",
        "received_events_url": "https://api.github.com/users/mohappsdev/received_events",
        "type": "User",
        "site_admin": false
    },
    "html_url": "https://github.com/mohappsdev/CacheManage",
    "description": "\ud83d\udd25android\u7f13\u5b58\u7ba1\u7406\u5668\uff0c\u5206\u4e3a\u5185\u5b58\u7f13\u5b58\u548c\u6587\u4ef6\u7f13\u5b58\u4e24\u79cd     \u5148\u53d6\u5185\u5b58\u6570\u636e\uff0c\u6ca1\u6709\u518d\u4ece\u6587\u4ef6\u7f13\u5b58\u4e2d\u53d6",
    "fork": true,
    "url": "https://api.github.com/repos/mohappsdev/CacheManage",
    "forks_url": "https://api.github.com/repos/mohappsdev/CacheManage/forks",
    "keys_url": "https://api.github.com/repos/mohappsdev/CacheManage/keys{/key_id}",
    "collaborators_url": "https://api.github.com/repos/mohappsdev/CacheManage/collaborators{/collaborator}",
    "teams_url": "https://api.github.com/repos/mohappsdev/CacheManage/teams",
    "hooks_url": "https://api.github.com/repos/mohappsdev/CacheManage/hooks",
    "issue_events_url": "https://api.github.com/repos/mohappsdev/CacheManage/issues/events{/number}",
    "events_url": "https://api.github.com/repos/mohappsdev/CacheManage/events",
    "assignees_url": "https://api.github.com/repos/mohappsdev/CacheManage/assignees{/user}",
    "branches_url": "https://api.github.com/repos/mohappsdev/CacheManage/branches{/branch}",
    "tags_url": "https://api.github.com/repos/mohappsdev/CacheManage/tags",
    "blobs_url": "https://api.github.com/repos/mohappsdev/CacheManage/git/blobs{/sha}",
    "git_tags_url": "https://api.github.com/repos/mohappsdev/CacheManage/git/tags{/sha}",
    "git_refs_url": "https://api.github.com/repos/mohappsdev/CacheManage/git/refs{/sha}",
    "trees_url": "https://api.github.com/repos/mohappsdev/CacheManage/git/trees{/sha}",
    "statuses_url": "https://api.github.com/repos/mohappsdev/CacheManage/statuses/{sha}",
    "languages_url": "https://api.github.com/repos/mohappsdev/CacheManage/languages",
    "stargazers_url": "https://api.github.com/repos/mohappsdev/CacheManage/stargazers",
    "contributors_url": "https://api.github.com/repos/mohappsdev/CacheManage/contributors",
    "subscribers_url": "https://api.github.com/repos/mohappsdev/CacheManage/subscribers",
    "subscription_url": "https://api.github.com/repos/mohappsdev/CacheManage/subscription",
    "commits_url": "https://api.github.com/repos/mohappsdev/CacheManage/commits{/sha}",
    "git_commits_url": "https://api.github.com/repos/mohappsdev/CacheManage/git/commits{/sha}",
    "comments_url": "https://api.github.com/repos/mohappsdev/CacheManage/comments{/number}",
    "issue_comment_url": "https://api.github.com/repos/mohappsdev/CacheManage/issues/comments{/number}",
    "contents_url": "https://api.github.com/repos/mohappsdev/CacheManage/contents/{+path}",
    "compare_url": "https://api.github.com/repos/mohappsdev/CacheManage/compare/{base}...{head}",
    "merges_url": "https://api.github.com/repos/mohappsdev/CacheManage/merges",
    "archive_url": "https://api.github.com/repos/mohappsdev/CacheManage/{archive_format}{/ref}",
    "downloads_url": "https://api.github.com/repos/mohappsdev/CacheManage/downloads",
    "issues_url": "https://api.github.com/repos/mohappsdev/CacheManage/issues{/number}",
    "pulls_url": "https://api.github.com/repos/mohappsdev/CacheManage/pulls{/number}",
    "milestones_url": "https://api.github.com/repos/mohappsdev/CacheManage/milestones{/number}",
    "notifications_url": "https://api.github.com/repos/mohappsdev/CacheManage/notifications{?since,all,participating}",
    "labels_url": "https://api.github.com/repos/mohappsdev/CacheManage/labels{/name}",
    "releases_url": "https://api.github.com/repos/mohappsdev/CacheManage/releases{/id}",
    "deployments_url": "https://api.github.com/repos/mohappsdev/CacheManage/deployments",
    "created_at": "2020-04-20T15:29:24Z",
    "updated_at": "2020-08-02T09:25:38Z",
    "pushed_at": "2020-08-02T09:26:41Z",
    "git_url": "git://github.com/mohappsdev/CacheManage.git",
    "ssh_url": "git@github.com:mohappsdev/CacheManage.git",
    "clone_url": "https://github.com/mohappsdev/CacheManage.git",
    "svn_url": "https://github.com/mohappsdev/CacheManage",
    "homepage": "",
    "size": 429,
    "stargazers_count": 0,
    "watchers_count": 0,
    "language": "Java",
    "has_issues": false,
    "has_projects": true,
    "has_downloads": true,
    "has_wiki": true,
    "has_pages": false,
    "has_discussions": false,
    "forks_count": 0,
    "mirror_url": null,
    "archived": false,
    "disabled": false,
    "open_issues_count": 0,
    "license": {
        "key": "apache-2.0",
        "name": "Apache License 2.0",
        "spdx_id": "Apache-2.0",
        "url": "https://api.github.com/licenses/apache-2.0",
        "node_id": "MDc6TGljZW5zZTI="
    },
    "allow_forking": true,
    "is_template": false,
    "web_commit_signoff_required": false,
    "topics": [],
    "visibility": "public",
    "forks": 0,
    "open_issues": 0,
    "watchers": 0,
    "default_branch": "master",
    "permissions": {
        "admin": false,
        "maintain": false,
        "push": false,
        "triage": false,
        "pull": true
    },
    "temp_clone_token": "",
    "parent": {
        "id": 95118907,
        "node_id": "MDEwOlJlcG9zaXRvcnk5NTExODkwNw==",
        "name": "CacheManage",
        "full_name": "ronghao/CacheManage",
        "private": false,
        "owner": {
            "login": "ronghao",
            "id": 4265797,
            "node_id": "MDQ6VXNlcjQyNjU3OTc=",
            "avatar_url": "https://avatars.githubusercontent.com/u/4265797?v=4",
            "gravatar_id": "",
            "url": "https://api.github.com/users/ronghao",
            "html_url": "https://github.com/ronghao",
            "followers_url": "https://api.github.com/users/ronghao/followers",
            "following_url": "https://api.github.com/users/ronghao/following{/other_user}",
            "gists_url": "https://api.github.com/users/ronghao/gists{/gist_id}",
            "starred_url": "https://api.github.com/users/ronghao/starred{/owner}{/repo}",
            "subscriptions_url": "https://api.github.com/users/ronghao/subscriptions",
            "organizations_url": "https://api.github.com/users/ronghao/orgs",
            "repos_url": "https://api.github.com/users/ronghao/repos",
            "events_url": "https://api.github.com/users/ronghao/events{/privacy}",
            "received_events_url": "https://api.github.com/users/ronghao/received_events",
            "type": "User",
            "site_admin": false
        },
        "html_url": "https://github.com/ronghao/CacheManage",
        "description": "\ud83d\udd25android\u7f13\u5b58\u7ba1\u7406\u5668\uff0c\u5206\u4e3a\u5185\u5b58\u7f13\u5b58\u548c\u6587\u4ef6\u7f13\u5b58\u4e24\u79cd     \u5148\u53d6\u5185\u5b58\u6570\u636e\uff0c\u6ca1\u6709\u518d\u4ece\u6587\u4ef6\u7f13\u5b58\u4e2d\u53d6",
        "fork": false,
        "url": "https://api.github.com/repos/ronghao/CacheManage",
        "forks_url": "https://api.github.com/repos/ronghao/CacheManage/forks",
        "keys_url": "https://api.github.com/repos/ronghao/CacheManage/keys{/key_id}",
        "collaborators_url": "https://api.github.com/repos/ronghao/CacheManage/collaborators{/collaborator}",
        "teams_url": "https://api.github.com/repos/ronghao/CacheManage/teams",
        "hooks_url": "https://api.github.com/repos/ronghao/CacheManage/hooks",
        "issue_events_url": "https://api.github.com/repos/ronghao/CacheManage/issues/events{/number}",
        "events_url": "https://api.github.com/repos/ronghao/CacheManage/events",
        "assignees_url": "https://api.github.com/repos/ronghao/CacheManage/assignees{/user}",
        "branches_url": "https://api.github.com/repos/ronghao/CacheManage/branches{/branch}",
        "tags_url": "https://api.github.com/repos/ronghao/CacheManage/tags",
        "blobs_url": "https://api.github.com/repos/ronghao/CacheManage/git/blobs{/sha}",
        "git_tags_url": "https://api.github.com/repos/ronghao/CacheManage/git/tags{/sha}",
        "git_refs_url": "https://api.github.com/repos/ronghao/CacheManage/git/refs{/sha}",
        "trees_url": "https://api.github.com/repos/ronghao/CacheManage/git/trees{/sha}",
        "statuses_url": "https://api.github.com/repos/ronghao/CacheManage/statuses/{sha}",
        "languages_url": "https://api.github.com/repos/ronghao/CacheManage/languages",
        "stargazers_url": "https://api.github.com/repos/ronghao/CacheManage/stargazers",
        "contributors_url": "https://api.github.com/repos/ronghao/CacheManage/contributors",
        "subscribers_url": "https://api.github.com/repos/ronghao/CacheManage/subscribers",
        "subscription_url": "https://api.github.com/repos/ronghao/CacheManage/subscription",
        "commits_url": "https://api.github.com/repos/ronghao/CacheManage/commits{/sha}",
        "git_commits_url": "https://api.github.com/repos/ronghao/CacheManage/git/commits{/sha}",
        "comments_url": "https://api.github.com/repos/ronghao/CacheManage/comments{/number}",
        "issue_comment_url": "https://api.github.com/repos/ronghao/CacheManage/issues/comments{/number}",
        "contents_url": "https://api.github.com/repos/ronghao/CacheManage/contents/{+path}",
        "compare_url": "https://api.github.com/repos/ronghao/CacheManage/compare/{base}...{head}",
        "merges_url": "https://api.github.com/repos/ronghao/CacheManage/merges",
        "archive_url": "https://api.github.com/repos/ronghao/CacheManage/{archive_format}{/ref}",
        "downloads_url": "https://api.github.com/repos/ronghao/CacheManage/downloads",
        "issues_url": "https://api.github.com/repos/ronghao/CacheManage/issues{/number}",
        "pulls_url": "https://api.github.com/repos/ronghao/CacheManage/pulls{/number}",
        "milestones_url": "https://api.github.com/repos/ronghao/CacheManage/milestones{/number}",
        "notifications_url": "https://api.github.com/repos/ronghao/CacheManage/notifications{?since,all,participating}",
        "labels_url": "https://api.github.com/repos/ronghao/CacheManage/labels{/name}",
        "releases_url": "https://api.github.com/repos/ronghao/CacheManage/releases{/id}",
        "deployments_url": "https://api.github.com/repos/ronghao/CacheManage/deployments",
        "created_at": "2017-06-22T13:32:53Z",
        "updated_at": "2024-04-30T03:48:15Z",
        "pushed_at": "2023-05-20T03:16:39Z",
        "git_url": "git://github.com/ronghao/CacheManage.git",
        "ssh_url": "git@github.com:ronghao/CacheManage.git",
        "clone_url": "https://github.com/ronghao/CacheManage.git",
        "svn_url": "https://github.com/ronghao/CacheManage",
        "homepage": "",
        "size": 418,
        "stargazers_count": 90,
        "watchers_count": 90,
        "language": "Java",
        "has_issues": true,
        "has_projects": true,
        "has_downloads": true,
        "has_wiki": true,
        "has_pages": false,
        "has_discussions": false,
        "forks_count": 17,
        "mirror_url": null,
        "archived": false,
        "disabled": false,
        "open_issues_count": 0,
        "license": {
            "key": "apache-2.0",
            "name": "Apache License 2.0",
            "spdx_id": "Apache-2.0",
            "url": "https://api.github.com/licenses/apache-2.0",
            "node_id": "MDc6TGljZW5zZTI="
        },
        "allow_forking": true,
        "is_template": false,
        "web_commit_signoff_required": false,
        "topics": [
            "android",
            "asimplecache",
            "cache",
            "cachemanage",
            "cachemanager",
            "file"
        ],
        "visibility": "public",
        "forks": 17,
        "open_issues": 0,
        "watchers": 90,
        "default_branch": "master"
    },
    "source": {
        "id": 95118907,
        "node_id": "MDEwOlJlcG9zaXRvcnk5NTExODkwNw==",
        "name": "CacheManage",
        "full_name": "ronghao/CacheManage",
        "private": false,
        "owner": {
            "login": "ronghao",
            "id": 4265797,
            "node_id": "MDQ6VXNlcjQyNjU3OTc=",
            "avatar_url": "https://avatars.githubusercontent.com/u/4265797?v=4",
            "gravatar_id": "",
            "url": "https://api.github.com/users/ronghao",
            "html_url": "https://github.com/ronghao",
            "followers_url": "https://api.github.com/users/ronghao/followers",
            "following_url": "https://api.github.com/users/ronghao/following{/other_user}",
            "gists_url": "https://api.github.com/users/ronghao/gists{/gist_id}",
            "starred_url": "https://api.github.com/users/ronghao/starred{/owner}{/repo}",
            "subscriptions_url": "https://api.github.com/users/ronghao/subscriptions",
            "organizations_url": "https://api.github.com/users/ronghao/orgs",
            "repos_url": "https://api.github.com/users/ronghao/repos",
            "events_url": "https://api.github.com/users/ronghao/events{/privacy}",
            "received_events_url": "https://api.github.com/users/ronghao/received_events",
            "type": "User",
            "site_admin": false
        },
        "html_url": "https://github.com/ronghao/CacheManage",
        "description": "\ud83d\udd25android\u7f13\u5b58\u7ba1\u7406\u5668\uff0c\u5206\u4e3a\u5185\u5b58\u7f13\u5b58\u548c\u6587\u4ef6\u7f13\u5b58\u4e24\u79cd     \u5148\u53d6\u5185\u5b58\u6570\u636e\uff0c\u6ca1\u6709\u518d\u4ece\u6587\u4ef6\u7f13\u5b58\u4e2d\u53d6",
        "fork": false,
        "url": "https://api.github.com/repos/ronghao/CacheManage",
        "forks_url": "https://api.github.com/repos/ronghao/CacheManage/forks",
        "keys_url": "https://api.github.com/repos/ronghao/CacheManage/keys{/key_id}",
        "collaborators_url": "https://api.github.com/repos/ronghao/CacheManage/collaborators{/collaborator}",
        "teams_url": "https://api.github.com/repos/ronghao/CacheManage/teams",
        "hooks_url": "https://api.github.com/repos/ronghao/CacheManage/hooks",
        "issue_events_url": "https://api.github.com/repos/ronghao/CacheManage/issues/events{/number}",
        "events_url": "https://api.github.com/repos/ronghao/CacheManage/events",
        "assignees_url": "https://api.github.com/repos/ronghao/CacheManage/assignees{/user}",
        "branches_url": "https://api.github.com/repos/ronghao/CacheManage/branches{/branch}",
        "tags_url": "https://api.github.com/repos/ronghao/CacheManage/tags",
        "blobs_url": "https://api.github.com/repos/ronghao/CacheManage/git/blobs{/sha}",
        "git_tags_url": "https://api.github.com/repos/ronghao/CacheManage/git/tags{/sha}",
        "git_refs_url": "https://api.github.com/repos/ronghao/CacheManage/git/refs{/sha}",
        "trees_url": "https://api.github.com/repos/ronghao/CacheManage/git/trees{/sha}",
        "statuses_url": "https://api.github.com/repos/ronghao/CacheManage/statuses/{sha}",
        "languages_url": "https://api.github.com/repos/ronghao/CacheManage/languages",
        "stargazers_url": "https://api.github.com/repos/ronghao/CacheManage/stargazers",
        "contributors_url": "https://api.github.com/repos/ronghao/CacheManage/contributors",
        "subscribers_url": "https://api.github.com/repos/ronghao/CacheManage/subscribers",
        "subscription_url": "https://api.github.com/repos/ronghao/CacheManage/subscription",
        "commits_url": "https://api.github.com/repos/ronghao/CacheManage/commits{/sha}",
        "git_commits_url": "https://api.github.com/repos/ronghao/CacheManage/git/commits{/sha}",
        "comments_url": "https://api.github.com/repos/ronghao/CacheManage/comments{/number}",
        "issue_comment_url": "https://api.github.com/repos/ronghao/CacheManage/issues/comments{/number}",
        "contents_url": "https://api.github.com/repos/ronghao/CacheManage/contents/{+path}",
        "compare_url": "https://api.github.com/repos/ronghao/CacheManage/compare/{base}...{head}",
        "merges_url": "https://api.github.com/repos/ronghao/CacheManage/merges",
        "archive_url": "https://api.github.com/repos/ronghao/CacheManage/{archive_format}{/ref}",
        "downloads_url": "https://api.github.com/repos/ronghao/CacheManage/downloads",
        "issues_url": "https://api.github.com/repos/ronghao/CacheManage/issues{/number}",
        "pulls_url": "https://api.github.com/repos/ronghao/CacheManage/pulls{/number}",
        "milestones_url": "https://api.github.com/repos/ronghao/CacheManage/milestones{/number}",
        "notifications_url": "https://api.github.com/repos/ronghao/CacheManage/notifications{?since,all,participating}",
        "labels_url": "https://api.github.com/repos/ronghao/CacheManage/labels{/name}",
        "releases_url": "https://api.github.com/repos/ronghao/CacheManage/releases{/id}",
        "deployments_url": "https://api.github.com/repos/ronghao/CacheManage/deployments",
        "created_at": "2017-06-22T13:32:53Z",
        "updated_at": "2024-04-30T03:48:15Z",
        "pushed_at": "2023-05-20T03:16:39Z",
        "git_url": "git://github.com/ronghao/CacheManage.git",
        "ssh_url": "git@github.com:ronghao/CacheManage.git",
        "clone_url": "https://github.com/ronghao/CacheManage.git",
        "svn_url": "https://github.com/ronghao/CacheManage",
        "homepage": "",
        "size": 418,
        "stargazers_count": 90,
        "watchers_count": 90,
        "language": "Java",
        "has_issues": true,
        "has_projects": true,
        "has_downloads": true,
        "has_wiki": true,
        "has_pages": false,
        "has_discussions": false,
        "forks_count": 17,
        "mirror_url": null,
        "archived": false,
        "disabled": false,
        "open_issues_count": 0,
        "license": {
            "key": "apache-2.0",
            "name": "Apache License 2.0",
            "spdx_id": "Apache-2.0",
            "url": "https://api.github.com/licenses/apache-2.0",
            "node_id": "MDc6TGljZW5zZTI="
        },
        "allow_forking": true,
        "is_template": false,
        "web_commit_signoff_required": false,
        "topics": [
            "android",
            "asimplecache",
            "cache",
            "cachemanage",
            "cachemanager",
            "file"
        ],
        "visibility": "public",
        "forks": 17,
        "open_issues": 0,
        "watchers": 90,
        "default_branch": "master"
    },
    "network_count": 17,
    "subscribers_count": 0
}