{
    "id": 437898687,
    "node_id": "R_kgDOGhnNvw",
    "name": "upupor",
    "full_name": "yangrunkang/upupor",
    "private": false,
    "owner": {
        "login": "yangrunkang",
        "id": 46257933,
        "node_id": "MDQ6VXNlcjQ2MjU3OTMz",
        "avatar_url": "https://avatars.githubusercontent.com/u/46257933?v=4",
        "gravatar_id": "",
        "url": "https://api.github.com/users/yangrunkang",
        "html_url": "https://github.com/yangrunkang",
        "followers_url": "https://api.github.com/users/yangrunkang/followers",
        "following_url": "https://api.github.com/users/yangrunkang/following{/other_user}",
        "gists_url": "https://api.github.com/users/yangrunkang/gists{/gist_id}",
        "starred_url": "https://api.github.com/users/yangrunkang/starred{/owner}{/repo}",
        "subscriptions_url": "https://api.github.com/users/yangrunkang/subscriptions",
        "organizations_url": "https://api.github.com/users/yangrunkang/orgs",
        "repos_url": "https://api.github.com/users/yangrunkang/repos",
        "events_url": "https://api.github.com/users/yangrunkang/events{/privacy}",
        "received_events_url": "https://api.github.com/users/yangrunkang/received_events",
        "type": "User",
        "site_admin": false
    },
    "html_url": "https://github.com/yangrunkang/upupor",
    "description": "\u4f7f\u7528\u66f4\u52a0\u5408\u7406\u7684\u65b9\u5f0f\u5904\u7406\u5185\u5bb9",
    "fork": false,
    "url": "https://api.github.com/repos/yangrunkang/upupor",
    "forks_url": "https://api.github.com/repos/yangrunkang/upupor/forks",
    "keys_url": "https://api.github.com/repos/yangrunkang/upupor/keys{/key_id}",
    "collaborators_url": "https://api.github.com/repos/yangrunkang/upupor/collaborators{/collaborator}",
    "teams_url": "https://api.github.com/repos/yangrunkang/upupor/teams",
    "hooks_url": "https://api.github.com/repos/yangrunkang/upupor/hooks",
    "issue_events_url": "https://api.github.com/repos/yangrunkang/upupor/issues/events{/number}",
    "events_url": "https://api.github.com/repos/yangrunkang/upupor/events",
    "assignees_url": "https://api.github.com/repos/yangrunkang/upupor/assignees{/user}",
    "branches_url": "https://api.github.com/repos/yangrunkang/upupor/branches{/branch}",
    "tags_url": "https://api.github.com/repos/yangrunkang/upupor/tags",
    "blobs_url": "https://api.github.com/repos/yangrunkang/upupor/git/blobs{/sha}",
    "git_tags_url": "https://api.github.com/repos/yangrunkang/upupor/git/tags{/sha}",
    "git_refs_url": "https://api.github.com/repos/yangrunkang/upupor/git/refs{/sha}",
    "trees_url": "https://api.github.com/repos/yangrunkang/upupor/git/trees{/sha}",
    "statuses_url": "https://api.github.com/repos/yangrunkang/upupor/statuses/{sha}",
    "languages_url": "https://api.github.com/repos/yangrunkang/upupor/languages",
    "stargazers_url": "https://api.github.com/repos/yangrunkang/upupor/stargazers",
    "contributors_url": "https://api.github.com/repos/yangrunkang/upupor/contributors",
    "subscribers_url": "https://api.github.com/repos/yangrunkang/upupor/subscribers",
    "subscription_url": "https://api.github.com/repos/yangrunkang/upupor/subscription",
    "commits_url": "https://api.github.com/repos/yangrunkang/upupor/commits{/sha}",
    "git_commits_url": "https://api.github.com/repos/yangrunkang/upupor/git/commits{/sha}",
    "comments_url": "https://api.github.com/repos/yangrunkang/upupor/comments{/number}",
    "issue_comment_url": "https://api.github.com/repos/yangrunkang/upupor/issues/comments{/number}",
    "contents_url": "https://api.github.com/repos/yangrunkang/upupor/contents/{+path}",
    "compare_url": "https://api.github.com/repos/yangrunkang/upupor/compare/{base}...{head}",
    "merges_url": "https://api.github.com/repos/yangrunkang/upupor/merges",
    "archive_url": "https://api.github.com/repos/yangrunkang/upupor/{archive_format}{/ref}",
    "downloads_url": "https://api.github.com/repos/yangrunkang/upupor/downloads",
    "issues_url": "https://api.github.com/repos/yangrunkang/upupor/issues{/number}",
    "pulls_url": "https://api.github.com/repos/yangrunkang/upupor/pulls{/number}",
    "milestones_url": "https://api.github.com/repos/yangrunkang/upupor/milestones{/number}",
    "notifications_url": "https://api.github.com/repos/yangrunkang/upupor/notifications{?since,all,participating}",
    "labels_url": "https://api.github.com/repos/yangrunkang/upupor/labels{/name}",
    "releases_url": "https://api.github.com/repos/yangrunkang/upupor/releases{/id}",
    "deployments_url": "https://api.github.com/repos/yangrunkang/upupor/deployments",
    "created_at": "2021-12-13T14:11:00Z",
    "updated_at": "2024-04-23T15:50:39Z",
    "pushed_at": "2024-04-10T16:09:47Z",
    "git_url": "git://github.com/yangrunkang/upupor.git",
    "ssh_url": "git@github.com:yangrunkang/upupor.git",
    "clone_url": "https://github.com/yangrunkang/upupor.git",
    "svn_url": "https://github.com/yangrunkang/upupor",
    "homepage": "https://www.moatkon.com",
    "size": 40890,
    "stargazers_count": 194,
    "watchers_count": 194,
    "language": "JavaScript",
    "has_issues": true,
    "has_projects": true,
    "has_downloads": true,
    "has_wiki": true,
    "has_pages": false,
    "has_discussions": true,
    "forks_count": 35,
    "mirror_url": null,
    "archived": false,
    "disabled": false,
    "open_issues_count": 22,
    "license": {
        "key": "other",
        "name": "Other",
        "spdx_id": "NOASSERTION",
        "url": null,
        "node_id": "MDc6TGljZW5zZTA="
    },
    "allow_forking": true,
    "is_template": false,
    "web_commit_signoff_required": false,
    "topics": [
        "freedom",
        "google-adsense",
        "google-analytics",
        "google-search",
        "java-oop",
        "seo-friendly",
        "ugc"
    ],
    "visibility": "public",
    "forks": 35,
    "open_issues": 22,
    "watchers": 194,
    "default_branch": "main",
    "permissions": {
        "admin": false,
        "maintain": false,
        "push": false,
        "triage": false,
        "pull": true
    },
    "temp_clone_token": "",
    "network_count": 35,
    "subscribers_count": 3
}