{
    "id": 148480111,
    "node_id": "MDEwOlJlcG9zaXRvcnkxNDg0ODAxMTE=",
    "name": "sharding-sphere",
    "full_name": "anquan/sharding-sphere",
    "private": false,
    "owner": {
        "login": "anquan",
        "id": 8282260,
        "node_id": "MDQ6VXNlcjgyODIyNjA=",
        "avatar_url": "https://avatars.githubusercontent.com/u/8282260?v=4",
        "gravatar_id": "",
        "url": "https://api.github.com/users/anquan",
        "html_url": "https://github.com/anquan",
        "followers_url": "https://api.github.com/users/anquan/followers",
        "following_url": "https://api.github.com/users/anquan/following{/other_user}",
        "gists_url": "https://api.github.com/users/anquan/gists{/gist_id}",
        "starred_url": "https://api.github.com/users/anquan/starred{/owner}{/repo}",
        "subscriptions_url": "https://api.github.com/users/anquan/subscriptions",
        "organizations_url": "https://api.github.com/users/anquan/orgs",
        "repos_url": "https://api.github.com/users/anquan/repos",
        "events_url": "https://api.github.com/users/anquan/events{/privacy}",
        "received_events_url": "https://api.github.com/users/anquan/received_events",
        "type": "User",
        "site_admin": false
    },
    "html_url": "https://github.com/anquan/sharding-sphere",
    "description": "Distributed database middleware",
    "fork": true,
    "url": "https://api.github.com/repos/anquan/sharding-sphere",
    "forks_url": "https://api.github.com/repos/anquan/sharding-sphere/forks",
    "keys_url": "https://api.github.com/repos/anquan/sharding-sphere/keys{/key_id}",
    "collaborators_url": "https://api.github.com/repos/anquan/sharding-sphere/collaborators{/collaborator}",
    "teams_url": "https://api.github.com/repos/anquan/sharding-sphere/teams",
    "hooks_url": "https://api.github.com/repos/anquan/sharding-sphere/hooks",
    "issue_events_url": "https://api.github.com/repos/anquan/sharding-sphere/issues/events{/number}",
    "events_url": "https://api.github.com/repos/anquan/sharding-sphere/events",
    "assignees_url": "https://api.github.com/repos/anquan/sharding-sphere/assignees{/user}",
    "branches_url": "https://api.github.com/repos/anquan/sharding-sphere/branches{/branch}",
    "tags_url": "https://api.github.com/repos/anquan/sharding-sphere/tags",
    "blobs_url": "https://api.github.com/repos/anquan/sharding-sphere/git/blobs{/sha}",
    "git_tags_url": "https://api.github.com/repos/anquan/sharding-sphere/git/tags{/sha}",
    "git_refs_url": "https://api.github.com/repos/anquan/sharding-sphere/git/refs{/sha}",
    "trees_url": "https://api.github.com/repos/anquan/sharding-sphere/git/trees{/sha}",
    "statuses_url": "https://api.github.com/repos/anquan/sharding-sphere/statuses/{sha}",
    "languages_url": "https://api.github.com/repos/anquan/sharding-sphere/languages",
    "stargazers_url": "https://api.github.com/repos/anquan/sharding-sphere/stargazers",
    "contributors_url": "https://api.github.com/repos/anquan/sharding-sphere/contributors",
    "subscribers_url": "https://api.github.com/repos/anquan/sharding-sphere/subscribers",
    "subscription_url": "https://api.github.com/repos/anquan/sharding-sphere/subscription",
    "commits_url": "https://api.github.com/repos/anquan/sharding-sphere/commits{/sha}",
    "git_commits_url": "https://api.github.com/repos/anquan/sharding-sphere/git/commits{/sha}",
    "comments_url": "https://api.github.com/repos/anquan/sharding-sphere/comments{/number}",
    "issue_comment_url": "https://api.github.com/repos/anquan/sharding-sphere/issues/comments{/number}",
    "contents_url": "https://api.github.com/repos/anquan/sharding-sphere/contents/{+path}",
    "compare_url": "https://api.github.com/repos/anquan/sharding-sphere/compare/{base}...{head}",
    "merges_url": "https://api.github.com/repos/anquan/sharding-sphere/merges",
    "archive_url": "https://api.github.com/repos/anquan/sharding-sphere/{archive_format}{/ref}",
    "downloads_url": "https://api.github.com/repos/anquan/sharding-sphere/downloads",
    "issues_url": "https://api.github.com/repos/anquan/sharding-sphere/issues{/number}",
    "pulls_url": "https://api.github.com/repos/anquan/sharding-sphere/pulls{/number}",
    "milestones_url": "https://api.github.com/repos/anquan/sharding-sphere/milestones{/number}",
    "notifications_url": "https://api.github.com/repos/anquan/sharding-sphere/notifications{?since,all,participating}",
    "labels_url": "https://api.github.com/repos/anquan/sharding-sphere/labels{/name}",
    "releases_url": "https://api.github.com/repos/anquan/sharding-sphere/releases{/id}",
    "deployments_url": "https://api.github.com/repos/anquan/sharding-sphere/deployments",
    "created_at": "2018-09-12T12:54:12Z",
    "updated_at": "2019-01-15T04:01:23Z",
    "pushed_at": "2018-09-12T12:35:35Z",
    "git_url": "git://github.com/anquan/sharding-sphere.git",
    "ssh_url": "git@github.com:anquan/sharding-sphere.git",
    "clone_url": "https://github.com/anquan/sharding-sphere.git",
    "svn_url": "https://github.com/anquan/sharding-sphere",
    "homepage": "",
    "size": 25523,
    "stargazers_count": 1,
    "watchers_count": 1,
    "language": "Java",
    "has_issues": false,
    "has_projects": true,
    "has_downloads": true,
    "has_wiki": false,
    "has_pages": false,
    "has_discussions": false,
    "forks_count": 0,
    "mirror_url": null,
    "archived": false,
    "disabled": false,
    "open_issues_count": 0,
    "license": {
        "key": "apache-2.0",
        "name": "Apache License 2.0",
        "spdx_id": "Apache-2.0",
        "url": "https://api.github.com/licenses/apache-2.0",
        "node_id": "MDc6TGljZW5zZTI="
    },
    "allow_forking": true,
    "is_template": false,
    "web_commit_signoff_required": false,
    "topics": [],
    "visibility": "public",
    "forks": 0,
    "open_issues": 0,
    "watchers": 1,
    "default_branch": "dev",
    "permissions": {
        "admin": false,
        "maintain": false,
        "push": false,
        "triage": false,
        "pull": true
    },
    "temp_clone_token": "",
    "parent": {
        "id": 49876476,
        "node_id": "MDEwOlJlcG9zaXRvcnk0OTg3NjQ3Ng==",
        "name": "shardingsphere",
        "full_name": "apache/shardingsphere",
        "private": false,
        "owner": {
            "login": "apache",
            "id": 47359,
            "node_id": "MDEyOk9yZ2FuaXphdGlvbjQ3MzU5",
            "avatar_url": "https://avatars.githubusercontent.com/u/47359?v=4",
            "gravatar_id": "",
            "url": "https://api.github.com/users/apache",
            "html_url": "https://github.com/apache",
            "followers_url": "https://api.github.com/users/apache/followers",
            "following_url": "https://api.github.com/users/apache/following{/other_user}",
            "gists_url": "https://api.github.com/users/apache/gists{/gist_id}",
            "starred_url": "https://api.github.com/users/apache/starred{/owner}{/repo}",
            "subscriptions_url": "https://api.github.com/users/apache/subscriptions",
            "organizations_url": "https://api.github.com/users/apache/orgs",
            "repos_url": "https://api.github.com/users/apache/repos",
            "events_url": "https://api.github.com/users/apache/events{/privacy}",
            "received_events_url": "https://api.github.com/users/apache/received_events",
            "type": "Organization",
            "site_admin": false
        },
        "html_url": "https://github.com/apache/shardingsphere",
        "description": "Distributed SQL transaction & query engine for data sharding, scaling, encryption, and more - on any database.",
        "fork": false,
        "url": "https://api.github.com/repos/apache/shardingsphere",
        "forks_url": "https://api.github.com/repos/apache/shardingsphere/forks",
        "keys_url": "https://api.github.com/repos/apache/shardingsphere/keys{/key_id}",
        "collaborators_url": "https://api.github.com/repos/apache/shardingsphere/collaborators{/collaborator}",
        "teams_url": "https://api.github.com/repos/apache/shardingsphere/teams",
        "hooks_url": "https://api.github.com/repos/apache/shardingsphere/hooks",
        "issue_events_url": "https://api.github.com/repos/apache/shardingsphere/issues/events{/number}",
        "events_url": "https://api.github.com/repos/apache/shardingsphere/events",
        "assignees_url": "https://api.github.com/repos/apache/shardingsphere/assignees{/user}",
        "branches_url": "https://api.github.com/repos/apache/shardingsphere/branches{/branch}",
        "tags_url": "https://api.github.com/repos/apache/shardingsphere/tags",
        "blobs_url": "https://api.github.com/repos/apache/shardingsphere/git/blobs{/sha}",
        "git_tags_url": "https://api.github.com/repos/apache/shardingsphere/git/tags{/sha}",
        "git_refs_url": "https://api.github.com/repos/apache/shardingsphere/git/refs{/sha}",
        "trees_url": "https://api.github.com/repos/apache/shardingsphere/git/trees{/sha}",
        "statuses_url": "https://api.github.com/repos/apache/shardingsphere/statuses/{sha}",
        "languages_url": "https://api.github.com/repos/apache/shardingsphere/languages",
        "stargazers_url": "https://api.github.com/repos/apache/shardingsphere/stargazers",
        "contributors_url": "https://api.github.com/repos/apache/shardingsphere/contributors",
        "subscribers_url": "https://api.github.com/repos/apache/shardingsphere/subscribers",
        "subscription_url": "https://api.github.com/repos/apache/shardingsphere/subscription",
        "commits_url": "https://api.github.com/repos/apache/shardingsphere/commits{/sha}",
        "git_commits_url": "https://api.github.com/repos/apache/shardingsphere/git/commits{/sha}",
        "comments_url": "https://api.github.com/repos/apache/shardingsphere/comments{/number}",
        "issue_comment_url": "https://api.github.com/repos/apache/shardingsphere/issues/comments{/number}",
        "contents_url": "https://api.github.com/repos/apache/shardingsphere/contents/{+path}",
        "compare_url": "https://api.github.com/repos/apache/shardingsphere/compare/{base}...{head}",
        "merges_url": "https://api.github.com/repos/apache/shardingsphere/merges",
        "archive_url": "https://api.github.com/repos/apache/shardingsphere/{archive_format}{/ref}",
        "downloads_url": "https://api.github.com/repos/apache/shardingsphere/downloads",
        "issues_url": "https://api.github.com/repos/apache/shardingsphere/issues{/number}",
        "pulls_url": "https://api.github.com/repos/apache/shardingsphere/pulls{/number}",
        "milestones_url": "https://api.github.com/repos/apache/shardingsphere/milestones{/number}",
        "notifications_url": "https://api.github.com/repos/apache/shardingsphere/notifications{?since,all,participating}",
        "labels_url": "https://api.github.com/repos/apache/shardingsphere/labels{/name}",
        "releases_url": "https://api.github.com/repos/apache/shardingsphere/releases{/id}",
        "deployments_url": "https://api.github.com/repos/apache/shardingsphere/deployments",
        "created_at": "2016-01-18T12:49:26Z",
        "updated_at": "2024-04-30T01:24:26Z",
        "pushed_at": "2024-04-30T00:55:28Z",
        "git_url": "git://github.com/apache/shardingsphere.git",
        "ssh_url": "git@github.com:apache/shardingsphere.git",
        "clone_url": "https://github.com/apache/shardingsphere.git",
        "svn_url": "https://github.com/apache/shardingsphere",
        "homepage": "",
        "size": 634932,
        "stargazers_count": 19448,
        "watchers_count": 19448,
        "language": "Java",
        "has_issues": true,
        "has_projects": true,
        "has_downloads": true,
        "has_wiki": true,
        "has_pages": false,
        "has_discussions": true,
        "forks_count": 6603,
        "mirror_url": null,
        "archived": false,
        "disabled": false,
        "open_issues_count": 987,
        "license": {
            "key": "apache-2.0",
            "name": "Apache License 2.0",
            "spdx_id": "Apache-2.0",
            "url": "https://api.github.com/licenses/apache-2.0",
            "node_id": "MDc6TGljZW5zZTI="
        },
        "allow_forking": true,
        "is_template": false,
        "web_commit_signoff_required": false,
        "topics": [
            "bigdata",
            "database",
            "database-cluster",
            "database-plus",
            "dba",
            "distributed-database",
            "distributed-sql-database",
            "distributed-transactions",
            "encrypt",
            "hacktoberfest",
            "mysql",
            "oltp",
            "postgresql",
            "rdbms",
            "shard",
            "sql"
        ],
        "visibility": "public",
        "forks": 6603,
        "open_issues": 987,
        "watchers": 19448,
        "default_branch": "master"
    },
    "source": {
        "id": 49876476,
        "node_id": "MDEwOlJlcG9zaXRvcnk0OTg3NjQ3Ng==",
        "name": "shardingsphere",
        "full_name": "apache/shardingsphere",
        "private": false,
        "owner": {
            "login": "apache",
            "id": 47359,
            "node_id": "MDEyOk9yZ2FuaXphdGlvbjQ3MzU5",
            "avatar_url": "https://avatars.githubusercontent.com/u/47359?v=4",
            "gravatar_id": "",
            "url": "https://api.github.com/users/apache",
            "html_url": "https://github.com/apache",
            "followers_url": "https://api.github.com/users/apache/followers",
            "following_url": "https://api.github.com/users/apache/following{/other_user}",
            "gists_url": "https://api.github.com/users/apache/gists{/gist_id}",
            "starred_url": "https://api.github.com/users/apache/starred{/owner}{/repo}",
            "subscriptions_url": "https://api.github.com/users/apache/subscriptions",
            "organizations_url": "https://api.github.com/users/apache/orgs",
            "repos_url": "https://api.github.com/users/apache/repos",
            "events_url": "https://api.github.com/users/apache/events{/privacy}",
            "received_events_url": "https://api.github.com/users/apache/received_events",
            "type": "Organization",
            "site_admin": false
        },
        "html_url": "https://github.com/apache/shardingsphere",
        "description": "Distributed SQL transaction & query engine for data sharding, scaling, encryption, and more - on any database.",
        "fork": false,
        "url": "https://api.github.com/repos/apache/shardingsphere",
        "forks_url": "https://api.github.com/repos/apache/shardingsphere/forks",
        "keys_url": "https://api.github.com/repos/apache/shardingsphere/keys{/key_id}",
        "collaborators_url": "https://api.github.com/repos/apache/shardingsphere/collaborators{/collaborator}",
        "teams_url": "https://api.github.com/repos/apache/shardingsphere/teams",
        "hooks_url": "https://api.github.com/repos/apache/shardingsphere/hooks",
        "issue_events_url": "https://api.github.com/repos/apache/shardingsphere/issues/events{/number}",
        "events_url": "https://api.github.com/repos/apache/shardingsphere/events",
        "assignees_url": "https://api.github.com/repos/apache/shardingsphere/assignees{/user}",
        "branches_url": "https://api.github.com/repos/apache/shardingsphere/branches{/branch}",
        "tags_url": "https://api.github.com/repos/apache/shardingsphere/tags",
        "blobs_url": "https://api.github.com/repos/apache/shardingsphere/git/blobs{/sha}",
        "git_tags_url": "https://api.github.com/repos/apache/shardingsphere/git/tags{/sha}",
        "git_refs_url": "https://api.github.com/repos/apache/shardingsphere/git/refs{/sha}",
        "trees_url": "https://api.github.com/repos/apache/shardingsphere/git/trees{/sha}",
        "statuses_url": "https://api.github.com/repos/apache/shardingsphere/statuses/{sha}",
        "languages_url": "https://api.github.com/repos/apache/shardingsphere/languages",
        "stargazers_url": "https://api.github.com/repos/apache/shardingsphere/stargazers",
        "contributors_url": "https://api.github.com/repos/apache/shardingsphere/contributors",
        "subscribers_url": "https://api.github.com/repos/apache/shardingsphere/subscribers",
        "subscription_url": "https://api.github.com/repos/apache/shardingsphere/subscription",
        "commits_url": "https://api.github.com/repos/apache/shardingsphere/commits{/sha}",
        "git_commits_url": "https://api.github.com/repos/apache/shardingsphere/git/commits{/sha}",
        "comments_url": "https://api.github.com/repos/apache/shardingsphere/comments{/number}",
        "issue_comment_url": "https://api.github.com/repos/apache/shardingsphere/issues/comments{/number}",
        "contents_url": "https://api.github.com/repos/apache/shardingsphere/contents/{+path}",
        "compare_url": "https://api.github.com/repos/apache/shardingsphere/compare/{base}...{head}",
        "merges_url": "https://api.github.com/repos/apache/shardingsphere/merges",
        "archive_url": "https://api.github.com/repos/apache/shardingsphere/{archive_format}{/ref}",
        "downloads_url": "https://api.github.com/repos/apache/shardingsphere/downloads",
        "issues_url": "https://api.github.com/repos/apache/shardingsphere/issues{/number}",
        "pulls_url": "https://api.github.com/repos/apache/shardingsphere/pulls{/number}",
        "milestones_url": "https://api.github.com/repos/apache/shardingsphere/milestones{/number}",
        "notifications_url": "https://api.github.com/repos/apache/shardingsphere/notifications{?since,all,participating}",
        "labels_url": "https://api.github.com/repos/apache/shardingsphere/labels{/name}",
        "releases_url": "https://api.github.com/repos/apache/shardingsphere/releases{/id}",
        "deployments_url": "https://api.github.com/repos/apache/shardingsphere/deployments",
        "created_at": "2016-01-18T12:49:26Z",
        "updated_at": "2024-04-30T01:24:26Z",
        "pushed_at": "2024-04-30T00:55:28Z",
        "git_url": "git://github.com/apache/shardingsphere.git",
        "ssh_url": "git@github.com:apache/shardingsphere.git",
        "clone_url": "https://github.com/apache/shardingsphere.git",
        "svn_url": "https://github.com/apache/shardingsphere",
        "homepage": "",
        "size": 634932,
        "stargazers_count": 19448,
        "watchers_count": 19448,
        "language": "Java",
        "has_issues": true,
        "has_projects": true,
        "has_downloads": true,
        "has_wiki": true,
        "has_pages": false,
        "has_discussions": true,
        "forks_count": 6603,
        "mirror_url": null,
        "archived": false,
        "disabled": false,
        "open_issues_count": 987,
        "license": {
            "key": "apache-2.0",
            "name": "Apache License 2.0",
            "spdx_id": "Apache-2.0",
            "url": "https://api.github.com/licenses/apache-2.0",
            "node_id": "MDc6TGljZW5zZTI="
        },
        "allow_forking": true,
        "is_template": false,
        "web_commit_signoff_required": false,
        "topics": [
            "bigdata",
            "database",
            "database-cluster",
            "database-plus",
            "dba",
            "distributed-database",
            "distributed-sql-database",
            "distributed-transactions",
            "encrypt",
            "hacktoberfest",
            "mysql",
            "oltp",
            "postgresql",
            "rdbms",
            "shard",
            "sql"
        ],
        "visibility": "public",
        "forks": 6603,
        "open_issues": 987,
        "watchers": 19448,
        "default_branch": "master"
    },
    "network_count": 6603,
    "subscribers_count": 1
}