{
    "id": 8824082,
    "node_id": "MDEwOlJlcG9zaXRvcnk4ODI0MDgy",
    "name": "alfresco-mvc",
    "full_name": "dgradecak/alfresco-mvc",
    "private": false,
    "owner": {
        "login": "dgradecak",
        "id": 2316782,
        "node_id": "MDQ6VXNlcjIzMTY3ODI=",
        "avatar_url": "https://avatars.githubusercontent.com/u/2316782?v=4",
        "gravatar_id": "",
        "url": "https://api.github.com/users/dgradecak",
        "html_url": "https://github.com/dgradecak",
        "followers_url": "https://api.github.com/users/dgradecak/followers",
        "following_url": "https://api.github.com/users/dgradecak/following{/other_user}",
        "gists_url": "https://api.github.com/users/dgradecak/gists{/gist_id}",
        "starred_url": "https://api.github.com/users/dgradecak/starred{/owner}{/repo}",
        "subscriptions_url": "https://api.github.com/users/dgradecak/subscriptions",
        "organizations_url": "https://api.github.com/users/dgradecak/orgs",
        "repos_url": "https://api.github.com/users/dgradecak/repos",
        "events_url": "https://api.github.com/users/dgradecak/events{/privacy}",
        "received_events_url": "https://api.github.com/users/dgradecak/received_events",
        "type": "User",
        "site_admin": false
    },
    "html_url": "https://github.com/dgradecak/alfresco-mvc",
    "description": "Glue between SpringMVC @Controllers and Alfresco",
    "fork": false,
    "url": "https://api.github.com/repos/dgradecak/alfresco-mvc",
    "forks_url": "https://api.github.com/repos/dgradecak/alfresco-mvc/forks",
    "keys_url": "https://api.github.com/repos/dgradecak/alfresco-mvc/keys{/key_id}",
    "collaborators_url": "https://api.github.com/repos/dgradecak/alfresco-mvc/collaborators{/collaborator}",
    "teams_url": "https://api.github.com/repos/dgradecak/alfresco-mvc/teams",
    "hooks_url": "https://api.github.com/repos/dgradecak/alfresco-mvc/hooks",
    "issue_events_url": "https://api.github.com/repos/dgradecak/alfresco-mvc/issues/events{/number}",
    "events_url": "https://api.github.com/repos/dgradecak/alfresco-mvc/events",
    "assignees_url": "https://api.github.com/repos/dgradecak/alfresco-mvc/assignees{/user}",
    "branches_url": "https://api.github.com/repos/dgradecak/alfresco-mvc/branches{/branch}",
    "tags_url": "https://api.github.com/repos/dgradecak/alfresco-mvc/tags",
    "blobs_url": "https://api.github.com/repos/dgradecak/alfresco-mvc/git/blobs{/sha}",
    "git_tags_url": "https://api.github.com/repos/dgradecak/alfresco-mvc/git/tags{/sha}",
    "git_refs_url": "https://api.github.com/repos/dgradecak/alfresco-mvc/git/refs{/sha}",
    "trees_url": "https://api.github.com/repos/dgradecak/alfresco-mvc/git/trees{/sha}",
    "statuses_url": "https://api.github.com/repos/dgradecak/alfresco-mvc/statuses/{sha}",
    "languages_url": "https://api.github.com/repos/dgradecak/alfresco-mvc/languages",
    "stargazers_url": "https://api.github.com/repos/dgradecak/alfresco-mvc/stargazers",
    "contributors_url": "https://api.github.com/repos/dgradecak/alfresco-mvc/contributors",
    "subscribers_url": "https://api.github.com/repos/dgradecak/alfresco-mvc/subscribers",
    "subscription_url": "https://api.github.com/repos/dgradecak/alfresco-mvc/subscription",
    "commits_url": "https://api.github.com/repos/dgradecak/alfresco-mvc/commits{/sha}",
    "git_commits_url": "https://api.github.com/repos/dgradecak/alfresco-mvc/git/commits{/sha}",
    "comments_url": "https://api.github.com/repos/dgradecak/alfresco-mvc/comments{/number}",
    "issue_comment_url": "https://api.github.com/repos/dgradecak/alfresco-mvc/issues/comments{/number}",
    "contents_url": "https://api.github.com/repos/dgradecak/alfresco-mvc/contents/{+path}",
    "compare_url": "https://api.github.com/repos/dgradecak/alfresco-mvc/compare/{base}...{head}",
    "merges_url": "https://api.github.com/repos/dgradecak/alfresco-mvc/merges",
    "archive_url": "https://api.github.com/repos/dgradecak/alfresco-mvc/{archive_format}{/ref}",
    "downloads_url": "https://api.github.com/repos/dgradecak/alfresco-mvc/downloads",
    "issues_url": "https://api.github.com/repos/dgradecak/alfresco-mvc/issues{/number}",
    "pulls_url": "https://api.github.com/repos/dgradecak/alfresco-mvc/pulls{/number}",
    "milestones_url": "https://api.github.com/repos/dgradecak/alfresco-mvc/milestones{/number}",
    "notifications_url": "https://api.github.com/repos/dgradecak/alfresco-mvc/notifications{?since,all,participating}",
    "labels_url": "https://api.github.com/repos/dgradecak/alfresco-mvc/labels{/name}",
    "releases_url": "https://api.github.com/repos/dgradecak/alfresco-mvc/releases{/id}",
    "deployments_url": "https://api.github.com/repos/dgradecak/alfresco-mvc/deployments",
    "created_at": "2013-03-16T19:15:58Z",
    "updated_at": "2022-11-05T16:29:49Z",
    "pushed_at": "2023-11-30T19:55:00Z",
    "git_url": "git://github.com/dgradecak/alfresco-mvc.git",
    "ssh_url": "git@github.com:dgradecak/alfresco-mvc.git",
    "clone_url": "https://github.com/dgradecak/alfresco-mvc.git",
    "svn_url": "https://github.com/dgradecak/alfresco-mvc",
    "homepage": "",
    "size": 619,
    "stargazers_count": 22,
    "watchers_count": 22,
    "language": "Java",
    "has_issues": true,
    "has_projects": true,
    "has_downloads": true,
    "has_wiki": true,
    "has_pages": false,
    "has_discussions": false,
    "forks_count": 9,
    "mirror_url": null,
    "archived": false,
    "disabled": false,
    "open_issues_count": 5,
    "license": {
        "key": "apache-2.0",
        "name": "Apache License 2.0",
        "spdx_id": "Apache-2.0",
        "url": "https://api.github.com/licenses/apache-2.0",
        "node_id": "MDc6TGljZW5zZTI="
    },
    "allow_forking": true,
    "is_template": false,
    "web_commit_signoff_required": false,
    "topics": [
        "alfresco",
        "alfresco-mvc",
        "amp",
        "annotations",
        "content-management",
        "content-management-system",
        "spring",
        "spring-mvc",
        "springmvc",
        "webscript"
    ],
    "visibility": "public",
    "forks": 9,
    "open_issues": 5,
    "watchers": 22,
    "default_branch": "master",
    "permissions": {
        "admin": false,
        "maintain": false,
        "push": false,
        "triage": false,
        "pull": true
    },
    "temp_clone_token": "",
    "network_count": 9,
    "subscribers_count": 8
}