{
    "id": 153697515,
    "node_id": "MDEwOlJlcG9zaXRvcnkxNTM2OTc1MTU=",
    "name": "projetos-diversos",
    "full_name": "ftsuda-senac/projetos-diversos",
    "private": false,
    "owner": {
        "login": "ftsuda-senac",
        "id": 25780835,
        "node_id": "MDQ6VXNlcjI1NzgwODM1",
        "avatar_url": "https://avatars.githubusercontent.com/u/25780835?v=4",
        "gravatar_id": "",
        "url": "https://api.github.com/users/ftsuda-senac",
        "html_url": "https://github.com/ftsuda-senac",
        "followers_url": "https://api.github.com/users/ftsuda-senac/followers",
        "following_url": "https://api.github.com/users/ftsuda-senac/following{/other_user}",
        "gists_url": "https://api.github.com/users/ftsuda-senac/gists{/gist_id}",
        "starred_url": "https://api.github.com/users/ftsuda-senac/starred{/owner}{/repo}",
        "subscriptions_url": "https://api.github.com/users/ftsuda-senac/subscriptions",
        "organizations_url": "https://api.github.com/users/ftsuda-senac/orgs",
        "repos_url": "https://api.github.com/users/ftsuda-senac/repos",
        "events_url": "https://api.github.com/users/ftsuda-senac/events{/privacy}",
        "received_events_url": "https://api.github.com/users/ftsuda-senac/received_events",
        "type": "User",
        "site_admin": false
    },
    "html_url": "https://github.com/ftsuda-senac/projetos-diversos",
    "description": "Projetos diversos",
    "fork": false,
    "url": "https://api.github.com/repos/ftsuda-senac/projetos-diversos",
    "forks_url": "https://api.github.com/repos/ftsuda-senac/projetos-diversos/forks",
    "keys_url": "https://api.github.com/repos/ftsuda-senac/projetos-diversos/keys{/key_id}",
    "collaborators_url": "https://api.github.com/repos/ftsuda-senac/projetos-diversos/collaborators{/collaborator}",
    "teams_url": "https://api.github.com/repos/ftsuda-senac/projetos-diversos/teams",
    "hooks_url": "https://api.github.com/repos/ftsuda-senac/projetos-diversos/hooks",
    "issue_events_url": "https://api.github.com/repos/ftsuda-senac/projetos-diversos/issues/events{/number}",
    "events_url": "https://api.github.com/repos/ftsuda-senac/projetos-diversos/events",
    "assignees_url": "https://api.github.com/repos/ftsuda-senac/projetos-diversos/assignees{/user}",
    "branches_url": "https://api.github.com/repos/ftsuda-senac/projetos-diversos/branches{/branch}",
    "tags_url": "https://api.github.com/repos/ftsuda-senac/projetos-diversos/tags",
    "blobs_url": "https://api.github.com/repos/ftsuda-senac/projetos-diversos/git/blobs{/sha}",
    "git_tags_url": "https://api.github.com/repos/ftsuda-senac/projetos-diversos/git/tags{/sha}",
    "git_refs_url": "https://api.github.com/repos/ftsuda-senac/projetos-diversos/git/refs{/sha}",
    "trees_url": "https://api.github.com/repos/ftsuda-senac/projetos-diversos/git/trees{/sha}",
    "statuses_url": "https://api.github.com/repos/ftsuda-senac/projetos-diversos/statuses/{sha}",
    "languages_url": "https://api.github.com/repos/ftsuda-senac/projetos-diversos/languages",
    "stargazers_url": "https://api.github.com/repos/ftsuda-senac/projetos-diversos/stargazers",
    "contributors_url": "https://api.github.com/repos/ftsuda-senac/projetos-diversos/contributors",
    "subscribers_url": "https://api.github.com/repos/ftsuda-senac/projetos-diversos/subscribers",
    "subscription_url": "https://api.github.com/repos/ftsuda-senac/projetos-diversos/subscription",
    "commits_url": "https://api.github.com/repos/ftsuda-senac/projetos-diversos/commits{/sha}",
    "git_commits_url": "https://api.github.com/repos/ftsuda-senac/projetos-diversos/git/commits{/sha}",
    "comments_url": "https://api.github.com/repos/ftsuda-senac/projetos-diversos/comments{/number}",
    "issue_comment_url": "https://api.github.com/repos/ftsuda-senac/projetos-diversos/issues/comments{/number}",
    "contents_url": "https://api.github.com/repos/ftsuda-senac/projetos-diversos/contents/{+path}",
    "compare_url": "https://api.github.com/repos/ftsuda-senac/projetos-diversos/compare/{base}...{head}",
    "merges_url": "https://api.github.com/repos/ftsuda-senac/projetos-diversos/merges",
    "archive_url": "https://api.github.com/repos/ftsuda-senac/projetos-diversos/{archive_format}{/ref}",
    "downloads_url": "https://api.github.com/repos/ftsuda-senac/projetos-diversos/downloads",
    "issues_url": "https://api.github.com/repos/ftsuda-senac/projetos-diversos/issues{/number}",
    "pulls_url": "https://api.github.com/repos/ftsuda-senac/projetos-diversos/pulls{/number}",
    "milestones_url": "https://api.github.com/repos/ftsuda-senac/projetos-diversos/milestones{/number}",
    "notifications_url": "https://api.github.com/repos/ftsuda-senac/projetos-diversos/notifications{?since,all,participating}",
    "labels_url": "https://api.github.com/repos/ftsuda-senac/projetos-diversos/labels{/name}",
    "releases_url": "https://api.github.com/repos/ftsuda-senac/projetos-diversos/releases{/id}",
    "deployments_url": "https://api.github.com/repos/ftsuda-senac/projetos-diversos/deployments",
    "created_at": "2018-10-18T22:58:43Z",
    "updated_at": "2021-11-10T12:28:51Z",
    "pushed_at": "2023-12-04T12:24:40Z",
    "git_url": "git://github.com/ftsuda-senac/projetos-diversos.git",
    "ssh_url": "git@github.com:ftsuda-senac/projetos-diversos.git",
    "clone_url": "https://github.com/ftsuda-senac/projetos-diversos.git",
    "svn_url": "https://github.com/ftsuda-senac/projetos-diversos",
    "homepage": null,
    "size": 21363,
    "stargazers_count": 0,
    "watchers_count": 0,
    "language": "Java",
    "has_issues": true,
    "has_projects": true,
    "has_downloads": true,
    "has_wiki": true,
    "has_pages": false,
    "has_discussions": false,
    "forks_count": 0,
    "mirror_url": null,
    "archived": false,
    "disabled": false,
    "open_issues_count": 37,
    "license": {
        "key": "mit",
        "name": "MIT License",
        "spdx_id": "MIT",
        "url": "https://api.github.com/licenses/mit",
        "node_id": "MDc6TGljZW5zZTEz"
    },
    "allow_forking": true,
    "is_template": false,
    "web_commit_signoff_required": false,
    "topics": [],
    "visibility": "public",
    "forks": 0,
    "open_issues": 37,
    "watchers": 0,
    "default_branch": "master",
    "permissions": {
        "admin": false,
        "maintain": false,
        "push": false,
        "triage": false,
        "pull": true
    },
    "temp_clone_token": "",
    "network_count": 0,
    "subscribers_count": 1
}