{
    "id": 188299112,
    "node_id": "MDEwOlJlcG9zaXRvcnkxODgyOTkxMTI=",
    "name": "eventuate-messaging-kafka",
    "full_name": "eventuate-foundation/eventuate-messaging-kafka",
    "private": false,
    "owner": {
        "login": "eventuate-foundation",
        "id": 51498134,
        "node_id": "MDEyOk9yZ2FuaXphdGlvbjUxNDk4MTM0",
        "avatar_url": "https://avatars.githubusercontent.com/u/51498134?v=4",
        "gravatar_id": "",
        "url": "https://api.github.com/users/eventuate-foundation",
        "html_url": "https://github.com/eventuate-foundation",
        "followers_url": "https://api.github.com/users/eventuate-foundation/followers",
        "following_url": "https://api.github.com/users/eventuate-foundation/following{/other_user}",
        "gists_url": "https://api.github.com/users/eventuate-foundation/gists{/gist_id}",
        "starred_url": "https://api.github.com/users/eventuate-foundation/starred{/owner}{/repo}",
        "subscriptions_url": "https://api.github.com/users/eventuate-foundation/subscriptions",
        "organizations_url": "https://api.github.com/users/eventuate-foundation/orgs",
        "repos_url": "https://api.github.com/users/eventuate-foundation/repos",
        "events_url": "https://api.github.com/users/eventuate-foundation/events{/privacy}",
        "received_events_url": "https://api.github.com/users/eventuate-foundation/received_events",
        "type": "Organization",
        "site_admin": false
    },
    "html_url": "https://github.com/eventuate-foundation/eventuate-messaging-kafka",
    "description": null,
    "fork": false,
    "url": "https://api.github.com/repos/eventuate-foundation/eventuate-messaging-kafka",
    "forks_url": "https://api.github.com/repos/eventuate-foundation/eventuate-messaging-kafka/forks",
    "keys_url": "https://api.github.com/repos/eventuate-foundation/eventuate-messaging-kafka/keys{/key_id}",
    "collaborators_url": "https://api.github.com/repos/eventuate-foundation/eventuate-messaging-kafka/collaborators{/collaborator}",
    "teams_url": "https://api.github.com/repos/eventuate-foundation/eventuate-messaging-kafka/teams",
    "hooks_url": "https://api.github.com/repos/eventuate-foundation/eventuate-messaging-kafka/hooks",
    "issue_events_url": "https://api.github.com/repos/eventuate-foundation/eventuate-messaging-kafka/issues/events{/number}",
    "events_url": "https://api.github.com/repos/eventuate-foundation/eventuate-messaging-kafka/events",
    "assignees_url": "https://api.github.com/repos/eventuate-foundation/eventuate-messaging-kafka/assignees{/user}",
    "branches_url": "https://api.github.com/repos/eventuate-foundation/eventuate-messaging-kafka/branches{/branch}",
    "tags_url": "https://api.github.com/repos/eventuate-foundation/eventuate-messaging-kafka/tags",
    "blobs_url": "https://api.github.com/repos/eventuate-foundation/eventuate-messaging-kafka/git/blobs{/sha}",
    "git_tags_url": "https://api.github.com/repos/eventuate-foundation/eventuate-messaging-kafka/git/tags{/sha}",
    "git_refs_url": "https://api.github.com/repos/eventuate-foundation/eventuate-messaging-kafka/git/refs{/sha}",
    "trees_url": "https://api.github.com/repos/eventuate-foundation/eventuate-messaging-kafka/git/trees{/sha}",
    "statuses_url": "https://api.github.com/repos/eventuate-foundation/eventuate-messaging-kafka/statuses/{sha}",
    "languages_url": "https://api.github.com/repos/eventuate-foundation/eventuate-messaging-kafka/languages",
    "stargazers_url": "https://api.github.com/repos/eventuate-foundation/eventuate-messaging-kafka/stargazers",
    "contributors_url": "https://api.github.com/repos/eventuate-foundation/eventuate-messaging-kafka/contributors",
    "subscribers_url": "https://api.github.com/repos/eventuate-foundation/eventuate-messaging-kafka/subscribers",
    "subscription_url": "https://api.github.com/repos/eventuate-foundation/eventuate-messaging-kafka/subscription",
    "commits_url": "https://api.github.com/repos/eventuate-foundation/eventuate-messaging-kafka/commits{/sha}",
    "git_commits_url": "https://api.github.com/repos/eventuate-foundation/eventuate-messaging-kafka/git/commits{/sha}",
    "comments_url": "https://api.github.com/repos/eventuate-foundation/eventuate-messaging-kafka/comments{/number}",
    "issue_comment_url": "https://api.github.com/repos/eventuate-foundation/eventuate-messaging-kafka/issues/comments{/number}",
    "contents_url": "https://api.github.com/repos/eventuate-foundation/eventuate-messaging-kafka/contents/{+path}",
    "compare_url": "https://api.github.com/repos/eventuate-foundation/eventuate-messaging-kafka/compare/{base}...{head}",
    "merges_url": "https://api.github.com/repos/eventuate-foundation/eventuate-messaging-kafka/merges",
    "archive_url": "https://api.github.com/repos/eventuate-foundation/eventuate-messaging-kafka/{archive_format}{/ref}",
    "downloads_url": "https://api.github.com/repos/eventuate-foundation/eventuate-messaging-kafka/downloads",
    "issues_url": "https://api.github.com/repos/eventuate-foundation/eventuate-messaging-kafka/issues{/number}",
    "pulls_url": "https://api.github.com/repos/eventuate-foundation/eventuate-messaging-kafka/pulls{/number}",
    "milestones_url": "https://api.github.com/repos/eventuate-foundation/eventuate-messaging-kafka/milestones{/number}",
    "notifications_url": "https://api.github.com/repos/eventuate-foundation/eventuate-messaging-kafka/notifications{?since,all,participating}",
    "labels_url": "https://api.github.com/repos/eventuate-foundation/eventuate-messaging-kafka/labels{/name}",
    "releases_url": "https://api.github.com/repos/eventuate-foundation/eventuate-messaging-kafka/releases{/id}",
    "deployments_url": "https://api.github.com/repos/eventuate-foundation/eventuate-messaging-kafka/deployments",
    "created_at": "2019-05-23T20:06:30Z",
    "updated_at": "2023-05-03T10:25:02Z",
    "pushed_at": "2023-12-13T01:54:18Z",
    "git_url": "git://github.com/eventuate-foundation/eventuate-messaging-kafka.git",
    "ssh_url": "git@github.com:eventuate-foundation/eventuate-messaging-kafka.git",
    "clone_url": "https://github.com/eventuate-foundation/eventuate-messaging-kafka.git",
    "svn_url": "https://github.com/eventuate-foundation/eventuate-messaging-kafka",
    "homepage": null,
    "size": 390,
    "stargazers_count": 12,
    "watchers_count": 12,
    "language": "Java",
    "has_issues": true,
    "has_projects": true,
    "has_downloads": true,
    "has_wiki": true,
    "has_pages": false,
    "has_discussions": false,
    "forks_count": 11,
    "mirror_url": null,
    "archived": false,
    "disabled": false,
    "open_issues_count": 28,
    "license": {
        "key": "other",
        "name": "Other",
        "spdx_id": "NOASSERTION",
        "url": null,
        "node_id": "MDc6TGljZW5zZTA="
    },
    "allow_forking": true,
    "is_template": false,
    "web_commit_signoff_required": false,
    "topics": [],
    "visibility": "public",
    "forks": 11,
    "open_issues": 28,
    "watchers": 12,
    "default_branch": "master",
    "permissions": {
        "admin": false,
        "maintain": false,
        "push": false,
        "triage": false,
        "pull": true
    },
    "temp_clone_token": "",
    "custom_properties": {},
    "organization": {
        "login": "eventuate-foundation",
        "id": 51498134,
        "node_id": "MDEyOk9yZ2FuaXphdGlvbjUxNDk4MTM0",
        "avatar_url": "https://avatars.githubusercontent.com/u/51498134?v=4",
        "gravatar_id": "",
        "url": "https://api.github.com/users/eventuate-foundation",
        "html_url": "https://github.com/eventuate-foundation",
        "followers_url": "https://api.github.com/users/eventuate-foundation/followers",
        "following_url": "https://api.github.com/users/eventuate-foundation/following{/other_user}",
        "gists_url": "https://api.github.com/users/eventuate-foundation/gists{/gist_id}",
        "starred_url": "https://api.github.com/users/eventuate-foundation/starred{/owner}{/repo}",
        "subscriptions_url": "https://api.github.com/users/eventuate-foundation/subscriptions",
        "organizations_url": "https://api.github.com/users/eventuate-foundation/orgs",
        "repos_url": "https://api.github.com/users/eventuate-foundation/repos",
        "events_url": "https://api.github.com/users/eventuate-foundation/events{/privacy}",
        "received_events_url": "https://api.github.com/users/eventuate-foundation/received_events",
        "type": "Organization",
        "site_admin": false
    },
    "network_count": 11,
    "subscribers_count": 6
}