{
    "id": 170538008,
    "node_id": "MDEwOlJlcG9zaXRvcnkxNzA1MzgwMDg=",
    "name": "wisdom",
    "full_name": "ubidreams/wisdom",
    "private": false,
    "owner": {
        "login": "ubidreams",
        "id": 705368,
        "node_id": "MDEyOk9yZ2FuaXphdGlvbjcwNTM2OA==",
        "avatar_url": "https://avatars.githubusercontent.com/u/705368?v=4",
        "gravatar_id": "",
        "url": "https://api.github.com/users/ubidreams",
        "html_url": "https://github.com/ubidreams",
        "followers_url": "https://api.github.com/users/ubidreams/followers",
        "following_url": "https://api.github.com/users/ubidreams/following{/other_user}",
        "gists_url": "https://api.github.com/users/ubidreams/gists{/gist_id}",
        "starred_url": "https://api.github.com/users/ubidreams/starred{/owner}{/repo}",
        "subscriptions_url": "https://api.github.com/users/ubidreams/subscriptions",
        "organizations_url": "https://api.github.com/users/ubidreams/orgs",
        "repos_url": "https://api.github.com/users/ubidreams/repos",
        "events_url": "https://api.github.com/users/ubidreams/events{/privacy}",
        "received_events_url": "https://api.github.com/users/ubidreams/received_events",
        "type": "Organization",
        "site_admin": false
    },
    "html_url": "https://github.com/ubidreams/wisdom",
    "description": "A modular and dynamic web framework",
    "fork": true,
    "url": "https://api.github.com/repos/ubidreams/wisdom",
    "forks_url": "https://api.github.com/repos/ubidreams/wisdom/forks",
    "keys_url": "https://api.github.com/repos/ubidreams/wisdom/keys{/key_id}",
    "collaborators_url": "https://api.github.com/repos/ubidreams/wisdom/collaborators{/collaborator}",
    "teams_url": "https://api.github.com/repos/ubidreams/wisdom/teams",
    "hooks_url": "https://api.github.com/repos/ubidreams/wisdom/hooks",
    "issue_events_url": "https://api.github.com/repos/ubidreams/wisdom/issues/events{/number}",
    "events_url": "https://api.github.com/repos/ubidreams/wisdom/events",
    "assignees_url": "https://api.github.com/repos/ubidreams/wisdom/assignees{/user}",
    "branches_url": "https://api.github.com/repos/ubidreams/wisdom/branches{/branch}",
    "tags_url": "https://api.github.com/repos/ubidreams/wisdom/tags",
    "blobs_url": "https://api.github.com/repos/ubidreams/wisdom/git/blobs{/sha}",
    "git_tags_url": "https://api.github.com/repos/ubidreams/wisdom/git/tags{/sha}",
    "git_refs_url": "https://api.github.com/repos/ubidreams/wisdom/git/refs{/sha}",
    "trees_url": "https://api.github.com/repos/ubidreams/wisdom/git/trees{/sha}",
    "statuses_url": "https://api.github.com/repos/ubidreams/wisdom/statuses/{sha}",
    "languages_url": "https://api.github.com/repos/ubidreams/wisdom/languages",
    "stargazers_url": "https://api.github.com/repos/ubidreams/wisdom/stargazers",
    "contributors_url": "https://api.github.com/repos/ubidreams/wisdom/contributors",
    "subscribers_url": "https://api.github.com/repos/ubidreams/wisdom/subscribers",
    "subscription_url": "https://api.github.com/repos/ubidreams/wisdom/subscription",
    "commits_url": "https://api.github.com/repos/ubidreams/wisdom/commits{/sha}",
    "git_commits_url": "https://api.github.com/repos/ubidreams/wisdom/git/commits{/sha}",
    "comments_url": "https://api.github.com/repos/ubidreams/wisdom/comments{/number}",
    "issue_comment_url": "https://api.github.com/repos/ubidreams/wisdom/issues/comments{/number}",
    "contents_url": "https://api.github.com/repos/ubidreams/wisdom/contents/{+path}",
    "compare_url": "https://api.github.com/repos/ubidreams/wisdom/compare/{base}...{head}",
    "merges_url": "https://api.github.com/repos/ubidreams/wisdom/merges",
    "archive_url": "https://api.github.com/repos/ubidreams/wisdom/{archive_format}{/ref}",
    "downloads_url": "https://api.github.com/repos/ubidreams/wisdom/downloads",
    "issues_url": "https://api.github.com/repos/ubidreams/wisdom/issues{/number}",
    "pulls_url": "https://api.github.com/repos/ubidreams/wisdom/pulls{/number}",
    "milestones_url": "https://api.github.com/repos/ubidreams/wisdom/milestones{/number}",
    "notifications_url": "https://api.github.com/repos/ubidreams/wisdom/notifications{?since,all,participating}",
    "labels_url": "https://api.github.com/repos/ubidreams/wisdom/labels{/name}",
    "releases_url": "https://api.github.com/repos/ubidreams/wisdom/releases{/id}",
    "deployments_url": "https://api.github.com/repos/ubidreams/wisdom/deployments",
    "created_at": "2019-02-13T16:12:26Z",
    "updated_at": "2019-02-13T16:12:32Z",
    "pushed_at": "2019-02-14T10:23:33Z",
    "git_url": "git://github.com/ubidreams/wisdom.git",
    "ssh_url": "git@github.com:ubidreams/wisdom.git",
    "clone_url": "https://github.com/ubidreams/wisdom.git",
    "svn_url": "https://github.com/ubidreams/wisdom",
    "homepage": "http://wisdom-framework.org",
    "size": 37080,
    "stargazers_count": 0,
    "watchers_count": 0,
    "language": "Java",
    "has_issues": false,
    "has_projects": true,
    "has_downloads": true,
    "has_wiki": true,
    "has_pages": false,
    "has_discussions": false,
    "forks_count": 0,
    "mirror_url": null,
    "archived": false,
    "disabled": false,
    "open_issues_count": 0,
    "license": {
        "key": "apache-2.0",
        "name": "Apache License 2.0",
        "spdx_id": "Apache-2.0",
        "url": "https://api.github.com/licenses/apache-2.0",
        "node_id": "MDc6TGljZW5zZTI="
    },
    "allow_forking": true,
    "is_template": false,
    "web_commit_signoff_required": false,
    "topics": [],
    "visibility": "public",
    "forks": 0,
    "open_issues": 0,
    "watchers": 0,
    "default_branch": "master",
    "permissions": {
        "admin": false,
        "maintain": false,
        "push": false,
        "triage": false,
        "pull": true
    },
    "temp_clone_token": "",
    "custom_properties": {},
    "organization": {
        "login": "ubidreams",
        "id": 705368,
        "node_id": "MDEyOk9yZ2FuaXphdGlvbjcwNTM2OA==",
        "avatar_url": "https://avatars.githubusercontent.com/u/705368?v=4",
        "gravatar_id": "",
        "url": "https://api.github.com/users/ubidreams",
        "html_url": "https://github.com/ubidreams",
        "followers_url": "https://api.github.com/users/ubidreams/followers",
        "following_url": "https://api.github.com/users/ubidreams/following{/other_user}",
        "gists_url": "https://api.github.com/users/ubidreams/gists{/gist_id}",
        "starred_url": "https://api.github.com/users/ubidreams/starred{/owner}{/repo}",
        "subscriptions_url": "https://api.github.com/users/ubidreams/subscriptions",
        "organizations_url": "https://api.github.com/users/ubidreams/orgs",
        "repos_url": "https://api.github.com/users/ubidreams/repos",
        "events_url": "https://api.github.com/users/ubidreams/events{/privacy}",
        "received_events_url": "https://api.github.com/users/ubidreams/received_events",
        "type": "Organization",
        "site_admin": false
    },
    "parent": {
        "id": 14581444,
        "node_id": "MDEwOlJlcG9zaXRvcnkxNDU4MTQ0NA==",
        "name": "wisdom",
        "full_name": "wisdom-framework/wisdom",
        "private": false,
        "owner": {
            "login": "wisdom-framework",
            "id": 5980970,
            "node_id": "MDEyOk9yZ2FuaXphdGlvbjU5ODA5NzA=",
            "avatar_url": "https://avatars.githubusercontent.com/u/5980970?v=4",
            "gravatar_id": "",
            "url": "https://api.github.com/users/wisdom-framework",
            "html_url": "https://github.com/wisdom-framework",
            "followers_url": "https://api.github.com/users/wisdom-framework/followers",
            "following_url": "https://api.github.com/users/wisdom-framework/following{/other_user}",
            "gists_url": "https://api.github.com/users/wisdom-framework/gists{/gist_id}",
            "starred_url": "https://api.github.com/users/wisdom-framework/starred{/owner}{/repo}",
            "subscriptions_url": "https://api.github.com/users/wisdom-framework/subscriptions",
            "organizations_url": "https://api.github.com/users/wisdom-framework/orgs",
            "repos_url": "https://api.github.com/users/wisdom-framework/repos",
            "events_url": "https://api.github.com/users/wisdom-framework/events{/privacy}",
            "received_events_url": "https://api.github.com/users/wisdom-framework/received_events",
            "type": "Organization",
            "site_admin": false
        },
        "html_url": "https://github.com/wisdom-framework/wisdom",
        "description": "A modular and dynamic web framework",
        "fork": false,
        "url": "https://api.github.com/repos/wisdom-framework/wisdom",
        "forks_url": "https://api.github.com/repos/wisdom-framework/wisdom/forks",
        "keys_url": "https://api.github.com/repos/wisdom-framework/wisdom/keys{/key_id}",
        "collaborators_url": "https://api.github.com/repos/wisdom-framework/wisdom/collaborators{/collaborator}",
        "teams_url": "https://api.github.com/repos/wisdom-framework/wisdom/teams",
        "hooks_url": "https://api.github.com/repos/wisdom-framework/wisdom/hooks",
        "issue_events_url": "https://api.github.com/repos/wisdom-framework/wisdom/issues/events{/number}",
        "events_url": "https://api.github.com/repos/wisdom-framework/wisdom/events",
        "assignees_url": "https://api.github.com/repos/wisdom-framework/wisdom/assignees{/user}",
        "branches_url": "https://api.github.com/repos/wisdom-framework/wisdom/branches{/branch}",
        "tags_url": "https://api.github.com/repos/wisdom-framework/wisdom/tags",
        "blobs_url": "https://api.github.com/repos/wisdom-framework/wisdom/git/blobs{/sha}",
        "git_tags_url": "https://api.github.com/repos/wisdom-framework/wisdom/git/tags{/sha}",
        "git_refs_url": "https://api.github.com/repos/wisdom-framework/wisdom/git/refs{/sha}",
        "trees_url": "https://api.github.com/repos/wisdom-framework/wisdom/git/trees{/sha}",
        "statuses_url": "https://api.github.com/repos/wisdom-framework/wisdom/statuses/{sha}",
        "languages_url": "https://api.github.com/repos/wisdom-framework/wisdom/languages",
        "stargazers_url": "https://api.github.com/repos/wisdom-framework/wisdom/stargazers",
        "contributors_url": "https://api.github.com/repos/wisdom-framework/wisdom/contributors",
        "subscribers_url": "https://api.github.com/repos/wisdom-framework/wisdom/subscribers",
        "subscription_url": "https://api.github.com/repos/wisdom-framework/wisdom/subscription",
        "commits_url": "https://api.github.com/repos/wisdom-framework/wisdom/commits{/sha}",
        "git_commits_url": "https://api.github.com/repos/wisdom-framework/wisdom/git/commits{/sha}",
        "comments_url": "https://api.github.com/repos/wisdom-framework/wisdom/comments{/number}",
        "issue_comment_url": "https://api.github.com/repos/wisdom-framework/wisdom/issues/comments{/number}",
        "contents_url": "https://api.github.com/repos/wisdom-framework/wisdom/contents/{+path}",
        "compare_url": "https://api.github.com/repos/wisdom-framework/wisdom/compare/{base}...{head}",
        "merges_url": "https://api.github.com/repos/wisdom-framework/wisdom/merges",
        "archive_url": "https://api.github.com/repos/wisdom-framework/wisdom/{archive_format}{/ref}",
        "downloads_url": "https://api.github.com/repos/wisdom-framework/wisdom/downloads",
        "issues_url": "https://api.github.com/repos/wisdom-framework/wisdom/issues{/number}",
        "pulls_url": "https://api.github.com/repos/wisdom-framework/wisdom/pulls{/number}",
        "milestones_url": "https://api.github.com/repos/wisdom-framework/wisdom/milestones{/number}",
        "notifications_url": "https://api.github.com/repos/wisdom-framework/wisdom/notifications{?since,all,participating}",
        "labels_url": "https://api.github.com/repos/wisdom-framework/wisdom/labels{/name}",
        "releases_url": "https://api.github.com/repos/wisdom-framework/wisdom/releases{/id}",
        "deployments_url": "https://api.github.com/repos/wisdom-framework/wisdom/deployments",
        "created_at": "2013-11-21T08:06:50Z",
        "updated_at": "2024-03-31T14:14:16Z",
        "pushed_at": "2022-10-05T01:43:21Z",
        "git_url": "git://github.com/wisdom-framework/wisdom.git",
        "ssh_url": "git@github.com:wisdom-framework/wisdom.git",
        "clone_url": "https://github.com/wisdom-framework/wisdom.git",
        "svn_url": "https://github.com/wisdom-framework/wisdom",
        "homepage": "http://wisdom-framework.org",
        "size": 37075,
        "stargazers_count": 87,
        "watchers_count": 87,
        "language": "Java",
        "has_issues": true,
        "has_projects": true,
        "has_downloads": true,
        "has_wiki": true,
        "has_pages": false,
        "has_discussions": false,
        "forks_count": 42,
        "mirror_url": null,
        "archived": false,
        "disabled": false,
        "open_issues_count": 60,
        "license": {
            "key": "apache-2.0",
            "name": "Apache License 2.0",
            "spdx_id": "Apache-2.0",
            "url": "https://api.github.com/licenses/apache-2.0",
            "node_id": "MDc6TGljZW5zZTI="
        },
        "allow_forking": true,
        "is_template": false,
        "web_commit_signoff_required": false,
        "topics": [],
        "visibility": "public",
        "forks": 42,
        "open_issues": 60,
        "watchers": 87,
        "default_branch": "master"
    },
    "source": {
        "id": 14581444,
        "node_id": "MDEwOlJlcG9zaXRvcnkxNDU4MTQ0NA==",
        "name": "wisdom",
        "full_name": "wisdom-framework/wisdom",
        "private": false,
        "owner": {
            "login": "wisdom-framework",
            "id": 5980970,
            "node_id": "MDEyOk9yZ2FuaXphdGlvbjU5ODA5NzA=",
            "avatar_url": "https://avatars.githubusercontent.com/u/5980970?v=4",
            "gravatar_id": "",
            "url": "https://api.github.com/users/wisdom-framework",
            "html_url": "https://github.com/wisdom-framework",
            "followers_url": "https://api.github.com/users/wisdom-framework/followers",
            "following_url": "https://api.github.com/users/wisdom-framework/following{/other_user}",
            "gists_url": "https://api.github.com/users/wisdom-framework/gists{/gist_id}",
            "starred_url": "https://api.github.com/users/wisdom-framework/starred{/owner}{/repo}",
            "subscriptions_url": "https://api.github.com/users/wisdom-framework/subscriptions",
            "organizations_url": "https://api.github.com/users/wisdom-framework/orgs",
            "repos_url": "https://api.github.com/users/wisdom-framework/repos",
            "events_url": "https://api.github.com/users/wisdom-framework/events{/privacy}",
            "received_events_url": "https://api.github.com/users/wisdom-framework/received_events",
            "type": "Organization",
            "site_admin": false
        },
        "html_url": "https://github.com/wisdom-framework/wisdom",
        "description": "A modular and dynamic web framework",
        "fork": false,
        "url": "https://api.github.com/repos/wisdom-framework/wisdom",
        "forks_url": "https://api.github.com/repos/wisdom-framework/wisdom/forks",
        "keys_url": "https://api.github.com/repos/wisdom-framework/wisdom/keys{/key_id}",
        "collaborators_url": "https://api.github.com/repos/wisdom-framework/wisdom/collaborators{/collaborator}",
        "teams_url": "https://api.github.com/repos/wisdom-framework/wisdom/teams",
        "hooks_url": "https://api.github.com/repos/wisdom-framework/wisdom/hooks",
        "issue_events_url": "https://api.github.com/repos/wisdom-framework/wisdom/issues/events{/number}",
        "events_url": "https://api.github.com/repos/wisdom-framework/wisdom/events",
        "assignees_url": "https://api.github.com/repos/wisdom-framework/wisdom/assignees{/user}",
        "branches_url": "https://api.github.com/repos/wisdom-framework/wisdom/branches{/branch}",
        "tags_url": "https://api.github.com/repos/wisdom-framework/wisdom/tags",
        "blobs_url": "https://api.github.com/repos/wisdom-framework/wisdom/git/blobs{/sha}",
        "git_tags_url": "https://api.github.com/repos/wisdom-framework/wisdom/git/tags{/sha}",
        "git_refs_url": "https://api.github.com/repos/wisdom-framework/wisdom/git/refs{/sha}",
        "trees_url": "https://api.github.com/repos/wisdom-framework/wisdom/git/trees{/sha}",
        "statuses_url": "https://api.github.com/repos/wisdom-framework/wisdom/statuses/{sha}",
        "languages_url": "https://api.github.com/repos/wisdom-framework/wisdom/languages",
        "stargazers_url": "https://api.github.com/repos/wisdom-framework/wisdom/stargazers",
        "contributors_url": "https://api.github.com/repos/wisdom-framework/wisdom/contributors",
        "subscribers_url": "https://api.github.com/repos/wisdom-framework/wisdom/subscribers",
        "subscription_url": "https://api.github.com/repos/wisdom-framework/wisdom/subscription",
        "commits_url": "https://api.github.com/repos/wisdom-framework/wisdom/commits{/sha}",
        "git_commits_url": "https://api.github.com/repos/wisdom-framework/wisdom/git/commits{/sha}",
        "comments_url": "https://api.github.com/repos/wisdom-framework/wisdom/comments{/number}",
        "issue_comment_url": "https://api.github.com/repos/wisdom-framework/wisdom/issues/comments{/number}",
        "contents_url": "https://api.github.com/repos/wisdom-framework/wisdom/contents/{+path}",
        "compare_url": "https://api.github.com/repos/wisdom-framework/wisdom/compare/{base}...{head}",
        "merges_url": "https://api.github.com/repos/wisdom-framework/wisdom/merges",
        "archive_url": "https://api.github.com/repos/wisdom-framework/wisdom/{archive_format}{/ref}",
        "downloads_url": "https://api.github.com/repos/wisdom-framework/wisdom/downloads",
        "issues_url": "https://api.github.com/repos/wisdom-framework/wisdom/issues{/number}",
        "pulls_url": "https://api.github.com/repos/wisdom-framework/wisdom/pulls{/number}",
        "milestones_url": "https://api.github.com/repos/wisdom-framework/wisdom/milestones{/number}",
        "notifications_url": "https://api.github.com/repos/wisdom-framework/wisdom/notifications{?since,all,participating}",
        "labels_url": "https://api.github.com/repos/wisdom-framework/wisdom/labels{/name}",
        "releases_url": "https://api.github.com/repos/wisdom-framework/wisdom/releases{/id}",
        "deployments_url": "https://api.github.com/repos/wisdom-framework/wisdom/deployments",
        "created_at": "2013-11-21T08:06:50Z",
        "updated_at": "2024-03-31T14:14:16Z",
        "pushed_at": "2022-10-05T01:43:21Z",
        "git_url": "git://github.com/wisdom-framework/wisdom.git",
        "ssh_url": "git@github.com:wisdom-framework/wisdom.git",
        "clone_url": "https://github.com/wisdom-framework/wisdom.git",
        "svn_url": "https://github.com/wisdom-framework/wisdom",
        "homepage": "http://wisdom-framework.org",
        "size": 37075,
        "stargazers_count": 87,
        "watchers_count": 87,
        "language": "Java",
        "has_issues": true,
        "has_projects": true,
        "has_downloads": true,
        "has_wiki": true,
        "has_pages": false,
        "has_discussions": false,
        "forks_count": 42,
        "mirror_url": null,
        "archived": false,
        "disabled": false,
        "open_issues_count": 60,
        "license": {
            "key": "apache-2.0",
            "name": "Apache License 2.0",
            "spdx_id": "Apache-2.0",
            "url": "https://api.github.com/licenses/apache-2.0",
            "node_id": "MDc6TGljZW5zZTI="
        },
        "allow_forking": true,
        "is_template": false,
        "web_commit_signoff_required": false,
        "topics": [],
        "visibility": "public",
        "forks": 42,
        "open_issues": 60,
        "watchers": 87,
        "default_branch": "master"
    },
    "network_count": 42,
    "subscribers_count": 3
}