{
    "id": 217814708,
    "node_id": "MDEwOlJlcG9zaXRvcnkyMTc4MTQ3MDg=",
    "name": "FMI-JAVA-2019",
    "full_name": "m-ignatov/FMI-JAVA-2019",
    "private": false,
    "owner": {
        "login": "m-ignatov",
        "id": 36794374,
        "node_id": "MDQ6VXNlcjM2Nzk0Mzc0",
        "avatar_url": "https://avatars.githubusercontent.com/u/36794374?v=4",
        "gravatar_id": "",
        "url": "https://api.github.com/users/m-ignatov",
        "html_url": "https://github.com/m-ignatov",
        "followers_url": "https://api.github.com/users/m-ignatov/followers",
        "following_url": "https://api.github.com/users/m-ignatov/following{/other_user}",
        "gists_url": "https://api.github.com/users/m-ignatov/gists{/gist_id}",
        "starred_url": "https://api.github.com/users/m-ignatov/starred{/owner}{/repo}",
        "subscriptions_url": "https://api.github.com/users/m-ignatov/subscriptions",
        "organizations_url": "https://api.github.com/users/m-ignatov/orgs",
        "repos_url": "https://api.github.com/users/m-ignatov/repos",
        "events_url": "https://api.github.com/users/m-ignatov/events{/privacy}",
        "received_events_url": "https://api.github.com/users/m-ignatov/received_events",
        "type": "User",
        "site_admin": false
    },
    "html_url": "https://github.com/m-ignatov/FMI-JAVA-2019",
    "description": "Modern Java Technologies 2019/2020 university course",
    "fork": false,
    "url": "https://api.github.com/repos/m-ignatov/FMI-JAVA-2019",
    "forks_url": "https://api.github.com/repos/m-ignatov/FMI-JAVA-2019/forks",
    "keys_url": "https://api.github.com/repos/m-ignatov/FMI-JAVA-2019/keys{/key_id}",
    "collaborators_url": "https://api.github.com/repos/m-ignatov/FMI-JAVA-2019/collaborators{/collaborator}",
    "teams_url": "https://api.github.com/repos/m-ignatov/FMI-JAVA-2019/teams",
    "hooks_url": "https://api.github.com/repos/m-ignatov/FMI-JAVA-2019/hooks",
    "issue_events_url": "https://api.github.com/repos/m-ignatov/FMI-JAVA-2019/issues/events{/number}",
    "events_url": "https://api.github.com/repos/m-ignatov/FMI-JAVA-2019/events",
    "assignees_url": "https://api.github.com/repos/m-ignatov/FMI-JAVA-2019/assignees{/user}",
    "branches_url": "https://api.github.com/repos/m-ignatov/FMI-JAVA-2019/branches{/branch}",
    "tags_url": "https://api.github.com/repos/m-ignatov/FMI-JAVA-2019/tags",
    "blobs_url": "https://api.github.com/repos/m-ignatov/FMI-JAVA-2019/git/blobs{/sha}",
    "git_tags_url": "https://api.github.com/repos/m-ignatov/FMI-JAVA-2019/git/tags{/sha}",
    "git_refs_url": "https://api.github.com/repos/m-ignatov/FMI-JAVA-2019/git/refs{/sha}",
    "trees_url": "https://api.github.com/repos/m-ignatov/FMI-JAVA-2019/git/trees{/sha}",
    "statuses_url": "https://api.github.com/repos/m-ignatov/FMI-JAVA-2019/statuses/{sha}",
    "languages_url": "https://api.github.com/repos/m-ignatov/FMI-JAVA-2019/languages",
    "stargazers_url": "https://api.github.com/repos/m-ignatov/FMI-JAVA-2019/stargazers",
    "contributors_url": "https://api.github.com/repos/m-ignatov/FMI-JAVA-2019/contributors",
    "subscribers_url": "https://api.github.com/repos/m-ignatov/FMI-JAVA-2019/subscribers",
    "subscription_url": "https://api.github.com/repos/m-ignatov/FMI-JAVA-2019/subscription",
    "commits_url": "https://api.github.com/repos/m-ignatov/FMI-JAVA-2019/commits{/sha}",
    "git_commits_url": "https://api.github.com/repos/m-ignatov/FMI-JAVA-2019/git/commits{/sha}",
    "comments_url": "https://api.github.com/repos/m-ignatov/FMI-JAVA-2019/comments{/number}",
    "issue_comment_url": "https://api.github.com/repos/m-ignatov/FMI-JAVA-2019/issues/comments{/number}",
    "contents_url": "https://api.github.com/repos/m-ignatov/FMI-JAVA-2019/contents/{+path}",
    "compare_url": "https://api.github.com/repos/m-ignatov/FMI-JAVA-2019/compare/{base}...{head}",
    "merges_url": "https://api.github.com/repos/m-ignatov/FMI-JAVA-2019/merges",
    "archive_url": "https://api.github.com/repos/m-ignatov/FMI-JAVA-2019/{archive_format}{/ref}",
    "downloads_url": "https://api.github.com/repos/m-ignatov/FMI-JAVA-2019/downloads",
    "issues_url": "https://api.github.com/repos/m-ignatov/FMI-JAVA-2019/issues{/number}",
    "pulls_url": "https://api.github.com/repos/m-ignatov/FMI-JAVA-2019/pulls{/number}",
    "milestones_url": "https://api.github.com/repos/m-ignatov/FMI-JAVA-2019/milestones{/number}",
    "notifications_url": "https://api.github.com/repos/m-ignatov/FMI-JAVA-2019/notifications{?since,all,participating}",
    "labels_url": "https://api.github.com/repos/m-ignatov/FMI-JAVA-2019/labels{/name}",
    "releases_url": "https://api.github.com/repos/m-ignatov/FMI-JAVA-2019/releases{/id}",
    "deployments_url": "https://api.github.com/repos/m-ignatov/FMI-JAVA-2019/deployments",
    "created_at": "2019-10-27T06:32:46Z",
    "updated_at": "2020-02-15T11:01:05Z",
    "pushed_at": "2020-02-15T11:01:02Z",
    "git_url": "git://github.com/m-ignatov/FMI-JAVA-2019.git",
    "ssh_url": "git@github.com:m-ignatov/FMI-JAVA-2019.git",
    "clone_url": "https://github.com/m-ignatov/FMI-JAVA-2019.git",
    "svn_url": "https://github.com/m-ignatov/FMI-JAVA-2019",
    "homepage": null,
    "size": 6859,
    "stargazers_count": 2,
    "watchers_count": 2,
    "language": "Java",
    "has_issues": true,
    "has_projects": true,
    "has_downloads": true,
    "has_wiki": true,
    "has_pages": false,
    "has_discussions": false,
    "forks_count": 0,
    "mirror_url": null,
    "archived": false,
    "disabled": false,
    "open_issues_count": 0,
    "license": {
        "key": "mit",
        "name": "MIT License",
        "spdx_id": "MIT",
        "url": "https://api.github.com/licenses/mit",
        "node_id": "MDc6TGljZW5zZTEz"
    },
    "allow_forking": true,
    "is_template": false,
    "web_commit_signoff_required": false,
    "topics": [
        "collections",
        "generics",
        "java",
        "jdk11",
        "multithreading",
        "oop",
        "streams",
        "unit-testing"
    ],
    "visibility": "public",
    "forks": 0,
    "open_issues": 0,
    "watchers": 2,
    "default_branch": "master",
    "permissions": {
        "admin": false,
        "maintain": false,
        "push": false,
        "triage": false,
        "pull": true
    },
    "temp_clone_token": "",
    "network_count": 0,
    "subscribers_count": 2
}