{
    "id": 433641157,
    "node_id": "R_kgDOGdjWxQ",
    "name": "ovirt-engine",
    "full_name": "jihwahn1018/ovirt-engine",
    "private": false,
    "owner": {
        "login": "jihwahn1018",
        "id": 37329458,
        "node_id": "MDQ6VXNlcjM3MzI5NDU4",
        "avatar_url": "https://avatars.githubusercontent.com/u/37329458?v=4",
        "gravatar_id": "",
        "url": "https://api.github.com/users/jihwahn1018",
        "html_url": "https://github.com/jihwahn1018",
        "followers_url": "https://api.github.com/users/jihwahn1018/followers",
        "following_url": "https://api.github.com/users/jihwahn1018/following{/other_user}",
        "gists_url": "https://api.github.com/users/jihwahn1018/gists{/gist_id}",
        "starred_url": "https://api.github.com/users/jihwahn1018/starred{/owner}{/repo}",
        "subscriptions_url": "https://api.github.com/users/jihwahn1018/subscriptions",
        "organizations_url": "https://api.github.com/users/jihwahn1018/orgs",
        "repos_url": "https://api.github.com/users/jihwahn1018/repos",
        "events_url": "https://api.github.com/users/jihwahn1018/events{/privacy}",
        "received_events_url": "https://api.github.com/users/jihwahn1018/received_events",
        "type": "User",
        "site_admin": false
    },
    "html_url": "https://github.com/jihwahn1018/ovirt-engine",
    "description": "This is a mirror for http://gerrit.ovirt.org, for issues use http://bugzilla.redhat.com",
    "fork": true,
    "url": "https://api.github.com/repos/jihwahn1018/ovirt-engine",
    "forks_url": "https://api.github.com/repos/jihwahn1018/ovirt-engine/forks",
    "keys_url": "https://api.github.com/repos/jihwahn1018/ovirt-engine/keys{/key_id}",
    "collaborators_url": "https://api.github.com/repos/jihwahn1018/ovirt-engine/collaborators{/collaborator}",
    "teams_url": "https://api.github.com/repos/jihwahn1018/ovirt-engine/teams",
    "hooks_url": "https://api.github.com/repos/jihwahn1018/ovirt-engine/hooks",
    "issue_events_url": "https://api.github.com/repos/jihwahn1018/ovirt-engine/issues/events{/number}",
    "events_url": "https://api.github.com/repos/jihwahn1018/ovirt-engine/events",
    "assignees_url": "https://api.github.com/repos/jihwahn1018/ovirt-engine/assignees{/user}",
    "branches_url": "https://api.github.com/repos/jihwahn1018/ovirt-engine/branches{/branch}",
    "tags_url": "https://api.github.com/repos/jihwahn1018/ovirt-engine/tags",
    "blobs_url": "https://api.github.com/repos/jihwahn1018/ovirt-engine/git/blobs{/sha}",
    "git_tags_url": "https://api.github.com/repos/jihwahn1018/ovirt-engine/git/tags{/sha}",
    "git_refs_url": "https://api.github.com/repos/jihwahn1018/ovirt-engine/git/refs{/sha}",
    "trees_url": "https://api.github.com/repos/jihwahn1018/ovirt-engine/git/trees{/sha}",
    "statuses_url": "https://api.github.com/repos/jihwahn1018/ovirt-engine/statuses/{sha}",
    "languages_url": "https://api.github.com/repos/jihwahn1018/ovirt-engine/languages",
    "stargazers_url": "https://api.github.com/repos/jihwahn1018/ovirt-engine/stargazers",
    "contributors_url": "https://api.github.com/repos/jihwahn1018/ovirt-engine/contributors",
    "subscribers_url": "https://api.github.com/repos/jihwahn1018/ovirt-engine/subscribers",
    "subscription_url": "https://api.github.com/repos/jihwahn1018/ovirt-engine/subscription",
    "commits_url": "https://api.github.com/repos/jihwahn1018/ovirt-engine/commits{/sha}",
    "git_commits_url": "https://api.github.com/repos/jihwahn1018/ovirt-engine/git/commits{/sha}",
    "comments_url": "https://api.github.com/repos/jihwahn1018/ovirt-engine/comments{/number}",
    "issue_comment_url": "https://api.github.com/repos/jihwahn1018/ovirt-engine/issues/comments{/number}",
    "contents_url": "https://api.github.com/repos/jihwahn1018/ovirt-engine/contents/{+path}",
    "compare_url": "https://api.github.com/repos/jihwahn1018/ovirt-engine/compare/{base}...{head}",
    "merges_url": "https://api.github.com/repos/jihwahn1018/ovirt-engine/merges",
    "archive_url": "https://api.github.com/repos/jihwahn1018/ovirt-engine/{archive_format}{/ref}",
    "downloads_url": "https://api.github.com/repos/jihwahn1018/ovirt-engine/downloads",
    "issues_url": "https://api.github.com/repos/jihwahn1018/ovirt-engine/issues{/number}",
    "pulls_url": "https://api.github.com/repos/jihwahn1018/ovirt-engine/pulls{/number}",
    "milestones_url": "https://api.github.com/repos/jihwahn1018/ovirt-engine/milestones{/number}",
    "notifications_url": "https://api.github.com/repos/jihwahn1018/ovirt-engine/notifications{?since,all,participating}",
    "labels_url": "https://api.github.com/repos/jihwahn1018/ovirt-engine/labels{/name}",
    "releases_url": "https://api.github.com/repos/jihwahn1018/ovirt-engine/releases{/id}",
    "deployments_url": "https://api.github.com/repos/jihwahn1018/ovirt-engine/deployments",
    "created_at": "2021-12-01T01:19:08Z",
    "updated_at": "2022-01-06T06:52:28Z",
    "pushed_at": "2022-05-16T05:46:45Z",
    "git_url": "git://github.com/jihwahn1018/ovirt-engine.git",
    "ssh_url": "git@github.com:jihwahn1018/ovirt-engine.git",
    "clone_url": "https://github.com/jihwahn1018/ovirt-engine.git",
    "svn_url": "https://github.com/jihwahn1018/ovirt-engine",
    "homepage": "",
    "size": 320978,
    "stargazers_count": 0,
    "watchers_count": 0,
    "language": "Java",
    "has_issues": false,
    "has_projects": true,
    "has_downloads": true,
    "has_wiki": false,
    "has_pages": false,
    "has_discussions": false,
    "forks_count": 0,
    "mirror_url": null,
    "archived": false,
    "disabled": false,
    "open_issues_count": 0,
    "license": {
        "key": "other",
        "name": "Other",
        "spdx_id": "NOASSERTION",
        "url": null,
        "node_id": "MDc6TGljZW5zZTA="
    },
    "allow_forking": true,
    "is_template": false,
    "web_commit_signoff_required": false,
    "topics": [],
    "visibility": "public",
    "forks": 0,
    "open_issues": 0,
    "watchers": 0,
    "default_branch": "supervm-main",
    "permissions": {
        "admin": false,
        "maintain": false,
        "push": false,
        "triage": false,
        "pull": true
    },
    "temp_clone_token": "",
    "parent": {
        "id": 397784627,
        "node_id": "MDEwOlJlcG9zaXRvcnkzOTc3ODQ2Mjc=",
        "name": "ovirt-engine",
        "full_name": "tmax-cloud/ovirt-engine",
        "private": false,
        "owner": {
            "login": "tmax-cloud",
            "id": 60682780,
            "node_id": "MDEyOk9yZ2FuaXphdGlvbjYwNjgyNzgw",
            "avatar_url": "https://avatars.githubusercontent.com/u/60682780?v=4",
            "gravatar_id": "",
            "url": "https://api.github.com/users/tmax-cloud",
            "html_url": "https://github.com/tmax-cloud",
            "followers_url": "https://api.github.com/users/tmax-cloud/followers",
            "following_url": "https://api.github.com/users/tmax-cloud/following{/other_user}",
            "gists_url": "https://api.github.com/users/tmax-cloud/gists{/gist_id}",
            "starred_url": "https://api.github.com/users/tmax-cloud/starred{/owner}{/repo}",
            "subscriptions_url": "https://api.github.com/users/tmax-cloud/subscriptions",
            "organizations_url": "https://api.github.com/users/tmax-cloud/orgs",
            "repos_url": "https://api.github.com/users/tmax-cloud/repos",
            "events_url": "https://api.github.com/users/tmax-cloud/events{/privacy}",
            "received_events_url": "https://api.github.com/users/tmax-cloud/received_events",
            "type": "Organization",
            "site_admin": false
        },
        "html_url": "https://github.com/tmax-cloud/ovirt-engine",
        "description": "This is a mirror for http://gerrit.ovirt.org, for issues use http://bugzilla.redhat.com",
        "fork": true,
        "url": "https://api.github.com/repos/tmax-cloud/ovirt-engine",
        "forks_url": "https://api.github.com/repos/tmax-cloud/ovirt-engine/forks",
        "keys_url": "https://api.github.com/repos/tmax-cloud/ovirt-engine/keys{/key_id}",
        "collaborators_url": "https://api.github.com/repos/tmax-cloud/ovirt-engine/collaborators{/collaborator}",
        "teams_url": "https://api.github.com/repos/tmax-cloud/ovirt-engine/teams",
        "hooks_url": "https://api.github.com/repos/tmax-cloud/ovirt-engine/hooks",
        "issue_events_url": "https://api.github.com/repos/tmax-cloud/ovirt-engine/issues/events{/number}",
        "events_url": "https://api.github.com/repos/tmax-cloud/ovirt-engine/events",
        "assignees_url": "https://api.github.com/repos/tmax-cloud/ovirt-engine/assignees{/user}",
        "branches_url": "https://api.github.com/repos/tmax-cloud/ovirt-engine/branches{/branch}",
        "tags_url": "https://api.github.com/repos/tmax-cloud/ovirt-engine/tags",
        "blobs_url": "https://api.github.com/repos/tmax-cloud/ovirt-engine/git/blobs{/sha}",
        "git_tags_url": "https://api.github.com/repos/tmax-cloud/ovirt-engine/git/tags{/sha}",
        "git_refs_url": "https://api.github.com/repos/tmax-cloud/ovirt-engine/git/refs{/sha}",
        "trees_url": "https://api.github.com/repos/tmax-cloud/ovirt-engine/git/trees{/sha}",
        "statuses_url": "https://api.github.com/repos/tmax-cloud/ovirt-engine/statuses/{sha}",
        "languages_url": "https://api.github.com/repos/tmax-cloud/ovirt-engine/languages",
        "stargazers_url": "https://api.github.com/repos/tmax-cloud/ovirt-engine/stargazers",
        "contributors_url": "https://api.github.com/repos/tmax-cloud/ovirt-engine/contributors",
        "subscribers_url": "https://api.github.com/repos/tmax-cloud/ovirt-engine/subscribers",
        "subscription_url": "https://api.github.com/repos/tmax-cloud/ovirt-engine/subscription",
        "commits_url": "https://api.github.com/repos/tmax-cloud/ovirt-engine/commits{/sha}",
        "git_commits_url": "https://api.github.com/repos/tmax-cloud/ovirt-engine/git/commits{/sha}",
        "comments_url": "https://api.github.com/repos/tmax-cloud/ovirt-engine/comments{/number}",
        "issue_comment_url": "https://api.github.com/repos/tmax-cloud/ovirt-engine/issues/comments{/number}",
        "contents_url": "https://api.github.com/repos/tmax-cloud/ovirt-engine/contents/{+path}",
        "compare_url": "https://api.github.com/repos/tmax-cloud/ovirt-engine/compare/{base}...{head}",
        "merges_url": "https://api.github.com/repos/tmax-cloud/ovirt-engine/merges",
        "archive_url": "https://api.github.com/repos/tmax-cloud/ovirt-engine/{archive_format}{/ref}",
        "downloads_url": "https://api.github.com/repos/tmax-cloud/ovirt-engine/downloads",
        "issues_url": "https://api.github.com/repos/tmax-cloud/ovirt-engine/issues{/number}",
        "pulls_url": "https://api.github.com/repos/tmax-cloud/ovirt-engine/pulls{/number}",
        "milestones_url": "https://api.github.com/repos/tmax-cloud/ovirt-engine/milestones{/number}",
        "notifications_url": "https://api.github.com/repos/tmax-cloud/ovirt-engine/notifications{?since,all,participating}",
        "labels_url": "https://api.github.com/repos/tmax-cloud/ovirt-engine/labels{/name}",
        "releases_url": "https://api.github.com/repos/tmax-cloud/ovirt-engine/releases{/id}",
        "deployments_url": "https://api.github.com/repos/tmax-cloud/ovirt-engine/deployments",
        "created_at": "2021-08-19T01:51:09Z",
        "updated_at": "2022-02-03T02:12:27Z",
        "pushed_at": "2022-07-20T03:39:05Z",
        "git_url": "git://github.com/tmax-cloud/ovirt-engine.git",
        "ssh_url": "git@github.com:tmax-cloud/ovirt-engine.git",
        "clone_url": "https://github.com/tmax-cloud/ovirt-engine.git",
        "svn_url": "https://github.com/tmax-cloud/ovirt-engine",
        "homepage": "",
        "size": 320900,
        "stargazers_count": 1,
        "watchers_count": 1,
        "language": "Java",
        "has_issues": true,
        "has_projects": true,
        "has_downloads": true,
        "has_wiki": false,
        "has_pages": false,
        "has_discussions": false,
        "forks_count": 6,
        "mirror_url": null,
        "archived": false,
        "disabled": false,
        "open_issues_count": 6,
        "license": {
            "key": "other",
            "name": "Other",
            "spdx_id": "NOASSERTION",
            "url": null,
            "node_id": "MDc6TGljZW5zZTA="
        },
        "allow_forking": true,
        "is_template": false,
        "web_commit_signoff_required": false,
        "topics": [],
        "visibility": "public",
        "forks": 6,
        "open_issues": 6,
        "watchers": 1,
        "default_branch": "supervm-main"
    },
    "source": {
        "id": 6403019,
        "node_id": "MDEwOlJlcG9zaXRvcnk2NDAzMDE5",
        "name": "ovirt-engine",
        "full_name": "oVirt/ovirt-engine",
        "private": false,
        "owner": {
            "login": "oVirt",
            "id": 1318634,
            "node_id": "MDEyOk9yZ2FuaXphdGlvbjEzMTg2MzQ=",
            "avatar_url": "https://avatars.githubusercontent.com/u/1318634?v=4",
            "gravatar_id": "",
            "url": "https://api.github.com/users/oVirt",
            "html_url": "https://github.com/oVirt",
            "followers_url": "https://api.github.com/users/oVirt/followers",
            "following_url": "https://api.github.com/users/oVirt/following{/other_user}",
            "gists_url": "https://api.github.com/users/oVirt/gists{/gist_id}",
            "starred_url": "https://api.github.com/users/oVirt/starred{/owner}{/repo}",
            "subscriptions_url": "https://api.github.com/users/oVirt/subscriptions",
            "organizations_url": "https://api.github.com/users/oVirt/orgs",
            "repos_url": "https://api.github.com/users/oVirt/repos",
            "events_url": "https://api.github.com/users/oVirt/events{/privacy}",
            "received_events_url": "https://api.github.com/users/oVirt/received_events",
            "type": "Organization",
            "site_admin": false
        },
        "html_url": "https://github.com/oVirt/ovirt-engine",
        "description": "The oVirt Engine virtualization manager",
        "fork": false,
        "url": "https://api.github.com/repos/oVirt/ovirt-engine",
        "forks_url": "https://api.github.com/repos/oVirt/ovirt-engine/forks",
        "keys_url": "https://api.github.com/repos/oVirt/ovirt-engine/keys{/key_id}",
        "collaborators_url": "https://api.github.com/repos/oVirt/ovirt-engine/collaborators{/collaborator}",
        "teams_url": "https://api.github.com/repos/oVirt/ovirt-engine/teams",
        "hooks_url": "https://api.github.com/repos/oVirt/ovirt-engine/hooks",
        "issue_events_url": "https://api.github.com/repos/oVirt/ovirt-engine/issues/events{/number}",
        "events_url": "https://api.github.com/repos/oVirt/ovirt-engine/events",
        "assignees_url": "https://api.github.com/repos/oVirt/ovirt-engine/assignees{/user}",
        "branches_url": "https://api.github.com/repos/oVirt/ovirt-engine/branches{/branch}",
        "tags_url": "https://api.github.com/repos/oVirt/ovirt-engine/tags",
        "blobs_url": "https://api.github.com/repos/oVirt/ovirt-engine/git/blobs{/sha}",
        "git_tags_url": "https://api.github.com/repos/oVirt/ovirt-engine/git/tags{/sha}",
        "git_refs_url": "https://api.github.com/repos/oVirt/ovirt-engine/git/refs{/sha}",
        "trees_url": "https://api.github.com/repos/oVirt/ovirt-engine/git/trees{/sha}",
        "statuses_url": "https://api.github.com/repos/oVirt/ovirt-engine/statuses/{sha}",
        "languages_url": "https://api.github.com/repos/oVirt/ovirt-engine/languages",
        "stargazers_url": "https://api.github.com/repos/oVirt/ovirt-engine/stargazers",
        "contributors_url": "https://api.github.com/repos/oVirt/ovirt-engine/contributors",
        "subscribers_url": "https://api.github.com/repos/oVirt/ovirt-engine/subscribers",
        "subscription_url": "https://api.github.com/repos/oVirt/ovirt-engine/subscription",
        "commits_url": "https://api.github.com/repos/oVirt/ovirt-engine/commits{/sha}",
        "git_commits_url": "https://api.github.com/repos/oVirt/ovirt-engine/git/commits{/sha}",
        "comments_url": "https://api.github.com/repos/oVirt/ovirt-engine/comments{/number}",
        "issue_comment_url": "https://api.github.com/repos/oVirt/ovirt-engine/issues/comments{/number}",
        "contents_url": "https://api.github.com/repos/oVirt/ovirt-engine/contents/{+path}",
        "compare_url": "https://api.github.com/repos/oVirt/ovirt-engine/compare/{base}...{head}",
        "merges_url": "https://api.github.com/repos/oVirt/ovirt-engine/merges",
        "archive_url": "https://api.github.com/repos/oVirt/ovirt-engine/{archive_format}{/ref}",
        "downloads_url": "https://api.github.com/repos/oVirt/ovirt-engine/downloads",
        "issues_url": "https://api.github.com/repos/oVirt/ovirt-engine/issues{/number}",
        "pulls_url": "https://api.github.com/repos/oVirt/ovirt-engine/pulls{/number}",
        "milestones_url": "https://api.github.com/repos/oVirt/ovirt-engine/milestones{/number}",
        "notifications_url": "https://api.github.com/repos/oVirt/ovirt-engine/notifications{?since,all,participating}",
        "labels_url": "https://api.github.com/repos/oVirt/ovirt-engine/labels{/name}",
        "releases_url": "https://api.github.com/repos/oVirt/ovirt-engine/releases{/id}",
        "deployments_url": "https://api.github.com/repos/oVirt/ovirt-engine/deployments",
        "created_at": "2012-10-26T11:48:34Z",
        "updated_at": "2024-04-29T20:37:37Z",
        "pushed_at": "2024-04-26T16:24:31Z",
        "git_url": "git://github.com/oVirt/ovirt-engine.git",
        "ssh_url": "git@github.com:oVirt/ovirt-engine.git",
        "clone_url": "https://github.com/oVirt/ovirt-engine.git",
        "svn_url": "https://github.com/oVirt/ovirt-engine",
        "homepage": "",
        "size": 333321,
        "stargazers_count": 480,
        "watchers_count": 480,
        "language": "Java",
        "has_issues": true,
        "has_projects": true,
        "has_downloads": true,
        "has_wiki": false,
        "has_pages": false,
        "has_discussions": false,
        "forks_count": 258,
        "mirror_url": null,
        "archived": false,
        "disabled": false,
        "open_issues_count": 120,
        "license": {
            "key": "other",
            "name": "Other",
            "spdx_id": "NOASSERTION",
            "url": null,
            "node_id": "MDc6TGljZW5zZTA="
        },
        "allow_forking": true,
        "is_template": false,
        "web_commit_signoff_required": false,
        "topics": [
            "management",
            "virtualization"
        ],
        "visibility": "public",
        "forks": 258,
        "open_issues": 120,
        "watchers": 480,
        "default_branch": "master"
    },
    "network_count": 258,
    "subscribers_count": 1
}