{
    "id": 457765075,
    "node_id": "R_kgDOG0jw0w",
    "name": "alonso-mora",
    "full_name": "moia-oss/alonso-mora",
    "private": false,
    "owner": {
        "login": "moia-oss",
        "id": 76769468,
        "node_id": "MDEyOk9yZ2FuaXphdGlvbjc2NzY5NDY4",
        "avatar_url": "https://avatars.githubusercontent.com/u/76769468?v=4",
        "gravatar_id": "",
        "url": "https://api.github.com/users/moia-oss",
        "html_url": "https://github.com/moia-oss",
        "followers_url": "https://api.github.com/users/moia-oss/followers",
        "following_url": "https://api.github.com/users/moia-oss/following{/other_user}",
        "gists_url": "https://api.github.com/users/moia-oss/gists{/gist_id}",
        "starred_url": "https://api.github.com/users/moia-oss/starred{/owner}{/repo}",
        "subscriptions_url": "https://api.github.com/users/moia-oss/subscriptions",
        "organizations_url": "https://api.github.com/users/moia-oss/orgs",
        "repos_url": "https://api.github.com/users/moia-oss/repos",
        "events_url": "https://api.github.com/users/moia-oss/events{/privacy}",
        "received_events_url": "https://api.github.com/users/moia-oss/received_events",
        "type": "Organization",
        "site_admin": false
    },
    "html_url": "https://github.com/moia-oss/alonso-mora",
    "description": "Pooled fleet dispatching by Alonso-Mora et al. (2017) for MATSim",
    "fork": true,
    "url": "https://api.github.com/repos/moia-oss/alonso-mora",
    "forks_url": "https://api.github.com/repos/moia-oss/alonso-mora/forks",
    "keys_url": "https://api.github.com/repos/moia-oss/alonso-mora/keys{/key_id}",
    "collaborators_url": "https://api.github.com/repos/moia-oss/alonso-mora/collaborators{/collaborator}",
    "teams_url": "https://api.github.com/repos/moia-oss/alonso-mora/teams",
    "hooks_url": "https://api.github.com/repos/moia-oss/alonso-mora/hooks",
    "issue_events_url": "https://api.github.com/repos/moia-oss/alonso-mora/issues/events{/number}",
    "events_url": "https://api.github.com/repos/moia-oss/alonso-mora/events",
    "assignees_url": "https://api.github.com/repos/moia-oss/alonso-mora/assignees{/user}",
    "branches_url": "https://api.github.com/repos/moia-oss/alonso-mora/branches{/branch}",
    "tags_url": "https://api.github.com/repos/moia-oss/alonso-mora/tags",
    "blobs_url": "https://api.github.com/repos/moia-oss/alonso-mora/git/blobs{/sha}",
    "git_tags_url": "https://api.github.com/repos/moia-oss/alonso-mora/git/tags{/sha}",
    "git_refs_url": "https://api.github.com/repos/moia-oss/alonso-mora/git/refs{/sha}",
    "trees_url": "https://api.github.com/repos/moia-oss/alonso-mora/git/trees{/sha}",
    "statuses_url": "https://api.github.com/repos/moia-oss/alonso-mora/statuses/{sha}",
    "languages_url": "https://api.github.com/repos/moia-oss/alonso-mora/languages",
    "stargazers_url": "https://api.github.com/repos/moia-oss/alonso-mora/stargazers",
    "contributors_url": "https://api.github.com/repos/moia-oss/alonso-mora/contributors",
    "subscribers_url": "https://api.github.com/repos/moia-oss/alonso-mora/subscribers",
    "subscription_url": "https://api.github.com/repos/moia-oss/alonso-mora/subscription",
    "commits_url": "https://api.github.com/repos/moia-oss/alonso-mora/commits{/sha}",
    "git_commits_url": "https://api.github.com/repos/moia-oss/alonso-mora/git/commits{/sha}",
    "comments_url": "https://api.github.com/repos/moia-oss/alonso-mora/comments{/number}",
    "issue_comment_url": "https://api.github.com/repos/moia-oss/alonso-mora/issues/comments{/number}",
    "contents_url": "https://api.github.com/repos/moia-oss/alonso-mora/contents/{+path}",
    "compare_url": "https://api.github.com/repos/moia-oss/alonso-mora/compare/{base}...{head}",
    "merges_url": "https://api.github.com/repos/moia-oss/alonso-mora/merges",
    "archive_url": "https://api.github.com/repos/moia-oss/alonso-mora/{archive_format}{/ref}",
    "downloads_url": "https://api.github.com/repos/moia-oss/alonso-mora/downloads",
    "issues_url": "https://api.github.com/repos/moia-oss/alonso-mora/issues{/number}",
    "pulls_url": "https://api.github.com/repos/moia-oss/alonso-mora/pulls{/number}",
    "milestones_url": "https://api.github.com/repos/moia-oss/alonso-mora/milestones{/number}",
    "notifications_url": "https://api.github.com/repos/moia-oss/alonso-mora/notifications{?since,all,participating}",
    "labels_url": "https://api.github.com/repos/moia-oss/alonso-mora/labels{/name}",
    "releases_url": "https://api.github.com/repos/moia-oss/alonso-mora/releases{/id}",
    "deployments_url": "https://api.github.com/repos/moia-oss/alonso-mora/deployments",
    "created_at": "2022-02-10T12:10:08Z",
    "updated_at": "2024-02-02T19:31:27Z",
    "pushed_at": "2023-09-29T10:10:47Z",
    "git_url": "git://github.com/moia-oss/alonso-mora.git",
    "ssh_url": "git@github.com:moia-oss/alonso-mora.git",
    "clone_url": "https://github.com/moia-oss/alonso-mora.git",
    "svn_url": "https://github.com/moia-oss/alonso-mora",
    "homepage": null,
    "size": 233,
    "stargazers_count": 1,
    "watchers_count": 1,
    "language": "Java",
    "has_issues": false,
    "has_projects": true,
    "has_downloads": true,
    "has_wiki": false,
    "has_pages": false,
    "has_discussions": false,
    "forks_count": 0,
    "mirror_url": null,
    "archived": false,
    "disabled": false,
    "open_issues_count": 0,
    "license": {
        "key": "mit",
        "name": "MIT License",
        "spdx_id": "MIT",
        "url": "https://api.github.com/licenses/mit",
        "node_id": "MDc6TGljZW5zZTEz"
    },
    "allow_forking": true,
    "is_template": false,
    "web_commit_signoff_required": false,
    "topics": [],
    "visibility": "public",
    "forks": 0,
    "open_issues": 0,
    "watchers": 1,
    "default_branch": "master",
    "permissions": {
        "admin": false,
        "maintain": false,
        "push": false,
        "triage": false,
        "pull": true
    },
    "temp_clone_token": "",
    "custom_properties": {},
    "organization": {
        "login": "moia-oss",
        "id": 76769468,
        "node_id": "MDEyOk9yZ2FuaXphdGlvbjc2NzY5NDY4",
        "avatar_url": "https://avatars.githubusercontent.com/u/76769468?v=4",
        "gravatar_id": "",
        "url": "https://api.github.com/users/moia-oss",
        "html_url": "https://github.com/moia-oss",
        "followers_url": "https://api.github.com/users/moia-oss/followers",
        "following_url": "https://api.github.com/users/moia-oss/following{/other_user}",
        "gists_url": "https://api.github.com/users/moia-oss/gists{/gist_id}",
        "starred_url": "https://api.github.com/users/moia-oss/starred{/owner}{/repo}",
        "subscriptions_url": "https://api.github.com/users/moia-oss/subscriptions",
        "organizations_url": "https://api.github.com/users/moia-oss/orgs",
        "repos_url": "https://api.github.com/users/moia-oss/repos",
        "events_url": "https://api.github.com/users/moia-oss/events{/privacy}",
        "received_events_url": "https://api.github.com/users/moia-oss/received_events",
        "type": "Organization",
        "site_admin": false
    },
    "parent": {
        "id": 453184403,
        "node_id": "R_kgDOGwMLkw",
        "name": "alonso-mora",
        "full_name": "matsim-org/alonso-mora",
        "private": false,
        "owner": {
            "login": "matsim-org",
            "id": 1541281,
            "node_id": "MDEyOk9yZ2FuaXphdGlvbjE1NDEyODE=",
            "avatar_url": "https://avatars.githubusercontent.com/u/1541281?v=4",
            "gravatar_id": "",
            "url": "https://api.github.com/users/matsim-org",
            "html_url": "https://github.com/matsim-org",
            "followers_url": "https://api.github.com/users/matsim-org/followers",
            "following_url": "https://api.github.com/users/matsim-org/following{/other_user}",
            "gists_url": "https://api.github.com/users/matsim-org/gists{/gist_id}",
            "starred_url": "https://api.github.com/users/matsim-org/starred{/owner}{/repo}",
            "subscriptions_url": "https://api.github.com/users/matsim-org/subscriptions",
            "organizations_url": "https://api.github.com/users/matsim-org/orgs",
            "repos_url": "https://api.github.com/users/matsim-org/repos",
            "events_url": "https://api.github.com/users/matsim-org/events{/privacy}",
            "received_events_url": "https://api.github.com/users/matsim-org/received_events",
            "type": "Organization",
            "site_admin": false
        },
        "html_url": "https://github.com/matsim-org/alonso-mora",
        "description": "Pooled fleet dispatching by Alonso-Mora et al. (2017) for MATSim",
        "fork": false,
        "url": "https://api.github.com/repos/matsim-org/alonso-mora",
        "forks_url": "https://api.github.com/repos/matsim-org/alonso-mora/forks",
        "keys_url": "https://api.github.com/repos/matsim-org/alonso-mora/keys{/key_id}",
        "collaborators_url": "https://api.github.com/repos/matsim-org/alonso-mora/collaborators{/collaborator}",
        "teams_url": "https://api.github.com/repos/matsim-org/alonso-mora/teams",
        "hooks_url": "https://api.github.com/repos/matsim-org/alonso-mora/hooks",
        "issue_events_url": "https://api.github.com/repos/matsim-org/alonso-mora/issues/events{/number}",
        "events_url": "https://api.github.com/repos/matsim-org/alonso-mora/events",
        "assignees_url": "https://api.github.com/repos/matsim-org/alonso-mora/assignees{/user}",
        "branches_url": "https://api.github.com/repos/matsim-org/alonso-mora/branches{/branch}",
        "tags_url": "https://api.github.com/repos/matsim-org/alonso-mora/tags",
        "blobs_url": "https://api.github.com/repos/matsim-org/alonso-mora/git/blobs{/sha}",
        "git_tags_url": "https://api.github.com/repos/matsim-org/alonso-mora/git/tags{/sha}",
        "git_refs_url": "https://api.github.com/repos/matsim-org/alonso-mora/git/refs{/sha}",
        "trees_url": "https://api.github.com/repos/matsim-org/alonso-mora/git/trees{/sha}",
        "statuses_url": "https://api.github.com/repos/matsim-org/alonso-mora/statuses/{sha}",
        "languages_url": "https://api.github.com/repos/matsim-org/alonso-mora/languages",
        "stargazers_url": "https://api.github.com/repos/matsim-org/alonso-mora/stargazers",
        "contributors_url": "https://api.github.com/repos/matsim-org/alonso-mora/contributors",
        "subscribers_url": "https://api.github.com/repos/matsim-org/alonso-mora/subscribers",
        "subscription_url": "https://api.github.com/repos/matsim-org/alonso-mora/subscription",
        "commits_url": "https://api.github.com/repos/matsim-org/alonso-mora/commits{/sha}",
        "git_commits_url": "https://api.github.com/repos/matsim-org/alonso-mora/git/commits{/sha}",
        "comments_url": "https://api.github.com/repos/matsim-org/alonso-mora/comments{/number}",
        "issue_comment_url": "https://api.github.com/repos/matsim-org/alonso-mora/issues/comments{/number}",
        "contents_url": "https://api.github.com/repos/matsim-org/alonso-mora/contents/{+path}",
        "compare_url": "https://api.github.com/repos/matsim-org/alonso-mora/compare/{base}...{head}",
        "merges_url": "https://api.github.com/repos/matsim-org/alonso-mora/merges",
        "archive_url": "https://api.github.com/repos/matsim-org/alonso-mora/{archive_format}{/ref}",
        "downloads_url": "https://api.github.com/repos/matsim-org/alonso-mora/downloads",
        "issues_url": "https://api.github.com/repos/matsim-org/alonso-mora/issues{/number}",
        "pulls_url": "https://api.github.com/repos/matsim-org/alonso-mora/pulls{/number}",
        "milestones_url": "https://api.github.com/repos/matsim-org/alonso-mora/milestones{/number}",
        "notifications_url": "https://api.github.com/repos/matsim-org/alonso-mora/notifications{?since,all,participating}",
        "labels_url": "https://api.github.com/repos/matsim-org/alonso-mora/labels{/name}",
        "releases_url": "https://api.github.com/repos/matsim-org/alonso-mora/releases{/id}",
        "deployments_url": "https://api.github.com/repos/matsim-org/alonso-mora/deployments",
        "created_at": "2022-01-28T19:00:40Z",
        "updated_at": "2024-03-14T01:43:12Z",
        "pushed_at": "2024-02-12T12:18:53Z",
        "git_url": "git://github.com/matsim-org/alonso-mora.git",
        "ssh_url": "git@github.com:matsim-org/alonso-mora.git",
        "clone_url": "https://github.com/matsim-org/alonso-mora.git",
        "svn_url": "https://github.com/matsim-org/alonso-mora",
        "homepage": null,
        "size": 213,
        "stargazers_count": 6,
        "watchers_count": 6,
        "language": "Java",
        "has_issues": true,
        "has_projects": false,
        "has_downloads": true,
        "has_wiki": false,
        "has_pages": false,
        "has_discussions": false,
        "forks_count": 4,
        "mirror_url": null,
        "archived": false,
        "disabled": false,
        "open_issues_count": 8,
        "license": {
            "key": "mit",
            "name": "MIT License",
            "spdx_id": "MIT",
            "url": "https://api.github.com/licenses/mit",
            "node_id": "MDc6TGljZW5zZTEz"
        },
        "allow_forking": true,
        "is_template": false,
        "web_commit_signoff_required": false,
        "topics": [],
        "visibility": "public",
        "forks": 4,
        "open_issues": 8,
        "watchers": 6,
        "default_branch": "master"
    },
    "source": {
        "id": 453184403,
        "node_id": "R_kgDOGwMLkw",
        "name": "alonso-mora",
        "full_name": "matsim-org/alonso-mora",
        "private": false,
        "owner": {
            "login": "matsim-org",
            "id": 1541281,
            "node_id": "MDEyOk9yZ2FuaXphdGlvbjE1NDEyODE=",
            "avatar_url": "https://avatars.githubusercontent.com/u/1541281?v=4",
            "gravatar_id": "",
            "url": "https://api.github.com/users/matsim-org",
            "html_url": "https://github.com/matsim-org",
            "followers_url": "https://api.github.com/users/matsim-org/followers",
            "following_url": "https://api.github.com/users/matsim-org/following{/other_user}",
            "gists_url": "https://api.github.com/users/matsim-org/gists{/gist_id}",
            "starred_url": "https://api.github.com/users/matsim-org/starred{/owner}{/repo}",
            "subscriptions_url": "https://api.github.com/users/matsim-org/subscriptions",
            "organizations_url": "https://api.github.com/users/matsim-org/orgs",
            "repos_url": "https://api.github.com/users/matsim-org/repos",
            "events_url": "https://api.github.com/users/matsim-org/events{/privacy}",
            "received_events_url": "https://api.github.com/users/matsim-org/received_events",
            "type": "Organization",
            "site_admin": false
        },
        "html_url": "https://github.com/matsim-org/alonso-mora",
        "description": "Pooled fleet dispatching by Alonso-Mora et al. (2017) for MATSim",
        "fork": false,
        "url": "https://api.github.com/repos/matsim-org/alonso-mora",
        "forks_url": "https://api.github.com/repos/matsim-org/alonso-mora/forks",
        "keys_url": "https://api.github.com/repos/matsim-org/alonso-mora/keys{/key_id}",
        "collaborators_url": "https://api.github.com/repos/matsim-org/alonso-mora/collaborators{/collaborator}",
        "teams_url": "https://api.github.com/repos/matsim-org/alonso-mora/teams",
        "hooks_url": "https://api.github.com/repos/matsim-org/alonso-mora/hooks",
        "issue_events_url": "https://api.github.com/repos/matsim-org/alonso-mora/issues/events{/number}",
        "events_url": "https://api.github.com/repos/matsim-org/alonso-mora/events",
        "assignees_url": "https://api.github.com/repos/matsim-org/alonso-mora/assignees{/user}",
        "branches_url": "https://api.github.com/repos/matsim-org/alonso-mora/branches{/branch}",
        "tags_url": "https://api.github.com/repos/matsim-org/alonso-mora/tags",
        "blobs_url": "https://api.github.com/repos/matsim-org/alonso-mora/git/blobs{/sha}",
        "git_tags_url": "https://api.github.com/repos/matsim-org/alonso-mora/git/tags{/sha}",
        "git_refs_url": "https://api.github.com/repos/matsim-org/alonso-mora/git/refs{/sha}",
        "trees_url": "https://api.github.com/repos/matsim-org/alonso-mora/git/trees{/sha}",
        "statuses_url": "https://api.github.com/repos/matsim-org/alonso-mora/statuses/{sha}",
        "languages_url": "https://api.github.com/repos/matsim-org/alonso-mora/languages",
        "stargazers_url": "https://api.github.com/repos/matsim-org/alonso-mora/stargazers",
        "contributors_url": "https://api.github.com/repos/matsim-org/alonso-mora/contributors",
        "subscribers_url": "https://api.github.com/repos/matsim-org/alonso-mora/subscribers",
        "subscription_url": "https://api.github.com/repos/matsim-org/alonso-mora/subscription",
        "commits_url": "https://api.github.com/repos/matsim-org/alonso-mora/commits{/sha}",
        "git_commits_url": "https://api.github.com/repos/matsim-org/alonso-mora/git/commits{/sha}",
        "comments_url": "https://api.github.com/repos/matsim-org/alonso-mora/comments{/number}",
        "issue_comment_url": "https://api.github.com/repos/matsim-org/alonso-mora/issues/comments{/number}",
        "contents_url": "https://api.github.com/repos/matsim-org/alonso-mora/contents/{+path}",
        "compare_url": "https://api.github.com/repos/matsim-org/alonso-mora/compare/{base}...{head}",
        "merges_url": "https://api.github.com/repos/matsim-org/alonso-mora/merges",
        "archive_url": "https://api.github.com/repos/matsim-org/alonso-mora/{archive_format}{/ref}",
        "downloads_url": "https://api.github.com/repos/matsim-org/alonso-mora/downloads",
        "issues_url": "https://api.github.com/repos/matsim-org/alonso-mora/issues{/number}",
        "pulls_url": "https://api.github.com/repos/matsim-org/alonso-mora/pulls{/number}",
        "milestones_url": "https://api.github.com/repos/matsim-org/alonso-mora/milestones{/number}",
        "notifications_url": "https://api.github.com/repos/matsim-org/alonso-mora/notifications{?since,all,participating}",
        "labels_url": "https://api.github.com/repos/matsim-org/alonso-mora/labels{/name}",
        "releases_url": "https://api.github.com/repos/matsim-org/alonso-mora/releases{/id}",
        "deployments_url": "https://api.github.com/repos/matsim-org/alonso-mora/deployments",
        "created_at": "2022-01-28T19:00:40Z",
        "updated_at": "2024-03-14T01:43:12Z",
        "pushed_at": "2024-02-12T12:18:53Z",
        "git_url": "git://github.com/matsim-org/alonso-mora.git",
        "ssh_url": "git@github.com:matsim-org/alonso-mora.git",
        "clone_url": "https://github.com/matsim-org/alonso-mora.git",
        "svn_url": "https://github.com/matsim-org/alonso-mora",
        "homepage": null,
        "size": 213,
        "stargazers_count": 6,
        "watchers_count": 6,
        "language": "Java",
        "has_issues": true,
        "has_projects": false,
        "has_downloads": true,
        "has_wiki": false,
        "has_pages": false,
        "has_discussions": false,
        "forks_count": 4,
        "mirror_url": null,
        "archived": false,
        "disabled": false,
        "open_issues_count": 8,
        "license": {
            "key": "mit",
            "name": "MIT License",
            "spdx_id": "MIT",
            "url": "https://api.github.com/licenses/mit",
            "node_id": "MDc6TGljZW5zZTEz"
        },
        "allow_forking": true,
        "is_template": false,
        "web_commit_signoff_required": false,
        "topics": [],
        "visibility": "public",
        "forks": 4,
        "open_issues": 8,
        "watchers": 6,
        "default_branch": "master"
    },
    "network_count": 4,
    "subscribers_count": 1
}