{
    "id": 224082019,
    "node_id": "MDEwOlJlcG9zaXRvcnkyMjQwODIwMTk=",
    "name": "demo-receiver",
    "full_name": "jackjetty/demo-receiver",
    "private": false,
    "owner": {
        "login": "jackjetty",
        "id": 19258684,
        "node_id": "MDQ6VXNlcjE5MjU4Njg0",
        "avatar_url": "https://avatars.githubusercontent.com/u/19258684?v=4",
        "gravatar_id": "",
        "url": "https://api.github.com/users/jackjetty",
        "html_url": "https://github.com/jackjetty",
        "followers_url": "https://api.github.com/users/jackjetty/followers",
        "following_url": "https://api.github.com/users/jackjetty/following{/other_user}",
        "gists_url": "https://api.github.com/users/jackjetty/gists{/gist_id}",
        "starred_url": "https://api.github.com/users/jackjetty/starred{/owner}{/repo}",
        "subscriptions_url": "https://api.github.com/users/jackjetty/subscriptions",
        "organizations_url": "https://api.github.com/users/jackjetty/orgs",
        "repos_url": "https://api.github.com/users/jackjetty/repos",
        "events_url": "https://api.github.com/users/jackjetty/events{/privacy}",
        "received_events_url": "https://api.github.com/users/jackjetty/received_events",
        "type": "User",
        "site_admin": false
    },
    "html_url": "https://github.com/jackjetty/demo-receiver",
    "description": "spring cloud demo \u4e2d\u7684\u670d\u52a1\u88ab\u8c03\u7528\u8005 \u5b9e\u73b0\u8005",
    "fork": false,
    "url": "https://api.github.com/repos/jackjetty/demo-receiver",
    "forks_url": "https://api.github.com/repos/jackjetty/demo-receiver/forks",
    "keys_url": "https://api.github.com/repos/jackjetty/demo-receiver/keys{/key_id}",
    "collaborators_url": "https://api.github.com/repos/jackjetty/demo-receiver/collaborators{/collaborator}",
    "teams_url": "https://api.github.com/repos/jackjetty/demo-receiver/teams",
    "hooks_url": "https://api.github.com/repos/jackjetty/demo-receiver/hooks",
    "issue_events_url": "https://api.github.com/repos/jackjetty/demo-receiver/issues/events{/number}",
    "events_url": "https://api.github.com/repos/jackjetty/demo-receiver/events",
    "assignees_url": "https://api.github.com/repos/jackjetty/demo-receiver/assignees{/user}",
    "branches_url": "https://api.github.com/repos/jackjetty/demo-receiver/branches{/branch}",
    "tags_url": "https://api.github.com/repos/jackjetty/demo-receiver/tags",
    "blobs_url": "https://api.github.com/repos/jackjetty/demo-receiver/git/blobs{/sha}",
    "git_tags_url": "https://api.github.com/repos/jackjetty/demo-receiver/git/tags{/sha}",
    "git_refs_url": "https://api.github.com/repos/jackjetty/demo-receiver/git/refs{/sha}",
    "trees_url": "https://api.github.com/repos/jackjetty/demo-receiver/git/trees{/sha}",
    "statuses_url": "https://api.github.com/repos/jackjetty/demo-receiver/statuses/{sha}",
    "languages_url": "https://api.github.com/repos/jackjetty/demo-receiver/languages",
    "stargazers_url": "https://api.github.com/repos/jackjetty/demo-receiver/stargazers",
    "contributors_url": "https://api.github.com/repos/jackjetty/demo-receiver/contributors",
    "subscribers_url": "https://api.github.com/repos/jackjetty/demo-receiver/subscribers",
    "subscription_url": "https://api.github.com/repos/jackjetty/demo-receiver/subscription",
    "commits_url": "https://api.github.com/repos/jackjetty/demo-receiver/commits{/sha}",
    "git_commits_url": "https://api.github.com/repos/jackjetty/demo-receiver/git/commits{/sha}",
    "comments_url": "https://api.github.com/repos/jackjetty/demo-receiver/comments{/number}",
    "issue_comment_url": "https://api.github.com/repos/jackjetty/demo-receiver/issues/comments{/number}",
    "contents_url": "https://api.github.com/repos/jackjetty/demo-receiver/contents/{+path}",
    "compare_url": "https://api.github.com/repos/jackjetty/demo-receiver/compare/{base}...{head}",
    "merges_url": "https://api.github.com/repos/jackjetty/demo-receiver/merges",
    "archive_url": "https://api.github.com/repos/jackjetty/demo-receiver/{archive_format}{/ref}",
    "downloads_url": "https://api.github.com/repos/jackjetty/demo-receiver/downloads",
    "issues_url": "https://api.github.com/repos/jackjetty/demo-receiver/issues{/number}",
    "pulls_url": "https://api.github.com/repos/jackjetty/demo-receiver/pulls{/number}",
    "milestones_url": "https://api.github.com/repos/jackjetty/demo-receiver/milestones{/number}",
    "notifications_url": "https://api.github.com/repos/jackjetty/demo-receiver/notifications{?since,all,participating}",
    "labels_url": "https://api.github.com/repos/jackjetty/demo-receiver/labels{/name}",
    "releases_url": "https://api.github.com/repos/jackjetty/demo-receiver/releases{/id}",
    "deployments_url": "https://api.github.com/repos/jackjetty/demo-receiver/deployments",
    "created_at": "2019-11-26T02:11:28Z",
    "updated_at": "2019-11-27T08:50:38Z",
    "pushed_at": "2022-05-20T21:16:58Z",
    "git_url": "git://github.com/jackjetty/demo-receiver.git",
    "ssh_url": "git@github.com:jackjetty/demo-receiver.git",
    "clone_url": "https://github.com/jackjetty/demo-receiver.git",
    "svn_url": "https://github.com/jackjetty/demo-receiver",
    "homepage": "",
    "size": 13,
    "stargazers_count": 0,
    "watchers_count": 0,
    "language": "Java",
    "has_issues": true,
    "has_projects": true,
    "has_downloads": true,
    "has_wiki": true,
    "has_pages": false,
    "has_discussions": false,
    "forks_count": 0,
    "mirror_url": null,
    "archived": false,
    "disabled": false,
    "open_issues_count": 1,
    "license": {
        "key": "apache-2.0",
        "name": "Apache License 2.0",
        "spdx_id": "Apache-2.0",
        "url": "https://api.github.com/licenses/apache-2.0",
        "node_id": "MDc6TGljZW5zZTI="
    },
    "allow_forking": true,
    "is_template": false,
    "web_commit_signoff_required": false,
    "topics": [],
    "visibility": "public",
    "forks": 0,
    "open_issues": 1,
    "watchers": 0,
    "default_branch": "master",
    "permissions": {
        "admin": false,
        "maintain": false,
        "push": false,
        "triage": false,
        "pull": true
    },
    "temp_clone_token": "",
    "network_count": 0,
    "subscribers_count": 1
}