{
    "id": 152148448,
    "node_id": "MDEwOlJlcG9zaXRvcnkxNTIxNDg0NDg=",
    "name": "axis-project",
    "full_name": "Cosium/axis-project",
    "private": false,
    "owner": {
        "login": "Cosium",
        "id": 6585851,
        "node_id": "MDEyOk9yZ2FuaXphdGlvbjY1ODU4NTE=",
        "avatar_url": "https://avatars.githubusercontent.com/u/6585851?v=4",
        "gravatar_id": "",
        "url": "https://api.github.com/users/Cosium",
        "html_url": "https://github.com/Cosium",
        "followers_url": "https://api.github.com/users/Cosium/followers",
        "following_url": "https://api.github.com/users/Cosium/following{/other_user}",
        "gists_url": "https://api.github.com/users/Cosium/gists{/gist_id}",
        "starred_url": "https://api.github.com/users/Cosium/starred{/owner}{/repo}",
        "subscriptions_url": "https://api.github.com/users/Cosium/subscriptions",
        "organizations_url": "https://api.github.com/users/Cosium/orgs",
        "repos_url": "https://api.github.com/users/Cosium/repos",
        "events_url": "https://api.github.com/users/Cosium/events{/privacy}",
        "received_events_url": "https://api.github.com/users/Cosium/received_events",
        "type": "Organization",
        "site_admin": false
    },
    "html_url": "https://github.com/Cosium/axis-project",
    "description": null,
    "fork": false,
    "url": "https://api.github.com/repos/Cosium/axis-project",
    "forks_url": "https://api.github.com/repos/Cosium/axis-project/forks",
    "keys_url": "https://api.github.com/repos/Cosium/axis-project/keys{/key_id}",
    "collaborators_url": "https://api.github.com/repos/Cosium/axis-project/collaborators{/collaborator}",
    "teams_url": "https://api.github.com/repos/Cosium/axis-project/teams",
    "hooks_url": "https://api.github.com/repos/Cosium/axis-project/hooks",
    "issue_events_url": "https://api.github.com/repos/Cosium/axis-project/issues/events{/number}",
    "events_url": "https://api.github.com/repos/Cosium/axis-project/events",
    "assignees_url": "https://api.github.com/repos/Cosium/axis-project/assignees{/user}",
    "branches_url": "https://api.github.com/repos/Cosium/axis-project/branches{/branch}",
    "tags_url": "https://api.github.com/repos/Cosium/axis-project/tags",
    "blobs_url": "https://api.github.com/repos/Cosium/axis-project/git/blobs{/sha}",
    "git_tags_url": "https://api.github.com/repos/Cosium/axis-project/git/tags{/sha}",
    "git_refs_url": "https://api.github.com/repos/Cosium/axis-project/git/refs{/sha}",
    "trees_url": "https://api.github.com/repos/Cosium/axis-project/git/trees{/sha}",
    "statuses_url": "https://api.github.com/repos/Cosium/axis-project/statuses/{sha}",
    "languages_url": "https://api.github.com/repos/Cosium/axis-project/languages",
    "stargazers_url": "https://api.github.com/repos/Cosium/axis-project/stargazers",
    "contributors_url": "https://api.github.com/repos/Cosium/axis-project/contributors",
    "subscribers_url": "https://api.github.com/repos/Cosium/axis-project/subscribers",
    "subscription_url": "https://api.github.com/repos/Cosium/axis-project/subscription",
    "commits_url": "https://api.github.com/repos/Cosium/axis-project/commits{/sha}",
    "git_commits_url": "https://api.github.com/repos/Cosium/axis-project/git/commits{/sha}",
    "comments_url": "https://api.github.com/repos/Cosium/axis-project/comments{/number}",
    "issue_comment_url": "https://api.github.com/repos/Cosium/axis-project/issues/comments{/number}",
    "contents_url": "https://api.github.com/repos/Cosium/axis-project/contents/{+path}",
    "compare_url": "https://api.github.com/repos/Cosium/axis-project/compare/{base}...{head}",
    "merges_url": "https://api.github.com/repos/Cosium/axis-project/merges",
    "archive_url": "https://api.github.com/repos/Cosium/axis-project/{archive_format}{/ref}",
    "downloads_url": "https://api.github.com/repos/Cosium/axis-project/downloads",
    "issues_url": "https://api.github.com/repos/Cosium/axis-project/issues{/number}",
    "pulls_url": "https://api.github.com/repos/Cosium/axis-project/pulls{/number}",
    "milestones_url": "https://api.github.com/repos/Cosium/axis-project/milestones{/number}",
    "notifications_url": "https://api.github.com/repos/Cosium/axis-project/notifications{?since,all,participating}",
    "labels_url": "https://api.github.com/repos/Cosium/axis-project/labels{/name}",
    "releases_url": "https://api.github.com/repos/Cosium/axis-project/releases{/id}",
    "deployments_url": "https://api.github.com/repos/Cosium/axis-project/deployments",
    "created_at": "2018-10-08T21:22:57Z",
    "updated_at": "2018-10-08T21:24:17Z",
    "pushed_at": "2023-01-08T17:44:58Z",
    "git_url": "git://github.com/Cosium/axis-project.git",
    "ssh_url": "git@github.com:Cosium/axis-project.git",
    "clone_url": "https://github.com/Cosium/axis-project.git",
    "svn_url": "https://github.com/Cosium/axis-project",
    "homepage": null,
    "size": 9878,
    "stargazers_count": 0,
    "watchers_count": 0,
    "language": "Java",
    "has_issues": true,
    "has_projects": true,
    "has_downloads": true,
    "has_wiki": true,
    "has_pages": false,
    "has_discussions": false,
    "forks_count": 0,
    "mirror_url": null,
    "archived": false,
    "disabled": false,
    "open_issues_count": 0,
    "license": {
        "key": "apache-2.0",
        "name": "Apache License 2.0",
        "spdx_id": "Apache-2.0",
        "url": "https://api.github.com/licenses/apache-2.0",
        "node_id": "MDc6TGljZW5zZTI="
    },
    "allow_forking": true,
    "is_template": false,
    "web_commit_signoff_required": false,
    "topics": [],
    "visibility": "public",
    "forks": 0,
    "open_issues": 0,
    "watchers": 0,
    "default_branch": "master",
    "permissions": {
        "admin": false,
        "maintain": false,
        "push": false,
        "triage": false,
        "pull": true
    },
    "temp_clone_token": "",
    "custom_properties": {},
    "organization": {
        "login": "Cosium",
        "id": 6585851,
        "node_id": "MDEyOk9yZ2FuaXphdGlvbjY1ODU4NTE=",
        "avatar_url": "https://avatars.githubusercontent.com/u/6585851?v=4",
        "gravatar_id": "",
        "url": "https://api.github.com/users/Cosium",
        "html_url": "https://github.com/Cosium",
        "followers_url": "https://api.github.com/users/Cosium/followers",
        "following_url": "https://api.github.com/users/Cosium/following{/other_user}",
        "gists_url": "https://api.github.com/users/Cosium/gists{/gist_id}",
        "starred_url": "https://api.github.com/users/Cosium/starred{/owner}{/repo}",
        "subscriptions_url": "https://api.github.com/users/Cosium/subscriptions",
        "organizations_url": "https://api.github.com/users/Cosium/orgs",
        "repos_url": "https://api.github.com/users/Cosium/repos",
        "events_url": "https://api.github.com/users/Cosium/events{/privacy}",
        "received_events_url": "https://api.github.com/users/Cosium/received_events",
        "type": "Organization",
        "site_admin": false
    },
    "network_count": 0,
    "subscribers_count": 4
}