{
    "id": 200576105,
    "node_id": "MDEwOlJlcG9zaXRvcnkyMDA1NzYxMDU=",
    "name": "FlashLibs",
    "full_name": "Flash-Labs/FlashLibs",
    "private": false,
    "owner": {
        "login": "Flash-Labs",
        "id": 48163668,
        "node_id": "MDEyOk9yZ2FuaXphdGlvbjQ4MTYzNjY4",
        "avatar_url": "https://avatars.githubusercontent.com/u/48163668?v=4",
        "gravatar_id": "",
        "url": "https://api.github.com/users/Flash-Labs",
        "html_url": "https://github.com/Flash-Labs",
        "followers_url": "https://api.github.com/users/Flash-Labs/followers",
        "following_url": "https://api.github.com/users/Flash-Labs/following{/other_user}",
        "gists_url": "https://api.github.com/users/Flash-Labs/gists{/gist_id}",
        "starred_url": "https://api.github.com/users/Flash-Labs/starred{/owner}{/repo}",
        "subscriptions_url": "https://api.github.com/users/Flash-Labs/subscriptions",
        "organizations_url": "https://api.github.com/users/Flash-Labs/orgs",
        "repos_url": "https://api.github.com/users/Flash-Labs/repos",
        "events_url": "https://api.github.com/users/Flash-Labs/events{/privacy}",
        "received_events_url": "https://api.github.com/users/Flash-Labs/received_events",
        "type": "Organization",
        "site_admin": false
    },
    "html_url": "https://github.com/Flash-Labs/FlashLibs",
    "description": "A library for Sponge development.",
    "fork": false,
    "url": "https://api.github.com/repos/Flash-Labs/FlashLibs",
    "forks_url": "https://api.github.com/repos/Flash-Labs/FlashLibs/forks",
    "keys_url": "https://api.github.com/repos/Flash-Labs/FlashLibs/keys{/key_id}",
    "collaborators_url": "https://api.github.com/repos/Flash-Labs/FlashLibs/collaborators{/collaborator}",
    "teams_url": "https://api.github.com/repos/Flash-Labs/FlashLibs/teams",
    "hooks_url": "https://api.github.com/repos/Flash-Labs/FlashLibs/hooks",
    "issue_events_url": "https://api.github.com/repos/Flash-Labs/FlashLibs/issues/events{/number}",
    "events_url": "https://api.github.com/repos/Flash-Labs/FlashLibs/events",
    "assignees_url": "https://api.github.com/repos/Flash-Labs/FlashLibs/assignees{/user}",
    "branches_url": "https://api.github.com/repos/Flash-Labs/FlashLibs/branches{/branch}",
    "tags_url": "https://api.github.com/repos/Flash-Labs/FlashLibs/tags",
    "blobs_url": "https://api.github.com/repos/Flash-Labs/FlashLibs/git/blobs{/sha}",
    "git_tags_url": "https://api.github.com/repos/Flash-Labs/FlashLibs/git/tags{/sha}",
    "git_refs_url": "https://api.github.com/repos/Flash-Labs/FlashLibs/git/refs{/sha}",
    "trees_url": "https://api.github.com/repos/Flash-Labs/FlashLibs/git/trees{/sha}",
    "statuses_url": "https://api.github.com/repos/Flash-Labs/FlashLibs/statuses/{sha}",
    "languages_url": "https://api.github.com/repos/Flash-Labs/FlashLibs/languages",
    "stargazers_url": "https://api.github.com/repos/Flash-Labs/FlashLibs/stargazers",
    "contributors_url": "https://api.github.com/repos/Flash-Labs/FlashLibs/contributors",
    "subscribers_url": "https://api.github.com/repos/Flash-Labs/FlashLibs/subscribers",
    "subscription_url": "https://api.github.com/repos/Flash-Labs/FlashLibs/subscription",
    "commits_url": "https://api.github.com/repos/Flash-Labs/FlashLibs/commits{/sha}",
    "git_commits_url": "https://api.github.com/repos/Flash-Labs/FlashLibs/git/commits{/sha}",
    "comments_url": "https://api.github.com/repos/Flash-Labs/FlashLibs/comments{/number}",
    "issue_comment_url": "https://api.github.com/repos/Flash-Labs/FlashLibs/issues/comments{/number}",
    "contents_url": "https://api.github.com/repos/Flash-Labs/FlashLibs/contents/{+path}",
    "compare_url": "https://api.github.com/repos/Flash-Labs/FlashLibs/compare/{base}...{head}",
    "merges_url": "https://api.github.com/repos/Flash-Labs/FlashLibs/merges",
    "archive_url": "https://api.github.com/repos/Flash-Labs/FlashLibs/{archive_format}{/ref}",
    "downloads_url": "https://api.github.com/repos/Flash-Labs/FlashLibs/downloads",
    "issues_url": "https://api.github.com/repos/Flash-Labs/FlashLibs/issues{/number}",
    "pulls_url": "https://api.github.com/repos/Flash-Labs/FlashLibs/pulls{/number}",
    "milestones_url": "https://api.github.com/repos/Flash-Labs/FlashLibs/milestones{/number}",
    "notifications_url": "https://api.github.com/repos/Flash-Labs/FlashLibs/notifications{?since,all,participating}",
    "labels_url": "https://api.github.com/repos/Flash-Labs/FlashLibs/labels{/name}",
    "releases_url": "https://api.github.com/repos/Flash-Labs/FlashLibs/releases{/id}",
    "deployments_url": "https://api.github.com/repos/Flash-Labs/FlashLibs/deployments",
    "created_at": "2019-08-05T03:31:15Z",
    "updated_at": "2022-06-18T09:24:21Z",
    "pushed_at": "2022-06-19T06:41:40Z",
    "git_url": "git://github.com/Flash-Labs/FlashLibs.git",
    "ssh_url": "git@github.com:Flash-Labs/FlashLibs.git",
    "clone_url": "https://github.com/Flash-Labs/FlashLibs.git",
    "svn_url": "https://github.com/Flash-Labs/FlashLibs",
    "homepage": null,
    "size": 107,
    "stargazers_count": 0,
    "watchers_count": 0,
    "language": "Java",
    "has_issues": true,
    "has_projects": true,
    "has_downloads": true,
    "has_wiki": true,
    "has_pages": false,
    "has_discussions": false,
    "forks_count": 0,
    "mirror_url": null,
    "archived": false,
    "disabled": false,
    "open_issues_count": 1,
    "license": {
        "key": "mit",
        "name": "MIT License",
        "spdx_id": "MIT",
        "url": "https://api.github.com/licenses/mit",
        "node_id": "MDc6TGljZW5zZTEz"
    },
    "allow_forking": true,
    "is_template": false,
    "web_commit_signoff_required": false,
    "topics": [],
    "visibility": "public",
    "forks": 0,
    "open_issues": 1,
    "watchers": 0,
    "default_branch": "master",
    "permissions": {
        "admin": false,
        "maintain": false,
        "push": false,
        "triage": false,
        "pull": true
    },
    "temp_clone_token": "",
    "custom_properties": {},
    "organization": {
        "login": "Flash-Labs",
        "id": 48163668,
        "node_id": "MDEyOk9yZ2FuaXphdGlvbjQ4MTYzNjY4",
        "avatar_url": "https://avatars.githubusercontent.com/u/48163668?v=4",
        "gravatar_id": "",
        "url": "https://api.github.com/users/Flash-Labs",
        "html_url": "https://github.com/Flash-Labs",
        "followers_url": "https://api.github.com/users/Flash-Labs/followers",
        "following_url": "https://api.github.com/users/Flash-Labs/following{/other_user}",
        "gists_url": "https://api.github.com/users/Flash-Labs/gists{/gist_id}",
        "starred_url": "https://api.github.com/users/Flash-Labs/starred{/owner}{/repo}",
        "subscriptions_url": "https://api.github.com/users/Flash-Labs/subscriptions",
        "organizations_url": "https://api.github.com/users/Flash-Labs/orgs",
        "repos_url": "https://api.github.com/users/Flash-Labs/repos",
        "events_url": "https://api.github.com/users/Flash-Labs/events{/privacy}",
        "received_events_url": "https://api.github.com/users/Flash-Labs/received_events",
        "type": "Organization",
        "site_admin": false
    },
    "network_count": 0,
    "subscribers_count": 1
}