{
    "id": 152288356,
    "node_id": "MDEwOlJlcG9zaXRvcnkxNTIyODgzNTY=",
    "name": "jforum2",
    "full_name": "f450/jforum2",
    "private": false,
    "owner": {
        "login": "f450",
        "id": 44001061,
        "node_id": "MDQ6VXNlcjQ0MDAxMDYx",
        "avatar_url": "https://avatars.githubusercontent.com/u/44001061?v=4",
        "gravatar_id": "",
        "url": "https://api.github.com/users/f450",
        "html_url": "https://github.com/f450",
        "followers_url": "https://api.github.com/users/f450/followers",
        "following_url": "https://api.github.com/users/f450/following{/other_user}",
        "gists_url": "https://api.github.com/users/f450/gists{/gist_id}",
        "starred_url": "https://api.github.com/users/f450/starred{/owner}{/repo}",
        "subscriptions_url": "https://api.github.com/users/f450/subscriptions",
        "organizations_url": "https://api.github.com/users/f450/orgs",
        "repos_url": "https://api.github.com/users/f450/repos",
        "events_url": "https://api.github.com/users/f450/events{/privacy}",
        "received_events_url": "https://api.github.com/users/f450/received_events",
        "type": "User",
        "site_admin": false
    },
    "html_url": "https://github.com/f450/jforum2",
    "description": null,
    "fork": false,
    "url": "https://api.github.com/repos/f450/jforum2",
    "forks_url": "https://api.github.com/repos/f450/jforum2/forks",
    "keys_url": "https://api.github.com/repos/f450/jforum2/keys{/key_id}",
    "collaborators_url": "https://api.github.com/repos/f450/jforum2/collaborators{/collaborator}",
    "teams_url": "https://api.github.com/repos/f450/jforum2/teams",
    "hooks_url": "https://api.github.com/repos/f450/jforum2/hooks",
    "issue_events_url": "https://api.github.com/repos/f450/jforum2/issues/events{/number}",
    "events_url": "https://api.github.com/repos/f450/jforum2/events",
    "assignees_url": "https://api.github.com/repos/f450/jforum2/assignees{/user}",
    "branches_url": "https://api.github.com/repos/f450/jforum2/branches{/branch}",
    "tags_url": "https://api.github.com/repos/f450/jforum2/tags",
    "blobs_url": "https://api.github.com/repos/f450/jforum2/git/blobs{/sha}",
    "git_tags_url": "https://api.github.com/repos/f450/jforum2/git/tags{/sha}",
    "git_refs_url": "https://api.github.com/repos/f450/jforum2/git/refs{/sha}",
    "trees_url": "https://api.github.com/repos/f450/jforum2/git/trees{/sha}",
    "statuses_url": "https://api.github.com/repos/f450/jforum2/statuses/{sha}",
    "languages_url": "https://api.github.com/repos/f450/jforum2/languages",
    "stargazers_url": "https://api.github.com/repos/f450/jforum2/stargazers",
    "contributors_url": "https://api.github.com/repos/f450/jforum2/contributors",
    "subscribers_url": "https://api.github.com/repos/f450/jforum2/subscribers",
    "subscription_url": "https://api.github.com/repos/f450/jforum2/subscription",
    "commits_url": "https://api.github.com/repos/f450/jforum2/commits{/sha}",
    "git_commits_url": "https://api.github.com/repos/f450/jforum2/git/commits{/sha}",
    "comments_url": "https://api.github.com/repos/f450/jforum2/comments{/number}",
    "issue_comment_url": "https://api.github.com/repos/f450/jforum2/issues/comments{/number}",
    "contents_url": "https://api.github.com/repos/f450/jforum2/contents/{+path}",
    "compare_url": "https://api.github.com/repos/f450/jforum2/compare/{base}...{head}",
    "merges_url": "https://api.github.com/repos/f450/jforum2/merges",
    "archive_url": "https://api.github.com/repos/f450/jforum2/{archive_format}{/ref}",
    "downloads_url": "https://api.github.com/repos/f450/jforum2/downloads",
    "issues_url": "https://api.github.com/repos/f450/jforum2/issues{/number}",
    "pulls_url": "https://api.github.com/repos/f450/jforum2/pulls{/number}",
    "milestones_url": "https://api.github.com/repos/f450/jforum2/milestones{/number}",
    "notifications_url": "https://api.github.com/repos/f450/jforum2/notifications{?since,all,participating}",
    "labels_url": "https://api.github.com/repos/f450/jforum2/labels{/name}",
    "releases_url": "https://api.github.com/repos/f450/jforum2/releases{/id}",
    "deployments_url": "https://api.github.com/repos/f450/jforum2/deployments",
    "created_at": "2018-10-09T16:55:20Z",
    "updated_at": "2018-10-09T16:59:12Z",
    "pushed_at": "2018-10-09T16:58:37Z",
    "git_url": "git://github.com/f450/jforum2.git",
    "ssh_url": "git@github.com:f450/jforum2.git",
    "clone_url": "https://github.com/f450/jforum2.git",
    "svn_url": "https://github.com/f450/jforum2",
    "homepage": null,
    "size": 21598,
    "stargazers_count": 0,
    "watchers_count": 0,
    "language": "Java",
    "has_issues": true,
    "has_projects": true,
    "has_downloads": true,
    "has_wiki": true,
    "has_pages": false,
    "has_discussions": false,
    "forks_count": 0,
    "mirror_url": null,
    "archived": false,
    "disabled": false,
    "open_issues_count": 0,
    "license": {
        "key": "other",
        "name": "Other",
        "spdx_id": "NOASSERTION",
        "url": null,
        "node_id": "MDc6TGljZW5zZTA="
    },
    "allow_forking": true,
    "is_template": false,
    "web_commit_signoff_required": false,
    "topics": [],
    "visibility": "public",
    "forks": 0,
    "open_issues": 0,
    "watchers": 0,
    "default_branch": "master",
    "permissions": {
        "admin": false,
        "maintain": false,
        "push": false,
        "triage": false,
        "pull": true
    },
    "temp_clone_token": "",
    "network_count": 0,
    "subscribers_count": 1
}