{
    "id": 100974347,
    "node_id": "MDEwOlJlcG9zaXRvcnkxMDA5NzQzNDc=",
    "name": "leetcode-solutions",
    "full_name": "dtprogrammer/leetcode-solutions",
    "private": false,
    "owner": {
        "login": "dtprogrammer",
        "id": 30282766,
        "node_id": "MDQ6VXNlcjMwMjgyNzY2",
        "avatar_url": "https://avatars.githubusercontent.com/u/30282766?v=4",
        "gravatar_id": "",
        "url": "https://api.github.com/users/dtprogrammer",
        "html_url": "https://github.com/dtprogrammer",
        "followers_url": "https://api.github.com/users/dtprogrammer/followers",
        "following_url": "https://api.github.com/users/dtprogrammer/following{/other_user}",
        "gists_url": "https://api.github.com/users/dtprogrammer/gists{/gist_id}",
        "starred_url": "https://api.github.com/users/dtprogrammer/starred{/owner}{/repo}",
        "subscriptions_url": "https://api.github.com/users/dtprogrammer/subscriptions",
        "organizations_url": "https://api.github.com/users/dtprogrammer/orgs",
        "repos_url": "https://api.github.com/users/dtprogrammer/repos",
        "events_url": "https://api.github.com/users/dtprogrammer/events{/privacy}",
        "received_events_url": "https://api.github.com/users/dtprogrammer/received_events",
        "type": "User",
        "site_admin": false
    },
    "html_url": "https://github.com/dtprogrammer/leetcode-solutions",
    "description": "Java Solutions for LeetCode problems",
    "fork": false,
    "url": "https://api.github.com/repos/dtprogrammer/leetcode-solutions",
    "forks_url": "https://api.github.com/repos/dtprogrammer/leetcode-solutions/forks",
    "keys_url": "https://api.github.com/repos/dtprogrammer/leetcode-solutions/keys{/key_id}",
    "collaborators_url": "https://api.github.com/repos/dtprogrammer/leetcode-solutions/collaborators{/collaborator}",
    "teams_url": "https://api.github.com/repos/dtprogrammer/leetcode-solutions/teams",
    "hooks_url": "https://api.github.com/repos/dtprogrammer/leetcode-solutions/hooks",
    "issue_events_url": "https://api.github.com/repos/dtprogrammer/leetcode-solutions/issues/events{/number}",
    "events_url": "https://api.github.com/repos/dtprogrammer/leetcode-solutions/events",
    "assignees_url": "https://api.github.com/repos/dtprogrammer/leetcode-solutions/assignees{/user}",
    "branches_url": "https://api.github.com/repos/dtprogrammer/leetcode-solutions/branches{/branch}",
    "tags_url": "https://api.github.com/repos/dtprogrammer/leetcode-solutions/tags",
    "blobs_url": "https://api.github.com/repos/dtprogrammer/leetcode-solutions/git/blobs{/sha}",
    "git_tags_url": "https://api.github.com/repos/dtprogrammer/leetcode-solutions/git/tags{/sha}",
    "git_refs_url": "https://api.github.com/repos/dtprogrammer/leetcode-solutions/git/refs{/sha}",
    "trees_url": "https://api.github.com/repos/dtprogrammer/leetcode-solutions/git/trees{/sha}",
    "statuses_url": "https://api.github.com/repos/dtprogrammer/leetcode-solutions/statuses/{sha}",
    "languages_url": "https://api.github.com/repos/dtprogrammer/leetcode-solutions/languages",
    "stargazers_url": "https://api.github.com/repos/dtprogrammer/leetcode-solutions/stargazers",
    "contributors_url": "https://api.github.com/repos/dtprogrammer/leetcode-solutions/contributors",
    "subscribers_url": "https://api.github.com/repos/dtprogrammer/leetcode-solutions/subscribers",
    "subscription_url": "https://api.github.com/repos/dtprogrammer/leetcode-solutions/subscription",
    "commits_url": "https://api.github.com/repos/dtprogrammer/leetcode-solutions/commits{/sha}",
    "git_commits_url": "https://api.github.com/repos/dtprogrammer/leetcode-solutions/git/commits{/sha}",
    "comments_url": "https://api.github.com/repos/dtprogrammer/leetcode-solutions/comments{/number}",
    "issue_comment_url": "https://api.github.com/repos/dtprogrammer/leetcode-solutions/issues/comments{/number}",
    "contents_url": "https://api.github.com/repos/dtprogrammer/leetcode-solutions/contents/{+path}",
    "compare_url": "https://api.github.com/repos/dtprogrammer/leetcode-solutions/compare/{base}...{head}",
    "merges_url": "https://api.github.com/repos/dtprogrammer/leetcode-solutions/merges",
    "archive_url": "https://api.github.com/repos/dtprogrammer/leetcode-solutions/{archive_format}{/ref}",
    "downloads_url": "https://api.github.com/repos/dtprogrammer/leetcode-solutions/downloads",
    "issues_url": "https://api.github.com/repos/dtprogrammer/leetcode-solutions/issues{/number}",
    "pulls_url": "https://api.github.com/repos/dtprogrammer/leetcode-solutions/pulls{/number}",
    "milestones_url": "https://api.github.com/repos/dtprogrammer/leetcode-solutions/milestones{/number}",
    "notifications_url": "https://api.github.com/repos/dtprogrammer/leetcode-solutions/notifications{?since,all,participating}",
    "labels_url": "https://api.github.com/repos/dtprogrammer/leetcode-solutions/labels{/name}",
    "releases_url": "https://api.github.com/repos/dtprogrammer/leetcode-solutions/releases{/id}",
    "deployments_url": "https://api.github.com/repos/dtprogrammer/leetcode-solutions/deployments",
    "created_at": "2017-08-21T16:58:46Z",
    "updated_at": "2018-04-01T04:50:34Z",
    "pushed_at": "2018-04-01T04:50:32Z",
    "git_url": "git://github.com/dtprogrammer/leetcode-solutions.git",
    "ssh_url": "git@github.com:dtprogrammer/leetcode-solutions.git",
    "clone_url": "https://github.com/dtprogrammer/leetcode-solutions.git",
    "svn_url": "https://github.com/dtprogrammer/leetcode-solutions",
    "homepage": null,
    "size": 968,
    "stargazers_count": 0,
    "watchers_count": 0,
    "language": "Java",
    "has_issues": true,
    "has_projects": true,
    "has_downloads": true,
    "has_wiki": true,
    "has_pages": false,
    "has_discussions": false,
    "forks_count": 0,
    "mirror_url": null,
    "archived": false,
    "disabled": false,
    "open_issues_count": 0,
    "license": {
        "key": "mit",
        "name": "MIT License",
        "spdx_id": "MIT",
        "url": "https://api.github.com/licenses/mit",
        "node_id": "MDc6TGljZW5zZTEz"
    },
    "allow_forking": true,
    "is_template": false,
    "web_commit_signoff_required": false,
    "topics": [
        "alogriths",
        "data-structures",
        "interview-practice",
        "interview-preparation",
        "interview-questions",
        "java",
        "leetcode",
        "leetcode-java",
        "leetcode-practice",
        "leetcode-questions"
    ],
    "visibility": "public",
    "forks": 0,
    "open_issues": 0,
    "watchers": 0,
    "default_branch": "master",
    "permissions": {
        "admin": false,
        "maintain": false,
        "push": false,
        "triage": false,
        "pull": true
    },
    "temp_clone_token": "",
    "network_count": 0,
    "subscribers_count": 1
}