{
    "id": 133020369,
    "node_id": "MDEwOlJlcG9zaXRvcnkxMzMwMjAzNjk=",
    "name": "AFArms",
    "full_name": "tang5011235/AFArms",
    "private": false,
    "owner": {
        "login": "tang5011235",
        "id": 13332227,
        "node_id": "MDQ6VXNlcjEzMzMyMjI3",
        "avatar_url": "https://avatars.githubusercontent.com/u/13332227?v=4",
        "gravatar_id": "",
        "url": "https://api.github.com/users/tang5011235",
        "html_url": "https://github.com/tang5011235",
        "followers_url": "https://api.github.com/users/tang5011235/followers",
        "following_url": "https://api.github.com/users/tang5011235/following{/other_user}",
        "gists_url": "https://api.github.com/users/tang5011235/gists{/gist_id}",
        "starred_url": "https://api.github.com/users/tang5011235/starred{/owner}{/repo}",
        "subscriptions_url": "https://api.github.com/users/tang5011235/subscriptions",
        "organizations_url": "https://api.github.com/users/tang5011235/orgs",
        "repos_url": "https://api.github.com/users/tang5011235/repos",
        "events_url": "https://api.github.com/users/tang5011235/events{/privacy}",
        "received_events_url": "https://api.github.com/users/tang5011235/received_events",
        "type": "User",
        "site_admin": false
    },
    "html_url": "https://github.com/tang5011235/AFArms",
    "description": null,
    "fork": false,
    "url": "https://api.github.com/repos/tang5011235/AFArms",
    "forks_url": "https://api.github.com/repos/tang5011235/AFArms/forks",
    "keys_url": "https://api.github.com/repos/tang5011235/AFArms/keys{/key_id}",
    "collaborators_url": "https://api.github.com/repos/tang5011235/AFArms/collaborators{/collaborator}",
    "teams_url": "https://api.github.com/repos/tang5011235/AFArms/teams",
    "hooks_url": "https://api.github.com/repos/tang5011235/AFArms/hooks",
    "issue_events_url": "https://api.github.com/repos/tang5011235/AFArms/issues/events{/number}",
    "events_url": "https://api.github.com/repos/tang5011235/AFArms/events",
    "assignees_url": "https://api.github.com/repos/tang5011235/AFArms/assignees{/user}",
    "branches_url": "https://api.github.com/repos/tang5011235/AFArms/branches{/branch}",
    "tags_url": "https://api.github.com/repos/tang5011235/AFArms/tags",
    "blobs_url": "https://api.github.com/repos/tang5011235/AFArms/git/blobs{/sha}",
    "git_tags_url": "https://api.github.com/repos/tang5011235/AFArms/git/tags{/sha}",
    "git_refs_url": "https://api.github.com/repos/tang5011235/AFArms/git/refs{/sha}",
    "trees_url": "https://api.github.com/repos/tang5011235/AFArms/git/trees{/sha}",
    "statuses_url": "https://api.github.com/repos/tang5011235/AFArms/statuses/{sha}",
    "languages_url": "https://api.github.com/repos/tang5011235/AFArms/languages",
    "stargazers_url": "https://api.github.com/repos/tang5011235/AFArms/stargazers",
    "contributors_url": "https://api.github.com/repos/tang5011235/AFArms/contributors",
    "subscribers_url": "https://api.github.com/repos/tang5011235/AFArms/subscribers",
    "subscription_url": "https://api.github.com/repos/tang5011235/AFArms/subscription",
    "commits_url": "https://api.github.com/repos/tang5011235/AFArms/commits{/sha}",
    "git_commits_url": "https://api.github.com/repos/tang5011235/AFArms/git/commits{/sha}",
    "comments_url": "https://api.github.com/repos/tang5011235/AFArms/comments{/number}",
    "issue_comment_url": "https://api.github.com/repos/tang5011235/AFArms/issues/comments{/number}",
    "contents_url": "https://api.github.com/repos/tang5011235/AFArms/contents/{+path}",
    "compare_url": "https://api.github.com/repos/tang5011235/AFArms/compare/{base}...{head}",
    "merges_url": "https://api.github.com/repos/tang5011235/AFArms/merges",
    "archive_url": "https://api.github.com/repos/tang5011235/AFArms/{archive_format}{/ref}",
    "downloads_url": "https://api.github.com/repos/tang5011235/AFArms/downloads",
    "issues_url": "https://api.github.com/repos/tang5011235/AFArms/issues{/number}",
    "pulls_url": "https://api.github.com/repos/tang5011235/AFArms/pulls{/number}",
    "milestones_url": "https://api.github.com/repos/tang5011235/AFArms/milestones{/number}",
    "notifications_url": "https://api.github.com/repos/tang5011235/AFArms/notifications{?since,all,participating}",
    "labels_url": "https://api.github.com/repos/tang5011235/AFArms/labels{/name}",
    "releases_url": "https://api.github.com/repos/tang5011235/AFArms/releases{/id}",
    "deployments_url": "https://api.github.com/repos/tang5011235/AFArms/deployments",
    "created_at": "2018-05-11T09:35:55Z",
    "updated_at": "2018-06-04T14:44:36Z",
    "pushed_at": "2018-06-04T14:44:35Z",
    "git_url": "git://github.com/tang5011235/AFArms.git",
    "ssh_url": "git@github.com:tang5011235/AFArms.git",
    "clone_url": "https://github.com/tang5011235/AFArms.git",
    "svn_url": "https://github.com/tang5011235/AFArms",
    "homepage": null,
    "size": 304,
    "stargazers_count": 6,
    "watchers_count": 6,
    "language": "Java",
    "has_issues": true,
    "has_projects": true,
    "has_downloads": true,
    "has_wiki": true,
    "has_pages": false,
    "has_discussions": false,
    "forks_count": 0,
    "mirror_url": null,
    "archived": false,
    "disabled": false,
    "open_issues_count": 0,
    "license": null,
    "allow_forking": true,
    "is_template": false,
    "web_commit_signoff_required": false,
    "topics": [],
    "visibility": "public",
    "forks": 0,
    "open_issues": 0,
    "watchers": 6,
    "default_branch": "master",
    "permissions": {
        "admin": false,
        "maintain": false,
        "push": false,
        "triage": false,
        "pull": true
    },
    "temp_clone_token": "",
    "network_count": 0,
    "subscribers_count": 2
}