{
    "id": 296588023,
    "node_id": "MDEwOlJlcG9zaXRvcnkyOTY1ODgwMjM=",
    "name": "blog",
    "full_name": "BulkSecurityGeneratorProject14/blog",
    "private": false,
    "owner": {
        "login": "BulkSecurityGeneratorProject14",
        "id": 71479487,
        "node_id": "MDEyOk9yZ2FuaXphdGlvbjcxNDc5NDg3",
        "avatar_url": "https://avatars.githubusercontent.com/u/71479487?v=4",
        "gravatar_id": "",
        "url": "https://api.github.com/users/BulkSecurityGeneratorProject14",
        "html_url": "https://github.com/BulkSecurityGeneratorProject14",
        "followers_url": "https://api.github.com/users/BulkSecurityGeneratorProject14/followers",
        "following_url": "https://api.github.com/users/BulkSecurityGeneratorProject14/following{/other_user}",
        "gists_url": "https://api.github.com/users/BulkSecurityGeneratorProject14/gists{/gist_id}",
        "starred_url": "https://api.github.com/users/BulkSecurityGeneratorProject14/starred{/owner}{/repo}",
        "subscriptions_url": "https://api.github.com/users/BulkSecurityGeneratorProject14/subscriptions",
        "organizations_url": "https://api.github.com/users/BulkSecurityGeneratorProject14/orgs",
        "repos_url": "https://api.github.com/users/BulkSecurityGeneratorProject14/repos",
        "events_url": "https://api.github.com/users/BulkSecurityGeneratorProject14/events{/privacy}",
        "received_events_url": "https://api.github.com/users/BulkSecurityGeneratorProject14/received_events",
        "type": "Organization",
        "site_admin": false
    },
    "html_url": "https://github.com/BulkSecurityGeneratorProject14/blog",
    "description": "Jhipster",
    "fork": true,
    "url": "https://api.github.com/repos/BulkSecurityGeneratorProject14/blog",
    "forks_url": "https://api.github.com/repos/BulkSecurityGeneratorProject14/blog/forks",
    "keys_url": "https://api.github.com/repos/BulkSecurityGeneratorProject14/blog/keys{/key_id}",
    "collaborators_url": "https://api.github.com/repos/BulkSecurityGeneratorProject14/blog/collaborators{/collaborator}",
    "teams_url": "https://api.github.com/repos/BulkSecurityGeneratorProject14/blog/teams",
    "hooks_url": "https://api.github.com/repos/BulkSecurityGeneratorProject14/blog/hooks",
    "issue_events_url": "https://api.github.com/repos/BulkSecurityGeneratorProject14/blog/issues/events{/number}",
    "events_url": "https://api.github.com/repos/BulkSecurityGeneratorProject14/blog/events",
    "assignees_url": "https://api.github.com/repos/BulkSecurityGeneratorProject14/blog/assignees{/user}",
    "branches_url": "https://api.github.com/repos/BulkSecurityGeneratorProject14/blog/branches{/branch}",
    "tags_url": "https://api.github.com/repos/BulkSecurityGeneratorProject14/blog/tags",
    "blobs_url": "https://api.github.com/repos/BulkSecurityGeneratorProject14/blog/git/blobs{/sha}",
    "git_tags_url": "https://api.github.com/repos/BulkSecurityGeneratorProject14/blog/git/tags{/sha}",
    "git_refs_url": "https://api.github.com/repos/BulkSecurityGeneratorProject14/blog/git/refs{/sha}",
    "trees_url": "https://api.github.com/repos/BulkSecurityGeneratorProject14/blog/git/trees{/sha}",
    "statuses_url": "https://api.github.com/repos/BulkSecurityGeneratorProject14/blog/statuses/{sha}",
    "languages_url": "https://api.github.com/repos/BulkSecurityGeneratorProject14/blog/languages",
    "stargazers_url": "https://api.github.com/repos/BulkSecurityGeneratorProject14/blog/stargazers",
    "contributors_url": "https://api.github.com/repos/BulkSecurityGeneratorProject14/blog/contributors",
    "subscribers_url": "https://api.github.com/repos/BulkSecurityGeneratorProject14/blog/subscribers",
    "subscription_url": "https://api.github.com/repos/BulkSecurityGeneratorProject14/blog/subscription",
    "commits_url": "https://api.github.com/repos/BulkSecurityGeneratorProject14/blog/commits{/sha}",
    "git_commits_url": "https://api.github.com/repos/BulkSecurityGeneratorProject14/blog/git/commits{/sha}",
    "comments_url": "https://api.github.com/repos/BulkSecurityGeneratorProject14/blog/comments{/number}",
    "issue_comment_url": "https://api.github.com/repos/BulkSecurityGeneratorProject14/blog/issues/comments{/number}",
    "contents_url": "https://api.github.com/repos/BulkSecurityGeneratorProject14/blog/contents/{+path}",
    "compare_url": "https://api.github.com/repos/BulkSecurityGeneratorProject14/blog/compare/{base}...{head}",
    "merges_url": "https://api.github.com/repos/BulkSecurityGeneratorProject14/blog/merges",
    "archive_url": "https://api.github.com/repos/BulkSecurityGeneratorProject14/blog/{archive_format}{/ref}",
    "downloads_url": "https://api.github.com/repos/BulkSecurityGeneratorProject14/blog/downloads",
    "issues_url": "https://api.github.com/repos/BulkSecurityGeneratorProject14/blog/issues{/number}",
    "pulls_url": "https://api.github.com/repos/BulkSecurityGeneratorProject14/blog/pulls{/number}",
    "milestones_url": "https://api.github.com/repos/BulkSecurityGeneratorProject14/blog/milestones{/number}",
    "notifications_url": "https://api.github.com/repos/BulkSecurityGeneratorProject14/blog/notifications{?since,all,participating}",
    "labels_url": "https://api.github.com/repos/BulkSecurityGeneratorProject14/blog/labels{/name}",
    "releases_url": "https://api.github.com/repos/BulkSecurityGeneratorProject14/blog/releases{/id}",
    "deployments_url": "https://api.github.com/repos/BulkSecurityGeneratorProject14/blog/deployments",
    "created_at": "2020-09-18T10:22:43Z",
    "updated_at": "2020-09-18T10:22:45Z",
    "pushed_at": "2020-09-18T10:22:47Z",
    "git_url": "git://github.com/BulkSecurityGeneratorProject14/blog.git",
    "ssh_url": "git@github.com:BulkSecurityGeneratorProject14/blog.git",
    "clone_url": "https://github.com/BulkSecurityGeneratorProject14/blog.git",
    "svn_url": "https://github.com/BulkSecurityGeneratorProject14/blog",
    "homepage": null,
    "size": 521,
    "stargazers_count": 0,
    "watchers_count": 0,
    "language": null,
    "has_issues": false,
    "has_projects": true,
    "has_downloads": true,
    "has_wiki": true,
    "has_pages": false,
    "has_discussions": false,
    "forks_count": 0,
    "mirror_url": null,
    "archived": false,
    "disabled": false,
    "open_issues_count": 0,
    "license": {
        "key": "mit",
        "name": "MIT License",
        "spdx_id": "MIT",
        "url": "https://api.github.com/licenses/mit",
        "node_id": "MDc6TGljZW5zZTEz"
    },
    "allow_forking": true,
    "is_template": false,
    "web_commit_signoff_required": false,
    "topics": [],
    "visibility": "public",
    "forks": 0,
    "open_issues": 0,
    "watchers": 0,
    "default_branch": "master",
    "permissions": {
        "admin": false,
        "maintain": false,
        "push": false,
        "triage": false,
        "pull": true
    },
    "temp_clone_token": "",
    "custom_properties": {},
    "organization": {
        "login": "BulkSecurityGeneratorProject14",
        "id": 71479487,
        "node_id": "MDEyOk9yZ2FuaXphdGlvbjcxNDc5NDg3",
        "avatar_url": "https://avatars.githubusercontent.com/u/71479487?v=4",
        "gravatar_id": "",
        "url": "https://api.github.com/users/BulkSecurityGeneratorProject14",
        "html_url": "https://github.com/BulkSecurityGeneratorProject14",
        "followers_url": "https://api.github.com/users/BulkSecurityGeneratorProject14/followers",
        "following_url": "https://api.github.com/users/BulkSecurityGeneratorProject14/following{/other_user}",
        "gists_url": "https://api.github.com/users/BulkSecurityGeneratorProject14/gists{/gist_id}",
        "starred_url": "https://api.github.com/users/BulkSecurityGeneratorProject14/starred{/owner}{/repo}",
        "subscriptions_url": "https://api.github.com/users/BulkSecurityGeneratorProject14/subscriptions",
        "organizations_url": "https://api.github.com/users/BulkSecurityGeneratorProject14/orgs",
        "repos_url": "https://api.github.com/users/BulkSecurityGeneratorProject14/repos",
        "events_url": "https://api.github.com/users/BulkSecurityGeneratorProject14/events{/privacy}",
        "received_events_url": "https://api.github.com/users/BulkSecurityGeneratorProject14/received_events",
        "type": "Organization",
        "site_admin": false
    },
    "parent": {
        "id": 133338503,
        "node_id": "MDEwOlJlcG9zaXRvcnkxMzMzMzg1MDM=",
        "name": "blog",
        "full_name": "muyuanqiang7/blog",
        "private": false,
        "owner": {
            "login": "muyuanqiang7",
            "id": 19640464,
            "node_id": "MDQ6VXNlcjE5NjQwNDY0",
            "avatar_url": "https://avatars.githubusercontent.com/u/19640464?v=4",
            "gravatar_id": "",
            "url": "https://api.github.com/users/muyuanqiang7",
            "html_url": "https://github.com/muyuanqiang7",
            "followers_url": "https://api.github.com/users/muyuanqiang7/followers",
            "following_url": "https://api.github.com/users/muyuanqiang7/following{/other_user}",
            "gists_url": "https://api.github.com/users/muyuanqiang7/gists{/gist_id}",
            "starred_url": "https://api.github.com/users/muyuanqiang7/starred{/owner}{/repo}",
            "subscriptions_url": "https://api.github.com/users/muyuanqiang7/subscriptions",
            "organizations_url": "https://api.github.com/users/muyuanqiang7/orgs",
            "repos_url": "https://api.github.com/users/muyuanqiang7/repos",
            "events_url": "https://api.github.com/users/muyuanqiang7/events{/privacy}",
            "received_events_url": "https://api.github.com/users/muyuanqiang7/received_events",
            "type": "User",
            "site_admin": false
        },
        "html_url": "https://github.com/muyuanqiang7/blog",
        "description": "Jhipster",
        "fork": false,
        "url": "https://api.github.com/repos/muyuanqiang7/blog",
        "forks_url": "https://api.github.com/repos/muyuanqiang7/blog/forks",
        "keys_url": "https://api.github.com/repos/muyuanqiang7/blog/keys{/key_id}",
        "collaborators_url": "https://api.github.com/repos/muyuanqiang7/blog/collaborators{/collaborator}",
        "teams_url": "https://api.github.com/repos/muyuanqiang7/blog/teams",
        "hooks_url": "https://api.github.com/repos/muyuanqiang7/blog/hooks",
        "issue_events_url": "https://api.github.com/repos/muyuanqiang7/blog/issues/events{/number}",
        "events_url": "https://api.github.com/repos/muyuanqiang7/blog/events",
        "assignees_url": "https://api.github.com/repos/muyuanqiang7/blog/assignees{/user}",
        "branches_url": "https://api.github.com/repos/muyuanqiang7/blog/branches{/branch}",
        "tags_url": "https://api.github.com/repos/muyuanqiang7/blog/tags",
        "blobs_url": "https://api.github.com/repos/muyuanqiang7/blog/git/blobs{/sha}",
        "git_tags_url": "https://api.github.com/repos/muyuanqiang7/blog/git/tags{/sha}",
        "git_refs_url": "https://api.github.com/repos/muyuanqiang7/blog/git/refs{/sha}",
        "trees_url": "https://api.github.com/repos/muyuanqiang7/blog/git/trees{/sha}",
        "statuses_url": "https://api.github.com/repos/muyuanqiang7/blog/statuses/{sha}",
        "languages_url": "https://api.github.com/repos/muyuanqiang7/blog/languages",
        "stargazers_url": "https://api.github.com/repos/muyuanqiang7/blog/stargazers",
        "contributors_url": "https://api.github.com/repos/muyuanqiang7/blog/contributors",
        "subscribers_url": "https://api.github.com/repos/muyuanqiang7/blog/subscribers",
        "subscription_url": "https://api.github.com/repos/muyuanqiang7/blog/subscription",
        "commits_url": "https://api.github.com/repos/muyuanqiang7/blog/commits{/sha}",
        "git_commits_url": "https://api.github.com/repos/muyuanqiang7/blog/git/commits{/sha}",
        "comments_url": "https://api.github.com/repos/muyuanqiang7/blog/comments{/number}",
        "issue_comment_url": "https://api.github.com/repos/muyuanqiang7/blog/issues/comments{/number}",
        "contents_url": "https://api.github.com/repos/muyuanqiang7/blog/contents/{+path}",
        "compare_url": "https://api.github.com/repos/muyuanqiang7/blog/compare/{base}...{head}",
        "merges_url": "https://api.github.com/repos/muyuanqiang7/blog/merges",
        "archive_url": "https://api.github.com/repos/muyuanqiang7/blog/{archive_format}{/ref}",
        "downloads_url": "https://api.github.com/repos/muyuanqiang7/blog/downloads",
        "issues_url": "https://api.github.com/repos/muyuanqiang7/blog/issues{/number}",
        "pulls_url": "https://api.github.com/repos/muyuanqiang7/blog/pulls{/number}",
        "milestones_url": "https://api.github.com/repos/muyuanqiang7/blog/milestones{/number}",
        "notifications_url": "https://api.github.com/repos/muyuanqiang7/blog/notifications{?since,all,participating}",
        "labels_url": "https://api.github.com/repos/muyuanqiang7/blog/labels{/name}",
        "releases_url": "https://api.github.com/repos/muyuanqiang7/blog/releases{/id}",
        "deployments_url": "https://api.github.com/repos/muyuanqiang7/blog/deployments",
        "created_at": "2018-05-14T09:39:32Z",
        "updated_at": "2018-05-14T09:49:40Z",
        "pushed_at": "2020-09-18T10:22:51Z",
        "git_url": "git://github.com/muyuanqiang7/blog.git",
        "ssh_url": "git@github.com:muyuanqiang7/blog.git",
        "clone_url": "https://github.com/muyuanqiang7/blog.git",
        "svn_url": "https://github.com/muyuanqiang7/blog",
        "homepage": null,
        "size": 520,
        "stargazers_count": 0,
        "watchers_count": 0,
        "language": "Java",
        "has_issues": true,
        "has_projects": true,
        "has_downloads": true,
        "has_wiki": true,
        "has_pages": false,
        "has_discussions": false,
        "forks_count": 1,
        "mirror_url": null,
        "archived": false,
        "disabled": false,
        "open_issues_count": 1,
        "license": {
            "key": "mit",
            "name": "MIT License",
            "spdx_id": "MIT",
            "url": "https://api.github.com/licenses/mit",
            "node_id": "MDc6TGljZW5zZTEz"
        },
        "allow_forking": true,
        "is_template": false,
        "web_commit_signoff_required": false,
        "topics": [],
        "visibility": "public",
        "forks": 1,
        "open_issues": 1,
        "watchers": 0,
        "default_branch": "master"
    },
    "source": {
        "id": 133338503,
        "node_id": "MDEwOlJlcG9zaXRvcnkxMzMzMzg1MDM=",
        "name": "blog",
        "full_name": "muyuanqiang7/blog",
        "private": false,
        "owner": {
            "login": "muyuanqiang7",
            "id": 19640464,
            "node_id": "MDQ6VXNlcjE5NjQwNDY0",
            "avatar_url": "https://avatars.githubusercontent.com/u/19640464?v=4",
            "gravatar_id": "",
            "url": "https://api.github.com/users/muyuanqiang7",
            "html_url": "https://github.com/muyuanqiang7",
            "followers_url": "https://api.github.com/users/muyuanqiang7/followers",
            "following_url": "https://api.github.com/users/muyuanqiang7/following{/other_user}",
            "gists_url": "https://api.github.com/users/muyuanqiang7/gists{/gist_id}",
            "starred_url": "https://api.github.com/users/muyuanqiang7/starred{/owner}{/repo}",
            "subscriptions_url": "https://api.github.com/users/muyuanqiang7/subscriptions",
            "organizations_url": "https://api.github.com/users/muyuanqiang7/orgs",
            "repos_url": "https://api.github.com/users/muyuanqiang7/repos",
            "events_url": "https://api.github.com/users/muyuanqiang7/events{/privacy}",
            "received_events_url": "https://api.github.com/users/muyuanqiang7/received_events",
            "type": "User",
            "site_admin": false
        },
        "html_url": "https://github.com/muyuanqiang7/blog",
        "description": "Jhipster",
        "fork": false,
        "url": "https://api.github.com/repos/muyuanqiang7/blog",
        "forks_url": "https://api.github.com/repos/muyuanqiang7/blog/forks",
        "keys_url": "https://api.github.com/repos/muyuanqiang7/blog/keys{/key_id}",
        "collaborators_url": "https://api.github.com/repos/muyuanqiang7/blog/collaborators{/collaborator}",
        "teams_url": "https://api.github.com/repos/muyuanqiang7/blog/teams",
        "hooks_url": "https://api.github.com/repos/muyuanqiang7/blog/hooks",
        "issue_events_url": "https://api.github.com/repos/muyuanqiang7/blog/issues/events{/number}",
        "events_url": "https://api.github.com/repos/muyuanqiang7/blog/events",
        "assignees_url": "https://api.github.com/repos/muyuanqiang7/blog/assignees{/user}",
        "branches_url": "https://api.github.com/repos/muyuanqiang7/blog/branches{/branch}",
        "tags_url": "https://api.github.com/repos/muyuanqiang7/blog/tags",
        "blobs_url": "https://api.github.com/repos/muyuanqiang7/blog/git/blobs{/sha}",
        "git_tags_url": "https://api.github.com/repos/muyuanqiang7/blog/git/tags{/sha}",
        "git_refs_url": "https://api.github.com/repos/muyuanqiang7/blog/git/refs{/sha}",
        "trees_url": "https://api.github.com/repos/muyuanqiang7/blog/git/trees{/sha}",
        "statuses_url": "https://api.github.com/repos/muyuanqiang7/blog/statuses/{sha}",
        "languages_url": "https://api.github.com/repos/muyuanqiang7/blog/languages",
        "stargazers_url": "https://api.github.com/repos/muyuanqiang7/blog/stargazers",
        "contributors_url": "https://api.github.com/repos/muyuanqiang7/blog/contributors",
        "subscribers_url": "https://api.github.com/repos/muyuanqiang7/blog/subscribers",
        "subscription_url": "https://api.github.com/repos/muyuanqiang7/blog/subscription",
        "commits_url": "https://api.github.com/repos/muyuanqiang7/blog/commits{/sha}",
        "git_commits_url": "https://api.github.com/repos/muyuanqiang7/blog/git/commits{/sha}",
        "comments_url": "https://api.github.com/repos/muyuanqiang7/blog/comments{/number}",
        "issue_comment_url": "https://api.github.com/repos/muyuanqiang7/blog/issues/comments{/number}",
        "contents_url": "https://api.github.com/repos/muyuanqiang7/blog/contents/{+path}",
        "compare_url": "https://api.github.com/repos/muyuanqiang7/blog/compare/{base}...{head}",
        "merges_url": "https://api.github.com/repos/muyuanqiang7/blog/merges",
        "archive_url": "https://api.github.com/repos/muyuanqiang7/blog/{archive_format}{/ref}",
        "downloads_url": "https://api.github.com/repos/muyuanqiang7/blog/downloads",
        "issues_url": "https://api.github.com/repos/muyuanqiang7/blog/issues{/number}",
        "pulls_url": "https://api.github.com/repos/muyuanqiang7/blog/pulls{/number}",
        "milestones_url": "https://api.github.com/repos/muyuanqiang7/blog/milestones{/number}",
        "notifications_url": "https://api.github.com/repos/muyuanqiang7/blog/notifications{?since,all,participating}",
        "labels_url": "https://api.github.com/repos/muyuanqiang7/blog/labels{/name}",
        "releases_url": "https://api.github.com/repos/muyuanqiang7/blog/releases{/id}",
        "deployments_url": "https://api.github.com/repos/muyuanqiang7/blog/deployments",
        "created_at": "2018-05-14T09:39:32Z",
        "updated_at": "2018-05-14T09:49:40Z",
        "pushed_at": "2020-09-18T10:22:51Z",
        "git_url": "git://github.com/muyuanqiang7/blog.git",
        "ssh_url": "git@github.com:muyuanqiang7/blog.git",
        "clone_url": "https://github.com/muyuanqiang7/blog.git",
        "svn_url": "https://github.com/muyuanqiang7/blog",
        "homepage": null,
        "size": 520,
        "stargazers_count": 0,
        "watchers_count": 0,
        "language": "Java",
        "has_issues": true,
        "has_projects": true,
        "has_downloads": true,
        "has_wiki": true,
        "has_pages": false,
        "has_discussions": false,
        "forks_count": 1,
        "mirror_url": null,
        "archived": false,
        "disabled": false,
        "open_issues_count": 1,
        "license": {
            "key": "mit",
            "name": "MIT License",
            "spdx_id": "MIT",
            "url": "https://api.github.com/licenses/mit",
            "node_id": "MDc6TGljZW5zZTEz"
        },
        "allow_forking": true,
        "is_template": false,
        "web_commit_signoff_required": false,
        "topics": [],
        "visibility": "public",
        "forks": 1,
        "open_issues": 1,
        "watchers": 0,
        "default_branch": "master"
    },
    "network_count": 1,
    "subscribers_count": 1
}