{
    "id": 241397020,
    "node_id": "MDEwOlJlcG9zaXRvcnkyNDEzOTcwMjA=",
    "name": "jorbs-spire-mod",
    "full_name": "lobbien/jorbs-spire-mod",
    "private": false,
    "owner": {
        "login": "lobbien",
        "id": 32041265,
        "node_id": "MDQ6VXNlcjMyMDQxMjY1",
        "avatar_url": "https://avatars.githubusercontent.com/u/32041265?v=4",
        "gravatar_id": "",
        "url": "https://api.github.com/users/lobbien",
        "html_url": "https://github.com/lobbien",
        "followers_url": "https://api.github.com/users/lobbien/followers",
        "following_url": "https://api.github.com/users/lobbien/following{/other_user}",
        "gists_url": "https://api.github.com/users/lobbien/gists{/gist_id}",
        "starred_url": "https://api.github.com/users/lobbien/starred{/owner}{/repo}",
        "subscriptions_url": "https://api.github.com/users/lobbien/subscriptions",
        "organizations_url": "https://api.github.com/users/lobbien/orgs",
        "repos_url": "https://api.github.com/users/lobbien/repos",
        "events_url": "https://api.github.com/users/lobbien/events{/privacy}",
        "received_events_url": "https://api.github.com/users/lobbien/received_events",
        "type": "User",
        "site_admin": false
    },
    "html_url": "https://github.com/lobbien/jorbs-spire-mod",
    "description": "Slay the Spire mod designed by Jorbs and Twitch Chat. Adds The Explorer, The Wanderer, and The Cull.",
    "fork": true,
    "url": "https://api.github.com/repos/lobbien/jorbs-spire-mod",
    "forks_url": "https://api.github.com/repos/lobbien/jorbs-spire-mod/forks",
    "keys_url": "https://api.github.com/repos/lobbien/jorbs-spire-mod/keys{/key_id}",
    "collaborators_url": "https://api.github.com/repos/lobbien/jorbs-spire-mod/collaborators{/collaborator}",
    "teams_url": "https://api.github.com/repos/lobbien/jorbs-spire-mod/teams",
    "hooks_url": "https://api.github.com/repos/lobbien/jorbs-spire-mod/hooks",
    "issue_events_url": "https://api.github.com/repos/lobbien/jorbs-spire-mod/issues/events{/number}",
    "events_url": "https://api.github.com/repos/lobbien/jorbs-spire-mod/events",
    "assignees_url": "https://api.github.com/repos/lobbien/jorbs-spire-mod/assignees{/user}",
    "branches_url": "https://api.github.com/repos/lobbien/jorbs-spire-mod/branches{/branch}",
    "tags_url": "https://api.github.com/repos/lobbien/jorbs-spire-mod/tags",
    "blobs_url": "https://api.github.com/repos/lobbien/jorbs-spire-mod/git/blobs{/sha}",
    "git_tags_url": "https://api.github.com/repos/lobbien/jorbs-spire-mod/git/tags{/sha}",
    "git_refs_url": "https://api.github.com/repos/lobbien/jorbs-spire-mod/git/refs{/sha}",
    "trees_url": "https://api.github.com/repos/lobbien/jorbs-spire-mod/git/trees{/sha}",
    "statuses_url": "https://api.github.com/repos/lobbien/jorbs-spire-mod/statuses/{sha}",
    "languages_url": "https://api.github.com/repos/lobbien/jorbs-spire-mod/languages",
    "stargazers_url": "https://api.github.com/repos/lobbien/jorbs-spire-mod/stargazers",
    "contributors_url": "https://api.github.com/repos/lobbien/jorbs-spire-mod/contributors",
    "subscribers_url": "https://api.github.com/repos/lobbien/jorbs-spire-mod/subscribers",
    "subscription_url": "https://api.github.com/repos/lobbien/jorbs-spire-mod/subscription",
    "commits_url": "https://api.github.com/repos/lobbien/jorbs-spire-mod/commits{/sha}",
    "git_commits_url": "https://api.github.com/repos/lobbien/jorbs-spire-mod/git/commits{/sha}",
    "comments_url": "https://api.github.com/repos/lobbien/jorbs-spire-mod/comments{/number}",
    "issue_comment_url": "https://api.github.com/repos/lobbien/jorbs-spire-mod/issues/comments{/number}",
    "contents_url": "https://api.github.com/repos/lobbien/jorbs-spire-mod/contents/{+path}",
    "compare_url": "https://api.github.com/repos/lobbien/jorbs-spire-mod/compare/{base}...{head}",
    "merges_url": "https://api.github.com/repos/lobbien/jorbs-spire-mod/merges",
    "archive_url": "https://api.github.com/repos/lobbien/jorbs-spire-mod/{archive_format}{/ref}",
    "downloads_url": "https://api.github.com/repos/lobbien/jorbs-spire-mod/downloads",
    "issues_url": "https://api.github.com/repos/lobbien/jorbs-spire-mod/issues{/number}",
    "pulls_url": "https://api.github.com/repos/lobbien/jorbs-spire-mod/pulls{/number}",
    "milestones_url": "https://api.github.com/repos/lobbien/jorbs-spire-mod/milestones{/number}",
    "notifications_url": "https://api.github.com/repos/lobbien/jorbs-spire-mod/notifications{?since,all,participating}",
    "labels_url": "https://api.github.com/repos/lobbien/jorbs-spire-mod/labels{/name}",
    "releases_url": "https://api.github.com/repos/lobbien/jorbs-spire-mod/releases{/id}",
    "deployments_url": "https://api.github.com/repos/lobbien/jorbs-spire-mod/deployments",
    "created_at": "2020-02-18T15:30:09Z",
    "updated_at": "2020-04-06T04:16:39Z",
    "pushed_at": "2020-04-06T04:16:36Z",
    "git_url": "git://github.com/lobbien/jorbs-spire-mod.git",
    "ssh_url": "git@github.com:lobbien/jorbs-spire-mod.git",
    "clone_url": "https://github.com/lobbien/jorbs-spire-mod.git",
    "svn_url": "https://github.com/lobbien/jorbs-spire-mod",
    "homepage": "",
    "size": 212119,
    "stargazers_count": 0,
    "watchers_count": 0,
    "language": "Java",
    "has_issues": false,
    "has_projects": true,
    "has_downloads": true,
    "has_wiki": true,
    "has_pages": false,
    "has_discussions": false,
    "forks_count": 0,
    "mirror_url": null,
    "archived": false,
    "disabled": false,
    "open_issues_count": 0,
    "license": {
        "key": "mit",
        "name": "MIT License",
        "spdx_id": "MIT",
        "url": "https://api.github.com/licenses/mit",
        "node_id": "MDc6TGljZW5zZTEz"
    },
    "allow_forking": true,
    "is_template": false,
    "web_commit_signoff_required": false,
    "topics": [],
    "visibility": "public",
    "forks": 0,
    "open_issues": 0,
    "watchers": 0,
    "default_branch": "master",
    "permissions": {
        "admin": false,
        "maintain": false,
        "push": false,
        "triage": false,
        "pull": true
    },
    "temp_clone_token": "",
    "parent": {
        "id": 214550361,
        "node_id": "MDEwOlJlcG9zaXRvcnkyMTQ1NTAzNjE=",
        "name": "jorbs-spire-mod",
        "full_name": "dbjorge/jorbs-spire-mod",
        "private": false,
        "owner": {
            "login": "dbjorge",
            "id": 376284,
            "node_id": "MDQ6VXNlcjM3NjI4NA==",
            "avatar_url": "https://avatars.githubusercontent.com/u/376284?v=4",
            "gravatar_id": "",
            "url": "https://api.github.com/users/dbjorge",
            "html_url": "https://github.com/dbjorge",
            "followers_url": "https://api.github.com/users/dbjorge/followers",
            "following_url": "https://api.github.com/users/dbjorge/following{/other_user}",
            "gists_url": "https://api.github.com/users/dbjorge/gists{/gist_id}",
            "starred_url": "https://api.github.com/users/dbjorge/starred{/owner}{/repo}",
            "subscriptions_url": "https://api.github.com/users/dbjorge/subscriptions",
            "organizations_url": "https://api.github.com/users/dbjorge/orgs",
            "repos_url": "https://api.github.com/users/dbjorge/repos",
            "events_url": "https://api.github.com/users/dbjorge/events{/privacy}",
            "received_events_url": "https://api.github.com/users/dbjorge/received_events",
            "type": "User",
            "site_admin": false
        },
        "html_url": "https://github.com/dbjorge/jorbs-spire-mod",
        "description": "Slay the Spire mod designed by Jorbs and Twitch Chat. Adds The Explorer, The Wanderer, and The Cull.",
        "fork": false,
        "url": "https://api.github.com/repos/dbjorge/jorbs-spire-mod",
        "forks_url": "https://api.github.com/repos/dbjorge/jorbs-spire-mod/forks",
        "keys_url": "https://api.github.com/repos/dbjorge/jorbs-spire-mod/keys{/key_id}",
        "collaborators_url": "https://api.github.com/repos/dbjorge/jorbs-spire-mod/collaborators{/collaborator}",
        "teams_url": "https://api.github.com/repos/dbjorge/jorbs-spire-mod/teams",
        "hooks_url": "https://api.github.com/repos/dbjorge/jorbs-spire-mod/hooks",
        "issue_events_url": "https://api.github.com/repos/dbjorge/jorbs-spire-mod/issues/events{/number}",
        "events_url": "https://api.github.com/repos/dbjorge/jorbs-spire-mod/events",
        "assignees_url": "https://api.github.com/repos/dbjorge/jorbs-spire-mod/assignees{/user}",
        "branches_url": "https://api.github.com/repos/dbjorge/jorbs-spire-mod/branches{/branch}",
        "tags_url": "https://api.github.com/repos/dbjorge/jorbs-spire-mod/tags",
        "blobs_url": "https://api.github.com/repos/dbjorge/jorbs-spire-mod/git/blobs{/sha}",
        "git_tags_url": "https://api.github.com/repos/dbjorge/jorbs-spire-mod/git/tags{/sha}",
        "git_refs_url": "https://api.github.com/repos/dbjorge/jorbs-spire-mod/git/refs{/sha}",
        "trees_url": "https://api.github.com/repos/dbjorge/jorbs-spire-mod/git/trees{/sha}",
        "statuses_url": "https://api.github.com/repos/dbjorge/jorbs-spire-mod/statuses/{sha}",
        "languages_url": "https://api.github.com/repos/dbjorge/jorbs-spire-mod/languages",
        "stargazers_url": "https://api.github.com/repos/dbjorge/jorbs-spire-mod/stargazers",
        "contributors_url": "https://api.github.com/repos/dbjorge/jorbs-spire-mod/contributors",
        "subscribers_url": "https://api.github.com/repos/dbjorge/jorbs-spire-mod/subscribers",
        "subscription_url": "https://api.github.com/repos/dbjorge/jorbs-spire-mod/subscription",
        "commits_url": "https://api.github.com/repos/dbjorge/jorbs-spire-mod/commits{/sha}",
        "git_commits_url": "https://api.github.com/repos/dbjorge/jorbs-spire-mod/git/commits{/sha}",
        "comments_url": "https://api.github.com/repos/dbjorge/jorbs-spire-mod/comments{/number}",
        "issue_comment_url": "https://api.github.com/repos/dbjorge/jorbs-spire-mod/issues/comments{/number}",
        "contents_url": "https://api.github.com/repos/dbjorge/jorbs-spire-mod/contents/{+path}",
        "compare_url": "https://api.github.com/repos/dbjorge/jorbs-spire-mod/compare/{base}...{head}",
        "merges_url": "https://api.github.com/repos/dbjorge/jorbs-spire-mod/merges",
        "archive_url": "https://api.github.com/repos/dbjorge/jorbs-spire-mod/{archive_format}{/ref}",
        "downloads_url": "https://api.github.com/repos/dbjorge/jorbs-spire-mod/downloads",
        "issues_url": "https://api.github.com/repos/dbjorge/jorbs-spire-mod/issues{/number}",
        "pulls_url": "https://api.github.com/repos/dbjorge/jorbs-spire-mod/pulls{/number}",
        "milestones_url": "https://api.github.com/repos/dbjorge/jorbs-spire-mod/milestones{/number}",
        "notifications_url": "https://api.github.com/repos/dbjorge/jorbs-spire-mod/notifications{?since,all,participating}",
        "labels_url": "https://api.github.com/repos/dbjorge/jorbs-spire-mod/labels{/name}",
        "releases_url": "https://api.github.com/repos/dbjorge/jorbs-spire-mod/releases{/id}",
        "deployments_url": "https://api.github.com/repos/dbjorge/jorbs-spire-mod/deployments",
        "created_at": "2019-10-12T00:34:52Z",
        "updated_at": "2024-04-07T22:19:36Z",
        "pushed_at": "2021-02-05T05:17:24Z",
        "git_url": "git://github.com/dbjorge/jorbs-spire-mod.git",
        "ssh_url": "git@github.com:dbjorge/jorbs-spire-mod.git",
        "clone_url": "https://github.com/dbjorge/jorbs-spire-mod.git",
        "svn_url": "https://github.com/dbjorge/jorbs-spire-mod",
        "homepage": "",
        "size": 226299,
        "stargazers_count": 37,
        "watchers_count": 37,
        "language": "Java",
        "has_issues": true,
        "has_projects": false,
        "has_downloads": true,
        "has_wiki": true,
        "has_pages": true,
        "has_discussions": false,
        "forks_count": 36,
        "mirror_url": null,
        "archived": false,
        "disabled": false,
        "open_issues_count": 33,
        "license": {
            "key": "mit",
            "name": "MIT License",
            "spdx_id": "MIT",
            "url": "https://api.github.com/licenses/mit",
            "node_id": "MDc6TGljZW5zZTEz"
        },
        "allow_forking": true,
        "is_template": false,
        "web_commit_signoff_required": false,
        "topics": [
            "mod-character",
            "slaythespire",
            "slaythespire-mod",
            "spire-mod"
        ],
        "visibility": "public",
        "forks": 36,
        "open_issues": 33,
        "watchers": 37,
        "default_branch": "master"
    },
    "source": {
        "id": 214550361,
        "node_id": "MDEwOlJlcG9zaXRvcnkyMTQ1NTAzNjE=",
        "name": "jorbs-spire-mod",
        "full_name": "dbjorge/jorbs-spire-mod",
        "private": false,
        "owner": {
            "login": "dbjorge",
            "id": 376284,
            "node_id": "MDQ6VXNlcjM3NjI4NA==",
            "avatar_url": "https://avatars.githubusercontent.com/u/376284?v=4",
            "gravatar_id": "",
            "url": "https://api.github.com/users/dbjorge",
            "html_url": "https://github.com/dbjorge",
            "followers_url": "https://api.github.com/users/dbjorge/followers",
            "following_url": "https://api.github.com/users/dbjorge/following{/other_user}",
            "gists_url": "https://api.github.com/users/dbjorge/gists{/gist_id}",
            "starred_url": "https://api.github.com/users/dbjorge/starred{/owner}{/repo}",
            "subscriptions_url": "https://api.github.com/users/dbjorge/subscriptions",
            "organizations_url": "https://api.github.com/users/dbjorge/orgs",
            "repos_url": "https://api.github.com/users/dbjorge/repos",
            "events_url": "https://api.github.com/users/dbjorge/events{/privacy}",
            "received_events_url": "https://api.github.com/users/dbjorge/received_events",
            "type": "User",
            "site_admin": false
        },
        "html_url": "https://github.com/dbjorge/jorbs-spire-mod",
        "description": "Slay the Spire mod designed by Jorbs and Twitch Chat. Adds The Explorer, The Wanderer, and The Cull.",
        "fork": false,
        "url": "https://api.github.com/repos/dbjorge/jorbs-spire-mod",
        "forks_url": "https://api.github.com/repos/dbjorge/jorbs-spire-mod/forks",
        "keys_url": "https://api.github.com/repos/dbjorge/jorbs-spire-mod/keys{/key_id}",
        "collaborators_url": "https://api.github.com/repos/dbjorge/jorbs-spire-mod/collaborators{/collaborator}",
        "teams_url": "https://api.github.com/repos/dbjorge/jorbs-spire-mod/teams",
        "hooks_url": "https://api.github.com/repos/dbjorge/jorbs-spire-mod/hooks",
        "issue_events_url": "https://api.github.com/repos/dbjorge/jorbs-spire-mod/issues/events{/number}",
        "events_url": "https://api.github.com/repos/dbjorge/jorbs-spire-mod/events",
        "assignees_url": "https://api.github.com/repos/dbjorge/jorbs-spire-mod/assignees{/user}",
        "branches_url": "https://api.github.com/repos/dbjorge/jorbs-spire-mod/branches{/branch}",
        "tags_url": "https://api.github.com/repos/dbjorge/jorbs-spire-mod/tags",
        "blobs_url": "https://api.github.com/repos/dbjorge/jorbs-spire-mod/git/blobs{/sha}",
        "git_tags_url": "https://api.github.com/repos/dbjorge/jorbs-spire-mod/git/tags{/sha}",
        "git_refs_url": "https://api.github.com/repos/dbjorge/jorbs-spire-mod/git/refs{/sha}",
        "trees_url": "https://api.github.com/repos/dbjorge/jorbs-spire-mod/git/trees{/sha}",
        "statuses_url": "https://api.github.com/repos/dbjorge/jorbs-spire-mod/statuses/{sha}",
        "languages_url": "https://api.github.com/repos/dbjorge/jorbs-spire-mod/languages",
        "stargazers_url": "https://api.github.com/repos/dbjorge/jorbs-spire-mod/stargazers",
        "contributors_url": "https://api.github.com/repos/dbjorge/jorbs-spire-mod/contributors",
        "subscribers_url": "https://api.github.com/repos/dbjorge/jorbs-spire-mod/subscribers",
        "subscription_url": "https://api.github.com/repos/dbjorge/jorbs-spire-mod/subscription",
        "commits_url": "https://api.github.com/repos/dbjorge/jorbs-spire-mod/commits{/sha}",
        "git_commits_url": "https://api.github.com/repos/dbjorge/jorbs-spire-mod/git/commits{/sha}",
        "comments_url": "https://api.github.com/repos/dbjorge/jorbs-spire-mod/comments{/number}",
        "issue_comment_url": "https://api.github.com/repos/dbjorge/jorbs-spire-mod/issues/comments{/number}",
        "contents_url": "https://api.github.com/repos/dbjorge/jorbs-spire-mod/contents/{+path}",
        "compare_url": "https://api.github.com/repos/dbjorge/jorbs-spire-mod/compare/{base}...{head}",
        "merges_url": "https://api.github.com/repos/dbjorge/jorbs-spire-mod/merges",
        "archive_url": "https://api.github.com/repos/dbjorge/jorbs-spire-mod/{archive_format}{/ref}",
        "downloads_url": "https://api.github.com/repos/dbjorge/jorbs-spire-mod/downloads",
        "issues_url": "https://api.github.com/repos/dbjorge/jorbs-spire-mod/issues{/number}",
        "pulls_url": "https://api.github.com/repos/dbjorge/jorbs-spire-mod/pulls{/number}",
        "milestones_url": "https://api.github.com/repos/dbjorge/jorbs-spire-mod/milestones{/number}",
        "notifications_url": "https://api.github.com/repos/dbjorge/jorbs-spire-mod/notifications{?since,all,participating}",
        "labels_url": "https://api.github.com/repos/dbjorge/jorbs-spire-mod/labels{/name}",
        "releases_url": "https://api.github.com/repos/dbjorge/jorbs-spire-mod/releases{/id}",
        "deployments_url": "https://api.github.com/repos/dbjorge/jorbs-spire-mod/deployments",
        "created_at": "2019-10-12T00:34:52Z",
        "updated_at": "2024-04-07T22:19:36Z",
        "pushed_at": "2021-02-05T05:17:24Z",
        "git_url": "git://github.com/dbjorge/jorbs-spire-mod.git",
        "ssh_url": "git@github.com:dbjorge/jorbs-spire-mod.git",
        "clone_url": "https://github.com/dbjorge/jorbs-spire-mod.git",
        "svn_url": "https://github.com/dbjorge/jorbs-spire-mod",
        "homepage": "",
        "size": 226299,
        "stargazers_count": 37,
        "watchers_count": 37,
        "language": "Java",
        "has_issues": true,
        "has_projects": false,
        "has_downloads": true,
        "has_wiki": true,
        "has_pages": true,
        "has_discussions": false,
        "forks_count": 36,
        "mirror_url": null,
        "archived": false,
        "disabled": false,
        "open_issues_count": 33,
        "license": {
            "key": "mit",
            "name": "MIT License",
            "spdx_id": "MIT",
            "url": "https://api.github.com/licenses/mit",
            "node_id": "MDc6TGljZW5zZTEz"
        },
        "allow_forking": true,
        "is_template": false,
        "web_commit_signoff_required": false,
        "topics": [
            "mod-character",
            "slaythespire",
            "slaythespire-mod",
            "spire-mod"
        ],
        "visibility": "public",
        "forks": 36,
        "open_issues": 33,
        "watchers": 37,
        "default_branch": "master"
    },
    "network_count": 36,
    "subscribers_count": 0
}