{
    "id": 148142138,
    "node_id": "MDEwOlJlcG9zaXRvcnkxNDgxNDIxMzg=",
    "name": "moonRoad",
    "full_name": "franklinmarshal07/moonRoad",
    "private": false,
    "owner": {
        "login": "franklinmarshal07",
        "id": 43136540,
        "node_id": "MDQ6VXNlcjQzMTM2NTQw",
        "avatar_url": "https://avatars.githubusercontent.com/u/43136540?v=4",
        "gravatar_id": "",
        "url": "https://api.github.com/users/franklinmarshal07",
        "html_url": "https://github.com/franklinmarshal07",
        "followers_url": "https://api.github.com/users/franklinmarshal07/followers",
        "following_url": "https://api.github.com/users/franklinmarshal07/following{/other_user}",
        "gists_url": "https://api.github.com/users/franklinmarshal07/gists{/gist_id}",
        "starred_url": "https://api.github.com/users/franklinmarshal07/starred{/owner}{/repo}",
        "subscriptions_url": "https://api.github.com/users/franklinmarshal07/subscriptions",
        "organizations_url": "https://api.github.com/users/franklinmarshal07/orgs",
        "repos_url": "https://api.github.com/users/franklinmarshal07/repos",
        "events_url": "https://api.github.com/users/franklinmarshal07/events{/privacy}",
        "received_events_url": "https://api.github.com/users/franklinmarshal07/received_events",
        "type": "User",
        "site_admin": false
    },
    "html_url": "https://github.com/franklinmarshal07/moonRoad",
    "description": "The Material Design version of my popular Android moonRoad for Twitter app, 100% open-source",
    "fork": false,
    "url": "https://api.github.com/repos/franklinmarshal07/moonRoad",
    "forks_url": "https://api.github.com/repos/franklinmarshal07/moonRoad/forks",
    "keys_url": "https://api.github.com/repos/franklinmarshal07/moonRoad/keys{/key_id}",
    "collaborators_url": "https://api.github.com/repos/franklinmarshal07/moonRoad/collaborators{/collaborator}",
    "teams_url": "https://api.github.com/repos/franklinmarshal07/moonRoad/teams",
    "hooks_url": "https://api.github.com/repos/franklinmarshal07/moonRoad/hooks",
    "issue_events_url": "https://api.github.com/repos/franklinmarshal07/moonRoad/issues/events{/number}",
    "events_url": "https://api.github.com/repos/franklinmarshal07/moonRoad/events",
    "assignees_url": "https://api.github.com/repos/franklinmarshal07/moonRoad/assignees{/user}",
    "branches_url": "https://api.github.com/repos/franklinmarshal07/moonRoad/branches{/branch}",
    "tags_url": "https://api.github.com/repos/franklinmarshal07/moonRoad/tags",
    "blobs_url": "https://api.github.com/repos/franklinmarshal07/moonRoad/git/blobs{/sha}",
    "git_tags_url": "https://api.github.com/repos/franklinmarshal07/moonRoad/git/tags{/sha}",
    "git_refs_url": "https://api.github.com/repos/franklinmarshal07/moonRoad/git/refs{/sha}",
    "trees_url": "https://api.github.com/repos/franklinmarshal07/moonRoad/git/trees{/sha}",
    "statuses_url": "https://api.github.com/repos/franklinmarshal07/moonRoad/statuses/{sha}",
    "languages_url": "https://api.github.com/repos/franklinmarshal07/moonRoad/languages",
    "stargazers_url": "https://api.github.com/repos/franklinmarshal07/moonRoad/stargazers",
    "contributors_url": "https://api.github.com/repos/franklinmarshal07/moonRoad/contributors",
    "subscribers_url": "https://api.github.com/repos/franklinmarshal07/moonRoad/subscribers",
    "subscription_url": "https://api.github.com/repos/franklinmarshal07/moonRoad/subscription",
    "commits_url": "https://api.github.com/repos/franklinmarshal07/moonRoad/commits{/sha}",
    "git_commits_url": "https://api.github.com/repos/franklinmarshal07/moonRoad/git/commits{/sha}",
    "comments_url": "https://api.github.com/repos/franklinmarshal07/moonRoad/comments{/number}",
    "issue_comment_url": "https://api.github.com/repos/franklinmarshal07/moonRoad/issues/comments{/number}",
    "contents_url": "https://api.github.com/repos/franklinmarshal07/moonRoad/contents/{+path}",
    "compare_url": "https://api.github.com/repos/franklinmarshal07/moonRoad/compare/{base}...{head}",
    "merges_url": "https://api.github.com/repos/franklinmarshal07/moonRoad/merges",
    "archive_url": "https://api.github.com/repos/franklinmarshal07/moonRoad/{archive_format}{/ref}",
    "downloads_url": "https://api.github.com/repos/franklinmarshal07/moonRoad/downloads",
    "issues_url": "https://api.github.com/repos/franklinmarshal07/moonRoad/issues{/number}",
    "pulls_url": "https://api.github.com/repos/franklinmarshal07/moonRoad/pulls{/number}",
    "milestones_url": "https://api.github.com/repos/franklinmarshal07/moonRoad/milestones{/number}",
    "notifications_url": "https://api.github.com/repos/franklinmarshal07/moonRoad/notifications{?since,all,participating}",
    "labels_url": "https://api.github.com/repos/franklinmarshal07/moonRoad/labels{/name}",
    "releases_url": "https://api.github.com/repos/franklinmarshal07/moonRoad/releases{/id}",
    "deployments_url": "https://api.github.com/repos/franklinmarshal07/moonRoad/deployments",
    "created_at": "2018-09-10T11:00:53Z",
    "updated_at": "2018-11-11T13:12:12Z",
    "pushed_at": "2018-11-11T13:12:11Z",
    "git_url": "git://github.com/franklinmarshal07/moonRoad.git",
    "ssh_url": "git@github.com:franklinmarshal07/moonRoad.git",
    "clone_url": "https://github.com/franklinmarshal07/moonRoad.git",
    "svn_url": "https://github.com/franklinmarshal07/moonRoad",
    "homepage": null,
    "size": 2427,
    "stargazers_count": 0,
    "watchers_count": 0,
    "language": "Java",
    "has_issues": true,
    "has_projects": true,
    "has_downloads": true,
    "has_wiki": true,
    "has_pages": true,
    "has_discussions": false,
    "forks_count": 0,
    "mirror_url": null,
    "archived": false,
    "disabled": false,
    "open_issues_count": 0,
    "license": {
        "key": "apache-2.0",
        "name": "Apache License 2.0",
        "spdx_id": "Apache-2.0",
        "url": "https://api.github.com/licenses/apache-2.0",
        "node_id": "MDc6TGljZW5zZTI="
    },
    "allow_forking": true,
    "is_template": false,
    "web_commit_signoff_required": false,
    "topics": [],
    "visibility": "public",
    "forks": 0,
    "open_issues": 0,
    "watchers": 0,
    "default_branch": "master",
    "permissions": {
        "admin": false,
        "maintain": false,
        "push": false,
        "triage": false,
        "pull": true
    },
    "temp_clone_token": "",
    "network_count": 0,
    "subscribers_count": 0
}