{
    "id": 200144120,
    "node_id": "MDEwOlJlcG9zaXRvcnkyMDAxNDQxMjA=",
    "name": "Networker",
    "full_name": "TianChenjiang/Networker",
    "private": false,
    "owner": {
        "login": "TianChenjiang",
        "id": 35658390,
        "node_id": "MDQ6VXNlcjM1NjU4Mzkw",
        "avatar_url": "https://avatars.githubusercontent.com/u/35658390?v=4",
        "gravatar_id": "",
        "url": "https://api.github.com/users/TianChenjiang",
        "html_url": "https://github.com/TianChenjiang",
        "followers_url": "https://api.github.com/users/TianChenjiang/followers",
        "following_url": "https://api.github.com/users/TianChenjiang/following{/other_user}",
        "gists_url": "https://api.github.com/users/TianChenjiang/gists{/gist_id}",
        "starred_url": "https://api.github.com/users/TianChenjiang/starred{/owner}{/repo}",
        "subscriptions_url": "https://api.github.com/users/TianChenjiang/subscriptions",
        "organizations_url": "https://api.github.com/users/TianChenjiang/orgs",
        "repos_url": "https://api.github.com/users/TianChenjiang/repos",
        "events_url": "https://api.github.com/users/TianChenjiang/events{/privacy}",
        "received_events_url": "https://api.github.com/users/TianChenjiang/received_events",
        "type": "User",
        "site_admin": false
    },
    "html_url": "https://github.com/TianChenjiang/Networker",
    "description": null,
    "fork": false,
    "url": "https://api.github.com/repos/TianChenjiang/Networker",
    "forks_url": "https://api.github.com/repos/TianChenjiang/Networker/forks",
    "keys_url": "https://api.github.com/repos/TianChenjiang/Networker/keys{/key_id}",
    "collaborators_url": "https://api.github.com/repos/TianChenjiang/Networker/collaborators{/collaborator}",
    "teams_url": "https://api.github.com/repos/TianChenjiang/Networker/teams",
    "hooks_url": "https://api.github.com/repos/TianChenjiang/Networker/hooks",
    "issue_events_url": "https://api.github.com/repos/TianChenjiang/Networker/issues/events{/number}",
    "events_url": "https://api.github.com/repos/TianChenjiang/Networker/events",
    "assignees_url": "https://api.github.com/repos/TianChenjiang/Networker/assignees{/user}",
    "branches_url": "https://api.github.com/repos/TianChenjiang/Networker/branches{/branch}",
    "tags_url": "https://api.github.com/repos/TianChenjiang/Networker/tags",
    "blobs_url": "https://api.github.com/repos/TianChenjiang/Networker/git/blobs{/sha}",
    "git_tags_url": "https://api.github.com/repos/TianChenjiang/Networker/git/tags{/sha}",
    "git_refs_url": "https://api.github.com/repos/TianChenjiang/Networker/git/refs{/sha}",
    "trees_url": "https://api.github.com/repos/TianChenjiang/Networker/git/trees{/sha}",
    "statuses_url": "https://api.github.com/repos/TianChenjiang/Networker/statuses/{sha}",
    "languages_url": "https://api.github.com/repos/TianChenjiang/Networker/languages",
    "stargazers_url": "https://api.github.com/repos/TianChenjiang/Networker/stargazers",
    "contributors_url": "https://api.github.com/repos/TianChenjiang/Networker/contributors",
    "subscribers_url": "https://api.github.com/repos/TianChenjiang/Networker/subscribers",
    "subscription_url": "https://api.github.com/repos/TianChenjiang/Networker/subscription",
    "commits_url": "https://api.github.com/repos/TianChenjiang/Networker/commits{/sha}",
    "git_commits_url": "https://api.github.com/repos/TianChenjiang/Networker/git/commits{/sha}",
    "comments_url": "https://api.github.com/repos/TianChenjiang/Networker/comments{/number}",
    "issue_comment_url": "https://api.github.com/repos/TianChenjiang/Networker/issues/comments{/number}",
    "contents_url": "https://api.github.com/repos/TianChenjiang/Networker/contents/{+path}",
    "compare_url": "https://api.github.com/repos/TianChenjiang/Networker/compare/{base}...{head}",
    "merges_url": "https://api.github.com/repos/TianChenjiang/Networker/merges",
    "archive_url": "https://api.github.com/repos/TianChenjiang/Networker/{archive_format}{/ref}",
    "downloads_url": "https://api.github.com/repos/TianChenjiang/Networker/downloads",
    "issues_url": "https://api.github.com/repos/TianChenjiang/Networker/issues{/number}",
    "pulls_url": "https://api.github.com/repos/TianChenjiang/Networker/pulls{/number}",
    "milestones_url": "https://api.github.com/repos/TianChenjiang/Networker/milestones{/number}",
    "notifications_url": "https://api.github.com/repos/TianChenjiang/Networker/notifications{?since,all,participating}",
    "labels_url": "https://api.github.com/repos/TianChenjiang/Networker/labels{/name}",
    "releases_url": "https://api.github.com/repos/TianChenjiang/Networker/releases{/id}",
    "deployments_url": "https://api.github.com/repos/TianChenjiang/Networker/deployments",
    "created_at": "2019-08-02T01:39:38Z",
    "updated_at": "2020-09-20T09:22:35Z",
    "pushed_at": "2022-01-21T23:29:24Z",
    "git_url": "git://github.com/TianChenjiang/Networker.git",
    "ssh_url": "git@github.com:TianChenjiang/Networker.git",
    "clone_url": "https://github.com/TianChenjiang/Networker.git",
    "svn_url": "https://github.com/TianChenjiang/Networker",
    "homepage": null,
    "size": 172965,
    "stargazers_count": 3,
    "watchers_count": 3,
    "language": "Jupyter Notebook",
    "has_issues": true,
    "has_projects": true,
    "has_downloads": true,
    "has_wiki": true,
    "has_pages": false,
    "has_discussions": false,
    "forks_count": 1,
    "mirror_url": null,
    "archived": false,
    "disabled": false,
    "open_issues_count": 4,
    "license": {
        "key": "mit",
        "name": "MIT License",
        "spdx_id": "MIT",
        "url": "https://api.github.com/licenses/mit",
        "node_id": "MDc6TGljZW5zZTEz"
    },
    "allow_forking": true,
    "is_template": false,
    "web_commit_signoff_required": false,
    "topics": [],
    "visibility": "public",
    "forks": 1,
    "open_issues": 4,
    "watchers": 3,
    "default_branch": "master",
    "permissions": {
        "admin": false,
        "maintain": false,
        "push": false,
        "triage": false,
        "pull": true
    },
    "temp_clone_token": "",
    "network_count": 1,
    "subscribers_count": 3
}