{
    "id": 161299704,
    "node_id": "MDEwOlJlcG9zaXRvcnkxNjEyOTk3MDQ=",
    "name": "AndroidVARBridge",
    "full_name": "wjfsanhe/AndroidVARBridge",
    "private": false,
    "owner": {
        "login": "wjfsanhe",
        "id": 3469808,
        "node_id": "MDQ6VXNlcjM0Njk4MDg=",
        "avatar_url": "https://avatars.githubusercontent.com/u/3469808?v=4",
        "gravatar_id": "",
        "url": "https://api.github.com/users/wjfsanhe",
        "html_url": "https://github.com/wjfsanhe",
        "followers_url": "https://api.github.com/users/wjfsanhe/followers",
        "following_url": "https://api.github.com/users/wjfsanhe/following{/other_user}",
        "gists_url": "https://api.github.com/users/wjfsanhe/gists{/gist_id}",
        "starred_url": "https://api.github.com/users/wjfsanhe/starred{/owner}{/repo}",
        "subscriptions_url": "https://api.github.com/users/wjfsanhe/subscriptions",
        "organizations_url": "https://api.github.com/users/wjfsanhe/orgs",
        "repos_url": "https://api.github.com/users/wjfsanhe/repos",
        "events_url": "https://api.github.com/users/wjfsanhe/events{/privacy}",
        "received_events_url": "https://api.github.com/users/wjfsanhe/received_events",
        "type": "User",
        "site_admin": false
    },
    "html_url": "https://github.com/wjfsanhe/AndroidVARBridge",
    "description": "AndroidVARBridge",
    "fork": false,
    "url": "https://api.github.com/repos/wjfsanhe/AndroidVARBridge",
    "forks_url": "https://api.github.com/repos/wjfsanhe/AndroidVARBridge/forks",
    "keys_url": "https://api.github.com/repos/wjfsanhe/AndroidVARBridge/keys{/key_id}",
    "collaborators_url": "https://api.github.com/repos/wjfsanhe/AndroidVARBridge/collaborators{/collaborator}",
    "teams_url": "https://api.github.com/repos/wjfsanhe/AndroidVARBridge/teams",
    "hooks_url": "https://api.github.com/repos/wjfsanhe/AndroidVARBridge/hooks",
    "issue_events_url": "https://api.github.com/repos/wjfsanhe/AndroidVARBridge/issues/events{/number}",
    "events_url": "https://api.github.com/repos/wjfsanhe/AndroidVARBridge/events",
    "assignees_url": "https://api.github.com/repos/wjfsanhe/AndroidVARBridge/assignees{/user}",
    "branches_url": "https://api.github.com/repos/wjfsanhe/AndroidVARBridge/branches{/branch}",
    "tags_url": "https://api.github.com/repos/wjfsanhe/AndroidVARBridge/tags",
    "blobs_url": "https://api.github.com/repos/wjfsanhe/AndroidVARBridge/git/blobs{/sha}",
    "git_tags_url": "https://api.github.com/repos/wjfsanhe/AndroidVARBridge/git/tags{/sha}",
    "git_refs_url": "https://api.github.com/repos/wjfsanhe/AndroidVARBridge/git/refs{/sha}",
    "trees_url": "https://api.github.com/repos/wjfsanhe/AndroidVARBridge/git/trees{/sha}",
    "statuses_url": "https://api.github.com/repos/wjfsanhe/AndroidVARBridge/statuses/{sha}",
    "languages_url": "https://api.github.com/repos/wjfsanhe/AndroidVARBridge/languages",
    "stargazers_url": "https://api.github.com/repos/wjfsanhe/AndroidVARBridge/stargazers",
    "contributors_url": "https://api.github.com/repos/wjfsanhe/AndroidVARBridge/contributors",
    "subscribers_url": "https://api.github.com/repos/wjfsanhe/AndroidVARBridge/subscribers",
    "subscription_url": "https://api.github.com/repos/wjfsanhe/AndroidVARBridge/subscription",
    "commits_url": "https://api.github.com/repos/wjfsanhe/AndroidVARBridge/commits{/sha}",
    "git_commits_url": "https://api.github.com/repos/wjfsanhe/AndroidVARBridge/git/commits{/sha}",
    "comments_url": "https://api.github.com/repos/wjfsanhe/AndroidVARBridge/comments{/number}",
    "issue_comment_url": "https://api.github.com/repos/wjfsanhe/AndroidVARBridge/issues/comments{/number}",
    "contents_url": "https://api.github.com/repos/wjfsanhe/AndroidVARBridge/contents/{+path}",
    "compare_url": "https://api.github.com/repos/wjfsanhe/AndroidVARBridge/compare/{base}...{head}",
    "merges_url": "https://api.github.com/repos/wjfsanhe/AndroidVARBridge/merges",
    "archive_url": "https://api.github.com/repos/wjfsanhe/AndroidVARBridge/{archive_format}{/ref}",
    "downloads_url": "https://api.github.com/repos/wjfsanhe/AndroidVARBridge/downloads",
    "issues_url": "https://api.github.com/repos/wjfsanhe/AndroidVARBridge/issues{/number}",
    "pulls_url": "https://api.github.com/repos/wjfsanhe/AndroidVARBridge/pulls{/number}",
    "milestones_url": "https://api.github.com/repos/wjfsanhe/AndroidVARBridge/milestones{/number}",
    "notifications_url": "https://api.github.com/repos/wjfsanhe/AndroidVARBridge/notifications{?since,all,participating}",
    "labels_url": "https://api.github.com/repos/wjfsanhe/AndroidVARBridge/labels{/name}",
    "releases_url": "https://api.github.com/repos/wjfsanhe/AndroidVARBridge/releases{/id}",
    "deployments_url": "https://api.github.com/repos/wjfsanhe/AndroidVARBridge/deployments",
    "created_at": "2018-12-11T08:11:06Z",
    "updated_at": "2018-12-13T03:16:59Z",
    "pushed_at": "2018-12-13T03:16:58Z",
    "git_url": "git://github.com/wjfsanhe/AndroidVARBridge.git",
    "ssh_url": "git@github.com:wjfsanhe/AndroidVARBridge.git",
    "clone_url": "https://github.com/wjfsanhe/AndroidVARBridge.git",
    "svn_url": "https://github.com/wjfsanhe/AndroidVARBridge",
    "homepage": null,
    "size": 4024,
    "stargazers_count": 0,
    "watchers_count": 0,
    "language": "Java",
    "has_issues": true,
    "has_projects": true,
    "has_downloads": true,
    "has_wiki": true,
    "has_pages": false,
    "has_discussions": false,
    "forks_count": 0,
    "mirror_url": null,
    "archived": false,
    "disabled": false,
    "open_issues_count": 0,
    "license": {
        "key": "other",
        "name": "Other",
        "spdx_id": "NOASSERTION",
        "url": null,
        "node_id": "MDc6TGljZW5zZTA="
    },
    "allow_forking": true,
    "is_template": false,
    "web_commit_signoff_required": false,
    "topics": [],
    "visibility": "public",
    "forks": 0,
    "open_issues": 0,
    "watchers": 0,
    "default_branch": "master",
    "permissions": {
        "admin": false,
        "maintain": false,
        "push": false,
        "triage": false,
        "pull": true
    },
    "temp_clone_token": "",
    "network_count": 0,
    "subscribers_count": 2
}