{
    "id": 188647610,
    "node_id": "MDEwOlJlcG9zaXRvcnkxODg2NDc2MTA=",
    "name": "repo.rura6502.github.io",
    "full_name": "rura6502/repo.rura6502.github.io",
    "private": false,
    "owner": {
        "login": "rura6502",
        "id": 13152061,
        "node_id": "MDQ6VXNlcjEzMTUyMDYx",
        "avatar_url": "https://avatars.githubusercontent.com/u/13152061?v=4",
        "gravatar_id": "",
        "url": "https://api.github.com/users/rura6502",
        "html_url": "https://github.com/rura6502",
        "followers_url": "https://api.github.com/users/rura6502/followers",
        "following_url": "https://api.github.com/users/rura6502/following{/other_user}",
        "gists_url": "https://api.github.com/users/rura6502/gists{/gist_id}",
        "starred_url": "https://api.github.com/users/rura6502/starred{/owner}{/repo}",
        "subscriptions_url": "https://api.github.com/users/rura6502/subscriptions",
        "organizations_url": "https://api.github.com/users/rura6502/orgs",
        "repos_url": "https://api.github.com/users/rura6502/repos",
        "events_url": "https://api.github.com/users/rura6502/events{/privacy}",
        "received_events_url": "https://api.github.com/users/rura6502/received_events",
        "type": "User",
        "site_admin": false
    },
    "html_url": "https://github.com/rura6502/repo.rura6502.github.io",
    "description": "example repository",
    "fork": false,
    "url": "https://api.github.com/repos/rura6502/repo.rura6502.github.io",
    "forks_url": "https://api.github.com/repos/rura6502/repo.rura6502.github.io/forks",
    "keys_url": "https://api.github.com/repos/rura6502/repo.rura6502.github.io/keys{/key_id}",
    "collaborators_url": "https://api.github.com/repos/rura6502/repo.rura6502.github.io/collaborators{/collaborator}",
    "teams_url": "https://api.github.com/repos/rura6502/repo.rura6502.github.io/teams",
    "hooks_url": "https://api.github.com/repos/rura6502/repo.rura6502.github.io/hooks",
    "issue_events_url": "https://api.github.com/repos/rura6502/repo.rura6502.github.io/issues/events{/number}",
    "events_url": "https://api.github.com/repos/rura6502/repo.rura6502.github.io/events",
    "assignees_url": "https://api.github.com/repos/rura6502/repo.rura6502.github.io/assignees{/user}",
    "branches_url": "https://api.github.com/repos/rura6502/repo.rura6502.github.io/branches{/branch}",
    "tags_url": "https://api.github.com/repos/rura6502/repo.rura6502.github.io/tags",
    "blobs_url": "https://api.github.com/repos/rura6502/repo.rura6502.github.io/git/blobs{/sha}",
    "git_tags_url": "https://api.github.com/repos/rura6502/repo.rura6502.github.io/git/tags{/sha}",
    "git_refs_url": "https://api.github.com/repos/rura6502/repo.rura6502.github.io/git/refs{/sha}",
    "trees_url": "https://api.github.com/repos/rura6502/repo.rura6502.github.io/git/trees{/sha}",
    "statuses_url": "https://api.github.com/repos/rura6502/repo.rura6502.github.io/statuses/{sha}",
    "languages_url": "https://api.github.com/repos/rura6502/repo.rura6502.github.io/languages",
    "stargazers_url": "https://api.github.com/repos/rura6502/repo.rura6502.github.io/stargazers",
    "contributors_url": "https://api.github.com/repos/rura6502/repo.rura6502.github.io/contributors",
    "subscribers_url": "https://api.github.com/repos/rura6502/repo.rura6502.github.io/subscribers",
    "subscription_url": "https://api.github.com/repos/rura6502/repo.rura6502.github.io/subscription",
    "commits_url": "https://api.github.com/repos/rura6502/repo.rura6502.github.io/commits{/sha}",
    "git_commits_url": "https://api.github.com/repos/rura6502/repo.rura6502.github.io/git/commits{/sha}",
    "comments_url": "https://api.github.com/repos/rura6502/repo.rura6502.github.io/comments{/number}",
    "issue_comment_url": "https://api.github.com/repos/rura6502/repo.rura6502.github.io/issues/comments{/number}",
    "contents_url": "https://api.github.com/repos/rura6502/repo.rura6502.github.io/contents/{+path}",
    "compare_url": "https://api.github.com/repos/rura6502/repo.rura6502.github.io/compare/{base}...{head}",
    "merges_url": "https://api.github.com/repos/rura6502/repo.rura6502.github.io/merges",
    "archive_url": "https://api.github.com/repos/rura6502/repo.rura6502.github.io/{archive_format}{/ref}",
    "downloads_url": "https://api.github.com/repos/rura6502/repo.rura6502.github.io/downloads",
    "issues_url": "https://api.github.com/repos/rura6502/repo.rura6502.github.io/issues{/number}",
    "pulls_url": "https://api.github.com/repos/rura6502/repo.rura6502.github.io/pulls{/number}",
    "milestones_url": "https://api.github.com/repos/rura6502/repo.rura6502.github.io/milestones{/number}",
    "notifications_url": "https://api.github.com/repos/rura6502/repo.rura6502.github.io/notifications{?since,all,participating}",
    "labels_url": "https://api.github.com/repos/rura6502/repo.rura6502.github.io/labels{/name}",
    "releases_url": "https://api.github.com/repos/rura6502/repo.rura6502.github.io/releases{/id}",
    "deployments_url": "https://api.github.com/repos/rura6502/repo.rura6502.github.io/deployments",
    "created_at": "2019-05-26T06:21:22Z",
    "updated_at": "2020-08-18T07:02:50Z",
    "pushed_at": "2022-12-13T03:36:01Z",
    "git_url": "git://github.com/rura6502/repo.rura6502.github.io.git",
    "ssh_url": "git@github.com:rura6502/repo.rura6502.github.io.git",
    "clone_url": "https://github.com/rura6502/repo.rura6502.github.io.git",
    "svn_url": "https://github.com/rura6502/repo.rura6502.github.io",
    "homepage": null,
    "size": 46239,
    "stargazers_count": 0,
    "watchers_count": 0,
    "language": "Java",
    "has_issues": true,
    "has_projects": true,
    "has_downloads": true,
    "has_wiki": true,
    "has_pages": false,
    "has_discussions": false,
    "forks_count": 0,
    "mirror_url": null,
    "archived": false,
    "disabled": false,
    "open_issues_count": 12,
    "license": {
        "key": "other",
        "name": "Other",
        "spdx_id": "NOASSERTION",
        "url": null,
        "node_id": "MDc6TGljZW5zZTA="
    },
    "allow_forking": true,
    "is_template": false,
    "web_commit_signoff_required": false,
    "topics": [],
    "visibility": "public",
    "forks": 0,
    "open_issues": 12,
    "watchers": 0,
    "default_branch": "master",
    "permissions": {
        "admin": false,
        "maintain": false,
        "push": false,
        "triage": false,
        "pull": true
    },
    "temp_clone_token": "",
    "network_count": 0,
    "subscribers_count": 0
}