{
    "id": 222723006,
    "node_id": "MDEwOlJlcG9zaXRvcnkyMjI3MjMwMDY=",
    "name": "IntelliJDeodorant",
    "full_name": "OljaKli/IntelliJDeodorant",
    "private": false,
    "owner": {
        "login": "OljaKli",
        "id": 7487853,
        "node_id": "MDQ6VXNlcjc0ODc4NTM=",
        "avatar_url": "https://avatars.githubusercontent.com/u/7487853?v=4",
        "gravatar_id": "",
        "url": "https://api.github.com/users/OljaKli",
        "html_url": "https://github.com/OljaKli",
        "followers_url": "https://api.github.com/users/OljaKli/followers",
        "following_url": "https://api.github.com/users/OljaKli/following{/other_user}",
        "gists_url": "https://api.github.com/users/OljaKli/gists{/gist_id}",
        "starred_url": "https://api.github.com/users/OljaKli/starred{/owner}{/repo}",
        "subscriptions_url": "https://api.github.com/users/OljaKli/subscriptions",
        "organizations_url": "https://api.github.com/users/OljaKli/orgs",
        "repos_url": "https://api.github.com/users/OljaKli/repos",
        "events_url": "https://api.github.com/users/OljaKli/events{/privacy}",
        "received_events_url": "https://api.github.com/users/OljaKli/received_events",
        "type": "User",
        "site_admin": false
    },
    "html_url": "https://github.com/OljaKli/IntelliJDeodorant",
    "description": "An IntelliJ IDEA plugin that detects code smells and recommends appropriate refactorings to resolve them. Based on tsantalis/JDeodorant",
    "fork": true,
    "url": "https://api.github.com/repos/OljaKli/IntelliJDeodorant",
    "forks_url": "https://api.github.com/repos/OljaKli/IntelliJDeodorant/forks",
    "keys_url": "https://api.github.com/repos/OljaKli/IntelliJDeodorant/keys{/key_id}",
    "collaborators_url": "https://api.github.com/repos/OljaKli/IntelliJDeodorant/collaborators{/collaborator}",
    "teams_url": "https://api.github.com/repos/OljaKli/IntelliJDeodorant/teams",
    "hooks_url": "https://api.github.com/repos/OljaKli/IntelliJDeodorant/hooks",
    "issue_events_url": "https://api.github.com/repos/OljaKli/IntelliJDeodorant/issues/events{/number}",
    "events_url": "https://api.github.com/repos/OljaKli/IntelliJDeodorant/events",
    "assignees_url": "https://api.github.com/repos/OljaKli/IntelliJDeodorant/assignees{/user}",
    "branches_url": "https://api.github.com/repos/OljaKli/IntelliJDeodorant/branches{/branch}",
    "tags_url": "https://api.github.com/repos/OljaKli/IntelliJDeodorant/tags",
    "blobs_url": "https://api.github.com/repos/OljaKli/IntelliJDeodorant/git/blobs{/sha}",
    "git_tags_url": "https://api.github.com/repos/OljaKli/IntelliJDeodorant/git/tags{/sha}",
    "git_refs_url": "https://api.github.com/repos/OljaKli/IntelliJDeodorant/git/refs{/sha}",
    "trees_url": "https://api.github.com/repos/OljaKli/IntelliJDeodorant/git/trees{/sha}",
    "statuses_url": "https://api.github.com/repos/OljaKli/IntelliJDeodorant/statuses/{sha}",
    "languages_url": "https://api.github.com/repos/OljaKli/IntelliJDeodorant/languages",
    "stargazers_url": "https://api.github.com/repos/OljaKli/IntelliJDeodorant/stargazers",
    "contributors_url": "https://api.github.com/repos/OljaKli/IntelliJDeodorant/contributors",
    "subscribers_url": "https://api.github.com/repos/OljaKli/IntelliJDeodorant/subscribers",
    "subscription_url": "https://api.github.com/repos/OljaKli/IntelliJDeodorant/subscription",
    "commits_url": "https://api.github.com/repos/OljaKli/IntelliJDeodorant/commits{/sha}",
    "git_commits_url": "https://api.github.com/repos/OljaKli/IntelliJDeodorant/git/commits{/sha}",
    "comments_url": "https://api.github.com/repos/OljaKli/IntelliJDeodorant/comments{/number}",
    "issue_comment_url": "https://api.github.com/repos/OljaKli/IntelliJDeodorant/issues/comments{/number}",
    "contents_url": "https://api.github.com/repos/OljaKli/IntelliJDeodorant/contents/{+path}",
    "compare_url": "https://api.github.com/repos/OljaKli/IntelliJDeodorant/compare/{base}...{head}",
    "merges_url": "https://api.github.com/repos/OljaKli/IntelliJDeodorant/merges",
    "archive_url": "https://api.github.com/repos/OljaKli/IntelliJDeodorant/{archive_format}{/ref}",
    "downloads_url": "https://api.github.com/repos/OljaKli/IntelliJDeodorant/downloads",
    "issues_url": "https://api.github.com/repos/OljaKli/IntelliJDeodorant/issues{/number}",
    "pulls_url": "https://api.github.com/repos/OljaKli/IntelliJDeodorant/pulls{/number}",
    "milestones_url": "https://api.github.com/repos/OljaKli/IntelliJDeodorant/milestones{/number}",
    "notifications_url": "https://api.github.com/repos/OljaKli/IntelliJDeodorant/notifications{?since,all,participating}",
    "labels_url": "https://api.github.com/repos/OljaKli/IntelliJDeodorant/labels{/name}",
    "releases_url": "https://api.github.com/repos/OljaKli/IntelliJDeodorant/releases{/id}",
    "deployments_url": "https://api.github.com/repos/OljaKli/IntelliJDeodorant/deployments",
    "created_at": "2019-11-19T15:04:13Z",
    "updated_at": "2019-11-19T15:04:14Z",
    "pushed_at": "2019-11-19T15:07:26Z",
    "git_url": "git://github.com/OljaKli/IntelliJDeodorant.git",
    "ssh_url": "git@github.com:OljaKli/IntelliJDeodorant.git",
    "clone_url": "https://github.com/OljaKli/IntelliJDeodorant.git",
    "svn_url": "https://github.com/OljaKli/IntelliJDeodorant",
    "homepage": null,
    "size": 662,
    "stargazers_count": 0,
    "watchers_count": 0,
    "language": null,
    "has_issues": false,
    "has_projects": true,
    "has_downloads": true,
    "has_wiki": true,
    "has_pages": false,
    "has_discussions": false,
    "forks_count": 0,
    "mirror_url": null,
    "archived": false,
    "disabled": false,
    "open_issues_count": 0,
    "license": {
        "key": "mit",
        "name": "MIT License",
        "spdx_id": "MIT",
        "url": "https://api.github.com/licenses/mit",
        "node_id": "MDc6TGljZW5zZTEz"
    },
    "allow_forking": true,
    "is_template": false,
    "web_commit_signoff_required": false,
    "topics": [],
    "visibility": "public",
    "forks": 0,
    "open_issues": 0,
    "watchers": 0,
    "default_branch": "master",
    "permissions": {
        "admin": false,
        "maintain": false,
        "push": false,
        "triage": false,
        "pull": true
    },
    "temp_clone_token": "",
    "parent": {
        "id": 200716893,
        "node_id": "MDEwOlJlcG9zaXRvcnkyMDA3MTY4OTM=",
        "name": "IntelliJDeodorant",
        "full_name": "JetBrains-Research/IntelliJDeodorant",
        "private": false,
        "owner": {
            "login": "JetBrains-Research",
            "id": 10167268,
            "node_id": "MDEyOk9yZ2FuaXphdGlvbjEwMTY3MjY4",
            "avatar_url": "https://avatars.githubusercontent.com/u/10167268?v=4",
            "gravatar_id": "",
            "url": "https://api.github.com/users/JetBrains-Research",
            "html_url": "https://github.com/JetBrains-Research",
            "followers_url": "https://api.github.com/users/JetBrains-Research/followers",
            "following_url": "https://api.github.com/users/JetBrains-Research/following{/other_user}",
            "gists_url": "https://api.github.com/users/JetBrains-Research/gists{/gist_id}",
            "starred_url": "https://api.github.com/users/JetBrains-Research/starred{/owner}{/repo}",
            "subscriptions_url": "https://api.github.com/users/JetBrains-Research/subscriptions",
            "organizations_url": "https://api.github.com/users/JetBrains-Research/orgs",
            "repos_url": "https://api.github.com/users/JetBrains-Research/repos",
            "events_url": "https://api.github.com/users/JetBrains-Research/events{/privacy}",
            "received_events_url": "https://api.github.com/users/JetBrains-Research/received_events",
            "type": "Organization",
            "site_admin": false
        },
        "html_url": "https://github.com/JetBrains-Research/IntelliJDeodorant",
        "description": "The project is not actively supported.",
        "fork": false,
        "url": "https://api.github.com/repos/JetBrains-Research/IntelliJDeodorant",
        "forks_url": "https://api.github.com/repos/JetBrains-Research/IntelliJDeodorant/forks",
        "keys_url": "https://api.github.com/repos/JetBrains-Research/IntelliJDeodorant/keys{/key_id}",
        "collaborators_url": "https://api.github.com/repos/JetBrains-Research/IntelliJDeodorant/collaborators{/collaborator}",
        "teams_url": "https://api.github.com/repos/JetBrains-Research/IntelliJDeodorant/teams",
        "hooks_url": "https://api.github.com/repos/JetBrains-Research/IntelliJDeodorant/hooks",
        "issue_events_url": "https://api.github.com/repos/JetBrains-Research/IntelliJDeodorant/issues/events{/number}",
        "events_url": "https://api.github.com/repos/JetBrains-Research/IntelliJDeodorant/events",
        "assignees_url": "https://api.github.com/repos/JetBrains-Research/IntelliJDeodorant/assignees{/user}",
        "branches_url": "https://api.github.com/repos/JetBrains-Research/IntelliJDeodorant/branches{/branch}",
        "tags_url": "https://api.github.com/repos/JetBrains-Research/IntelliJDeodorant/tags",
        "blobs_url": "https://api.github.com/repos/JetBrains-Research/IntelliJDeodorant/git/blobs{/sha}",
        "git_tags_url": "https://api.github.com/repos/JetBrains-Research/IntelliJDeodorant/git/tags{/sha}",
        "git_refs_url": "https://api.github.com/repos/JetBrains-Research/IntelliJDeodorant/git/refs{/sha}",
        "trees_url": "https://api.github.com/repos/JetBrains-Research/IntelliJDeodorant/git/trees{/sha}",
        "statuses_url": "https://api.github.com/repos/JetBrains-Research/IntelliJDeodorant/statuses/{sha}",
        "languages_url": "https://api.github.com/repos/JetBrains-Research/IntelliJDeodorant/languages",
        "stargazers_url": "https://api.github.com/repos/JetBrains-Research/IntelliJDeodorant/stargazers",
        "contributors_url": "https://api.github.com/repos/JetBrains-Research/IntelliJDeodorant/contributors",
        "subscribers_url": "https://api.github.com/repos/JetBrains-Research/IntelliJDeodorant/subscribers",
        "subscription_url": "https://api.github.com/repos/JetBrains-Research/IntelliJDeodorant/subscription",
        "commits_url": "https://api.github.com/repos/JetBrains-Research/IntelliJDeodorant/commits{/sha}",
        "git_commits_url": "https://api.github.com/repos/JetBrains-Research/IntelliJDeodorant/git/commits{/sha}",
        "comments_url": "https://api.github.com/repos/JetBrains-Research/IntelliJDeodorant/comments{/number}",
        "issue_comment_url": "https://api.github.com/repos/JetBrains-Research/IntelliJDeodorant/issues/comments{/number}",
        "contents_url": "https://api.github.com/repos/JetBrains-Research/IntelliJDeodorant/contents/{+path}",
        "compare_url": "https://api.github.com/repos/JetBrains-Research/IntelliJDeodorant/compare/{base}...{head}",
        "merges_url": "https://api.github.com/repos/JetBrains-Research/IntelliJDeodorant/merges",
        "archive_url": "https://api.github.com/repos/JetBrains-Research/IntelliJDeodorant/{archive_format}{/ref}",
        "downloads_url": "https://api.github.com/repos/JetBrains-Research/IntelliJDeodorant/downloads",
        "issues_url": "https://api.github.com/repos/JetBrains-Research/IntelliJDeodorant/issues{/number}",
        "pulls_url": "https://api.github.com/repos/JetBrains-Research/IntelliJDeodorant/pulls{/number}",
        "milestones_url": "https://api.github.com/repos/JetBrains-Research/IntelliJDeodorant/milestones{/number}",
        "notifications_url": "https://api.github.com/repos/JetBrains-Research/IntelliJDeodorant/notifications{?since,all,participating}",
        "labels_url": "https://api.github.com/repos/JetBrains-Research/IntelliJDeodorant/labels{/name}",
        "releases_url": "https://api.github.com/repos/JetBrains-Research/IntelliJDeodorant/releases{/id}",
        "deployments_url": "https://api.github.com/repos/JetBrains-Research/IntelliJDeodorant/deployments",
        "created_at": "2019-08-05T19:32:01Z",
        "updated_at": "2023-05-10T07:13:52Z",
        "pushed_at": "2022-02-06T19:15:34Z",
        "git_url": "git://github.com/JetBrains-Research/IntelliJDeodorant.git",
        "ssh_url": "git@github.com:JetBrains-Research/IntelliJDeodorant.git",
        "clone_url": "https://github.com/JetBrains-Research/IntelliJDeodorant.git",
        "svn_url": "https://github.com/JetBrains-Research/IntelliJDeodorant",
        "homepage": "",
        "size": 4323,
        "stargazers_count": 55,
        "watchers_count": 55,
        "language": "Java",
        "has_issues": true,
        "has_projects": true,
        "has_downloads": true,
        "has_wiki": true,
        "has_pages": false,
        "has_discussions": false,
        "forks_count": 14,
        "mirror_url": null,
        "archived": false,
        "disabled": false,
        "open_issues_count": 5617,
        "license": {
            "key": "mit",
            "name": "MIT License",
            "spdx_id": "MIT",
            "url": "https://api.github.com/licenses/mit",
            "node_id": "MDc6TGljZW5zZTEz"
        },
        "allow_forking": true,
        "is_template": false,
        "web_commit_signoff_required": false,
        "topics": [
            "code-smells",
            "intellij-plugin",
            "jdeodorant",
            "refactoring"
        ],
        "visibility": "public",
        "forks": 14,
        "open_issues": 5617,
        "watchers": 55,
        "default_branch": "master"
    },
    "source": {
        "id": 200716893,
        "node_id": "MDEwOlJlcG9zaXRvcnkyMDA3MTY4OTM=",
        "name": "IntelliJDeodorant",
        "full_name": "JetBrains-Research/IntelliJDeodorant",
        "private": false,
        "owner": {
            "login": "JetBrains-Research",
            "id": 10167268,
            "node_id": "MDEyOk9yZ2FuaXphdGlvbjEwMTY3MjY4",
            "avatar_url": "https://avatars.githubusercontent.com/u/10167268?v=4",
            "gravatar_id": "",
            "url": "https://api.github.com/users/JetBrains-Research",
            "html_url": "https://github.com/JetBrains-Research",
            "followers_url": "https://api.github.com/users/JetBrains-Research/followers",
            "following_url": "https://api.github.com/users/JetBrains-Research/following{/other_user}",
            "gists_url": "https://api.github.com/users/JetBrains-Research/gists{/gist_id}",
            "starred_url": "https://api.github.com/users/JetBrains-Research/starred{/owner}{/repo}",
            "subscriptions_url": "https://api.github.com/users/JetBrains-Research/subscriptions",
            "organizations_url": "https://api.github.com/users/JetBrains-Research/orgs",
            "repos_url": "https://api.github.com/users/JetBrains-Research/repos",
            "events_url": "https://api.github.com/users/JetBrains-Research/events{/privacy}",
            "received_events_url": "https://api.github.com/users/JetBrains-Research/received_events",
            "type": "Organization",
            "site_admin": false
        },
        "html_url": "https://github.com/JetBrains-Research/IntelliJDeodorant",
        "description": "The project is not actively supported.",
        "fork": false,
        "url": "https://api.github.com/repos/JetBrains-Research/IntelliJDeodorant",
        "forks_url": "https://api.github.com/repos/JetBrains-Research/IntelliJDeodorant/forks",
        "keys_url": "https://api.github.com/repos/JetBrains-Research/IntelliJDeodorant/keys{/key_id}",
        "collaborators_url": "https://api.github.com/repos/JetBrains-Research/IntelliJDeodorant/collaborators{/collaborator}",
        "teams_url": "https://api.github.com/repos/JetBrains-Research/IntelliJDeodorant/teams",
        "hooks_url": "https://api.github.com/repos/JetBrains-Research/IntelliJDeodorant/hooks",
        "issue_events_url": "https://api.github.com/repos/JetBrains-Research/IntelliJDeodorant/issues/events{/number}",
        "events_url": "https://api.github.com/repos/JetBrains-Research/IntelliJDeodorant/events",
        "assignees_url": "https://api.github.com/repos/JetBrains-Research/IntelliJDeodorant/assignees{/user}",
        "branches_url": "https://api.github.com/repos/JetBrains-Research/IntelliJDeodorant/branches{/branch}",
        "tags_url": "https://api.github.com/repos/JetBrains-Research/IntelliJDeodorant/tags",
        "blobs_url": "https://api.github.com/repos/JetBrains-Research/IntelliJDeodorant/git/blobs{/sha}",
        "git_tags_url": "https://api.github.com/repos/JetBrains-Research/IntelliJDeodorant/git/tags{/sha}",
        "git_refs_url": "https://api.github.com/repos/JetBrains-Research/IntelliJDeodorant/git/refs{/sha}",
        "trees_url": "https://api.github.com/repos/JetBrains-Research/IntelliJDeodorant/git/trees{/sha}",
        "statuses_url": "https://api.github.com/repos/JetBrains-Research/IntelliJDeodorant/statuses/{sha}",
        "languages_url": "https://api.github.com/repos/JetBrains-Research/IntelliJDeodorant/languages",
        "stargazers_url": "https://api.github.com/repos/JetBrains-Research/IntelliJDeodorant/stargazers",
        "contributors_url": "https://api.github.com/repos/JetBrains-Research/IntelliJDeodorant/contributors",
        "subscribers_url": "https://api.github.com/repos/JetBrains-Research/IntelliJDeodorant/subscribers",
        "subscription_url": "https://api.github.com/repos/JetBrains-Research/IntelliJDeodorant/subscription",
        "commits_url": "https://api.github.com/repos/JetBrains-Research/IntelliJDeodorant/commits{/sha}",
        "git_commits_url": "https://api.github.com/repos/JetBrains-Research/IntelliJDeodorant/git/commits{/sha}",
        "comments_url": "https://api.github.com/repos/JetBrains-Research/IntelliJDeodorant/comments{/number}",
        "issue_comment_url": "https://api.github.com/repos/JetBrains-Research/IntelliJDeodorant/issues/comments{/number}",
        "contents_url": "https://api.github.com/repos/JetBrains-Research/IntelliJDeodorant/contents/{+path}",
        "compare_url": "https://api.github.com/repos/JetBrains-Research/IntelliJDeodorant/compare/{base}...{head}",
        "merges_url": "https://api.github.com/repos/JetBrains-Research/IntelliJDeodorant/merges",
        "archive_url": "https://api.github.com/repos/JetBrains-Research/IntelliJDeodorant/{archive_format}{/ref}",
        "downloads_url": "https://api.github.com/repos/JetBrains-Research/IntelliJDeodorant/downloads",
        "issues_url": "https://api.github.com/repos/JetBrains-Research/IntelliJDeodorant/issues{/number}",
        "pulls_url": "https://api.github.com/repos/JetBrains-Research/IntelliJDeodorant/pulls{/number}",
        "milestones_url": "https://api.github.com/repos/JetBrains-Research/IntelliJDeodorant/milestones{/number}",
        "notifications_url": "https://api.github.com/repos/JetBrains-Research/IntelliJDeodorant/notifications{?since,all,participating}",
        "labels_url": "https://api.github.com/repos/JetBrains-Research/IntelliJDeodorant/labels{/name}",
        "releases_url": "https://api.github.com/repos/JetBrains-Research/IntelliJDeodorant/releases{/id}",
        "deployments_url": "https://api.github.com/repos/JetBrains-Research/IntelliJDeodorant/deployments",
        "created_at": "2019-08-05T19:32:01Z",
        "updated_at": "2023-05-10T07:13:52Z",
        "pushed_at": "2022-02-06T19:15:34Z",
        "git_url": "git://github.com/JetBrains-Research/IntelliJDeodorant.git",
        "ssh_url": "git@github.com:JetBrains-Research/IntelliJDeodorant.git",
        "clone_url": "https://github.com/JetBrains-Research/IntelliJDeodorant.git",
        "svn_url": "https://github.com/JetBrains-Research/IntelliJDeodorant",
        "homepage": "",
        "size": 4323,
        "stargazers_count": 55,
        "watchers_count": 55,
        "language": "Java",
        "has_issues": true,
        "has_projects": true,
        "has_downloads": true,
        "has_wiki": true,
        "has_pages": false,
        "has_discussions": false,
        "forks_count": 14,
        "mirror_url": null,
        "archived": false,
        "disabled": false,
        "open_issues_count": 5617,
        "license": {
            "key": "mit",
            "name": "MIT License",
            "spdx_id": "MIT",
            "url": "https://api.github.com/licenses/mit",
            "node_id": "MDc6TGljZW5zZTEz"
        },
        "allow_forking": true,
        "is_template": false,
        "web_commit_signoff_required": false,
        "topics": [
            "code-smells",
            "intellij-plugin",
            "jdeodorant",
            "refactoring"
        ],
        "visibility": "public",
        "forks": 14,
        "open_issues": 5617,
        "watchers": 55,
        "default_branch": "master"
    },
    "network_count": 14,
    "subscribers_count": 1
}