{
    "id": 74084826,
    "node_id": "MDEwOlJlcG9zaXRvcnk3NDA4NDgyNg==",
    "name": "kcfw",
    "full_name": "krazychen/kcfw",
    "private": false,
    "owner": {
        "login": "krazychen",
        "id": 7288088,
        "node_id": "MDQ6VXNlcjcyODgwODg=",
        "avatar_url": "https://avatars.githubusercontent.com/u/7288088?v=4",
        "gravatar_id": "",
        "url": "https://api.github.com/users/krazychen",
        "html_url": "https://github.com/krazychen",
        "followers_url": "https://api.github.com/users/krazychen/followers",
        "following_url": "https://api.github.com/users/krazychen/following{/other_user}",
        "gists_url": "https://api.github.com/users/krazychen/gists{/gist_id}",
        "starred_url": "https://api.github.com/users/krazychen/starred{/owner}{/repo}",
        "subscriptions_url": "https://api.github.com/users/krazychen/subscriptions",
        "organizations_url": "https://api.github.com/users/krazychen/orgs",
        "repos_url": "https://api.github.com/users/krazychen/repos",
        "events_url": "https://api.github.com/users/krazychen/events{/privacy}",
        "received_events_url": "https://api.github.com/users/krazychen/received_events",
        "type": "User",
        "site_admin": false
    },
    "html_url": "https://github.com/krazychen/kcfw",
    "description": null,
    "fork": false,
    "url": "https://api.github.com/repos/krazychen/kcfw",
    "forks_url": "https://api.github.com/repos/krazychen/kcfw/forks",
    "keys_url": "https://api.github.com/repos/krazychen/kcfw/keys{/key_id}",
    "collaborators_url": "https://api.github.com/repos/krazychen/kcfw/collaborators{/collaborator}",
    "teams_url": "https://api.github.com/repos/krazychen/kcfw/teams",
    "hooks_url": "https://api.github.com/repos/krazychen/kcfw/hooks",
    "issue_events_url": "https://api.github.com/repos/krazychen/kcfw/issues/events{/number}",
    "events_url": "https://api.github.com/repos/krazychen/kcfw/events",
    "assignees_url": "https://api.github.com/repos/krazychen/kcfw/assignees{/user}",
    "branches_url": "https://api.github.com/repos/krazychen/kcfw/branches{/branch}",
    "tags_url": "https://api.github.com/repos/krazychen/kcfw/tags",
    "blobs_url": "https://api.github.com/repos/krazychen/kcfw/git/blobs{/sha}",
    "git_tags_url": "https://api.github.com/repos/krazychen/kcfw/git/tags{/sha}",
    "git_refs_url": "https://api.github.com/repos/krazychen/kcfw/git/refs{/sha}",
    "trees_url": "https://api.github.com/repos/krazychen/kcfw/git/trees{/sha}",
    "statuses_url": "https://api.github.com/repos/krazychen/kcfw/statuses/{sha}",
    "languages_url": "https://api.github.com/repos/krazychen/kcfw/languages",
    "stargazers_url": "https://api.github.com/repos/krazychen/kcfw/stargazers",
    "contributors_url": "https://api.github.com/repos/krazychen/kcfw/contributors",
    "subscribers_url": "https://api.github.com/repos/krazychen/kcfw/subscribers",
    "subscription_url": "https://api.github.com/repos/krazychen/kcfw/subscription",
    "commits_url": "https://api.github.com/repos/krazychen/kcfw/commits{/sha}",
    "git_commits_url": "https://api.github.com/repos/krazychen/kcfw/git/commits{/sha}",
    "comments_url": "https://api.github.com/repos/krazychen/kcfw/comments{/number}",
    "issue_comment_url": "https://api.github.com/repos/krazychen/kcfw/issues/comments{/number}",
    "contents_url": "https://api.github.com/repos/krazychen/kcfw/contents/{+path}",
    "compare_url": "https://api.github.com/repos/krazychen/kcfw/compare/{base}...{head}",
    "merges_url": "https://api.github.com/repos/krazychen/kcfw/merges",
    "archive_url": "https://api.github.com/repos/krazychen/kcfw/{archive_format}{/ref}",
    "downloads_url": "https://api.github.com/repos/krazychen/kcfw/downloads",
    "issues_url": "https://api.github.com/repos/krazychen/kcfw/issues{/number}",
    "pulls_url": "https://api.github.com/repos/krazychen/kcfw/pulls{/number}",
    "milestones_url": "https://api.github.com/repos/krazychen/kcfw/milestones{/number}",
    "notifications_url": "https://api.github.com/repos/krazychen/kcfw/notifications{?since,all,participating}",
    "labels_url": "https://api.github.com/repos/krazychen/kcfw/labels{/name}",
    "releases_url": "https://api.github.com/repos/krazychen/kcfw/releases{/id}",
    "deployments_url": "https://api.github.com/repos/krazychen/kcfw/deployments",
    "created_at": "2016-11-18T01:50:22Z",
    "updated_at": "2016-11-18T03:27:24Z",
    "pushed_at": "2018-01-19T06:51:23Z",
    "git_url": "git://github.com/krazychen/kcfw.git",
    "ssh_url": "git@github.com:krazychen/kcfw.git",
    "clone_url": "https://github.com/krazychen/kcfw.git",
    "svn_url": "https://github.com/krazychen/kcfw",
    "homepage": null,
    "size": 96097,
    "stargazers_count": 0,
    "watchers_count": 0,
    "language": "JavaScript",
    "has_issues": true,
    "has_projects": true,
    "has_downloads": true,
    "has_wiki": true,
    "has_pages": false,
    "has_discussions": false,
    "forks_count": 0,
    "mirror_url": null,
    "archived": false,
    "disabled": false,
    "open_issues_count": 0,
    "license": {
        "key": "apache-2.0",
        "name": "Apache License 2.0",
        "spdx_id": "Apache-2.0",
        "url": "https://api.github.com/licenses/apache-2.0",
        "node_id": "MDc6TGljZW5zZTI="
    },
    "allow_forking": true,
    "is_template": false,
    "web_commit_signoff_required": false,
    "topics": [],
    "visibility": "public",
    "forks": 0,
    "open_issues": 0,
    "watchers": 0,
    "default_branch": "master",
    "permissions": {
        "admin": false,
        "maintain": false,
        "push": false,
        "triage": false,
        "pull": true
    },
    "temp_clone_token": "",
    "network_count": 0,
    "subscribers_count": 2
}