{
    "id": 129149730,
    "node_id": "MDEwOlJlcG9zaXRvcnkxMjkxNDk3MzA=",
    "name": "cadence-client",
    "full_name": "meiliang86/cadence-client",
    "private": false,
    "owner": {
        "login": "meiliang86",
        "id": 3085410,
        "node_id": "MDQ6VXNlcjMwODU0MTA=",
        "avatar_url": "https://avatars.githubusercontent.com/u/3085410?v=4",
        "gravatar_id": "",
        "url": "https://api.github.com/users/meiliang86",
        "html_url": "https://github.com/meiliang86",
        "followers_url": "https://api.github.com/users/meiliang86/followers",
        "following_url": "https://api.github.com/users/meiliang86/following{/other_user}",
        "gists_url": "https://api.github.com/users/meiliang86/gists{/gist_id}",
        "starred_url": "https://api.github.com/users/meiliang86/starred{/owner}{/repo}",
        "subscriptions_url": "https://api.github.com/users/meiliang86/subscriptions",
        "organizations_url": "https://api.github.com/users/meiliang86/orgs",
        "repos_url": "https://api.github.com/users/meiliang86/repos",
        "events_url": "https://api.github.com/users/meiliang86/events{/privacy}",
        "received_events_url": "https://api.github.com/users/meiliang86/received_events",
        "type": "User",
        "site_admin": false
    },
    "html_url": "https://github.com/meiliang86/cadence-client",
    "description": "Java framework for Cadence Workflow Service",
    "fork": true,
    "url": "https://api.github.com/repos/meiliang86/cadence-client",
    "forks_url": "https://api.github.com/repos/meiliang86/cadence-client/forks",
    "keys_url": "https://api.github.com/repos/meiliang86/cadence-client/keys{/key_id}",
    "collaborators_url": "https://api.github.com/repos/meiliang86/cadence-client/collaborators{/collaborator}",
    "teams_url": "https://api.github.com/repos/meiliang86/cadence-client/teams",
    "hooks_url": "https://api.github.com/repos/meiliang86/cadence-client/hooks",
    "issue_events_url": "https://api.github.com/repos/meiliang86/cadence-client/issues/events{/number}",
    "events_url": "https://api.github.com/repos/meiliang86/cadence-client/events",
    "assignees_url": "https://api.github.com/repos/meiliang86/cadence-client/assignees{/user}",
    "branches_url": "https://api.github.com/repos/meiliang86/cadence-client/branches{/branch}",
    "tags_url": "https://api.github.com/repos/meiliang86/cadence-client/tags",
    "blobs_url": "https://api.github.com/repos/meiliang86/cadence-client/git/blobs{/sha}",
    "git_tags_url": "https://api.github.com/repos/meiliang86/cadence-client/git/tags{/sha}",
    "git_refs_url": "https://api.github.com/repos/meiliang86/cadence-client/git/refs{/sha}",
    "trees_url": "https://api.github.com/repos/meiliang86/cadence-client/git/trees{/sha}",
    "statuses_url": "https://api.github.com/repos/meiliang86/cadence-client/statuses/{sha}",
    "languages_url": "https://api.github.com/repos/meiliang86/cadence-client/languages",
    "stargazers_url": "https://api.github.com/repos/meiliang86/cadence-client/stargazers",
    "contributors_url": "https://api.github.com/repos/meiliang86/cadence-client/contributors",
    "subscribers_url": "https://api.github.com/repos/meiliang86/cadence-client/subscribers",
    "subscription_url": "https://api.github.com/repos/meiliang86/cadence-client/subscription",
    "commits_url": "https://api.github.com/repos/meiliang86/cadence-client/commits{/sha}",
    "git_commits_url": "https://api.github.com/repos/meiliang86/cadence-client/git/commits{/sha}",
    "comments_url": "https://api.github.com/repos/meiliang86/cadence-client/comments{/number}",
    "issue_comment_url": "https://api.github.com/repos/meiliang86/cadence-client/issues/comments{/number}",
    "contents_url": "https://api.github.com/repos/meiliang86/cadence-client/contents/{+path}",
    "compare_url": "https://api.github.com/repos/meiliang86/cadence-client/compare/{base}...{head}",
    "merges_url": "https://api.github.com/repos/meiliang86/cadence-client/merges",
    "archive_url": "https://api.github.com/repos/meiliang86/cadence-client/{archive_format}{/ref}",
    "downloads_url": "https://api.github.com/repos/meiliang86/cadence-client/downloads",
    "issues_url": "https://api.github.com/repos/meiliang86/cadence-client/issues{/number}",
    "pulls_url": "https://api.github.com/repos/meiliang86/cadence-client/pulls{/number}",
    "milestones_url": "https://api.github.com/repos/meiliang86/cadence-client/milestones{/number}",
    "notifications_url": "https://api.github.com/repos/meiliang86/cadence-client/notifications{?since,all,participating}",
    "labels_url": "https://api.github.com/repos/meiliang86/cadence-client/labels{/name}",
    "releases_url": "https://api.github.com/repos/meiliang86/cadence-client/releases{/id}",
    "deployments_url": "https://api.github.com/repos/meiliang86/cadence-client/deployments",
    "created_at": "2018-04-11T20:23:11Z",
    "updated_at": "2018-07-18T18:27:44Z",
    "pushed_at": "2021-03-09T00:49:50Z",
    "git_url": "git://github.com/meiliang86/cadence-client.git",
    "ssh_url": "git@github.com:meiliang86/cadence-client.git",
    "clone_url": "https://github.com/meiliang86/cadence-client.git",
    "svn_url": "https://github.com/meiliang86/cadence-client",
    "homepage": "https://github.com/uber/cadence",
    "size": 3189,
    "stargazers_count": 0,
    "watchers_count": 0,
    "language": "Java",
    "has_issues": false,
    "has_projects": true,
    "has_downloads": true,
    "has_wiki": true,
    "has_pages": false,
    "has_discussions": false,
    "forks_count": 0,
    "mirror_url": null,
    "archived": false,
    "disabled": false,
    "open_issues_count": 0,
    "license": {
        "key": "other",
        "name": "Other",
        "spdx_id": "NOASSERTION",
        "url": null,
        "node_id": "MDc6TGljZW5zZTA="
    },
    "allow_forking": true,
    "is_template": false,
    "web_commit_signoff_required": false,
    "topics": [],
    "visibility": "public",
    "forks": 0,
    "open_issues": 0,
    "watchers": 0,
    "default_branch": "master",
    "permissions": {
        "admin": false,
        "maintain": false,
        "push": false,
        "triage": false,
        "pull": true
    },
    "temp_clone_token": "",
    "parent": {
        "id": 113889550,
        "node_id": "MDEwOlJlcG9zaXRvcnkxMTM4ODk1NTA=",
        "name": "cadence-java-client",
        "full_name": "uber/cadence-java-client",
        "private": false,
        "owner": {
            "login": "uber",
            "id": 538264,
            "node_id": "MDEyOk9yZ2FuaXphdGlvbjUzODI2NA==",
            "avatar_url": "https://avatars.githubusercontent.com/u/538264?v=4",
            "gravatar_id": "",
            "url": "https://api.github.com/users/uber",
            "html_url": "https://github.com/uber",
            "followers_url": "https://api.github.com/users/uber/followers",
            "following_url": "https://api.github.com/users/uber/following{/other_user}",
            "gists_url": "https://api.github.com/users/uber/gists{/gist_id}",
            "starred_url": "https://api.github.com/users/uber/starred{/owner}{/repo}",
            "subscriptions_url": "https://api.github.com/users/uber/subscriptions",
            "organizations_url": "https://api.github.com/users/uber/orgs",
            "repos_url": "https://api.github.com/users/uber/repos",
            "events_url": "https://api.github.com/users/uber/events{/privacy}",
            "received_events_url": "https://api.github.com/users/uber/received_events",
            "type": "Organization",
            "site_admin": false
        },
        "html_url": "https://github.com/uber/cadence-java-client",
        "description": "Java framework for Cadence Workflow Service",
        "fork": false,
        "url": "https://api.github.com/repos/uber/cadence-java-client",
        "forks_url": "https://api.github.com/repos/uber/cadence-java-client/forks",
        "keys_url": "https://api.github.com/repos/uber/cadence-java-client/keys{/key_id}",
        "collaborators_url": "https://api.github.com/repos/uber/cadence-java-client/collaborators{/collaborator}",
        "teams_url": "https://api.github.com/repos/uber/cadence-java-client/teams",
        "hooks_url": "https://api.github.com/repos/uber/cadence-java-client/hooks",
        "issue_events_url": "https://api.github.com/repos/uber/cadence-java-client/issues/events{/number}",
        "events_url": "https://api.github.com/repos/uber/cadence-java-client/events",
        "assignees_url": "https://api.github.com/repos/uber/cadence-java-client/assignees{/user}",
        "branches_url": "https://api.github.com/repos/uber/cadence-java-client/branches{/branch}",
        "tags_url": "https://api.github.com/repos/uber/cadence-java-client/tags",
        "blobs_url": "https://api.github.com/repos/uber/cadence-java-client/git/blobs{/sha}",
        "git_tags_url": "https://api.github.com/repos/uber/cadence-java-client/git/tags{/sha}",
        "git_refs_url": "https://api.github.com/repos/uber/cadence-java-client/git/refs{/sha}",
        "trees_url": "https://api.github.com/repos/uber/cadence-java-client/git/trees{/sha}",
        "statuses_url": "https://api.github.com/repos/uber/cadence-java-client/statuses/{sha}",
        "languages_url": "https://api.github.com/repos/uber/cadence-java-client/languages",
        "stargazers_url": "https://api.github.com/repos/uber/cadence-java-client/stargazers",
        "contributors_url": "https://api.github.com/repos/uber/cadence-java-client/contributors",
        "subscribers_url": "https://api.github.com/repos/uber/cadence-java-client/subscribers",
        "subscription_url": "https://api.github.com/repos/uber/cadence-java-client/subscription",
        "commits_url": "https://api.github.com/repos/uber/cadence-java-client/commits{/sha}",
        "git_commits_url": "https://api.github.com/repos/uber/cadence-java-client/git/commits{/sha}",
        "comments_url": "https://api.github.com/repos/uber/cadence-java-client/comments{/number}",
        "issue_comment_url": "https://api.github.com/repos/uber/cadence-java-client/issues/comments{/number}",
        "contents_url": "https://api.github.com/repos/uber/cadence-java-client/contents/{+path}",
        "compare_url": "https://api.github.com/repos/uber/cadence-java-client/compare/{base}...{head}",
        "merges_url": "https://api.github.com/repos/uber/cadence-java-client/merges",
        "archive_url": "https://api.github.com/repos/uber/cadence-java-client/{archive_format}{/ref}",
        "downloads_url": "https://api.github.com/repos/uber/cadence-java-client/downloads",
        "issues_url": "https://api.github.com/repos/uber/cadence-java-client/issues{/number}",
        "pulls_url": "https://api.github.com/repos/uber/cadence-java-client/pulls{/number}",
        "milestones_url": "https://api.github.com/repos/uber/cadence-java-client/milestones{/number}",
        "notifications_url": "https://api.github.com/repos/uber/cadence-java-client/notifications{?since,all,participating}",
        "labels_url": "https://api.github.com/repos/uber/cadence-java-client/labels{/name}",
        "releases_url": "https://api.github.com/repos/uber/cadence-java-client/releases{/id}",
        "deployments_url": "https://api.github.com/repos/uber/cadence-java-client/deployments",
        "created_at": "2017-12-11T17:42:08Z",
        "updated_at": "2024-04-29T20:47:08Z",
        "pushed_at": "2024-04-29T23:33:44Z",
        "git_url": "git://github.com/uber/cadence-java-client.git",
        "ssh_url": "git@github.com:uber/cadence-java-client.git",
        "clone_url": "https://github.com/uber/cadence-java-client.git",
        "svn_url": "https://github.com/uber/cadence-java-client",
        "homepage": "https://cadenceworkflow.io",
        "size": 4014,
        "stargazers_count": 139,
        "watchers_count": 139,
        "language": "Java",
        "has_issues": true,
        "has_projects": true,
        "has_downloads": true,
        "has_wiki": true,
        "has_pages": false,
        "has_discussions": false,
        "forks_count": 107,
        "mirror_url": null,
        "archived": false,
        "disabled": false,
        "open_issues_count": 140,
        "license": {
            "key": "other",
            "name": "Other",
            "spdx_id": "NOASSERTION",
            "url": null,
            "node_id": "MDc6TGljZW5zZTA="
        },
        "allow_forking": true,
        "is_template": false,
        "web_commit_signoff_required": false,
        "topics": [
            "aws-swf",
            "cadence",
            "cadence-client",
            "task-management",
            "task-management-system",
            "task-queue",
            "task-scheduler",
            "uber",
            "workflow-engine",
            "workflow-management-system",
            "workflow-scheduler"
        ],
        "visibility": "public",
        "forks": 107,
        "open_issues": 140,
        "watchers": 139,
        "default_branch": "master"
    },
    "source": {
        "id": 113889550,
        "node_id": "MDEwOlJlcG9zaXRvcnkxMTM4ODk1NTA=",
        "name": "cadence-java-client",
        "full_name": "uber/cadence-java-client",
        "private": false,
        "owner": {
            "login": "uber",
            "id": 538264,
            "node_id": "MDEyOk9yZ2FuaXphdGlvbjUzODI2NA==",
            "avatar_url": "https://avatars.githubusercontent.com/u/538264?v=4",
            "gravatar_id": "",
            "url": "https://api.github.com/users/uber",
            "html_url": "https://github.com/uber",
            "followers_url": "https://api.github.com/users/uber/followers",
            "following_url": "https://api.github.com/users/uber/following{/other_user}",
            "gists_url": "https://api.github.com/users/uber/gists{/gist_id}",
            "starred_url": "https://api.github.com/users/uber/starred{/owner}{/repo}",
            "subscriptions_url": "https://api.github.com/users/uber/subscriptions",
            "organizations_url": "https://api.github.com/users/uber/orgs",
            "repos_url": "https://api.github.com/users/uber/repos",
            "events_url": "https://api.github.com/users/uber/events{/privacy}",
            "received_events_url": "https://api.github.com/users/uber/received_events",
            "type": "Organization",
            "site_admin": false
        },
        "html_url": "https://github.com/uber/cadence-java-client",
        "description": "Java framework for Cadence Workflow Service",
        "fork": false,
        "url": "https://api.github.com/repos/uber/cadence-java-client",
        "forks_url": "https://api.github.com/repos/uber/cadence-java-client/forks",
        "keys_url": "https://api.github.com/repos/uber/cadence-java-client/keys{/key_id}",
        "collaborators_url": "https://api.github.com/repos/uber/cadence-java-client/collaborators{/collaborator}",
        "teams_url": "https://api.github.com/repos/uber/cadence-java-client/teams",
        "hooks_url": "https://api.github.com/repos/uber/cadence-java-client/hooks",
        "issue_events_url": "https://api.github.com/repos/uber/cadence-java-client/issues/events{/number}",
        "events_url": "https://api.github.com/repos/uber/cadence-java-client/events",
        "assignees_url": "https://api.github.com/repos/uber/cadence-java-client/assignees{/user}",
        "branches_url": "https://api.github.com/repos/uber/cadence-java-client/branches{/branch}",
        "tags_url": "https://api.github.com/repos/uber/cadence-java-client/tags",
        "blobs_url": "https://api.github.com/repos/uber/cadence-java-client/git/blobs{/sha}",
        "git_tags_url": "https://api.github.com/repos/uber/cadence-java-client/git/tags{/sha}",
        "git_refs_url": "https://api.github.com/repos/uber/cadence-java-client/git/refs{/sha}",
        "trees_url": "https://api.github.com/repos/uber/cadence-java-client/git/trees{/sha}",
        "statuses_url": "https://api.github.com/repos/uber/cadence-java-client/statuses/{sha}",
        "languages_url": "https://api.github.com/repos/uber/cadence-java-client/languages",
        "stargazers_url": "https://api.github.com/repos/uber/cadence-java-client/stargazers",
        "contributors_url": "https://api.github.com/repos/uber/cadence-java-client/contributors",
        "subscribers_url": "https://api.github.com/repos/uber/cadence-java-client/subscribers",
        "subscription_url": "https://api.github.com/repos/uber/cadence-java-client/subscription",
        "commits_url": "https://api.github.com/repos/uber/cadence-java-client/commits{/sha}",
        "git_commits_url": "https://api.github.com/repos/uber/cadence-java-client/git/commits{/sha}",
        "comments_url": "https://api.github.com/repos/uber/cadence-java-client/comments{/number}",
        "issue_comment_url": "https://api.github.com/repos/uber/cadence-java-client/issues/comments{/number}",
        "contents_url": "https://api.github.com/repos/uber/cadence-java-client/contents/{+path}",
        "compare_url": "https://api.github.com/repos/uber/cadence-java-client/compare/{base}...{head}",
        "merges_url": "https://api.github.com/repos/uber/cadence-java-client/merges",
        "archive_url": "https://api.github.com/repos/uber/cadence-java-client/{archive_format}{/ref}",
        "downloads_url": "https://api.github.com/repos/uber/cadence-java-client/downloads",
        "issues_url": "https://api.github.com/repos/uber/cadence-java-client/issues{/number}",
        "pulls_url": "https://api.github.com/repos/uber/cadence-java-client/pulls{/number}",
        "milestones_url": "https://api.github.com/repos/uber/cadence-java-client/milestones{/number}",
        "notifications_url": "https://api.github.com/repos/uber/cadence-java-client/notifications{?since,all,participating}",
        "labels_url": "https://api.github.com/repos/uber/cadence-java-client/labels{/name}",
        "releases_url": "https://api.github.com/repos/uber/cadence-java-client/releases{/id}",
        "deployments_url": "https://api.github.com/repos/uber/cadence-java-client/deployments",
        "created_at": "2017-12-11T17:42:08Z",
        "updated_at": "2024-04-29T20:47:08Z",
        "pushed_at": "2024-04-29T23:33:44Z",
        "git_url": "git://github.com/uber/cadence-java-client.git",
        "ssh_url": "git@github.com:uber/cadence-java-client.git",
        "clone_url": "https://github.com/uber/cadence-java-client.git",
        "svn_url": "https://github.com/uber/cadence-java-client",
        "homepage": "https://cadenceworkflow.io",
        "size": 4014,
        "stargazers_count": 139,
        "watchers_count": 139,
        "language": "Java",
        "has_issues": true,
        "has_projects": true,
        "has_downloads": true,
        "has_wiki": true,
        "has_pages": false,
        "has_discussions": false,
        "forks_count": 107,
        "mirror_url": null,
        "archived": false,
        "disabled": false,
        "open_issues_count": 140,
        "license": {
            "key": "other",
            "name": "Other",
            "spdx_id": "NOASSERTION",
            "url": null,
            "node_id": "MDc6TGljZW5zZTA="
        },
        "allow_forking": true,
        "is_template": false,
        "web_commit_signoff_required": false,
        "topics": [
            "aws-swf",
            "cadence",
            "cadence-client",
            "task-management",
            "task-management-system",
            "task-queue",
            "task-scheduler",
            "uber",
            "workflow-engine",
            "workflow-management-system",
            "workflow-scheduler"
        ],
        "visibility": "public",
        "forks": 107,
        "open_issues": 140,
        "watchers": 139,
        "default_branch": "master"
    },
    "network_count": 107,
    "subscribers_count": 2
}