{
    "id": 381283343,
    "node_id": "MDEwOlJlcG9zaXRvcnkzODEyODMzNDM=",
    "name": "java-kata-1",
    "full_name": "mykola-lavrenko/java-kata-1",
    "private": false,
    "owner": {
        "login": "mykola-lavrenko",
        "id": 8897295,
        "node_id": "MDQ6VXNlcjg4OTcyOTU=",
        "avatar_url": "https://avatars.githubusercontent.com/u/8897295?v=4",
        "gravatar_id": "",
        "url": "https://api.github.com/users/mykola-lavrenko",
        "html_url": "https://github.com/mykola-lavrenko",
        "followers_url": "https://api.github.com/users/mykola-lavrenko/followers",
        "following_url": "https://api.github.com/users/mykola-lavrenko/following{/other_user}",
        "gists_url": "https://api.github.com/users/mykola-lavrenko/gists{/gist_id}",
        "starred_url": "https://api.github.com/users/mykola-lavrenko/starred{/owner}{/repo}",
        "subscriptions_url": "https://api.github.com/users/mykola-lavrenko/subscriptions",
        "organizations_url": "https://api.github.com/users/mykola-lavrenko/orgs",
        "repos_url": "https://api.github.com/users/mykola-lavrenko/repos",
        "events_url": "https://api.github.com/users/mykola-lavrenko/events{/privacy}",
        "received_events_url": "https://api.github.com/users/mykola-lavrenko/received_events",
        "type": "User",
        "site_admin": false
    },
    "html_url": "https://github.com/mykola-lavrenko/java-kata-1",
    "description": null,
    "fork": false,
    "url": "https://api.github.com/repos/mykola-lavrenko/java-kata-1",
    "forks_url": "https://api.github.com/repos/mykola-lavrenko/java-kata-1/forks",
    "keys_url": "https://api.github.com/repos/mykola-lavrenko/java-kata-1/keys{/key_id}",
    "collaborators_url": "https://api.github.com/repos/mykola-lavrenko/java-kata-1/collaborators{/collaborator}",
    "teams_url": "https://api.github.com/repos/mykola-lavrenko/java-kata-1/teams",
    "hooks_url": "https://api.github.com/repos/mykola-lavrenko/java-kata-1/hooks",
    "issue_events_url": "https://api.github.com/repos/mykola-lavrenko/java-kata-1/issues/events{/number}",
    "events_url": "https://api.github.com/repos/mykola-lavrenko/java-kata-1/events",
    "assignees_url": "https://api.github.com/repos/mykola-lavrenko/java-kata-1/assignees{/user}",
    "branches_url": "https://api.github.com/repos/mykola-lavrenko/java-kata-1/branches{/branch}",
    "tags_url": "https://api.github.com/repos/mykola-lavrenko/java-kata-1/tags",
    "blobs_url": "https://api.github.com/repos/mykola-lavrenko/java-kata-1/git/blobs{/sha}",
    "git_tags_url": "https://api.github.com/repos/mykola-lavrenko/java-kata-1/git/tags{/sha}",
    "git_refs_url": "https://api.github.com/repos/mykola-lavrenko/java-kata-1/git/refs{/sha}",
    "trees_url": "https://api.github.com/repos/mykola-lavrenko/java-kata-1/git/trees{/sha}",
    "statuses_url": "https://api.github.com/repos/mykola-lavrenko/java-kata-1/statuses/{sha}",
    "languages_url": "https://api.github.com/repos/mykola-lavrenko/java-kata-1/languages",
    "stargazers_url": "https://api.github.com/repos/mykola-lavrenko/java-kata-1/stargazers",
    "contributors_url": "https://api.github.com/repos/mykola-lavrenko/java-kata-1/contributors",
    "subscribers_url": "https://api.github.com/repos/mykola-lavrenko/java-kata-1/subscribers",
    "subscription_url": "https://api.github.com/repos/mykola-lavrenko/java-kata-1/subscription",
    "commits_url": "https://api.github.com/repos/mykola-lavrenko/java-kata-1/commits{/sha}",
    "git_commits_url": "https://api.github.com/repos/mykola-lavrenko/java-kata-1/git/commits{/sha}",
    "comments_url": "https://api.github.com/repos/mykola-lavrenko/java-kata-1/comments{/number}",
    "issue_comment_url": "https://api.github.com/repos/mykola-lavrenko/java-kata-1/issues/comments{/number}",
    "contents_url": "https://api.github.com/repos/mykola-lavrenko/java-kata-1/contents/{+path}",
    "compare_url": "https://api.github.com/repos/mykola-lavrenko/java-kata-1/compare/{base}...{head}",
    "merges_url": "https://api.github.com/repos/mykola-lavrenko/java-kata-1/merges",
    "archive_url": "https://api.github.com/repos/mykola-lavrenko/java-kata-1/{archive_format}{/ref}",
    "downloads_url": "https://api.github.com/repos/mykola-lavrenko/java-kata-1/downloads",
    "issues_url": "https://api.github.com/repos/mykola-lavrenko/java-kata-1/issues{/number}",
    "pulls_url": "https://api.github.com/repos/mykola-lavrenko/java-kata-1/pulls{/number}",
    "milestones_url": "https://api.github.com/repos/mykola-lavrenko/java-kata-1/milestones{/number}",
    "notifications_url": "https://api.github.com/repos/mykola-lavrenko/java-kata-1/notifications{?since,all,participating}",
    "labels_url": "https://api.github.com/repos/mykola-lavrenko/java-kata-1/labels{/name}",
    "releases_url": "https://api.github.com/repos/mykola-lavrenko/java-kata-1/releases{/id}",
    "deployments_url": "https://api.github.com/repos/mykola-lavrenko/java-kata-1/deployments",
    "created_at": "2021-06-29T07:52:16Z",
    "updated_at": "2021-06-29T07:56:23Z",
    "pushed_at": "2021-06-29T07:56:20Z",
    "git_url": "git://github.com/mykola-lavrenko/java-kata-1.git",
    "ssh_url": "git@github.com:mykola-lavrenko/java-kata-1.git",
    "clone_url": "https://github.com/mykola-lavrenko/java-kata-1.git",
    "svn_url": "https://github.com/mykola-lavrenko/java-kata-1",
    "homepage": null,
    "size": 64,
    "stargazers_count": 0,
    "watchers_count": 0,
    "language": "Java",
    "has_issues": true,
    "has_projects": true,
    "has_downloads": true,
    "has_wiki": true,
    "has_pages": false,
    "has_discussions": false,
    "forks_count": 0,
    "mirror_url": null,
    "archived": false,
    "disabled": false,
    "open_issues_count": 0,
    "license": {
        "key": "mit",
        "name": "MIT License",
        "spdx_id": "MIT",
        "url": "https://api.github.com/licenses/mit",
        "node_id": "MDc6TGljZW5zZTEz"
    },
    "allow_forking": true,
    "is_template": false,
    "web_commit_signoff_required": false,
    "topics": [],
    "visibility": "public",
    "forks": 0,
    "open_issues": 0,
    "watchers": 0,
    "default_branch": "run_mykola_lavrenko_1",
    "permissions": {
        "admin": false,
        "maintain": false,
        "push": false,
        "triage": false,
        "pull": true
    },
    "temp_clone_token": "",
    "network_count": 0,
    "subscribers_count": 1
}