{
    "id": 149423208,
    "node_id": "MDEwOlJlcG9zaXRvcnkxNDk0MjMyMDg=",
    "name": "cs2103-deadlinemanager",
    "full_name": "kc97ble/cs2103-deadlinemanager",
    "private": false,
    "owner": {
        "login": "kc97ble",
        "id": 7184368,
        "node_id": "MDQ6VXNlcjcxODQzNjg=",
        "avatar_url": "https://avatars.githubusercontent.com/u/7184368?v=4",
        "gravatar_id": "",
        "url": "https://api.github.com/users/kc97ble",
        "html_url": "https://github.com/kc97ble",
        "followers_url": "https://api.github.com/users/kc97ble/followers",
        "following_url": "https://api.github.com/users/kc97ble/following{/other_user}",
        "gists_url": "https://api.github.com/users/kc97ble/gists{/gist_id}",
        "starred_url": "https://api.github.com/users/kc97ble/starred{/owner}{/repo}",
        "subscriptions_url": "https://api.github.com/users/kc97ble/subscriptions",
        "organizations_url": "https://api.github.com/users/kc97ble/orgs",
        "repos_url": "https://api.github.com/users/kc97ble/repos",
        "events_url": "https://api.github.com/users/kc97ble/events{/privacy}",
        "received_events_url": "https://api.github.com/users/kc97ble/received_events",
        "type": "User",
        "site_admin": false
    },
    "html_url": "https://github.com/kc97ble/cs2103-deadlinemanager",
    "description": ":ab::four: Address Book sample application (Level 4)",
    "fork": true,
    "url": "https://api.github.com/repos/kc97ble/cs2103-deadlinemanager",
    "forks_url": "https://api.github.com/repos/kc97ble/cs2103-deadlinemanager/forks",
    "keys_url": "https://api.github.com/repos/kc97ble/cs2103-deadlinemanager/keys{/key_id}",
    "collaborators_url": "https://api.github.com/repos/kc97ble/cs2103-deadlinemanager/collaborators{/collaborator}",
    "teams_url": "https://api.github.com/repos/kc97ble/cs2103-deadlinemanager/teams",
    "hooks_url": "https://api.github.com/repos/kc97ble/cs2103-deadlinemanager/hooks",
    "issue_events_url": "https://api.github.com/repos/kc97ble/cs2103-deadlinemanager/issues/events{/number}",
    "events_url": "https://api.github.com/repos/kc97ble/cs2103-deadlinemanager/events",
    "assignees_url": "https://api.github.com/repos/kc97ble/cs2103-deadlinemanager/assignees{/user}",
    "branches_url": "https://api.github.com/repos/kc97ble/cs2103-deadlinemanager/branches{/branch}",
    "tags_url": "https://api.github.com/repos/kc97ble/cs2103-deadlinemanager/tags",
    "blobs_url": "https://api.github.com/repos/kc97ble/cs2103-deadlinemanager/git/blobs{/sha}",
    "git_tags_url": "https://api.github.com/repos/kc97ble/cs2103-deadlinemanager/git/tags{/sha}",
    "git_refs_url": "https://api.github.com/repos/kc97ble/cs2103-deadlinemanager/git/refs{/sha}",
    "trees_url": "https://api.github.com/repos/kc97ble/cs2103-deadlinemanager/git/trees{/sha}",
    "statuses_url": "https://api.github.com/repos/kc97ble/cs2103-deadlinemanager/statuses/{sha}",
    "languages_url": "https://api.github.com/repos/kc97ble/cs2103-deadlinemanager/languages",
    "stargazers_url": "https://api.github.com/repos/kc97ble/cs2103-deadlinemanager/stargazers",
    "contributors_url": "https://api.github.com/repos/kc97ble/cs2103-deadlinemanager/contributors",
    "subscribers_url": "https://api.github.com/repos/kc97ble/cs2103-deadlinemanager/subscribers",
    "subscription_url": "https://api.github.com/repos/kc97ble/cs2103-deadlinemanager/subscription",
    "commits_url": "https://api.github.com/repos/kc97ble/cs2103-deadlinemanager/commits{/sha}",
    "git_commits_url": "https://api.github.com/repos/kc97ble/cs2103-deadlinemanager/git/commits{/sha}",
    "comments_url": "https://api.github.com/repos/kc97ble/cs2103-deadlinemanager/comments{/number}",
    "issue_comment_url": "https://api.github.com/repos/kc97ble/cs2103-deadlinemanager/issues/comments{/number}",
    "contents_url": "https://api.github.com/repos/kc97ble/cs2103-deadlinemanager/contents/{+path}",
    "compare_url": "https://api.github.com/repos/kc97ble/cs2103-deadlinemanager/compare/{base}...{head}",
    "merges_url": "https://api.github.com/repos/kc97ble/cs2103-deadlinemanager/merges",
    "archive_url": "https://api.github.com/repos/kc97ble/cs2103-deadlinemanager/{archive_format}{/ref}",
    "downloads_url": "https://api.github.com/repos/kc97ble/cs2103-deadlinemanager/downloads",
    "issues_url": "https://api.github.com/repos/kc97ble/cs2103-deadlinemanager/issues{/number}",
    "pulls_url": "https://api.github.com/repos/kc97ble/cs2103-deadlinemanager/pulls{/number}",
    "milestones_url": "https://api.github.com/repos/kc97ble/cs2103-deadlinemanager/milestones{/number}",
    "notifications_url": "https://api.github.com/repos/kc97ble/cs2103-deadlinemanager/notifications{?since,all,participating}",
    "labels_url": "https://api.github.com/repos/kc97ble/cs2103-deadlinemanager/labels{/name}",
    "releases_url": "https://api.github.com/repos/kc97ble/cs2103-deadlinemanager/releases{/id}",
    "deployments_url": "https://api.github.com/repos/kc97ble/cs2103-deadlinemanager/deployments",
    "created_at": "2018-09-19T09:08:43Z",
    "updated_at": "2023-01-28T18:30:00Z",
    "pushed_at": "2018-11-12T14:06:10Z",
    "git_url": "git://github.com/kc97ble/cs2103-deadlinemanager.git",
    "ssh_url": "git@github.com:kc97ble/cs2103-deadlinemanager.git",
    "clone_url": "https://github.com/kc97ble/cs2103-deadlinemanager.git",
    "svn_url": "https://github.com/kc97ble/cs2103-deadlinemanager",
    "homepage": "https://se-edu.github.io/addressbook-level4",
    "size": 16663,
    "stargazers_count": 0,
    "watchers_count": 0,
    "language": "Java",
    "has_issues": false,
    "has_projects": true,
    "has_downloads": true,
    "has_wiki": false,
    "has_pages": true,
    "has_discussions": false,
    "forks_count": 0,
    "mirror_url": null,
    "archived": true,
    "disabled": false,
    "open_issues_count": 0,
    "license": {
        "key": "mit",
        "name": "MIT License",
        "spdx_id": "MIT",
        "url": "https://api.github.com/licenses/mit",
        "node_id": "MDc6TGljZW5zZTEz"
    },
    "allow_forking": true,
    "is_template": false,
    "web_commit_signoff_required": false,
    "topics": [],
    "visibility": "public",
    "forks": 0,
    "open_issues": 0,
    "watchers": 0,
    "default_branch": "master",
    "permissions": {
        "admin": false,
        "maintain": false,
        "push": false,
        "triage": false,
        "pull": true
    },
    "temp_clone_token": "",
    "parent": {
        "id": 147714319,
        "node_id": "MDEwOlJlcG9zaXRvcnkxNDc3MTQzMTk=",
        "name": "main",
        "full_name": "CS2103-AY1819S1-W17-4/main",
        "private": false,
        "owner": {
            "login": "CS2103-AY1819S1-W17-4",
            "id": 43045374,
            "node_id": "MDEyOk9yZ2FuaXphdGlvbjQzMDQ1Mzc0",
            "avatar_url": "https://avatars.githubusercontent.com/u/43045374?v=4",
            "gravatar_id": "",
            "url": "https://api.github.com/users/CS2103-AY1819S1-W17-4",
            "html_url": "https://github.com/CS2103-AY1819S1-W17-4",
            "followers_url": "https://api.github.com/users/CS2103-AY1819S1-W17-4/followers",
            "following_url": "https://api.github.com/users/CS2103-AY1819S1-W17-4/following{/other_user}",
            "gists_url": "https://api.github.com/users/CS2103-AY1819S1-W17-4/gists{/gist_id}",
            "starred_url": "https://api.github.com/users/CS2103-AY1819S1-W17-4/starred{/owner}{/repo}",
            "subscriptions_url": "https://api.github.com/users/CS2103-AY1819S1-W17-4/subscriptions",
            "organizations_url": "https://api.github.com/users/CS2103-AY1819S1-W17-4/orgs",
            "repos_url": "https://api.github.com/users/CS2103-AY1819S1-W17-4/repos",
            "events_url": "https://api.github.com/users/CS2103-AY1819S1-W17-4/events{/privacy}",
            "received_events_url": "https://api.github.com/users/CS2103-AY1819S1-W17-4/received_events",
            "type": "Organization",
            "site_admin": false
        },
        "html_url": "https://github.com/CS2103-AY1819S1-W17-4/main",
        "description": ":clock1: Deadline Manager (CS2103T W17-4)",
        "fork": true,
        "url": "https://api.github.com/repos/CS2103-AY1819S1-W17-4/main",
        "forks_url": "https://api.github.com/repos/CS2103-AY1819S1-W17-4/main/forks",
        "keys_url": "https://api.github.com/repos/CS2103-AY1819S1-W17-4/main/keys{/key_id}",
        "collaborators_url": "https://api.github.com/repos/CS2103-AY1819S1-W17-4/main/collaborators{/collaborator}",
        "teams_url": "https://api.github.com/repos/CS2103-AY1819S1-W17-4/main/teams",
        "hooks_url": "https://api.github.com/repos/CS2103-AY1819S1-W17-4/main/hooks",
        "issue_events_url": "https://api.github.com/repos/CS2103-AY1819S1-W17-4/main/issues/events{/number}",
        "events_url": "https://api.github.com/repos/CS2103-AY1819S1-W17-4/main/events",
        "assignees_url": "https://api.github.com/repos/CS2103-AY1819S1-W17-4/main/assignees{/user}",
        "branches_url": "https://api.github.com/repos/CS2103-AY1819S1-W17-4/main/branches{/branch}",
        "tags_url": "https://api.github.com/repos/CS2103-AY1819S1-W17-4/main/tags",
        "blobs_url": "https://api.github.com/repos/CS2103-AY1819S1-W17-4/main/git/blobs{/sha}",
        "git_tags_url": "https://api.github.com/repos/CS2103-AY1819S1-W17-4/main/git/tags{/sha}",
        "git_refs_url": "https://api.github.com/repos/CS2103-AY1819S1-W17-4/main/git/refs{/sha}",
        "trees_url": "https://api.github.com/repos/CS2103-AY1819S1-W17-4/main/git/trees{/sha}",
        "statuses_url": "https://api.github.com/repos/CS2103-AY1819S1-W17-4/main/statuses/{sha}",
        "languages_url": "https://api.github.com/repos/CS2103-AY1819S1-W17-4/main/languages",
        "stargazers_url": "https://api.github.com/repos/CS2103-AY1819S1-W17-4/main/stargazers",
        "contributors_url": "https://api.github.com/repos/CS2103-AY1819S1-W17-4/main/contributors",
        "subscribers_url": "https://api.github.com/repos/CS2103-AY1819S1-W17-4/main/subscribers",
        "subscription_url": "https://api.github.com/repos/CS2103-AY1819S1-W17-4/main/subscription",
        "commits_url": "https://api.github.com/repos/CS2103-AY1819S1-W17-4/main/commits{/sha}",
        "git_commits_url": "https://api.github.com/repos/CS2103-AY1819S1-W17-4/main/git/commits{/sha}",
        "comments_url": "https://api.github.com/repos/CS2103-AY1819S1-W17-4/main/comments{/number}",
        "issue_comment_url": "https://api.github.com/repos/CS2103-AY1819S1-W17-4/main/issues/comments{/number}",
        "contents_url": "https://api.github.com/repos/CS2103-AY1819S1-W17-4/main/contents/{+path}",
        "compare_url": "https://api.github.com/repos/CS2103-AY1819S1-W17-4/main/compare/{base}...{head}",
        "merges_url": "https://api.github.com/repos/CS2103-AY1819S1-W17-4/main/merges",
        "archive_url": "https://api.github.com/repos/CS2103-AY1819S1-W17-4/main/{archive_format}{/ref}",
        "downloads_url": "https://api.github.com/repos/CS2103-AY1819S1-W17-4/main/downloads",
        "issues_url": "https://api.github.com/repos/CS2103-AY1819S1-W17-4/main/issues{/number}",
        "pulls_url": "https://api.github.com/repos/CS2103-AY1819S1-W17-4/main/pulls{/number}",
        "milestones_url": "https://api.github.com/repos/CS2103-AY1819S1-W17-4/main/milestones{/number}",
        "notifications_url": "https://api.github.com/repos/CS2103-AY1819S1-W17-4/main/notifications{?since,all,participating}",
        "labels_url": "https://api.github.com/repos/CS2103-AY1819S1-W17-4/main/labels{/name}",
        "releases_url": "https://api.github.com/repos/CS2103-AY1819S1-W17-4/main/releases{/id}",
        "deployments_url": "https://api.github.com/repos/CS2103-AY1819S1-W17-4/main/deployments",
        "created_at": "2018-09-06T18:10:56Z",
        "updated_at": "2018-11-12T15:49:52Z",
        "pushed_at": "2018-11-12T15:56:03Z",
        "git_url": "git://github.com/CS2103-AY1819S1-W17-4/main.git",
        "ssh_url": "git@github.com:CS2103-AY1819S1-W17-4/main.git",
        "clone_url": "https://github.com/CS2103-AY1819S1-W17-4/main.git",
        "svn_url": "https://github.com/CS2103-AY1819S1-W17-4/main",
        "homepage": "https://cs2103-ay1819s1-w17-4.github.io/main/",
        "size": 19059,
        "stargazers_count": 0,
        "watchers_count": 0,
        "language": "Java",
        "has_issues": true,
        "has_projects": true,
        "has_downloads": true,
        "has_wiki": false,
        "has_pages": true,
        "has_discussions": false,
        "forks_count": 6,
        "mirror_url": null,
        "archived": false,
        "disabled": false,
        "open_issues_count": 0,
        "license": {
            "key": "mit",
            "name": "MIT License",
            "spdx_id": "MIT",
            "url": "https://api.github.com/licenses/mit",
            "node_id": "MDc6TGljZW5zZTEz"
        },
        "allow_forking": true,
        "is_template": false,
        "web_commit_signoff_required": false,
        "topics": [],
        "visibility": "public",
        "forks": 6,
        "open_issues": 0,
        "watchers": 0,
        "default_branch": "master"
    },
    "source": {
        "id": 65120941,
        "node_id": "MDEwOlJlcG9zaXRvcnk2NTEyMDk0MQ==",
        "name": "addressbook-level4",
        "full_name": "se-edu/addressbook-level4",
        "private": false,
        "owner": {
            "login": "se-edu",
            "id": 20763652,
            "node_id": "MDEyOk9yZ2FuaXphdGlvbjIwNzYzNjUy",
            "avatar_url": "https://avatars.githubusercontent.com/u/20763652?v=4",
            "gravatar_id": "",
            "url": "https://api.github.com/users/se-edu",
            "html_url": "https://github.com/se-edu",
            "followers_url": "https://api.github.com/users/se-edu/followers",
            "following_url": "https://api.github.com/users/se-edu/following{/other_user}",
            "gists_url": "https://api.github.com/users/se-edu/gists{/gist_id}",
            "starred_url": "https://api.github.com/users/se-edu/starred{/owner}{/repo}",
            "subscriptions_url": "https://api.github.com/users/se-edu/subscriptions",
            "organizations_url": "https://api.github.com/users/se-edu/orgs",
            "repos_url": "https://api.github.com/users/se-edu/repos",
            "events_url": "https://api.github.com/users/se-edu/events{/privacy}",
            "received_events_url": "https://api.github.com/users/se-edu/received_events",
            "type": "Organization",
            "site_admin": false
        },
        "html_url": "https://github.com/se-edu/addressbook-level4",
        "description": ":ab::four: Address Book sample application (Level 4)",
        "fork": false,
        "url": "https://api.github.com/repos/se-edu/addressbook-level4",
        "forks_url": "https://api.github.com/repos/se-edu/addressbook-level4/forks",
        "keys_url": "https://api.github.com/repos/se-edu/addressbook-level4/keys{/key_id}",
        "collaborators_url": "https://api.github.com/repos/se-edu/addressbook-level4/collaborators{/collaborator}",
        "teams_url": "https://api.github.com/repos/se-edu/addressbook-level4/teams",
        "hooks_url": "https://api.github.com/repos/se-edu/addressbook-level4/hooks",
        "issue_events_url": "https://api.github.com/repos/se-edu/addressbook-level4/issues/events{/number}",
        "events_url": "https://api.github.com/repos/se-edu/addressbook-level4/events",
        "assignees_url": "https://api.github.com/repos/se-edu/addressbook-level4/assignees{/user}",
        "branches_url": "https://api.github.com/repos/se-edu/addressbook-level4/branches{/branch}",
        "tags_url": "https://api.github.com/repos/se-edu/addressbook-level4/tags",
        "blobs_url": "https://api.github.com/repos/se-edu/addressbook-level4/git/blobs{/sha}",
        "git_tags_url": "https://api.github.com/repos/se-edu/addressbook-level4/git/tags{/sha}",
        "git_refs_url": "https://api.github.com/repos/se-edu/addressbook-level4/git/refs{/sha}",
        "trees_url": "https://api.github.com/repos/se-edu/addressbook-level4/git/trees{/sha}",
        "statuses_url": "https://api.github.com/repos/se-edu/addressbook-level4/statuses/{sha}",
        "languages_url": "https://api.github.com/repos/se-edu/addressbook-level4/languages",
        "stargazers_url": "https://api.github.com/repos/se-edu/addressbook-level4/stargazers",
        "contributors_url": "https://api.github.com/repos/se-edu/addressbook-level4/contributors",
        "subscribers_url": "https://api.github.com/repos/se-edu/addressbook-level4/subscribers",
        "subscription_url": "https://api.github.com/repos/se-edu/addressbook-level4/subscription",
        "commits_url": "https://api.github.com/repos/se-edu/addressbook-level4/commits{/sha}",
        "git_commits_url": "https://api.github.com/repos/se-edu/addressbook-level4/git/commits{/sha}",
        "comments_url": "https://api.github.com/repos/se-edu/addressbook-level4/comments{/number}",
        "issue_comment_url": "https://api.github.com/repos/se-edu/addressbook-level4/issues/comments{/number}",
        "contents_url": "https://api.github.com/repos/se-edu/addressbook-level4/contents/{+path}",
        "compare_url": "https://api.github.com/repos/se-edu/addressbook-level4/compare/{base}...{head}",
        "merges_url": "https://api.github.com/repos/se-edu/addressbook-level4/merges",
        "archive_url": "https://api.github.com/repos/se-edu/addressbook-level4/{archive_format}{/ref}",
        "downloads_url": "https://api.github.com/repos/se-edu/addressbook-level4/downloads",
        "issues_url": "https://api.github.com/repos/se-edu/addressbook-level4/issues{/number}",
        "pulls_url": "https://api.github.com/repos/se-edu/addressbook-level4/pulls{/number}",
        "milestones_url": "https://api.github.com/repos/se-edu/addressbook-level4/milestones{/number}",
        "notifications_url": "https://api.github.com/repos/se-edu/addressbook-level4/notifications{?since,all,participating}",
        "labels_url": "https://api.github.com/repos/se-edu/addressbook-level4/labels{/name}",
        "releases_url": "https://api.github.com/repos/se-edu/addressbook-level4/releases{/id}",
        "deployments_url": "https://api.github.com/repos/se-edu/addressbook-level4/deployments",
        "created_at": "2016-08-07T07:17:26Z",
        "updated_at": "2024-04-20T01:44:21Z",
        "pushed_at": "2022-03-09T11:13:40Z",
        "git_url": "git://github.com/se-edu/addressbook-level4.git",
        "ssh_url": "git@github.com:se-edu/addressbook-level4.git",
        "clone_url": "https://github.com/se-edu/addressbook-level4.git",
        "svn_url": "https://github.com/se-edu/addressbook-level4",
        "homepage": "https://se-edu.github.io/addressbook-level4",
        "size": 26469,
        "stargazers_count": 41,
        "watchers_count": 41,
        "language": "Java",
        "has_issues": true,
        "has_projects": true,
        "has_downloads": true,
        "has_wiki": false,
        "has_pages": true,
        "has_discussions": false,
        "forks_count": 1718,
        "mirror_url": null,
        "archived": true,
        "disabled": false,
        "open_issues_count": 46,
        "license": {
            "key": "mit",
            "name": "MIT License",
            "spdx_id": "MIT",
            "url": "https://api.github.com/licenses/mit",
            "node_id": "MDc6TGljZW5zZTEz"
        },
        "allow_forking": true,
        "is_template": false,
        "web_commit_signoff_required": false,
        "topics": [
            "education",
            "java",
            "javafx",
            "students"
        ],
        "visibility": "public",
        "forks": 1718,
        "open_issues": 46,
        "watchers": 41,
        "default_branch": "master"
    },
    "network_count": 1718,
    "subscribers_count": 3
}