{
    "id": 80149125,
    "node_id": "MDEwOlJlcG9zaXRvcnk4MDE0OTEyNQ==",
    "name": "Sci-Fi_Patterns",
    "full_name": "korcky/Sci-Fi_Patterns",
    "private": false,
    "owner": {
        "login": "korcky",
        "id": 13122622,
        "node_id": "MDQ6VXNlcjEzMTIyNjIy",
        "avatar_url": "https://avatars.githubusercontent.com/u/13122622?v=4",
        "gravatar_id": "",
        "url": "https://api.github.com/users/korcky",
        "html_url": "https://github.com/korcky",
        "followers_url": "https://api.github.com/users/korcky/followers",
        "following_url": "https://api.github.com/users/korcky/following{/other_user}",
        "gists_url": "https://api.github.com/users/korcky/gists{/gist_id}",
        "starred_url": "https://api.github.com/users/korcky/starred{/owner}{/repo}",
        "subscriptions_url": "https://api.github.com/users/korcky/subscriptions",
        "organizations_url": "https://api.github.com/users/korcky/orgs",
        "repos_url": "https://api.github.com/users/korcky/repos",
        "events_url": "https://api.github.com/users/korcky/events{/privacy}",
        "received_events_url": "https://api.github.com/users/korcky/received_events",
        "type": "User",
        "site_admin": false
    },
    "html_url": "https://github.com/korcky/Sci-Fi_Patterns",
    "description": "Simple patterns (from GoF) with sci-fi examples",
    "fork": false,
    "url": "https://api.github.com/repos/korcky/Sci-Fi_Patterns",
    "forks_url": "https://api.github.com/repos/korcky/Sci-Fi_Patterns/forks",
    "keys_url": "https://api.github.com/repos/korcky/Sci-Fi_Patterns/keys{/key_id}",
    "collaborators_url": "https://api.github.com/repos/korcky/Sci-Fi_Patterns/collaborators{/collaborator}",
    "teams_url": "https://api.github.com/repos/korcky/Sci-Fi_Patterns/teams",
    "hooks_url": "https://api.github.com/repos/korcky/Sci-Fi_Patterns/hooks",
    "issue_events_url": "https://api.github.com/repos/korcky/Sci-Fi_Patterns/issues/events{/number}",
    "events_url": "https://api.github.com/repos/korcky/Sci-Fi_Patterns/events",
    "assignees_url": "https://api.github.com/repos/korcky/Sci-Fi_Patterns/assignees{/user}",
    "branches_url": "https://api.github.com/repos/korcky/Sci-Fi_Patterns/branches{/branch}",
    "tags_url": "https://api.github.com/repos/korcky/Sci-Fi_Patterns/tags",
    "blobs_url": "https://api.github.com/repos/korcky/Sci-Fi_Patterns/git/blobs{/sha}",
    "git_tags_url": "https://api.github.com/repos/korcky/Sci-Fi_Patterns/git/tags{/sha}",
    "git_refs_url": "https://api.github.com/repos/korcky/Sci-Fi_Patterns/git/refs{/sha}",
    "trees_url": "https://api.github.com/repos/korcky/Sci-Fi_Patterns/git/trees{/sha}",
    "statuses_url": "https://api.github.com/repos/korcky/Sci-Fi_Patterns/statuses/{sha}",
    "languages_url": "https://api.github.com/repos/korcky/Sci-Fi_Patterns/languages",
    "stargazers_url": "https://api.github.com/repos/korcky/Sci-Fi_Patterns/stargazers",
    "contributors_url": "https://api.github.com/repos/korcky/Sci-Fi_Patterns/contributors",
    "subscribers_url": "https://api.github.com/repos/korcky/Sci-Fi_Patterns/subscribers",
    "subscription_url": "https://api.github.com/repos/korcky/Sci-Fi_Patterns/subscription",
    "commits_url": "https://api.github.com/repos/korcky/Sci-Fi_Patterns/commits{/sha}",
    "git_commits_url": "https://api.github.com/repos/korcky/Sci-Fi_Patterns/git/commits{/sha}",
    "comments_url": "https://api.github.com/repos/korcky/Sci-Fi_Patterns/comments{/number}",
    "issue_comment_url": "https://api.github.com/repos/korcky/Sci-Fi_Patterns/issues/comments{/number}",
    "contents_url": "https://api.github.com/repos/korcky/Sci-Fi_Patterns/contents/{+path}",
    "compare_url": "https://api.github.com/repos/korcky/Sci-Fi_Patterns/compare/{base}...{head}",
    "merges_url": "https://api.github.com/repos/korcky/Sci-Fi_Patterns/merges",
    "archive_url": "https://api.github.com/repos/korcky/Sci-Fi_Patterns/{archive_format}{/ref}",
    "downloads_url": "https://api.github.com/repos/korcky/Sci-Fi_Patterns/downloads",
    "issues_url": "https://api.github.com/repos/korcky/Sci-Fi_Patterns/issues{/number}",
    "pulls_url": "https://api.github.com/repos/korcky/Sci-Fi_Patterns/pulls{/number}",
    "milestones_url": "https://api.github.com/repos/korcky/Sci-Fi_Patterns/milestones{/number}",
    "notifications_url": "https://api.github.com/repos/korcky/Sci-Fi_Patterns/notifications{?since,all,participating}",
    "labels_url": "https://api.github.com/repos/korcky/Sci-Fi_Patterns/labels{/name}",
    "releases_url": "https://api.github.com/repos/korcky/Sci-Fi_Patterns/releases{/id}",
    "deployments_url": "https://api.github.com/repos/korcky/Sci-Fi_Patterns/deployments",
    "created_at": "2017-01-26T19:49:49Z",
    "updated_at": "2017-01-26T21:02:37Z",
    "pushed_at": "2017-01-28T16:06:05Z",
    "git_url": "git://github.com/korcky/Sci-Fi_Patterns.git",
    "ssh_url": "git@github.com:korcky/Sci-Fi_Patterns.git",
    "clone_url": "https://github.com/korcky/Sci-Fi_Patterns.git",
    "svn_url": "https://github.com/korcky/Sci-Fi_Patterns",
    "homepage": "",
    "size": 9,
    "stargazers_count": 0,
    "watchers_count": 0,
    "language": "Java",
    "has_issues": true,
    "has_projects": true,
    "has_downloads": true,
    "has_wiki": true,
    "has_pages": false,
    "has_discussions": false,
    "forks_count": 0,
    "mirror_url": null,
    "archived": false,
    "disabled": false,
    "open_issues_count": 0,
    "license": {
        "key": "mit",
        "name": "MIT License",
        "spdx_id": "MIT",
        "url": "https://api.github.com/licenses/mit",
        "node_id": "MDc6TGljZW5zZTEz"
    },
    "allow_forking": true,
    "is_template": false,
    "web_commit_signoff_required": false,
    "topics": [],
    "visibility": "public",
    "forks": 0,
    "open_issues": 0,
    "watchers": 0,
    "default_branch": "master",
    "permissions": {
        "admin": false,
        "maintain": false,
        "push": false,
        "triage": false,
        "pull": true
    },
    "temp_clone_token": "",
    "network_count": 0,
    "subscribers_count": 1
}