{
    "id": 22599146,
    "node_id": "MDEwOlJlcG9zaXRvcnkyMjU5OTE0Ng==",
    "name": "tcommon-studio-se",
    "full_name": "rdubois/tcommon-studio-se",
    "private": false,
    "owner": {
        "login": "rdubois",
        "id": 1133383,
        "node_id": "MDQ6VXNlcjExMzMzODM=",
        "avatar_url": "https://avatars.githubusercontent.com/u/1133383?v=4",
        "gravatar_id": "",
        "url": "https://api.github.com/users/rdubois",
        "html_url": "https://github.com/rdubois",
        "followers_url": "https://api.github.com/users/rdubois/followers",
        "following_url": "https://api.github.com/users/rdubois/following{/other_user}",
        "gists_url": "https://api.github.com/users/rdubois/gists{/gist_id}",
        "starred_url": "https://api.github.com/users/rdubois/starred{/owner}{/repo}",
        "subscriptions_url": "https://api.github.com/users/rdubois/subscriptions",
        "organizations_url": "https://api.github.com/users/rdubois/orgs",
        "repos_url": "https://api.github.com/users/rdubois/repos",
        "events_url": "https://api.github.com/users/rdubois/events{/privacy}",
        "received_events_url": "https://api.github.com/users/rdubois/received_events",
        "type": "User",
        "site_admin": false
    },
    "html_url": "https://github.com/rdubois/tcommon-studio-se",
    "description": null,
    "fork": true,
    "url": "https://api.github.com/repos/rdubois/tcommon-studio-se",
    "forks_url": "https://api.github.com/repos/rdubois/tcommon-studio-se/forks",
    "keys_url": "https://api.github.com/repos/rdubois/tcommon-studio-se/keys{/key_id}",
    "collaborators_url": "https://api.github.com/repos/rdubois/tcommon-studio-se/collaborators{/collaborator}",
    "teams_url": "https://api.github.com/repos/rdubois/tcommon-studio-se/teams",
    "hooks_url": "https://api.github.com/repos/rdubois/tcommon-studio-se/hooks",
    "issue_events_url": "https://api.github.com/repos/rdubois/tcommon-studio-se/issues/events{/number}",
    "events_url": "https://api.github.com/repos/rdubois/tcommon-studio-se/events",
    "assignees_url": "https://api.github.com/repos/rdubois/tcommon-studio-se/assignees{/user}",
    "branches_url": "https://api.github.com/repos/rdubois/tcommon-studio-se/branches{/branch}",
    "tags_url": "https://api.github.com/repos/rdubois/tcommon-studio-se/tags",
    "blobs_url": "https://api.github.com/repos/rdubois/tcommon-studio-se/git/blobs{/sha}",
    "git_tags_url": "https://api.github.com/repos/rdubois/tcommon-studio-se/git/tags{/sha}",
    "git_refs_url": "https://api.github.com/repos/rdubois/tcommon-studio-se/git/refs{/sha}",
    "trees_url": "https://api.github.com/repos/rdubois/tcommon-studio-se/git/trees{/sha}",
    "statuses_url": "https://api.github.com/repos/rdubois/tcommon-studio-se/statuses/{sha}",
    "languages_url": "https://api.github.com/repos/rdubois/tcommon-studio-se/languages",
    "stargazers_url": "https://api.github.com/repos/rdubois/tcommon-studio-se/stargazers",
    "contributors_url": "https://api.github.com/repos/rdubois/tcommon-studio-se/contributors",
    "subscribers_url": "https://api.github.com/repos/rdubois/tcommon-studio-se/subscribers",
    "subscription_url": "https://api.github.com/repos/rdubois/tcommon-studio-se/subscription",
    "commits_url": "https://api.github.com/repos/rdubois/tcommon-studio-se/commits{/sha}",
    "git_commits_url": "https://api.github.com/repos/rdubois/tcommon-studio-se/git/commits{/sha}",
    "comments_url": "https://api.github.com/repos/rdubois/tcommon-studio-se/comments{/number}",
    "issue_comment_url": "https://api.github.com/repos/rdubois/tcommon-studio-se/issues/comments{/number}",
    "contents_url": "https://api.github.com/repos/rdubois/tcommon-studio-se/contents/{+path}",
    "compare_url": "https://api.github.com/repos/rdubois/tcommon-studio-se/compare/{base}...{head}",
    "merges_url": "https://api.github.com/repos/rdubois/tcommon-studio-se/merges",
    "archive_url": "https://api.github.com/repos/rdubois/tcommon-studio-se/{archive_format}{/ref}",
    "downloads_url": "https://api.github.com/repos/rdubois/tcommon-studio-se/downloads",
    "issues_url": "https://api.github.com/repos/rdubois/tcommon-studio-se/issues{/number}",
    "pulls_url": "https://api.github.com/repos/rdubois/tcommon-studio-se/pulls{/number}",
    "milestones_url": "https://api.github.com/repos/rdubois/tcommon-studio-se/milestones{/number}",
    "notifications_url": "https://api.github.com/repos/rdubois/tcommon-studio-se/notifications{?since,all,participating}",
    "labels_url": "https://api.github.com/repos/rdubois/tcommon-studio-se/labels{/name}",
    "releases_url": "https://api.github.com/repos/rdubois/tcommon-studio-se/releases{/id}",
    "deployments_url": "https://api.github.com/repos/rdubois/tcommon-studio-se/deployments",
    "created_at": "2014-08-04T09:40:22Z",
    "updated_at": "2015-01-29T12:41:28Z",
    "pushed_at": "2015-03-05T09:20:28Z",
    "git_url": "git://github.com/rdubois/tcommon-studio-se.git",
    "ssh_url": "git@github.com:rdubois/tcommon-studio-se.git",
    "clone_url": "https://github.com/rdubois/tcommon-studio-se.git",
    "svn_url": "https://github.com/rdubois/tcommon-studio-se",
    "homepage": null,
    "size": 471322,
    "stargazers_count": 0,
    "watchers_count": 0,
    "language": "Java",
    "has_issues": false,
    "has_projects": true,
    "has_downloads": true,
    "has_wiki": false,
    "has_pages": false,
    "has_discussions": false,
    "forks_count": 0,
    "mirror_url": null,
    "archived": false,
    "disabled": false,
    "open_issues_count": 0,
    "license": null,
    "allow_forking": true,
    "is_template": false,
    "web_commit_signoff_required": false,
    "topics": [],
    "visibility": "public",
    "forks": 0,
    "open_issues": 0,
    "watchers": 0,
    "default_branch": "master",
    "permissions": {
        "admin": false,
        "maintain": false,
        "push": false,
        "triage": false,
        "pull": true
    },
    "temp_clone_token": "",
    "parent": {
        "id": 21207359,
        "node_id": "MDEwOlJlcG9zaXRvcnkyMTIwNzM1OQ==",
        "name": "tcommon-studio-se",
        "full_name": "gaozone-talend/tcommon-studio-se",
        "private": false,
        "owner": {
            "login": "gaozone-talend",
            "id": 3336208,
            "node_id": "MDQ6VXNlcjMzMzYyMDg=",
            "avatar_url": "https://avatars.githubusercontent.com/u/3336208?v=4",
            "gravatar_id": "",
            "url": "https://api.github.com/users/gaozone-talend",
            "html_url": "https://github.com/gaozone-talend",
            "followers_url": "https://api.github.com/users/gaozone-talend/followers",
            "following_url": "https://api.github.com/users/gaozone-talend/following{/other_user}",
            "gists_url": "https://api.github.com/users/gaozone-talend/gists{/gist_id}",
            "starred_url": "https://api.github.com/users/gaozone-talend/starred{/owner}{/repo}",
            "subscriptions_url": "https://api.github.com/users/gaozone-talend/subscriptions",
            "organizations_url": "https://api.github.com/users/gaozone-talend/orgs",
            "repos_url": "https://api.github.com/users/gaozone-talend/repos",
            "events_url": "https://api.github.com/users/gaozone-talend/events{/privacy}",
            "received_events_url": "https://api.github.com/users/gaozone-talend/received_events",
            "type": "User",
            "site_admin": false
        },
        "html_url": "https://github.com/gaozone-talend/tcommon-studio-se",
        "description": null,
        "fork": false,
        "url": "https://api.github.com/repos/gaozone-talend/tcommon-studio-se",
        "forks_url": "https://api.github.com/repos/gaozone-talend/tcommon-studio-se/forks",
        "keys_url": "https://api.github.com/repos/gaozone-talend/tcommon-studio-se/keys{/key_id}",
        "collaborators_url": "https://api.github.com/repos/gaozone-talend/tcommon-studio-se/collaborators{/collaborator}",
        "teams_url": "https://api.github.com/repos/gaozone-talend/tcommon-studio-se/teams",
        "hooks_url": "https://api.github.com/repos/gaozone-talend/tcommon-studio-se/hooks",
        "issue_events_url": "https://api.github.com/repos/gaozone-talend/tcommon-studio-se/issues/events{/number}",
        "events_url": "https://api.github.com/repos/gaozone-talend/tcommon-studio-se/events",
        "assignees_url": "https://api.github.com/repos/gaozone-talend/tcommon-studio-se/assignees{/user}",
        "branches_url": "https://api.github.com/repos/gaozone-talend/tcommon-studio-se/branches{/branch}",
        "tags_url": "https://api.github.com/repos/gaozone-talend/tcommon-studio-se/tags",
        "blobs_url": "https://api.github.com/repos/gaozone-talend/tcommon-studio-se/git/blobs{/sha}",
        "git_tags_url": "https://api.github.com/repos/gaozone-talend/tcommon-studio-se/git/tags{/sha}",
        "git_refs_url": "https://api.github.com/repos/gaozone-talend/tcommon-studio-se/git/refs{/sha}",
        "trees_url": "https://api.github.com/repos/gaozone-talend/tcommon-studio-se/git/trees{/sha}",
        "statuses_url": "https://api.github.com/repos/gaozone-talend/tcommon-studio-se/statuses/{sha}",
        "languages_url": "https://api.github.com/repos/gaozone-talend/tcommon-studio-se/languages",
        "stargazers_url": "https://api.github.com/repos/gaozone-talend/tcommon-studio-se/stargazers",
        "contributors_url": "https://api.github.com/repos/gaozone-talend/tcommon-studio-se/contributors",
        "subscribers_url": "https://api.github.com/repos/gaozone-talend/tcommon-studio-se/subscribers",
        "subscription_url": "https://api.github.com/repos/gaozone-talend/tcommon-studio-se/subscription",
        "commits_url": "https://api.github.com/repos/gaozone-talend/tcommon-studio-se/commits{/sha}",
        "git_commits_url": "https://api.github.com/repos/gaozone-talend/tcommon-studio-se/git/commits{/sha}",
        "comments_url": "https://api.github.com/repos/gaozone-talend/tcommon-studio-se/comments{/number}",
        "issue_comment_url": "https://api.github.com/repos/gaozone-talend/tcommon-studio-se/issues/comments{/number}",
        "contents_url": "https://api.github.com/repos/gaozone-talend/tcommon-studio-se/contents/{+path}",
        "compare_url": "https://api.github.com/repos/gaozone-talend/tcommon-studio-se/compare/{base}...{head}",
        "merges_url": "https://api.github.com/repos/gaozone-talend/tcommon-studio-se/merges",
        "archive_url": "https://api.github.com/repos/gaozone-talend/tcommon-studio-se/{archive_format}{/ref}",
        "downloads_url": "https://api.github.com/repos/gaozone-talend/tcommon-studio-se/downloads",
        "issues_url": "https://api.github.com/repos/gaozone-talend/tcommon-studio-se/issues{/number}",
        "pulls_url": "https://api.github.com/repos/gaozone-talend/tcommon-studio-se/pulls{/number}",
        "milestones_url": "https://api.github.com/repos/gaozone-talend/tcommon-studio-se/milestones{/number}",
        "notifications_url": "https://api.github.com/repos/gaozone-talend/tcommon-studio-se/notifications{?since,all,participating}",
        "labels_url": "https://api.github.com/repos/gaozone-talend/tcommon-studio-se/labels{/name}",
        "releases_url": "https://api.github.com/repos/gaozone-talend/tcommon-studio-se/releases{/id}",
        "deployments_url": "https://api.github.com/repos/gaozone-talend/tcommon-studio-se/deployments",
        "created_at": "2014-06-25T15:02:31Z",
        "updated_at": "2014-06-25T15:02:25Z",
        "pushed_at": "2014-07-18T03:55:32Z",
        "git_url": "git://github.com/gaozone-talend/tcommon-studio-se.git",
        "ssh_url": "git@github.com:gaozone-talend/tcommon-studio-se.git",
        "clone_url": "https://github.com/gaozone-talend/tcommon-studio-se.git",
        "svn_url": "https://github.com/gaozone-talend/tcommon-studio-se",
        "homepage": null,
        "size": 437736,
        "stargazers_count": 0,
        "watchers_count": 0,
        "language": "Java",
        "has_issues": false,
        "has_projects": true,
        "has_downloads": true,
        "has_wiki": false,
        "has_pages": false,
        "has_discussions": false,
        "forks_count": 117,
        "mirror_url": null,
        "archived": false,
        "disabled": false,
        "open_issues_count": 0,
        "license": null,
        "allow_forking": true,
        "is_template": false,
        "web_commit_signoff_required": false,
        "topics": [],
        "visibility": "public",
        "forks": 117,
        "open_issues": 0,
        "watchers": 0,
        "default_branch": "master"
    },
    "source": {
        "id": 21207359,
        "node_id": "MDEwOlJlcG9zaXRvcnkyMTIwNzM1OQ==",
        "name": "tcommon-studio-se",
        "full_name": "gaozone-talend/tcommon-studio-se",
        "private": false,
        "owner": {
            "login": "gaozone-talend",
            "id": 3336208,
            "node_id": "MDQ6VXNlcjMzMzYyMDg=",
            "avatar_url": "https://avatars.githubusercontent.com/u/3336208?v=4",
            "gravatar_id": "",
            "url": "https://api.github.com/users/gaozone-talend",
            "html_url": "https://github.com/gaozone-talend",
            "followers_url": "https://api.github.com/users/gaozone-talend/followers",
            "following_url": "https://api.github.com/users/gaozone-talend/following{/other_user}",
            "gists_url": "https://api.github.com/users/gaozone-talend/gists{/gist_id}",
            "starred_url": "https://api.github.com/users/gaozone-talend/starred{/owner}{/repo}",
            "subscriptions_url": "https://api.github.com/users/gaozone-talend/subscriptions",
            "organizations_url": "https://api.github.com/users/gaozone-talend/orgs",
            "repos_url": "https://api.github.com/users/gaozone-talend/repos",
            "events_url": "https://api.github.com/users/gaozone-talend/events{/privacy}",
            "received_events_url": "https://api.github.com/users/gaozone-talend/received_events",
            "type": "User",
            "site_admin": false
        },
        "html_url": "https://github.com/gaozone-talend/tcommon-studio-se",
        "description": null,
        "fork": false,
        "url": "https://api.github.com/repos/gaozone-talend/tcommon-studio-se",
        "forks_url": "https://api.github.com/repos/gaozone-talend/tcommon-studio-se/forks",
        "keys_url": "https://api.github.com/repos/gaozone-talend/tcommon-studio-se/keys{/key_id}",
        "collaborators_url": "https://api.github.com/repos/gaozone-talend/tcommon-studio-se/collaborators{/collaborator}",
        "teams_url": "https://api.github.com/repos/gaozone-talend/tcommon-studio-se/teams",
        "hooks_url": "https://api.github.com/repos/gaozone-talend/tcommon-studio-se/hooks",
        "issue_events_url": "https://api.github.com/repos/gaozone-talend/tcommon-studio-se/issues/events{/number}",
        "events_url": "https://api.github.com/repos/gaozone-talend/tcommon-studio-se/events",
        "assignees_url": "https://api.github.com/repos/gaozone-talend/tcommon-studio-se/assignees{/user}",
        "branches_url": "https://api.github.com/repos/gaozone-talend/tcommon-studio-se/branches{/branch}",
        "tags_url": "https://api.github.com/repos/gaozone-talend/tcommon-studio-se/tags",
        "blobs_url": "https://api.github.com/repos/gaozone-talend/tcommon-studio-se/git/blobs{/sha}",
        "git_tags_url": "https://api.github.com/repos/gaozone-talend/tcommon-studio-se/git/tags{/sha}",
        "git_refs_url": "https://api.github.com/repos/gaozone-talend/tcommon-studio-se/git/refs{/sha}",
        "trees_url": "https://api.github.com/repos/gaozone-talend/tcommon-studio-se/git/trees{/sha}",
        "statuses_url": "https://api.github.com/repos/gaozone-talend/tcommon-studio-se/statuses/{sha}",
        "languages_url": "https://api.github.com/repos/gaozone-talend/tcommon-studio-se/languages",
        "stargazers_url": "https://api.github.com/repos/gaozone-talend/tcommon-studio-se/stargazers",
        "contributors_url": "https://api.github.com/repos/gaozone-talend/tcommon-studio-se/contributors",
        "subscribers_url": "https://api.github.com/repos/gaozone-talend/tcommon-studio-se/subscribers",
        "subscription_url": "https://api.github.com/repos/gaozone-talend/tcommon-studio-se/subscription",
        "commits_url": "https://api.github.com/repos/gaozone-talend/tcommon-studio-se/commits{/sha}",
        "git_commits_url": "https://api.github.com/repos/gaozone-talend/tcommon-studio-se/git/commits{/sha}",
        "comments_url": "https://api.github.com/repos/gaozone-talend/tcommon-studio-se/comments{/number}",
        "issue_comment_url": "https://api.github.com/repos/gaozone-talend/tcommon-studio-se/issues/comments{/number}",
        "contents_url": "https://api.github.com/repos/gaozone-talend/tcommon-studio-se/contents/{+path}",
        "compare_url": "https://api.github.com/repos/gaozone-talend/tcommon-studio-se/compare/{base}...{head}",
        "merges_url": "https://api.github.com/repos/gaozone-talend/tcommon-studio-se/merges",
        "archive_url": "https://api.github.com/repos/gaozone-talend/tcommon-studio-se/{archive_format}{/ref}",
        "downloads_url": "https://api.github.com/repos/gaozone-talend/tcommon-studio-se/downloads",
        "issues_url": "https://api.github.com/repos/gaozone-talend/tcommon-studio-se/issues{/number}",
        "pulls_url": "https://api.github.com/repos/gaozone-talend/tcommon-studio-se/pulls{/number}",
        "milestones_url": "https://api.github.com/repos/gaozone-talend/tcommon-studio-se/milestones{/number}",
        "notifications_url": "https://api.github.com/repos/gaozone-talend/tcommon-studio-se/notifications{?since,all,participating}",
        "labels_url": "https://api.github.com/repos/gaozone-talend/tcommon-studio-se/labels{/name}",
        "releases_url": "https://api.github.com/repos/gaozone-talend/tcommon-studio-se/releases{/id}",
        "deployments_url": "https://api.github.com/repos/gaozone-talend/tcommon-studio-se/deployments",
        "created_at": "2014-06-25T15:02:31Z",
        "updated_at": "2014-06-25T15:02:25Z",
        "pushed_at": "2014-07-18T03:55:32Z",
        "git_url": "git://github.com/gaozone-talend/tcommon-studio-se.git",
        "ssh_url": "git@github.com:gaozone-talend/tcommon-studio-se.git",
        "clone_url": "https://github.com/gaozone-talend/tcommon-studio-se.git",
        "svn_url": "https://github.com/gaozone-talend/tcommon-studio-se",
        "homepage": null,
        "size": 437736,
        "stargazers_count": 0,
        "watchers_count": 0,
        "language": "Java",
        "has_issues": false,
        "has_projects": true,
        "has_downloads": true,
        "has_wiki": false,
        "has_pages": false,
        "has_discussions": false,
        "forks_count": 117,
        "mirror_url": null,
        "archived": false,
        "disabled": false,
        "open_issues_count": 0,
        "license": null,
        "allow_forking": true,
        "is_template": false,
        "web_commit_signoff_required": false,
        "topics": [],
        "visibility": "public",
        "forks": 117,
        "open_issues": 0,
        "watchers": 0,
        "default_branch": "master"
    },
    "network_count": 117,
    "subscribers_count": 2
}