{
    "id": 51658915,
    "node_id": "MDEwOlJlcG9zaXRvcnk1MTY1ODkxNQ==",
    "name": "wasp",
    "full_name": "maniacs-satm/wasp",
    "private": false,
    "owner": {
        "login": "maniacs-satm",
        "id": 16589946,
        "node_id": "MDEyOk9yZ2FuaXphdGlvbjE2NTg5OTQ2",
        "avatar_url": "https://avatars.githubusercontent.com/u/16589946?v=4",
        "gravatar_id": "",
        "url": "https://api.github.com/users/maniacs-satm",
        "html_url": "https://github.com/maniacs-satm",
        "followers_url": "https://api.github.com/users/maniacs-satm/followers",
        "following_url": "https://api.github.com/users/maniacs-satm/following{/other_user}",
        "gists_url": "https://api.github.com/users/maniacs-satm/gists{/gist_id}",
        "starred_url": "https://api.github.com/users/maniacs-satm/starred{/owner}{/repo}",
        "subscriptions_url": "https://api.github.com/users/maniacs-satm/subscriptions",
        "organizations_url": "https://api.github.com/users/maniacs-satm/orgs",
        "repos_url": "https://api.github.com/users/maniacs-satm/repos",
        "events_url": "https://api.github.com/users/maniacs-satm/events{/privacy}",
        "received_events_url": "https://api.github.com/users/maniacs-satm/received_events",
        "type": "Organization",
        "site_admin": false
    },
    "html_url": "https://github.com/maniacs-satm/wasp",
    "description": "Compact and easy to use, 'all-in-one' android network solution",
    "fork": true,
    "url": "https://api.github.com/repos/maniacs-satm/wasp",
    "forks_url": "https://api.github.com/repos/maniacs-satm/wasp/forks",
    "keys_url": "https://api.github.com/repos/maniacs-satm/wasp/keys{/key_id}",
    "collaborators_url": "https://api.github.com/repos/maniacs-satm/wasp/collaborators{/collaborator}",
    "teams_url": "https://api.github.com/repos/maniacs-satm/wasp/teams",
    "hooks_url": "https://api.github.com/repos/maniacs-satm/wasp/hooks",
    "issue_events_url": "https://api.github.com/repos/maniacs-satm/wasp/issues/events{/number}",
    "events_url": "https://api.github.com/repos/maniacs-satm/wasp/events",
    "assignees_url": "https://api.github.com/repos/maniacs-satm/wasp/assignees{/user}",
    "branches_url": "https://api.github.com/repos/maniacs-satm/wasp/branches{/branch}",
    "tags_url": "https://api.github.com/repos/maniacs-satm/wasp/tags",
    "blobs_url": "https://api.github.com/repos/maniacs-satm/wasp/git/blobs{/sha}",
    "git_tags_url": "https://api.github.com/repos/maniacs-satm/wasp/git/tags{/sha}",
    "git_refs_url": "https://api.github.com/repos/maniacs-satm/wasp/git/refs{/sha}",
    "trees_url": "https://api.github.com/repos/maniacs-satm/wasp/git/trees{/sha}",
    "statuses_url": "https://api.github.com/repos/maniacs-satm/wasp/statuses/{sha}",
    "languages_url": "https://api.github.com/repos/maniacs-satm/wasp/languages",
    "stargazers_url": "https://api.github.com/repos/maniacs-satm/wasp/stargazers",
    "contributors_url": "https://api.github.com/repos/maniacs-satm/wasp/contributors",
    "subscribers_url": "https://api.github.com/repos/maniacs-satm/wasp/subscribers",
    "subscription_url": "https://api.github.com/repos/maniacs-satm/wasp/subscription",
    "commits_url": "https://api.github.com/repos/maniacs-satm/wasp/commits{/sha}",
    "git_commits_url": "https://api.github.com/repos/maniacs-satm/wasp/git/commits{/sha}",
    "comments_url": "https://api.github.com/repos/maniacs-satm/wasp/comments{/number}",
    "issue_comment_url": "https://api.github.com/repos/maniacs-satm/wasp/issues/comments{/number}",
    "contents_url": "https://api.github.com/repos/maniacs-satm/wasp/contents/{+path}",
    "compare_url": "https://api.github.com/repos/maniacs-satm/wasp/compare/{base}...{head}",
    "merges_url": "https://api.github.com/repos/maniacs-satm/wasp/merges",
    "archive_url": "https://api.github.com/repos/maniacs-satm/wasp/{archive_format}{/ref}",
    "downloads_url": "https://api.github.com/repos/maniacs-satm/wasp/downloads",
    "issues_url": "https://api.github.com/repos/maniacs-satm/wasp/issues{/number}",
    "pulls_url": "https://api.github.com/repos/maniacs-satm/wasp/pulls{/number}",
    "milestones_url": "https://api.github.com/repos/maniacs-satm/wasp/milestones{/number}",
    "notifications_url": "https://api.github.com/repos/maniacs-satm/wasp/notifications{?since,all,participating}",
    "labels_url": "https://api.github.com/repos/maniacs-satm/wasp/labels{/name}",
    "releases_url": "https://api.github.com/repos/maniacs-satm/wasp/releases{/id}",
    "deployments_url": "https://api.github.com/repos/maniacs-satm/wasp/deployments",
    "created_at": "2016-02-13T18:21:26Z",
    "updated_at": "2016-02-13T18:21:28Z",
    "pushed_at": "2016-09-22T08:30:51Z",
    "git_url": "git://github.com/maniacs-satm/wasp.git",
    "ssh_url": "git@github.com:maniacs-satm/wasp.git",
    "clone_url": "https://github.com/maniacs-satm/wasp.git",
    "svn_url": "https://github.com/maniacs-satm/wasp",
    "homepage": "",
    "size": 2542,
    "stargazers_count": 0,
    "watchers_count": 0,
    "language": "Java",
    "has_issues": false,
    "has_projects": true,
    "has_downloads": true,
    "has_wiki": true,
    "has_pages": false,
    "has_discussions": false,
    "forks_count": 0,
    "mirror_url": null,
    "archived": false,
    "disabled": false,
    "open_issues_count": 0,
    "license": {
        "key": "apache-2.0",
        "name": "Apache License 2.0",
        "spdx_id": "Apache-2.0",
        "url": "https://api.github.com/licenses/apache-2.0",
        "node_id": "MDc6TGljZW5zZTI="
    },
    "allow_forking": true,
    "is_template": false,
    "web_commit_signoff_required": false,
    "topics": [],
    "visibility": "public",
    "forks": 0,
    "open_issues": 0,
    "watchers": 0,
    "default_branch": "master",
    "permissions": {
        "admin": false,
        "maintain": false,
        "push": false,
        "triage": false,
        "pull": true
    },
    "temp_clone_token": "",
    "custom_properties": {},
    "organization": {
        "login": "maniacs-satm",
        "id": 16589946,
        "node_id": "MDEyOk9yZ2FuaXphdGlvbjE2NTg5OTQ2",
        "avatar_url": "https://avatars.githubusercontent.com/u/16589946?v=4",
        "gravatar_id": "",
        "url": "https://api.github.com/users/maniacs-satm",
        "html_url": "https://github.com/maniacs-satm",
        "followers_url": "https://api.github.com/users/maniacs-satm/followers",
        "following_url": "https://api.github.com/users/maniacs-satm/following{/other_user}",
        "gists_url": "https://api.github.com/users/maniacs-satm/gists{/gist_id}",
        "starred_url": "https://api.github.com/users/maniacs-satm/starred{/owner}{/repo}",
        "subscriptions_url": "https://api.github.com/users/maniacs-satm/subscriptions",
        "organizations_url": "https://api.github.com/users/maniacs-satm/orgs",
        "repos_url": "https://api.github.com/users/maniacs-satm/repos",
        "events_url": "https://api.github.com/users/maniacs-satm/events{/privacy}",
        "received_events_url": "https://api.github.com/users/maniacs-satm/received_events",
        "type": "Organization",
        "site_admin": false
    },
    "parent": {
        "id": 28312494,
        "node_id": "MDEwOlJlcG9zaXRvcnkyODMxMjQ5NA==",
        "name": "wasp",
        "full_name": "orhanobut/wasp",
        "private": false,
        "owner": {
            "login": "orhanobut",
            "id": 1089616,
            "node_id": "MDQ6VXNlcjEwODk2MTY=",
            "avatar_url": "https://avatars.githubusercontent.com/u/1089616?v=4",
            "gravatar_id": "",
            "url": "https://api.github.com/users/orhanobut",
            "html_url": "https://github.com/orhanobut",
            "followers_url": "https://api.github.com/users/orhanobut/followers",
            "following_url": "https://api.github.com/users/orhanobut/following{/other_user}",
            "gists_url": "https://api.github.com/users/orhanobut/gists{/gist_id}",
            "starred_url": "https://api.github.com/users/orhanobut/starred{/owner}{/repo}",
            "subscriptions_url": "https://api.github.com/users/orhanobut/subscriptions",
            "organizations_url": "https://api.github.com/users/orhanobut/orgs",
            "repos_url": "https://api.github.com/users/orhanobut/repos",
            "events_url": "https://api.github.com/users/orhanobut/events{/privacy}",
            "received_events_url": "https://api.github.com/users/orhanobut/received_events",
            "type": "User",
            "site_admin": false
        },
        "html_url": "https://github.com/orhanobut/wasp",
        "description": "Compact and easy to use, 'all-in-one' android network solution",
        "fork": false,
        "url": "https://api.github.com/repos/orhanobut/wasp",
        "forks_url": "https://api.github.com/repos/orhanobut/wasp/forks",
        "keys_url": "https://api.github.com/repos/orhanobut/wasp/keys{/key_id}",
        "collaborators_url": "https://api.github.com/repos/orhanobut/wasp/collaborators{/collaborator}",
        "teams_url": "https://api.github.com/repos/orhanobut/wasp/teams",
        "hooks_url": "https://api.github.com/repos/orhanobut/wasp/hooks",
        "issue_events_url": "https://api.github.com/repos/orhanobut/wasp/issues/events{/number}",
        "events_url": "https://api.github.com/repos/orhanobut/wasp/events",
        "assignees_url": "https://api.github.com/repos/orhanobut/wasp/assignees{/user}",
        "branches_url": "https://api.github.com/repos/orhanobut/wasp/branches{/branch}",
        "tags_url": "https://api.github.com/repos/orhanobut/wasp/tags",
        "blobs_url": "https://api.github.com/repos/orhanobut/wasp/git/blobs{/sha}",
        "git_tags_url": "https://api.github.com/repos/orhanobut/wasp/git/tags{/sha}",
        "git_refs_url": "https://api.github.com/repos/orhanobut/wasp/git/refs{/sha}",
        "trees_url": "https://api.github.com/repos/orhanobut/wasp/git/trees{/sha}",
        "statuses_url": "https://api.github.com/repos/orhanobut/wasp/statuses/{sha}",
        "languages_url": "https://api.github.com/repos/orhanobut/wasp/languages",
        "stargazers_url": "https://api.github.com/repos/orhanobut/wasp/stargazers",
        "contributors_url": "https://api.github.com/repos/orhanobut/wasp/contributors",
        "subscribers_url": "https://api.github.com/repos/orhanobut/wasp/subscribers",
        "subscription_url": "https://api.github.com/repos/orhanobut/wasp/subscription",
        "commits_url": "https://api.github.com/repos/orhanobut/wasp/commits{/sha}",
        "git_commits_url": "https://api.github.com/repos/orhanobut/wasp/git/commits{/sha}",
        "comments_url": "https://api.github.com/repos/orhanobut/wasp/comments{/number}",
        "issue_comment_url": "https://api.github.com/repos/orhanobut/wasp/issues/comments{/number}",
        "contents_url": "https://api.github.com/repos/orhanobut/wasp/contents/{+path}",
        "compare_url": "https://api.github.com/repos/orhanobut/wasp/compare/{base}...{head}",
        "merges_url": "https://api.github.com/repos/orhanobut/wasp/merges",
        "archive_url": "https://api.github.com/repos/orhanobut/wasp/{archive_format}{/ref}",
        "downloads_url": "https://api.github.com/repos/orhanobut/wasp/downloads",
        "issues_url": "https://api.github.com/repos/orhanobut/wasp/issues{/number}",
        "pulls_url": "https://api.github.com/repos/orhanobut/wasp/pulls{/number}",
        "milestones_url": "https://api.github.com/repos/orhanobut/wasp/milestones{/number}",
        "notifications_url": "https://api.github.com/repos/orhanobut/wasp/notifications{?since,all,participating}",
        "labels_url": "https://api.github.com/repos/orhanobut/wasp/labels{/name}",
        "releases_url": "https://api.github.com/repos/orhanobut/wasp/releases{/id}",
        "deployments_url": "https://api.github.com/repos/orhanobut/wasp/deployments",
        "created_at": "2014-12-21T20:42:13Z",
        "updated_at": "2024-03-30T09:01:58Z",
        "pushed_at": "2018-04-11T12:45:52Z",
        "git_url": "git://github.com/orhanobut/wasp.git",
        "ssh_url": "git@github.com:orhanobut/wasp.git",
        "clone_url": "https://github.com/orhanobut/wasp.git",
        "svn_url": "https://github.com/orhanobut/wasp",
        "homepage": "",
        "size": 2549,
        "stargazers_count": 585,
        "watchers_count": 585,
        "language": "Java",
        "has_issues": true,
        "has_projects": false,
        "has_downloads": true,
        "has_wiki": true,
        "has_pages": false,
        "has_discussions": false,
        "forks_count": 74,
        "mirror_url": null,
        "archived": false,
        "disabled": false,
        "open_issues_count": 19,
        "license": {
            "key": "apache-2.0",
            "name": "Apache License 2.0",
            "spdx_id": "Apache-2.0",
            "url": "https://api.github.com/licenses/apache-2.0",
            "node_id": "MDc6TGljZW5zZTI="
        },
        "allow_forking": true,
        "is_template": false,
        "web_commit_signoff_required": false,
        "topics": [],
        "visibility": "public",
        "forks": 74,
        "open_issues": 19,
        "watchers": 585,
        "default_branch": "master"
    },
    "source": {
        "id": 28312494,
        "node_id": "MDEwOlJlcG9zaXRvcnkyODMxMjQ5NA==",
        "name": "wasp",
        "full_name": "orhanobut/wasp",
        "private": false,
        "owner": {
            "login": "orhanobut",
            "id": 1089616,
            "node_id": "MDQ6VXNlcjEwODk2MTY=",
            "avatar_url": "https://avatars.githubusercontent.com/u/1089616?v=4",
            "gravatar_id": "",
            "url": "https://api.github.com/users/orhanobut",
            "html_url": "https://github.com/orhanobut",
            "followers_url": "https://api.github.com/users/orhanobut/followers",
            "following_url": "https://api.github.com/users/orhanobut/following{/other_user}",
            "gists_url": "https://api.github.com/users/orhanobut/gists{/gist_id}",
            "starred_url": "https://api.github.com/users/orhanobut/starred{/owner}{/repo}",
            "subscriptions_url": "https://api.github.com/users/orhanobut/subscriptions",
            "organizations_url": "https://api.github.com/users/orhanobut/orgs",
            "repos_url": "https://api.github.com/users/orhanobut/repos",
            "events_url": "https://api.github.com/users/orhanobut/events{/privacy}",
            "received_events_url": "https://api.github.com/users/orhanobut/received_events",
            "type": "User",
            "site_admin": false
        },
        "html_url": "https://github.com/orhanobut/wasp",
        "description": "Compact and easy to use, 'all-in-one' android network solution",
        "fork": false,
        "url": "https://api.github.com/repos/orhanobut/wasp",
        "forks_url": "https://api.github.com/repos/orhanobut/wasp/forks",
        "keys_url": "https://api.github.com/repos/orhanobut/wasp/keys{/key_id}",
        "collaborators_url": "https://api.github.com/repos/orhanobut/wasp/collaborators{/collaborator}",
        "teams_url": "https://api.github.com/repos/orhanobut/wasp/teams",
        "hooks_url": "https://api.github.com/repos/orhanobut/wasp/hooks",
        "issue_events_url": "https://api.github.com/repos/orhanobut/wasp/issues/events{/number}",
        "events_url": "https://api.github.com/repos/orhanobut/wasp/events",
        "assignees_url": "https://api.github.com/repos/orhanobut/wasp/assignees{/user}",
        "branches_url": "https://api.github.com/repos/orhanobut/wasp/branches{/branch}",
        "tags_url": "https://api.github.com/repos/orhanobut/wasp/tags",
        "blobs_url": "https://api.github.com/repos/orhanobut/wasp/git/blobs{/sha}",
        "git_tags_url": "https://api.github.com/repos/orhanobut/wasp/git/tags{/sha}",
        "git_refs_url": "https://api.github.com/repos/orhanobut/wasp/git/refs{/sha}",
        "trees_url": "https://api.github.com/repos/orhanobut/wasp/git/trees{/sha}",
        "statuses_url": "https://api.github.com/repos/orhanobut/wasp/statuses/{sha}",
        "languages_url": "https://api.github.com/repos/orhanobut/wasp/languages",
        "stargazers_url": "https://api.github.com/repos/orhanobut/wasp/stargazers",
        "contributors_url": "https://api.github.com/repos/orhanobut/wasp/contributors",
        "subscribers_url": "https://api.github.com/repos/orhanobut/wasp/subscribers",
        "subscription_url": "https://api.github.com/repos/orhanobut/wasp/subscription",
        "commits_url": "https://api.github.com/repos/orhanobut/wasp/commits{/sha}",
        "git_commits_url": "https://api.github.com/repos/orhanobut/wasp/git/commits{/sha}",
        "comments_url": "https://api.github.com/repos/orhanobut/wasp/comments{/number}",
        "issue_comment_url": "https://api.github.com/repos/orhanobut/wasp/issues/comments{/number}",
        "contents_url": "https://api.github.com/repos/orhanobut/wasp/contents/{+path}",
        "compare_url": "https://api.github.com/repos/orhanobut/wasp/compare/{base}...{head}",
        "merges_url": "https://api.github.com/repos/orhanobut/wasp/merges",
        "archive_url": "https://api.github.com/repos/orhanobut/wasp/{archive_format}{/ref}",
        "downloads_url": "https://api.github.com/repos/orhanobut/wasp/downloads",
        "issues_url": "https://api.github.com/repos/orhanobut/wasp/issues{/number}",
        "pulls_url": "https://api.github.com/repos/orhanobut/wasp/pulls{/number}",
        "milestones_url": "https://api.github.com/repos/orhanobut/wasp/milestones{/number}",
        "notifications_url": "https://api.github.com/repos/orhanobut/wasp/notifications{?since,all,participating}",
        "labels_url": "https://api.github.com/repos/orhanobut/wasp/labels{/name}",
        "releases_url": "https://api.github.com/repos/orhanobut/wasp/releases{/id}",
        "deployments_url": "https://api.github.com/repos/orhanobut/wasp/deployments",
        "created_at": "2014-12-21T20:42:13Z",
        "updated_at": "2024-03-30T09:01:58Z",
        "pushed_at": "2018-04-11T12:45:52Z",
        "git_url": "git://github.com/orhanobut/wasp.git",
        "ssh_url": "git@github.com:orhanobut/wasp.git",
        "clone_url": "https://github.com/orhanobut/wasp.git",
        "svn_url": "https://github.com/orhanobut/wasp",
        "homepage": "",
        "size": 2549,
        "stargazers_count": 585,
        "watchers_count": 585,
        "language": "Java",
        "has_issues": true,
        "has_projects": false,
        "has_downloads": true,
        "has_wiki": true,
        "has_pages": false,
        "has_discussions": false,
        "forks_count": 74,
        "mirror_url": null,
        "archived": false,
        "disabled": false,
        "open_issues_count": 19,
        "license": {
            "key": "apache-2.0",
            "name": "Apache License 2.0",
            "spdx_id": "Apache-2.0",
            "url": "https://api.github.com/licenses/apache-2.0",
            "node_id": "MDc6TGljZW5zZTI="
        },
        "allow_forking": true,
        "is_template": false,
        "web_commit_signoff_required": false,
        "topics": [],
        "visibility": "public",
        "forks": 74,
        "open_issues": 19,
        "watchers": 585,
        "default_branch": "master"
    },
    "network_count": 74,
    "subscribers_count": 2
}