{
    "id": 176460186,
    "node_id": "MDEwOlJlcG9zaXRvcnkxNzY0NjAxODY=",
    "name": "javaz",
    "full_name": "shurankain/javaz",
    "private": false,
    "owner": {
        "login": "shurankain",
        "id": 5873881,
        "node_id": "MDQ6VXNlcjU4NzM4ODE=",
        "avatar_url": "https://avatars.githubusercontent.com/u/5873881?v=4",
        "gravatar_id": "",
        "url": "https://api.github.com/users/shurankain",
        "html_url": "https://github.com/shurankain",
        "followers_url": "https://api.github.com/users/shurankain/followers",
        "following_url": "https://api.github.com/users/shurankain/following{/other_user}",
        "gists_url": "https://api.github.com/users/shurankain/gists{/gist_id}",
        "starred_url": "https://api.github.com/users/shurankain/starred{/owner}{/repo}",
        "subscriptions_url": "https://api.github.com/users/shurankain/subscriptions",
        "organizations_url": "https://api.github.com/users/shurankain/orgs",
        "repos_url": "https://api.github.com/users/shurankain/repos",
        "events_url": "https://api.github.com/users/shurankain/events{/privacy}",
        "received_events_url": "https://api.github.com/users/shurankain/received_events",
        "type": "User",
        "site_admin": false
    },
    "html_url": "https://github.com/shurankain/javaz",
    "description": "Set of mini utils, classes, routines and other useful things, all buildable as JAR",
    "fork": true,
    "url": "https://api.github.com/repos/shurankain/javaz",
    "forks_url": "https://api.github.com/repos/shurankain/javaz/forks",
    "keys_url": "https://api.github.com/repos/shurankain/javaz/keys{/key_id}",
    "collaborators_url": "https://api.github.com/repos/shurankain/javaz/collaborators{/collaborator}",
    "teams_url": "https://api.github.com/repos/shurankain/javaz/teams",
    "hooks_url": "https://api.github.com/repos/shurankain/javaz/hooks",
    "issue_events_url": "https://api.github.com/repos/shurankain/javaz/issues/events{/number}",
    "events_url": "https://api.github.com/repos/shurankain/javaz/events",
    "assignees_url": "https://api.github.com/repos/shurankain/javaz/assignees{/user}",
    "branches_url": "https://api.github.com/repos/shurankain/javaz/branches{/branch}",
    "tags_url": "https://api.github.com/repos/shurankain/javaz/tags",
    "blobs_url": "https://api.github.com/repos/shurankain/javaz/git/blobs{/sha}",
    "git_tags_url": "https://api.github.com/repos/shurankain/javaz/git/tags{/sha}",
    "git_refs_url": "https://api.github.com/repos/shurankain/javaz/git/refs{/sha}",
    "trees_url": "https://api.github.com/repos/shurankain/javaz/git/trees{/sha}",
    "statuses_url": "https://api.github.com/repos/shurankain/javaz/statuses/{sha}",
    "languages_url": "https://api.github.com/repos/shurankain/javaz/languages",
    "stargazers_url": "https://api.github.com/repos/shurankain/javaz/stargazers",
    "contributors_url": "https://api.github.com/repos/shurankain/javaz/contributors",
    "subscribers_url": "https://api.github.com/repos/shurankain/javaz/subscribers",
    "subscription_url": "https://api.github.com/repos/shurankain/javaz/subscription",
    "commits_url": "https://api.github.com/repos/shurankain/javaz/commits{/sha}",
    "git_commits_url": "https://api.github.com/repos/shurankain/javaz/git/commits{/sha}",
    "comments_url": "https://api.github.com/repos/shurankain/javaz/comments{/number}",
    "issue_comment_url": "https://api.github.com/repos/shurankain/javaz/issues/comments{/number}",
    "contents_url": "https://api.github.com/repos/shurankain/javaz/contents/{+path}",
    "compare_url": "https://api.github.com/repos/shurankain/javaz/compare/{base}...{head}",
    "merges_url": "https://api.github.com/repos/shurankain/javaz/merges",
    "archive_url": "https://api.github.com/repos/shurankain/javaz/{archive_format}{/ref}",
    "downloads_url": "https://api.github.com/repos/shurankain/javaz/downloads",
    "issues_url": "https://api.github.com/repos/shurankain/javaz/issues{/number}",
    "pulls_url": "https://api.github.com/repos/shurankain/javaz/pulls{/number}",
    "milestones_url": "https://api.github.com/repos/shurankain/javaz/milestones{/number}",
    "notifications_url": "https://api.github.com/repos/shurankain/javaz/notifications{?since,all,participating}",
    "labels_url": "https://api.github.com/repos/shurankain/javaz/labels{/name}",
    "releases_url": "https://api.github.com/repos/shurankain/javaz/releases{/id}",
    "deployments_url": "https://api.github.com/repos/shurankain/javaz/deployments",
    "created_at": "2019-03-19T08:17:15Z",
    "updated_at": "2019-03-19T12:17:32Z",
    "pushed_at": "2019-03-19T12:17:31Z",
    "git_url": "git://github.com/shurankain/javaz.git",
    "ssh_url": "git@github.com:shurankain/javaz.git",
    "clone_url": "https://github.com/shurankain/javaz.git",
    "svn_url": "https://github.com/shurankain/javaz",
    "homepage": null,
    "size": 1895,
    "stargazers_count": 0,
    "watchers_count": 0,
    "language": "HTML",
    "has_issues": false,
    "has_projects": true,
    "has_downloads": true,
    "has_wiki": true,
    "has_pages": false,
    "has_discussions": false,
    "forks_count": 0,
    "mirror_url": null,
    "archived": false,
    "disabled": false,
    "open_issues_count": 0,
    "license": {
        "key": "bsd-2-clause",
        "name": "BSD 2-Clause \"Simplified\" License",
        "spdx_id": "BSD-2-Clause",
        "url": "https://api.github.com/licenses/bsd-2-clause",
        "node_id": "MDc6TGljZW5zZTQ="
    },
    "allow_forking": true,
    "is_template": false,
    "web_commit_signoff_required": false,
    "topics": [],
    "visibility": "public",
    "forks": 0,
    "open_issues": 0,
    "watchers": 0,
    "default_branch": "master",
    "permissions": {
        "admin": false,
        "maintain": false,
        "push": false,
        "triage": false,
        "pull": true
    },
    "temp_clone_token": "",
    "parent": {
        "id": 12434843,
        "node_id": "MDEwOlJlcG9zaXRvcnkxMjQzNDg0Mw==",
        "name": "javaz",
        "full_name": "yerenkow/javaz",
        "private": false,
        "owner": {
            "login": "yerenkow",
            "id": 1080762,
            "node_id": "MDQ6VXNlcjEwODA3NjI=",
            "avatar_url": "https://avatars.githubusercontent.com/u/1080762?v=4",
            "gravatar_id": "",
            "url": "https://api.github.com/users/yerenkow",
            "html_url": "https://github.com/yerenkow",
            "followers_url": "https://api.github.com/users/yerenkow/followers",
            "following_url": "https://api.github.com/users/yerenkow/following{/other_user}",
            "gists_url": "https://api.github.com/users/yerenkow/gists{/gist_id}",
            "starred_url": "https://api.github.com/users/yerenkow/starred{/owner}{/repo}",
            "subscriptions_url": "https://api.github.com/users/yerenkow/subscriptions",
            "organizations_url": "https://api.github.com/users/yerenkow/orgs",
            "repos_url": "https://api.github.com/users/yerenkow/repos",
            "events_url": "https://api.github.com/users/yerenkow/events{/privacy}",
            "received_events_url": "https://api.github.com/users/yerenkow/received_events",
            "type": "User",
            "site_admin": false
        },
        "html_url": "https://github.com/yerenkow/javaz",
        "description": "Set of mini utils, classes, routines and other useful things, all buildable as JAR",
        "fork": false,
        "url": "https://api.github.com/repos/yerenkow/javaz",
        "forks_url": "https://api.github.com/repos/yerenkow/javaz/forks",
        "keys_url": "https://api.github.com/repos/yerenkow/javaz/keys{/key_id}",
        "collaborators_url": "https://api.github.com/repos/yerenkow/javaz/collaborators{/collaborator}",
        "teams_url": "https://api.github.com/repos/yerenkow/javaz/teams",
        "hooks_url": "https://api.github.com/repos/yerenkow/javaz/hooks",
        "issue_events_url": "https://api.github.com/repos/yerenkow/javaz/issues/events{/number}",
        "events_url": "https://api.github.com/repos/yerenkow/javaz/events",
        "assignees_url": "https://api.github.com/repos/yerenkow/javaz/assignees{/user}",
        "branches_url": "https://api.github.com/repos/yerenkow/javaz/branches{/branch}",
        "tags_url": "https://api.github.com/repos/yerenkow/javaz/tags",
        "blobs_url": "https://api.github.com/repos/yerenkow/javaz/git/blobs{/sha}",
        "git_tags_url": "https://api.github.com/repos/yerenkow/javaz/git/tags{/sha}",
        "git_refs_url": "https://api.github.com/repos/yerenkow/javaz/git/refs{/sha}",
        "trees_url": "https://api.github.com/repos/yerenkow/javaz/git/trees{/sha}",
        "statuses_url": "https://api.github.com/repos/yerenkow/javaz/statuses/{sha}",
        "languages_url": "https://api.github.com/repos/yerenkow/javaz/languages",
        "stargazers_url": "https://api.github.com/repos/yerenkow/javaz/stargazers",
        "contributors_url": "https://api.github.com/repos/yerenkow/javaz/contributors",
        "subscribers_url": "https://api.github.com/repos/yerenkow/javaz/subscribers",
        "subscription_url": "https://api.github.com/repos/yerenkow/javaz/subscription",
        "commits_url": "https://api.github.com/repos/yerenkow/javaz/commits{/sha}",
        "git_commits_url": "https://api.github.com/repos/yerenkow/javaz/git/commits{/sha}",
        "comments_url": "https://api.github.com/repos/yerenkow/javaz/comments{/number}",
        "issue_comment_url": "https://api.github.com/repos/yerenkow/javaz/issues/comments{/number}",
        "contents_url": "https://api.github.com/repos/yerenkow/javaz/contents/{+path}",
        "compare_url": "https://api.github.com/repos/yerenkow/javaz/compare/{base}...{head}",
        "merges_url": "https://api.github.com/repos/yerenkow/javaz/merges",
        "archive_url": "https://api.github.com/repos/yerenkow/javaz/{archive_format}{/ref}",
        "downloads_url": "https://api.github.com/repos/yerenkow/javaz/downloads",
        "issues_url": "https://api.github.com/repos/yerenkow/javaz/issues{/number}",
        "pulls_url": "https://api.github.com/repos/yerenkow/javaz/pulls{/number}",
        "milestones_url": "https://api.github.com/repos/yerenkow/javaz/milestones{/number}",
        "notifications_url": "https://api.github.com/repos/yerenkow/javaz/notifications{?since,all,participating}",
        "labels_url": "https://api.github.com/repos/yerenkow/javaz/labels{/name}",
        "releases_url": "https://api.github.com/repos/yerenkow/javaz/releases{/id}",
        "deployments_url": "https://api.github.com/repos/yerenkow/javaz/deployments",
        "created_at": "2013-08-28T13:54:28Z",
        "updated_at": "2016-02-14T12:02:13Z",
        "pushed_at": "2019-03-19T12:17:32Z",
        "git_url": "git://github.com/yerenkow/javaz.git",
        "ssh_url": "git@github.com:yerenkow/javaz.git",
        "clone_url": "https://github.com/yerenkow/javaz.git",
        "svn_url": "https://github.com/yerenkow/javaz",
        "homepage": null,
        "size": 1893,
        "stargazers_count": 3,
        "watchers_count": 3,
        "language": "HTML",
        "has_issues": true,
        "has_projects": true,
        "has_downloads": true,
        "has_wiki": true,
        "has_pages": false,
        "has_discussions": false,
        "forks_count": 3,
        "mirror_url": null,
        "archived": false,
        "disabled": false,
        "open_issues_count": 2,
        "license": {
            "key": "bsd-2-clause",
            "name": "BSD 2-Clause \"Simplified\" License",
            "spdx_id": "BSD-2-Clause",
            "url": "https://api.github.com/licenses/bsd-2-clause",
            "node_id": "MDc6TGljZW5zZTQ="
        },
        "allow_forking": true,
        "is_template": false,
        "web_commit_signoff_required": false,
        "topics": [],
        "visibility": "public",
        "forks": 3,
        "open_issues": 2,
        "watchers": 3,
        "default_branch": "master"
    },
    "source": {
        "id": 12434843,
        "node_id": "MDEwOlJlcG9zaXRvcnkxMjQzNDg0Mw==",
        "name": "javaz",
        "full_name": "yerenkow/javaz",
        "private": false,
        "owner": {
            "login": "yerenkow",
            "id": 1080762,
            "node_id": "MDQ6VXNlcjEwODA3NjI=",
            "avatar_url": "https://avatars.githubusercontent.com/u/1080762?v=4",
            "gravatar_id": "",
            "url": "https://api.github.com/users/yerenkow",
            "html_url": "https://github.com/yerenkow",
            "followers_url": "https://api.github.com/users/yerenkow/followers",
            "following_url": "https://api.github.com/users/yerenkow/following{/other_user}",
            "gists_url": "https://api.github.com/users/yerenkow/gists{/gist_id}",
            "starred_url": "https://api.github.com/users/yerenkow/starred{/owner}{/repo}",
            "subscriptions_url": "https://api.github.com/users/yerenkow/subscriptions",
            "organizations_url": "https://api.github.com/users/yerenkow/orgs",
            "repos_url": "https://api.github.com/users/yerenkow/repos",
            "events_url": "https://api.github.com/users/yerenkow/events{/privacy}",
            "received_events_url": "https://api.github.com/users/yerenkow/received_events",
            "type": "User",
            "site_admin": false
        },
        "html_url": "https://github.com/yerenkow/javaz",
        "description": "Set of mini utils, classes, routines and other useful things, all buildable as JAR",
        "fork": false,
        "url": "https://api.github.com/repos/yerenkow/javaz",
        "forks_url": "https://api.github.com/repos/yerenkow/javaz/forks",
        "keys_url": "https://api.github.com/repos/yerenkow/javaz/keys{/key_id}",
        "collaborators_url": "https://api.github.com/repos/yerenkow/javaz/collaborators{/collaborator}",
        "teams_url": "https://api.github.com/repos/yerenkow/javaz/teams",
        "hooks_url": "https://api.github.com/repos/yerenkow/javaz/hooks",
        "issue_events_url": "https://api.github.com/repos/yerenkow/javaz/issues/events{/number}",
        "events_url": "https://api.github.com/repos/yerenkow/javaz/events",
        "assignees_url": "https://api.github.com/repos/yerenkow/javaz/assignees{/user}",
        "branches_url": "https://api.github.com/repos/yerenkow/javaz/branches{/branch}",
        "tags_url": "https://api.github.com/repos/yerenkow/javaz/tags",
        "blobs_url": "https://api.github.com/repos/yerenkow/javaz/git/blobs{/sha}",
        "git_tags_url": "https://api.github.com/repos/yerenkow/javaz/git/tags{/sha}",
        "git_refs_url": "https://api.github.com/repos/yerenkow/javaz/git/refs{/sha}",
        "trees_url": "https://api.github.com/repos/yerenkow/javaz/git/trees{/sha}",
        "statuses_url": "https://api.github.com/repos/yerenkow/javaz/statuses/{sha}",
        "languages_url": "https://api.github.com/repos/yerenkow/javaz/languages",
        "stargazers_url": "https://api.github.com/repos/yerenkow/javaz/stargazers",
        "contributors_url": "https://api.github.com/repos/yerenkow/javaz/contributors",
        "subscribers_url": "https://api.github.com/repos/yerenkow/javaz/subscribers",
        "subscription_url": "https://api.github.com/repos/yerenkow/javaz/subscription",
        "commits_url": "https://api.github.com/repos/yerenkow/javaz/commits{/sha}",
        "git_commits_url": "https://api.github.com/repos/yerenkow/javaz/git/commits{/sha}",
        "comments_url": "https://api.github.com/repos/yerenkow/javaz/comments{/number}",
        "issue_comment_url": "https://api.github.com/repos/yerenkow/javaz/issues/comments{/number}",
        "contents_url": "https://api.github.com/repos/yerenkow/javaz/contents/{+path}",
        "compare_url": "https://api.github.com/repos/yerenkow/javaz/compare/{base}...{head}",
        "merges_url": "https://api.github.com/repos/yerenkow/javaz/merges",
        "archive_url": "https://api.github.com/repos/yerenkow/javaz/{archive_format}{/ref}",
        "downloads_url": "https://api.github.com/repos/yerenkow/javaz/downloads",
        "issues_url": "https://api.github.com/repos/yerenkow/javaz/issues{/number}",
        "pulls_url": "https://api.github.com/repos/yerenkow/javaz/pulls{/number}",
        "milestones_url": "https://api.github.com/repos/yerenkow/javaz/milestones{/number}",
        "notifications_url": "https://api.github.com/repos/yerenkow/javaz/notifications{?since,all,participating}",
        "labels_url": "https://api.github.com/repos/yerenkow/javaz/labels{/name}",
        "releases_url": "https://api.github.com/repos/yerenkow/javaz/releases{/id}",
        "deployments_url": "https://api.github.com/repos/yerenkow/javaz/deployments",
        "created_at": "2013-08-28T13:54:28Z",
        "updated_at": "2016-02-14T12:02:13Z",
        "pushed_at": "2019-03-19T12:17:32Z",
        "git_url": "git://github.com/yerenkow/javaz.git",
        "ssh_url": "git@github.com:yerenkow/javaz.git",
        "clone_url": "https://github.com/yerenkow/javaz.git",
        "svn_url": "https://github.com/yerenkow/javaz",
        "homepage": null,
        "size": 1893,
        "stargazers_count": 3,
        "watchers_count": 3,
        "language": "HTML",
        "has_issues": true,
        "has_projects": true,
        "has_downloads": true,
        "has_wiki": true,
        "has_pages": false,
        "has_discussions": false,
        "forks_count": 3,
        "mirror_url": null,
        "archived": false,
        "disabled": false,
        "open_issues_count": 2,
        "license": {
            "key": "bsd-2-clause",
            "name": "BSD 2-Clause \"Simplified\" License",
            "spdx_id": "BSD-2-Clause",
            "url": "https://api.github.com/licenses/bsd-2-clause",
            "node_id": "MDc6TGljZW5zZTQ="
        },
        "allow_forking": true,
        "is_template": false,
        "web_commit_signoff_required": false,
        "topics": [],
        "visibility": "public",
        "forks": 3,
        "open_issues": 2,
        "watchers": 3,
        "default_branch": "master"
    },
    "network_count": 3,
    "subscribers_count": 2
}