{
    "id": 329152245,
    "node_id": "MDEwOlJlcG9zaXRvcnkzMjkxNTIyNDU=",
    "name": "ReflectBook-Java",
    "full_name": "BruceYoung19/ReflectBook-Java",
    "private": false,
    "owner": {
        "login": "BruceYoung19",
        "id": 9102046,
        "node_id": "MDQ6VXNlcjkxMDIwNDY=",
        "avatar_url": "https://avatars.githubusercontent.com/u/9102046?v=4",
        "gravatar_id": "",
        "url": "https://api.github.com/users/BruceYoung19",
        "html_url": "https://github.com/BruceYoung19",
        "followers_url": "https://api.github.com/users/BruceYoung19/followers",
        "following_url": "https://api.github.com/users/BruceYoung19/following{/other_user}",
        "gists_url": "https://api.github.com/users/BruceYoung19/gists{/gist_id}",
        "starred_url": "https://api.github.com/users/BruceYoung19/starred{/owner}{/repo}",
        "subscriptions_url": "https://api.github.com/users/BruceYoung19/subscriptions",
        "organizations_url": "https://api.github.com/users/BruceYoung19/orgs",
        "repos_url": "https://api.github.com/users/BruceYoung19/repos",
        "events_url": "https://api.github.com/users/BruceYoung19/events{/privacy}",
        "received_events_url": "https://api.github.com/users/BruceYoung19/received_events",
        "type": "User",
        "site_admin": false
    },
    "html_url": "https://github.com/BruceYoung19/ReflectBook-Java",
    "description": null,
    "fork": false,
    "url": "https://api.github.com/repos/BruceYoung19/ReflectBook-Java",
    "forks_url": "https://api.github.com/repos/BruceYoung19/ReflectBook-Java/forks",
    "keys_url": "https://api.github.com/repos/BruceYoung19/ReflectBook-Java/keys{/key_id}",
    "collaborators_url": "https://api.github.com/repos/BruceYoung19/ReflectBook-Java/collaborators{/collaborator}",
    "teams_url": "https://api.github.com/repos/BruceYoung19/ReflectBook-Java/teams",
    "hooks_url": "https://api.github.com/repos/BruceYoung19/ReflectBook-Java/hooks",
    "issue_events_url": "https://api.github.com/repos/BruceYoung19/ReflectBook-Java/issues/events{/number}",
    "events_url": "https://api.github.com/repos/BruceYoung19/ReflectBook-Java/events",
    "assignees_url": "https://api.github.com/repos/BruceYoung19/ReflectBook-Java/assignees{/user}",
    "branches_url": "https://api.github.com/repos/BruceYoung19/ReflectBook-Java/branches{/branch}",
    "tags_url": "https://api.github.com/repos/BruceYoung19/ReflectBook-Java/tags",
    "blobs_url": "https://api.github.com/repos/BruceYoung19/ReflectBook-Java/git/blobs{/sha}",
    "git_tags_url": "https://api.github.com/repos/BruceYoung19/ReflectBook-Java/git/tags{/sha}",
    "git_refs_url": "https://api.github.com/repos/BruceYoung19/ReflectBook-Java/git/refs{/sha}",
    "trees_url": "https://api.github.com/repos/BruceYoung19/ReflectBook-Java/git/trees{/sha}",
    "statuses_url": "https://api.github.com/repos/BruceYoung19/ReflectBook-Java/statuses/{sha}",
    "languages_url": "https://api.github.com/repos/BruceYoung19/ReflectBook-Java/languages",
    "stargazers_url": "https://api.github.com/repos/BruceYoung19/ReflectBook-Java/stargazers",
    "contributors_url": "https://api.github.com/repos/BruceYoung19/ReflectBook-Java/contributors",
    "subscribers_url": "https://api.github.com/repos/BruceYoung19/ReflectBook-Java/subscribers",
    "subscription_url": "https://api.github.com/repos/BruceYoung19/ReflectBook-Java/subscription",
    "commits_url": "https://api.github.com/repos/BruceYoung19/ReflectBook-Java/commits{/sha}",
    "git_commits_url": "https://api.github.com/repos/BruceYoung19/ReflectBook-Java/git/commits{/sha}",
    "comments_url": "https://api.github.com/repos/BruceYoung19/ReflectBook-Java/comments{/number}",
    "issue_comment_url": "https://api.github.com/repos/BruceYoung19/ReflectBook-Java/issues/comments{/number}",
    "contents_url": "https://api.github.com/repos/BruceYoung19/ReflectBook-Java/contents/{+path}",
    "compare_url": "https://api.github.com/repos/BruceYoung19/ReflectBook-Java/compare/{base}...{head}",
    "merges_url": "https://api.github.com/repos/BruceYoung19/ReflectBook-Java/merges",
    "archive_url": "https://api.github.com/repos/BruceYoung19/ReflectBook-Java/{archive_format}{/ref}",
    "downloads_url": "https://api.github.com/repos/BruceYoung19/ReflectBook-Java/downloads",
    "issues_url": "https://api.github.com/repos/BruceYoung19/ReflectBook-Java/issues{/number}",
    "pulls_url": "https://api.github.com/repos/BruceYoung19/ReflectBook-Java/pulls{/number}",
    "milestones_url": "https://api.github.com/repos/BruceYoung19/ReflectBook-Java/milestones{/number}",
    "notifications_url": "https://api.github.com/repos/BruceYoung19/ReflectBook-Java/notifications{?since,all,participating}",
    "labels_url": "https://api.github.com/repos/BruceYoung19/ReflectBook-Java/labels{/name}",
    "releases_url": "https://api.github.com/repos/BruceYoung19/ReflectBook-Java/releases{/id}",
    "deployments_url": "https://api.github.com/repos/BruceYoung19/ReflectBook-Java/deployments",
    "created_at": "2021-01-13T00:47:50Z",
    "updated_at": "2021-01-28T00:18:41Z",
    "pushed_at": "2021-01-28T00:18:39Z",
    "git_url": "git://github.com/BruceYoung19/ReflectBook-Java.git",
    "ssh_url": "git@github.com:BruceYoung19/ReflectBook-Java.git",
    "clone_url": "https://github.com/BruceYoung19/ReflectBook-Java.git",
    "svn_url": "https://github.com/BruceYoung19/ReflectBook-Java",
    "homepage": null,
    "size": 313,
    "stargazers_count": 0,
    "watchers_count": 0,
    "language": "Java",
    "has_issues": true,
    "has_projects": true,
    "has_downloads": true,
    "has_wiki": true,
    "has_pages": false,
    "has_discussions": false,
    "forks_count": 0,
    "mirror_url": null,
    "archived": false,
    "disabled": false,
    "open_issues_count": 0,
    "license": {
        "key": "unlicense",
        "name": "The Unlicense",
        "spdx_id": "Unlicense",
        "url": "https://api.github.com/licenses/unlicense",
        "node_id": "MDc6TGljZW5zZTE1"
    },
    "allow_forking": true,
    "is_template": false,
    "web_commit_signoff_required": false,
    "topics": [],
    "visibility": "public",
    "forks": 0,
    "open_issues": 0,
    "watchers": 0,
    "default_branch": "main",
    "permissions": {
        "admin": false,
        "maintain": false,
        "push": false,
        "triage": false,
        "pull": true
    },
    "temp_clone_token": "",
    "network_count": 0,
    "subscribers_count": 1
}