{
    "id": 202931905,
    "node_id": "MDEwOlJlcG9zaXRvcnkyMDI5MzE5MDU=",
    "name": "swordfish",
    "full_name": "agmcc/swordfish",
    "private": false,
    "owner": {
        "login": "agmcc",
        "id": 17126697,
        "node_id": "MDQ6VXNlcjE3MTI2Njk3",
        "avatar_url": "https://avatars.githubusercontent.com/u/17126697?v=4",
        "gravatar_id": "",
        "url": "https://api.github.com/users/agmcc",
        "html_url": "https://github.com/agmcc",
        "followers_url": "https://api.github.com/users/agmcc/followers",
        "following_url": "https://api.github.com/users/agmcc/following{/other_user}",
        "gists_url": "https://api.github.com/users/agmcc/gists{/gist_id}",
        "starred_url": "https://api.github.com/users/agmcc/starred{/owner}{/repo}",
        "subscriptions_url": "https://api.github.com/users/agmcc/subscriptions",
        "organizations_url": "https://api.github.com/users/agmcc/orgs",
        "repos_url": "https://api.github.com/users/agmcc/repos",
        "events_url": "https://api.github.com/users/agmcc/events{/privacy}",
        "received_events_url": "https://api.github.com/users/agmcc/received_events",
        "type": "User",
        "site_admin": false
    },
    "html_url": "https://github.com/agmcc/swordfish",
    "description": "Compile-time dependency injection framework for Java.",
    "fork": false,
    "url": "https://api.github.com/repos/agmcc/swordfish",
    "forks_url": "https://api.github.com/repos/agmcc/swordfish/forks",
    "keys_url": "https://api.github.com/repos/agmcc/swordfish/keys{/key_id}",
    "collaborators_url": "https://api.github.com/repos/agmcc/swordfish/collaborators{/collaborator}",
    "teams_url": "https://api.github.com/repos/agmcc/swordfish/teams",
    "hooks_url": "https://api.github.com/repos/agmcc/swordfish/hooks",
    "issue_events_url": "https://api.github.com/repos/agmcc/swordfish/issues/events{/number}",
    "events_url": "https://api.github.com/repos/agmcc/swordfish/events",
    "assignees_url": "https://api.github.com/repos/agmcc/swordfish/assignees{/user}",
    "branches_url": "https://api.github.com/repos/agmcc/swordfish/branches{/branch}",
    "tags_url": "https://api.github.com/repos/agmcc/swordfish/tags",
    "blobs_url": "https://api.github.com/repos/agmcc/swordfish/git/blobs{/sha}",
    "git_tags_url": "https://api.github.com/repos/agmcc/swordfish/git/tags{/sha}",
    "git_refs_url": "https://api.github.com/repos/agmcc/swordfish/git/refs{/sha}",
    "trees_url": "https://api.github.com/repos/agmcc/swordfish/git/trees{/sha}",
    "statuses_url": "https://api.github.com/repos/agmcc/swordfish/statuses/{sha}",
    "languages_url": "https://api.github.com/repos/agmcc/swordfish/languages",
    "stargazers_url": "https://api.github.com/repos/agmcc/swordfish/stargazers",
    "contributors_url": "https://api.github.com/repos/agmcc/swordfish/contributors",
    "subscribers_url": "https://api.github.com/repos/agmcc/swordfish/subscribers",
    "subscription_url": "https://api.github.com/repos/agmcc/swordfish/subscription",
    "commits_url": "https://api.github.com/repos/agmcc/swordfish/commits{/sha}",
    "git_commits_url": "https://api.github.com/repos/agmcc/swordfish/git/commits{/sha}",
    "comments_url": "https://api.github.com/repos/agmcc/swordfish/comments{/number}",
    "issue_comment_url": "https://api.github.com/repos/agmcc/swordfish/issues/comments{/number}",
    "contents_url": "https://api.github.com/repos/agmcc/swordfish/contents/{+path}",
    "compare_url": "https://api.github.com/repos/agmcc/swordfish/compare/{base}...{head}",
    "merges_url": "https://api.github.com/repos/agmcc/swordfish/merges",
    "archive_url": "https://api.github.com/repos/agmcc/swordfish/{archive_format}{/ref}",
    "downloads_url": "https://api.github.com/repos/agmcc/swordfish/downloads",
    "issues_url": "https://api.github.com/repos/agmcc/swordfish/issues{/number}",
    "pulls_url": "https://api.github.com/repos/agmcc/swordfish/pulls{/number}",
    "milestones_url": "https://api.github.com/repos/agmcc/swordfish/milestones{/number}",
    "notifications_url": "https://api.github.com/repos/agmcc/swordfish/notifications{?since,all,participating}",
    "labels_url": "https://api.github.com/repos/agmcc/swordfish/labels{/name}",
    "releases_url": "https://api.github.com/repos/agmcc/swordfish/releases{/id}",
    "deployments_url": "https://api.github.com/repos/agmcc/swordfish/deployments",
    "created_at": "2019-08-17T21:14:16Z",
    "updated_at": "2023-11-13T05:23:43Z",
    "pushed_at": "2019-09-22T13:03:36Z",
    "git_url": "git://github.com/agmcc/swordfish.git",
    "ssh_url": "git@github.com:agmcc/swordfish.git",
    "clone_url": "https://github.com/agmcc/swordfish.git",
    "svn_url": "https://github.com/agmcc/swordfish",
    "homepage": null,
    "size": 168,
    "stargazers_count": 3,
    "watchers_count": 3,
    "language": "Java",
    "has_issues": true,
    "has_projects": true,
    "has_downloads": true,
    "has_wiki": true,
    "has_pages": false,
    "has_discussions": false,
    "forks_count": 0,
    "mirror_url": null,
    "archived": false,
    "disabled": false,
    "open_issues_count": 9,
    "license": {
        "key": "apache-2.0",
        "name": "Apache License 2.0",
        "spdx_id": "Apache-2.0",
        "url": "https://api.github.com/licenses/apache-2.0",
        "node_id": "MDc6TGljZW5zZTI="
    },
    "allow_forking": true,
    "is_template": false,
    "web_commit_signoff_required": false,
    "topics": [],
    "visibility": "public",
    "forks": 0,
    "open_issues": 9,
    "watchers": 3,
    "default_branch": "master",
    "permissions": {
        "admin": false,
        "maintain": false,
        "push": false,
        "triage": false,
        "pull": true
    },
    "temp_clone_token": "",
    "network_count": 0,
    "subscribers_count": 1
}