{
    "id": 322155006,
    "node_id": "MDEwOlJlcG9zaXRvcnkzMjIxNTUwMDY=",
    "name": "cordova-plugin-timer",
    "full_name": "Nci-Technology/cordova-plugin-timer",
    "private": false,
    "owner": {
        "login": "Nci-Technology",
        "id": 90820771,
        "node_id": "MDEyOk9yZ2FuaXphdGlvbjkwODIwNzcx",
        "avatar_url": "https://avatars.githubusercontent.com/u/90820771?v=4",
        "gravatar_id": "",
        "url": "https://api.github.com/users/Nci-Technology",
        "html_url": "https://github.com/Nci-Technology",
        "followers_url": "https://api.github.com/users/Nci-Technology/followers",
        "following_url": "https://api.github.com/users/Nci-Technology/following{/other_user}",
        "gists_url": "https://api.github.com/users/Nci-Technology/gists{/gist_id}",
        "starred_url": "https://api.github.com/users/Nci-Technology/starred{/owner}{/repo}",
        "subscriptions_url": "https://api.github.com/users/Nci-Technology/subscriptions",
        "organizations_url": "https://api.github.com/users/Nci-Technology/orgs",
        "repos_url": "https://api.github.com/users/Nci-Technology/repos",
        "events_url": "https://api.github.com/users/Nci-Technology/events{/privacy}",
        "received_events_url": "https://api.github.com/users/Nci-Technology/received_events",
        "type": "Organization",
        "site_admin": false
    },
    "html_url": "https://github.com/Nci-Technology/cordova-plugin-timer",
    "description": null,
    "fork": false,
    "url": "https://api.github.com/repos/Nci-Technology/cordova-plugin-timer",
    "forks_url": "https://api.github.com/repos/Nci-Technology/cordova-plugin-timer/forks",
    "keys_url": "https://api.github.com/repos/Nci-Technology/cordova-plugin-timer/keys{/key_id}",
    "collaborators_url": "https://api.github.com/repos/Nci-Technology/cordova-plugin-timer/collaborators{/collaborator}",
    "teams_url": "https://api.github.com/repos/Nci-Technology/cordova-plugin-timer/teams",
    "hooks_url": "https://api.github.com/repos/Nci-Technology/cordova-plugin-timer/hooks",
    "issue_events_url": "https://api.github.com/repos/Nci-Technology/cordova-plugin-timer/issues/events{/number}",
    "events_url": "https://api.github.com/repos/Nci-Technology/cordova-plugin-timer/events",
    "assignees_url": "https://api.github.com/repos/Nci-Technology/cordova-plugin-timer/assignees{/user}",
    "branches_url": "https://api.github.com/repos/Nci-Technology/cordova-plugin-timer/branches{/branch}",
    "tags_url": "https://api.github.com/repos/Nci-Technology/cordova-plugin-timer/tags",
    "blobs_url": "https://api.github.com/repos/Nci-Technology/cordova-plugin-timer/git/blobs{/sha}",
    "git_tags_url": "https://api.github.com/repos/Nci-Technology/cordova-plugin-timer/git/tags{/sha}",
    "git_refs_url": "https://api.github.com/repos/Nci-Technology/cordova-plugin-timer/git/refs{/sha}",
    "trees_url": "https://api.github.com/repos/Nci-Technology/cordova-plugin-timer/git/trees{/sha}",
    "statuses_url": "https://api.github.com/repos/Nci-Technology/cordova-plugin-timer/statuses/{sha}",
    "languages_url": "https://api.github.com/repos/Nci-Technology/cordova-plugin-timer/languages",
    "stargazers_url": "https://api.github.com/repos/Nci-Technology/cordova-plugin-timer/stargazers",
    "contributors_url": "https://api.github.com/repos/Nci-Technology/cordova-plugin-timer/contributors",
    "subscribers_url": "https://api.github.com/repos/Nci-Technology/cordova-plugin-timer/subscribers",
    "subscription_url": "https://api.github.com/repos/Nci-Technology/cordova-plugin-timer/subscription",
    "commits_url": "https://api.github.com/repos/Nci-Technology/cordova-plugin-timer/commits{/sha}",
    "git_commits_url": "https://api.github.com/repos/Nci-Technology/cordova-plugin-timer/git/commits{/sha}",
    "comments_url": "https://api.github.com/repos/Nci-Technology/cordova-plugin-timer/comments{/number}",
    "issue_comment_url": "https://api.github.com/repos/Nci-Technology/cordova-plugin-timer/issues/comments{/number}",
    "contents_url": "https://api.github.com/repos/Nci-Technology/cordova-plugin-timer/contents/{+path}",
    "compare_url": "https://api.github.com/repos/Nci-Technology/cordova-plugin-timer/compare/{base}...{head}",
    "merges_url": "https://api.github.com/repos/Nci-Technology/cordova-plugin-timer/merges",
    "archive_url": "https://api.github.com/repos/Nci-Technology/cordova-plugin-timer/{archive_format}{/ref}",
    "downloads_url": "https://api.github.com/repos/Nci-Technology/cordova-plugin-timer/downloads",
    "issues_url": "https://api.github.com/repos/Nci-Technology/cordova-plugin-timer/issues{/number}",
    "pulls_url": "https://api.github.com/repos/Nci-Technology/cordova-plugin-timer/pulls{/number}",
    "milestones_url": "https://api.github.com/repos/Nci-Technology/cordova-plugin-timer/milestones{/number}",
    "notifications_url": "https://api.github.com/repos/Nci-Technology/cordova-plugin-timer/notifications{?since,all,participating}",
    "labels_url": "https://api.github.com/repos/Nci-Technology/cordova-plugin-timer/labels{/name}",
    "releases_url": "https://api.github.com/repos/Nci-Technology/cordova-plugin-timer/releases{/id}",
    "deployments_url": "https://api.github.com/repos/Nci-Technology/cordova-plugin-timer/deployments",
    "created_at": "2020-12-17T02:16:18Z",
    "updated_at": "2023-07-28T02:25:27Z",
    "pushed_at": "2020-12-17T02:19:38Z",
    "git_url": "git://github.com/Nci-Technology/cordova-plugin-timer.git",
    "ssh_url": "git@github.com:Nci-Technology/cordova-plugin-timer.git",
    "clone_url": "https://github.com/Nci-Technology/cordova-plugin-timer.git",
    "svn_url": "https://github.com/Nci-Technology/cordova-plugin-timer",
    "homepage": null,
    "size": 23,
    "stargazers_count": 0,
    "watchers_count": 0,
    "language": "Java",
    "has_issues": true,
    "has_projects": true,
    "has_downloads": true,
    "has_wiki": true,
    "has_pages": false,
    "has_discussions": false,
    "forks_count": 0,
    "mirror_url": null,
    "archived": false,
    "disabled": false,
    "open_issues_count": 0,
    "license": {
        "key": "apache-2.0",
        "name": "Apache License 2.0",
        "spdx_id": "Apache-2.0",
        "url": "https://api.github.com/licenses/apache-2.0",
        "node_id": "MDc6TGljZW5zZTI="
    },
    "allow_forking": true,
    "is_template": false,
    "web_commit_signoff_required": false,
    "topics": [],
    "visibility": "public",
    "forks": 0,
    "open_issues": 0,
    "watchers": 0,
    "default_branch": "master",
    "permissions": {
        "admin": false,
        "maintain": false,
        "push": false,
        "triage": false,
        "pull": true
    },
    "temp_clone_token": "",
    "custom_properties": {},
    "organization": {
        "login": "Nci-Technology",
        "id": 90820771,
        "node_id": "MDEyOk9yZ2FuaXphdGlvbjkwODIwNzcx",
        "avatar_url": "https://avatars.githubusercontent.com/u/90820771?v=4",
        "gravatar_id": "",
        "url": "https://api.github.com/users/Nci-Technology",
        "html_url": "https://github.com/Nci-Technology",
        "followers_url": "https://api.github.com/users/Nci-Technology/followers",
        "following_url": "https://api.github.com/users/Nci-Technology/following{/other_user}",
        "gists_url": "https://api.github.com/users/Nci-Technology/gists{/gist_id}",
        "starred_url": "https://api.github.com/users/Nci-Technology/starred{/owner}{/repo}",
        "subscriptions_url": "https://api.github.com/users/Nci-Technology/subscriptions",
        "organizations_url": "https://api.github.com/users/Nci-Technology/orgs",
        "repos_url": "https://api.github.com/users/Nci-Technology/repos",
        "events_url": "https://api.github.com/users/Nci-Technology/events{/privacy}",
        "received_events_url": "https://api.github.com/users/Nci-Technology/received_events",
        "type": "Organization",
        "site_admin": false
    },
    "network_count": 0,
    "subscribers_count": 1
}