{
    "id": 53080688,
    "node_id": "MDEwOlJlcG9zaXRvcnk1MzA4MDY4OA==",
    "name": "redfish-client-java",
    "full_name": "jlongever/redfish-client-java",
    "private": false,
    "owner": {
        "login": "jlongever",
        "id": 13769308,
        "node_id": "MDQ6VXNlcjEzNzY5MzA4",
        "avatar_url": "https://avatars.githubusercontent.com/u/13769308?v=4",
        "gravatar_id": "",
        "url": "https://api.github.com/users/jlongever",
        "html_url": "https://github.com/jlongever",
        "followers_url": "https://api.github.com/users/jlongever/followers",
        "following_url": "https://api.github.com/users/jlongever/following{/other_user}",
        "gists_url": "https://api.github.com/users/jlongever/gists{/gist_id}",
        "starred_url": "https://api.github.com/users/jlongever/starred{/owner}{/repo}",
        "subscriptions_url": "https://api.github.com/users/jlongever/subscriptions",
        "organizations_url": "https://api.github.com/users/jlongever/orgs",
        "repos_url": "https://api.github.com/users/jlongever/repos",
        "events_url": "https://api.github.com/users/jlongever/events{/privacy}",
        "received_events_url": "https://api.github.com/users/jlongever/received_events",
        "type": "User",
        "site_admin": false
    },
    "html_url": "https://github.com/jlongever/redfish-client-java",
    "description": "Redfish 1.0 Java client code.",
    "fork": false,
    "url": "https://api.github.com/repos/jlongever/redfish-client-java",
    "forks_url": "https://api.github.com/repos/jlongever/redfish-client-java/forks",
    "keys_url": "https://api.github.com/repos/jlongever/redfish-client-java/keys{/key_id}",
    "collaborators_url": "https://api.github.com/repos/jlongever/redfish-client-java/collaborators{/collaborator}",
    "teams_url": "https://api.github.com/repos/jlongever/redfish-client-java/teams",
    "hooks_url": "https://api.github.com/repos/jlongever/redfish-client-java/hooks",
    "issue_events_url": "https://api.github.com/repos/jlongever/redfish-client-java/issues/events{/number}",
    "events_url": "https://api.github.com/repos/jlongever/redfish-client-java/events",
    "assignees_url": "https://api.github.com/repos/jlongever/redfish-client-java/assignees{/user}",
    "branches_url": "https://api.github.com/repos/jlongever/redfish-client-java/branches{/branch}",
    "tags_url": "https://api.github.com/repos/jlongever/redfish-client-java/tags",
    "blobs_url": "https://api.github.com/repos/jlongever/redfish-client-java/git/blobs{/sha}",
    "git_tags_url": "https://api.github.com/repos/jlongever/redfish-client-java/git/tags{/sha}",
    "git_refs_url": "https://api.github.com/repos/jlongever/redfish-client-java/git/refs{/sha}",
    "trees_url": "https://api.github.com/repos/jlongever/redfish-client-java/git/trees{/sha}",
    "statuses_url": "https://api.github.com/repos/jlongever/redfish-client-java/statuses/{sha}",
    "languages_url": "https://api.github.com/repos/jlongever/redfish-client-java/languages",
    "stargazers_url": "https://api.github.com/repos/jlongever/redfish-client-java/stargazers",
    "contributors_url": "https://api.github.com/repos/jlongever/redfish-client-java/contributors",
    "subscribers_url": "https://api.github.com/repos/jlongever/redfish-client-java/subscribers",
    "subscription_url": "https://api.github.com/repos/jlongever/redfish-client-java/subscription",
    "commits_url": "https://api.github.com/repos/jlongever/redfish-client-java/commits{/sha}",
    "git_commits_url": "https://api.github.com/repos/jlongever/redfish-client-java/git/commits{/sha}",
    "comments_url": "https://api.github.com/repos/jlongever/redfish-client-java/comments{/number}",
    "issue_comment_url": "https://api.github.com/repos/jlongever/redfish-client-java/issues/comments{/number}",
    "contents_url": "https://api.github.com/repos/jlongever/redfish-client-java/contents/{+path}",
    "compare_url": "https://api.github.com/repos/jlongever/redfish-client-java/compare/{base}...{head}",
    "merges_url": "https://api.github.com/repos/jlongever/redfish-client-java/merges",
    "archive_url": "https://api.github.com/repos/jlongever/redfish-client-java/{archive_format}{/ref}",
    "downloads_url": "https://api.github.com/repos/jlongever/redfish-client-java/downloads",
    "issues_url": "https://api.github.com/repos/jlongever/redfish-client-java/issues{/number}",
    "pulls_url": "https://api.github.com/repos/jlongever/redfish-client-java/pulls{/number}",
    "milestones_url": "https://api.github.com/repos/jlongever/redfish-client-java/milestones{/number}",
    "notifications_url": "https://api.github.com/repos/jlongever/redfish-client-java/notifications{?since,all,participating}",
    "labels_url": "https://api.github.com/repos/jlongever/redfish-client-java/labels{/name}",
    "releases_url": "https://api.github.com/repos/jlongever/redfish-client-java/releases{/id}",
    "deployments_url": "https://api.github.com/repos/jlongever/redfish-client-java/deployments",
    "created_at": "2016-03-03T20:25:45Z",
    "updated_at": "2021-12-21T06:34:20Z",
    "pushed_at": "2016-05-05T17:57:38Z",
    "git_url": "git://github.com/jlongever/redfish-client-java.git",
    "ssh_url": "git@github.com:jlongever/redfish-client-java.git",
    "clone_url": "https://github.com/jlongever/redfish-client-java.git",
    "svn_url": "https://github.com/jlongever/redfish-client-java",
    "homepage": null,
    "size": 157,
    "stargazers_count": 2,
    "watchers_count": 2,
    "language": "Java",
    "has_issues": true,
    "has_projects": true,
    "has_downloads": true,
    "has_wiki": true,
    "has_pages": false,
    "has_discussions": false,
    "forks_count": 3,
    "mirror_url": null,
    "archived": false,
    "disabled": false,
    "open_issues_count": 0,
    "license": {
        "key": "apache-2.0",
        "name": "Apache License 2.0",
        "spdx_id": "Apache-2.0",
        "url": "https://api.github.com/licenses/apache-2.0",
        "node_id": "MDc6TGljZW5zZTI="
    },
    "allow_forking": true,
    "is_template": false,
    "web_commit_signoff_required": false,
    "topics": [],
    "visibility": "public",
    "forks": 3,
    "open_issues": 0,
    "watchers": 2,
    "default_branch": "master",
    "permissions": {
        "admin": false,
        "maintain": false,
        "push": false,
        "triage": false,
        "pull": true
    },
    "temp_clone_token": "",
    "network_count": 3,
    "subscribers_count": 1
}