{
    "id": 254999699,
    "node_id": "MDEwOlJlcG9zaXRvcnkyNTQ5OTk2OTk=",
    "name": "blog-md",
    "full_name": "HouChenggong/blog-md",
    "private": false,
    "owner": {
        "login": "HouChenggong",
        "id": 30017077,
        "node_id": "MDQ6VXNlcjMwMDE3MDc3",
        "avatar_url": "https://avatars.githubusercontent.com/u/30017077?v=4",
        "gravatar_id": "",
        "url": "https://api.github.com/users/HouChenggong",
        "html_url": "https://github.com/HouChenggong",
        "followers_url": "https://api.github.com/users/HouChenggong/followers",
        "following_url": "https://api.github.com/users/HouChenggong/following{/other_user}",
        "gists_url": "https://api.github.com/users/HouChenggong/gists{/gist_id}",
        "starred_url": "https://api.github.com/users/HouChenggong/starred{/owner}{/repo}",
        "subscriptions_url": "https://api.github.com/users/HouChenggong/subscriptions",
        "organizations_url": "https://api.github.com/users/HouChenggong/orgs",
        "repos_url": "https://api.github.com/users/HouChenggong/repos",
        "events_url": "https://api.github.com/users/HouChenggong/events{/privacy}",
        "received_events_url": "https://api.github.com/users/HouChenggong/received_events",
        "type": "User",
        "site_admin": false
    },
    "html_url": "https://github.com/HouChenggong/blog-md",
    "description": "\u81ea\u5df1\u7684\u5e73\u65f6\u7b14\u8bb0",
    "fork": false,
    "url": "https://api.github.com/repos/HouChenggong/blog-md",
    "forks_url": "https://api.github.com/repos/HouChenggong/blog-md/forks",
    "keys_url": "https://api.github.com/repos/HouChenggong/blog-md/keys{/key_id}",
    "collaborators_url": "https://api.github.com/repos/HouChenggong/blog-md/collaborators{/collaborator}",
    "teams_url": "https://api.github.com/repos/HouChenggong/blog-md/teams",
    "hooks_url": "https://api.github.com/repos/HouChenggong/blog-md/hooks",
    "issue_events_url": "https://api.github.com/repos/HouChenggong/blog-md/issues/events{/number}",
    "events_url": "https://api.github.com/repos/HouChenggong/blog-md/events",
    "assignees_url": "https://api.github.com/repos/HouChenggong/blog-md/assignees{/user}",
    "branches_url": "https://api.github.com/repos/HouChenggong/blog-md/branches{/branch}",
    "tags_url": "https://api.github.com/repos/HouChenggong/blog-md/tags",
    "blobs_url": "https://api.github.com/repos/HouChenggong/blog-md/git/blobs{/sha}",
    "git_tags_url": "https://api.github.com/repos/HouChenggong/blog-md/git/tags{/sha}",
    "git_refs_url": "https://api.github.com/repos/HouChenggong/blog-md/git/refs{/sha}",
    "trees_url": "https://api.github.com/repos/HouChenggong/blog-md/git/trees{/sha}",
    "statuses_url": "https://api.github.com/repos/HouChenggong/blog-md/statuses/{sha}",
    "languages_url": "https://api.github.com/repos/HouChenggong/blog-md/languages",
    "stargazers_url": "https://api.github.com/repos/HouChenggong/blog-md/stargazers",
    "contributors_url": "https://api.github.com/repos/HouChenggong/blog-md/contributors",
    "subscribers_url": "https://api.github.com/repos/HouChenggong/blog-md/subscribers",
    "subscription_url": "https://api.github.com/repos/HouChenggong/blog-md/subscription",
    "commits_url": "https://api.github.com/repos/HouChenggong/blog-md/commits{/sha}",
    "git_commits_url": "https://api.github.com/repos/HouChenggong/blog-md/git/commits{/sha}",
    "comments_url": "https://api.github.com/repos/HouChenggong/blog-md/comments{/number}",
    "issue_comment_url": "https://api.github.com/repos/HouChenggong/blog-md/issues/comments{/number}",
    "contents_url": "https://api.github.com/repos/HouChenggong/blog-md/contents/{+path}",
    "compare_url": "https://api.github.com/repos/HouChenggong/blog-md/compare/{base}...{head}",
    "merges_url": "https://api.github.com/repos/HouChenggong/blog-md/merges",
    "archive_url": "https://api.github.com/repos/HouChenggong/blog-md/{archive_format}{/ref}",
    "downloads_url": "https://api.github.com/repos/HouChenggong/blog-md/downloads",
    "issues_url": "https://api.github.com/repos/HouChenggong/blog-md/issues{/number}",
    "pulls_url": "https://api.github.com/repos/HouChenggong/blog-md/pulls{/number}",
    "milestones_url": "https://api.github.com/repos/HouChenggong/blog-md/milestones{/number}",
    "notifications_url": "https://api.github.com/repos/HouChenggong/blog-md/notifications{?since,all,participating}",
    "labels_url": "https://api.github.com/repos/HouChenggong/blog-md/labels{/name}",
    "releases_url": "https://api.github.com/repos/HouChenggong/blog-md/releases{/id}",
    "deployments_url": "https://api.github.com/repos/HouChenggong/blog-md/deployments",
    "created_at": "2020-04-12T03:15:37Z",
    "updated_at": "2021-12-19T22:09:40Z",
    "pushed_at": "2023-06-14T22:43:54Z",
    "git_url": "git://github.com/HouChenggong/blog-md.git",
    "ssh_url": "git@github.com:HouChenggong/blog-md.git",
    "clone_url": "https://github.com/HouChenggong/blog-md.git",
    "svn_url": "https://github.com/HouChenggong/blog-md",
    "homepage": "https://houchenggong.github.io/blog-md/",
    "size": 20674,
    "stargazers_count": 2,
    "watchers_count": 2,
    "language": "Java",
    "has_issues": true,
    "has_projects": true,
    "has_downloads": true,
    "has_wiki": true,
    "has_pages": true,
    "has_discussions": true,
    "forks_count": 1,
    "mirror_url": null,
    "archived": false,
    "disabled": false,
    "open_issues_count": 1,
    "license": {
        "key": "apache-2.0",
        "name": "Apache License 2.0",
        "spdx_id": "Apache-2.0",
        "url": "https://api.github.com/licenses/apache-2.0",
        "node_id": "MDc6TGljZW5zZTI="
    },
    "allow_forking": true,
    "is_template": false,
    "web_commit_signoff_required": false,
    "topics": [],
    "visibility": "public",
    "forks": 1,
    "open_issues": 1,
    "watchers": 2,
    "default_branch": "master",
    "permissions": {
        "admin": false,
        "maintain": false,
        "push": false,
        "triage": false,
        "pull": true
    },
    "temp_clone_token": "",
    "network_count": 1,
    "subscribers_count": 2
}