{
    "id": 294130236,
    "node_id": "MDEwOlJlcG9zaXRvcnkyOTQxMzAyMzY=",
    "name": "Garage-Guide",
    "full_name": "OmarZiadeh/Garage-Guide",
    "private": false,
    "owner": {
        "login": "OmarZiadeh",
        "id": 62954297,
        "node_id": "MDQ6VXNlcjYyOTU0Mjk3",
        "avatar_url": "https://avatars.githubusercontent.com/u/62954297?v=4",
        "gravatar_id": "",
        "url": "https://api.github.com/users/OmarZiadeh",
        "html_url": "https://github.com/OmarZiadeh",
        "followers_url": "https://api.github.com/users/OmarZiadeh/followers",
        "following_url": "https://api.github.com/users/OmarZiadeh/following{/other_user}",
        "gists_url": "https://api.github.com/users/OmarZiadeh/gists{/gist_id}",
        "starred_url": "https://api.github.com/users/OmarZiadeh/starred{/owner}{/repo}",
        "subscriptions_url": "https://api.github.com/users/OmarZiadeh/subscriptions",
        "organizations_url": "https://api.github.com/users/OmarZiadeh/orgs",
        "repos_url": "https://api.github.com/users/OmarZiadeh/repos",
        "events_url": "https://api.github.com/users/OmarZiadeh/events{/privacy}",
        "received_events_url": "https://api.github.com/users/OmarZiadeh/received_events",
        "type": "User",
        "site_admin": false
    },
    "html_url": "https://github.com/OmarZiadeh/Garage-Guide",
    "description": null,
    "fork": false,
    "url": "https://api.github.com/repos/OmarZiadeh/Garage-Guide",
    "forks_url": "https://api.github.com/repos/OmarZiadeh/Garage-Guide/forks",
    "keys_url": "https://api.github.com/repos/OmarZiadeh/Garage-Guide/keys{/key_id}",
    "collaborators_url": "https://api.github.com/repos/OmarZiadeh/Garage-Guide/collaborators{/collaborator}",
    "teams_url": "https://api.github.com/repos/OmarZiadeh/Garage-Guide/teams",
    "hooks_url": "https://api.github.com/repos/OmarZiadeh/Garage-Guide/hooks",
    "issue_events_url": "https://api.github.com/repos/OmarZiadeh/Garage-Guide/issues/events{/number}",
    "events_url": "https://api.github.com/repos/OmarZiadeh/Garage-Guide/events",
    "assignees_url": "https://api.github.com/repos/OmarZiadeh/Garage-Guide/assignees{/user}",
    "branches_url": "https://api.github.com/repos/OmarZiadeh/Garage-Guide/branches{/branch}",
    "tags_url": "https://api.github.com/repos/OmarZiadeh/Garage-Guide/tags",
    "blobs_url": "https://api.github.com/repos/OmarZiadeh/Garage-Guide/git/blobs{/sha}",
    "git_tags_url": "https://api.github.com/repos/OmarZiadeh/Garage-Guide/git/tags{/sha}",
    "git_refs_url": "https://api.github.com/repos/OmarZiadeh/Garage-Guide/git/refs{/sha}",
    "trees_url": "https://api.github.com/repos/OmarZiadeh/Garage-Guide/git/trees{/sha}",
    "statuses_url": "https://api.github.com/repos/OmarZiadeh/Garage-Guide/statuses/{sha}",
    "languages_url": "https://api.github.com/repos/OmarZiadeh/Garage-Guide/languages",
    "stargazers_url": "https://api.github.com/repos/OmarZiadeh/Garage-Guide/stargazers",
    "contributors_url": "https://api.github.com/repos/OmarZiadeh/Garage-Guide/contributors",
    "subscribers_url": "https://api.github.com/repos/OmarZiadeh/Garage-Guide/subscribers",
    "subscription_url": "https://api.github.com/repos/OmarZiadeh/Garage-Guide/subscription",
    "commits_url": "https://api.github.com/repos/OmarZiadeh/Garage-Guide/commits{/sha}",
    "git_commits_url": "https://api.github.com/repos/OmarZiadeh/Garage-Guide/git/commits{/sha}",
    "comments_url": "https://api.github.com/repos/OmarZiadeh/Garage-Guide/comments{/number}",
    "issue_comment_url": "https://api.github.com/repos/OmarZiadeh/Garage-Guide/issues/comments{/number}",
    "contents_url": "https://api.github.com/repos/OmarZiadeh/Garage-Guide/contents/{+path}",
    "compare_url": "https://api.github.com/repos/OmarZiadeh/Garage-Guide/compare/{base}...{head}",
    "merges_url": "https://api.github.com/repos/OmarZiadeh/Garage-Guide/merges",
    "archive_url": "https://api.github.com/repos/OmarZiadeh/Garage-Guide/{archive_format}{/ref}",
    "downloads_url": "https://api.github.com/repos/OmarZiadeh/Garage-Guide/downloads",
    "issues_url": "https://api.github.com/repos/OmarZiadeh/Garage-Guide/issues{/number}",
    "pulls_url": "https://api.github.com/repos/OmarZiadeh/Garage-Guide/pulls{/number}",
    "milestones_url": "https://api.github.com/repos/OmarZiadeh/Garage-Guide/milestones{/number}",
    "notifications_url": "https://api.github.com/repos/OmarZiadeh/Garage-Guide/notifications{?since,all,participating}",
    "labels_url": "https://api.github.com/repos/OmarZiadeh/Garage-Guide/labels{/name}",
    "releases_url": "https://api.github.com/repos/OmarZiadeh/Garage-Guide/releases{/id}",
    "deployments_url": "https://api.github.com/repos/OmarZiadeh/Garage-Guide/deployments",
    "created_at": "2020-09-09T14:02:50Z",
    "updated_at": "2020-12-25T19:46:46Z",
    "pushed_at": "2020-12-15T18:20:27Z",
    "git_url": "git://github.com/OmarZiadeh/Garage-Guide.git",
    "ssh_url": "git@github.com:OmarZiadeh/Garage-Guide.git",
    "clone_url": "https://github.com/OmarZiadeh/Garage-Guide.git",
    "svn_url": "https://github.com/OmarZiadeh/Garage-Guide",
    "homepage": null,
    "size": 991,
    "stargazers_count": 4,
    "watchers_count": 4,
    "language": "Java",
    "has_issues": true,
    "has_projects": true,
    "has_downloads": true,
    "has_wiki": true,
    "has_pages": false,
    "has_discussions": false,
    "forks_count": 0,
    "mirror_url": null,
    "archived": false,
    "disabled": false,
    "open_issues_count": 0,
    "license": {
        "key": "unlicense",
        "name": "The Unlicense",
        "spdx_id": "Unlicense",
        "url": "https://api.github.com/licenses/unlicense",
        "node_id": "MDc6TGljZW5zZTE1"
    },
    "allow_forking": true,
    "is_template": false,
    "web_commit_signoff_required": false,
    "topics": [],
    "visibility": "public",
    "forks": 0,
    "open_issues": 0,
    "watchers": 4,
    "default_branch": "master",
    "permissions": {
        "admin": false,
        "maintain": false,
        "push": false,
        "triage": false,
        "pull": true
    },
    "temp_clone_token": "",
    "network_count": 0,
    "subscribers_count": 4
}