{
    "id": 423904524,
    "node_id": "R_kgDOGURFDA",
    "name": "trec-car-methods",
    "full_name": "shubham526/trec-car-methods",
    "private": false,
    "owner": {
        "login": "shubham526",
        "id": 18530381,
        "node_id": "MDQ6VXNlcjE4NTMwMzgx",
        "avatar_url": "https://avatars.githubusercontent.com/u/18530381?v=4",
        "gravatar_id": "",
        "url": "https://api.github.com/users/shubham526",
        "html_url": "https://github.com/shubham526",
        "followers_url": "https://api.github.com/users/shubham526/followers",
        "following_url": "https://api.github.com/users/shubham526/following{/other_user}",
        "gists_url": "https://api.github.com/users/shubham526/gists{/gist_id}",
        "starred_url": "https://api.github.com/users/shubham526/starred{/owner}{/repo}",
        "subscriptions_url": "https://api.github.com/users/shubham526/subscriptions",
        "organizations_url": "https://api.github.com/users/shubham526/orgs",
        "repos_url": "https://api.github.com/users/shubham526/repos",
        "events_url": "https://api.github.com/users/shubham526/events{/privacy}",
        "received_events_url": "https://api.github.com/users/shubham526/received_events",
        "type": "User",
        "site_admin": false
    },
    "html_url": "https://github.com/shubham526/trec-car-methods",
    "description": "Implementation of various indexing and querying methods for TREC Complex Answer Retrieval track.",
    "fork": true,
    "url": "https://api.github.com/repos/shubham526/trec-car-methods",
    "forks_url": "https://api.github.com/repos/shubham526/trec-car-methods/forks",
    "keys_url": "https://api.github.com/repos/shubham526/trec-car-methods/keys{/key_id}",
    "collaborators_url": "https://api.github.com/repos/shubham526/trec-car-methods/collaborators{/collaborator}",
    "teams_url": "https://api.github.com/repos/shubham526/trec-car-methods/teams",
    "hooks_url": "https://api.github.com/repos/shubham526/trec-car-methods/hooks",
    "issue_events_url": "https://api.github.com/repos/shubham526/trec-car-methods/issues/events{/number}",
    "events_url": "https://api.github.com/repos/shubham526/trec-car-methods/events",
    "assignees_url": "https://api.github.com/repos/shubham526/trec-car-methods/assignees{/user}",
    "branches_url": "https://api.github.com/repos/shubham526/trec-car-methods/branches{/branch}",
    "tags_url": "https://api.github.com/repos/shubham526/trec-car-methods/tags",
    "blobs_url": "https://api.github.com/repos/shubham526/trec-car-methods/git/blobs{/sha}",
    "git_tags_url": "https://api.github.com/repos/shubham526/trec-car-methods/git/tags{/sha}",
    "git_refs_url": "https://api.github.com/repos/shubham526/trec-car-methods/git/refs{/sha}",
    "trees_url": "https://api.github.com/repos/shubham526/trec-car-methods/git/trees{/sha}",
    "statuses_url": "https://api.github.com/repos/shubham526/trec-car-methods/statuses/{sha}",
    "languages_url": "https://api.github.com/repos/shubham526/trec-car-methods/languages",
    "stargazers_url": "https://api.github.com/repos/shubham526/trec-car-methods/stargazers",
    "contributors_url": "https://api.github.com/repos/shubham526/trec-car-methods/contributors",
    "subscribers_url": "https://api.github.com/repos/shubham526/trec-car-methods/subscribers",
    "subscription_url": "https://api.github.com/repos/shubham526/trec-car-methods/subscription",
    "commits_url": "https://api.github.com/repos/shubham526/trec-car-methods/commits{/sha}",
    "git_commits_url": "https://api.github.com/repos/shubham526/trec-car-methods/git/commits{/sha}",
    "comments_url": "https://api.github.com/repos/shubham526/trec-car-methods/comments{/number}",
    "issue_comment_url": "https://api.github.com/repos/shubham526/trec-car-methods/issues/comments{/number}",
    "contents_url": "https://api.github.com/repos/shubham526/trec-car-methods/contents/{+path}",
    "compare_url": "https://api.github.com/repos/shubham526/trec-car-methods/compare/{base}...{head}",
    "merges_url": "https://api.github.com/repos/shubham526/trec-car-methods/merges",
    "archive_url": "https://api.github.com/repos/shubham526/trec-car-methods/{archive_format}{/ref}",
    "downloads_url": "https://api.github.com/repos/shubham526/trec-car-methods/downloads",
    "issues_url": "https://api.github.com/repos/shubham526/trec-car-methods/issues{/number}",
    "pulls_url": "https://api.github.com/repos/shubham526/trec-car-methods/pulls{/number}",
    "milestones_url": "https://api.github.com/repos/shubham526/trec-car-methods/milestones{/number}",
    "notifications_url": "https://api.github.com/repos/shubham526/trec-car-methods/notifications{?since,all,participating}",
    "labels_url": "https://api.github.com/repos/shubham526/trec-car-methods/labels{/name}",
    "releases_url": "https://api.github.com/repos/shubham526/trec-car-methods/releases{/id}",
    "deployments_url": "https://api.github.com/repos/shubham526/trec-car-methods/deployments",
    "created_at": "2021-11-02T15:46:04Z",
    "updated_at": "2022-02-27T23:31:53Z",
    "pushed_at": "2022-02-27T23:42:30Z",
    "git_url": "git://github.com/shubham526/trec-car-methods.git",
    "ssh_url": "git@github.com:shubham526/trec-car-methods.git",
    "clone_url": "https://github.com/shubham526/trec-car-methods.git",
    "svn_url": "https://github.com/shubham526/trec-car-methods",
    "homepage": "",
    "size": 104,
    "stargazers_count": 0,
    "watchers_count": 0,
    "language": "Java",
    "has_issues": false,
    "has_projects": true,
    "has_downloads": true,
    "has_wiki": true,
    "has_pages": false,
    "has_discussions": false,
    "forks_count": 0,
    "mirror_url": null,
    "archived": false,
    "disabled": false,
    "open_issues_count": 0,
    "license": {
        "key": "apache-2.0",
        "name": "Apache License 2.0",
        "spdx_id": "Apache-2.0",
        "url": "https://api.github.com/licenses/apache-2.0",
        "node_id": "MDc6TGljZW5zZTI="
    },
    "allow_forking": true,
    "is_template": false,
    "web_commit_signoff_required": false,
    "topics": [],
    "visibility": "public",
    "forks": 0,
    "open_issues": 0,
    "watchers": 0,
    "default_branch": "master",
    "permissions": {
        "admin": false,
        "maintain": false,
        "push": false,
        "triage": false,
        "pull": true
    },
    "temp_clone_token": "",
    "parent": {
        "id": 116417344,
        "node_id": "MDEwOlJlcG9zaXRvcnkxMTY0MTczNDQ=",
        "name": "trec-car-methods",
        "full_name": "laura-dietz/trec-car-methods",
        "private": false,
        "owner": {
            "login": "laura-dietz",
            "id": 833076,
            "node_id": "MDQ6VXNlcjgzMzA3Ng==",
            "avatar_url": "https://avatars.githubusercontent.com/u/833076?v=4",
            "gravatar_id": "",
            "url": "https://api.github.com/users/laura-dietz",
            "html_url": "https://github.com/laura-dietz",
            "followers_url": "https://api.github.com/users/laura-dietz/followers",
            "following_url": "https://api.github.com/users/laura-dietz/following{/other_user}",
            "gists_url": "https://api.github.com/users/laura-dietz/gists{/gist_id}",
            "starred_url": "https://api.github.com/users/laura-dietz/starred{/owner}{/repo}",
            "subscriptions_url": "https://api.github.com/users/laura-dietz/subscriptions",
            "organizations_url": "https://api.github.com/users/laura-dietz/orgs",
            "repos_url": "https://api.github.com/users/laura-dietz/repos",
            "events_url": "https://api.github.com/users/laura-dietz/events{/privacy}",
            "received_events_url": "https://api.github.com/users/laura-dietz/received_events",
            "type": "User",
            "site_admin": false
        },
        "html_url": "https://github.com/laura-dietz/trec-car-methods",
        "description": "Implementation of various methods for trec-car",
        "fork": false,
        "url": "https://api.github.com/repos/laura-dietz/trec-car-methods",
        "forks_url": "https://api.github.com/repos/laura-dietz/trec-car-methods/forks",
        "keys_url": "https://api.github.com/repos/laura-dietz/trec-car-methods/keys{/key_id}",
        "collaborators_url": "https://api.github.com/repos/laura-dietz/trec-car-methods/collaborators{/collaborator}",
        "teams_url": "https://api.github.com/repos/laura-dietz/trec-car-methods/teams",
        "hooks_url": "https://api.github.com/repos/laura-dietz/trec-car-methods/hooks",
        "issue_events_url": "https://api.github.com/repos/laura-dietz/trec-car-methods/issues/events{/number}",
        "events_url": "https://api.github.com/repos/laura-dietz/trec-car-methods/events",
        "assignees_url": "https://api.github.com/repos/laura-dietz/trec-car-methods/assignees{/user}",
        "branches_url": "https://api.github.com/repos/laura-dietz/trec-car-methods/branches{/branch}",
        "tags_url": "https://api.github.com/repos/laura-dietz/trec-car-methods/tags",
        "blobs_url": "https://api.github.com/repos/laura-dietz/trec-car-methods/git/blobs{/sha}",
        "git_tags_url": "https://api.github.com/repos/laura-dietz/trec-car-methods/git/tags{/sha}",
        "git_refs_url": "https://api.github.com/repos/laura-dietz/trec-car-methods/git/refs{/sha}",
        "trees_url": "https://api.github.com/repos/laura-dietz/trec-car-methods/git/trees{/sha}",
        "statuses_url": "https://api.github.com/repos/laura-dietz/trec-car-methods/statuses/{sha}",
        "languages_url": "https://api.github.com/repos/laura-dietz/trec-car-methods/languages",
        "stargazers_url": "https://api.github.com/repos/laura-dietz/trec-car-methods/stargazers",
        "contributors_url": "https://api.github.com/repos/laura-dietz/trec-car-methods/contributors",
        "subscribers_url": "https://api.github.com/repos/laura-dietz/trec-car-methods/subscribers",
        "subscription_url": "https://api.github.com/repos/laura-dietz/trec-car-methods/subscription",
        "commits_url": "https://api.github.com/repos/laura-dietz/trec-car-methods/commits{/sha}",
        "git_commits_url": "https://api.github.com/repos/laura-dietz/trec-car-methods/git/commits{/sha}",
        "comments_url": "https://api.github.com/repos/laura-dietz/trec-car-methods/comments{/number}",
        "issue_comment_url": "https://api.github.com/repos/laura-dietz/trec-car-methods/issues/comments{/number}",
        "contents_url": "https://api.github.com/repos/laura-dietz/trec-car-methods/contents/{+path}",
        "compare_url": "https://api.github.com/repos/laura-dietz/trec-car-methods/compare/{base}...{head}",
        "merges_url": "https://api.github.com/repos/laura-dietz/trec-car-methods/merges",
        "archive_url": "https://api.github.com/repos/laura-dietz/trec-car-methods/{archive_format}{/ref}",
        "downloads_url": "https://api.github.com/repos/laura-dietz/trec-car-methods/downloads",
        "issues_url": "https://api.github.com/repos/laura-dietz/trec-car-methods/issues{/number}",
        "pulls_url": "https://api.github.com/repos/laura-dietz/trec-car-methods/pulls{/number}",
        "milestones_url": "https://api.github.com/repos/laura-dietz/trec-car-methods/milestones{/number}",
        "notifications_url": "https://api.github.com/repos/laura-dietz/trec-car-methods/notifications{?since,all,participating}",
        "labels_url": "https://api.github.com/repos/laura-dietz/trec-car-methods/labels{/name}",
        "releases_url": "https://api.github.com/repos/laura-dietz/trec-car-methods/releases{/id}",
        "deployments_url": "https://api.github.com/repos/laura-dietz/trec-car-methods/deployments",
        "created_at": "2018-01-05T19:00:59Z",
        "updated_at": "2023-03-02T10:58:57Z",
        "pushed_at": "2023-02-16T20:54:28Z",
        "git_url": "git://github.com/laura-dietz/trec-car-methods.git",
        "ssh_url": "git@github.com:laura-dietz/trec-car-methods.git",
        "clone_url": "https://github.com/laura-dietz/trec-car-methods.git",
        "svn_url": "https://github.com/laura-dietz/trec-car-methods",
        "homepage": null,
        "size": 166,
        "stargazers_count": 2,
        "watchers_count": 2,
        "language": "Java",
        "has_issues": true,
        "has_projects": true,
        "has_downloads": true,
        "has_wiki": true,
        "has_pages": false,
        "has_discussions": false,
        "forks_count": 5,
        "mirror_url": null,
        "archived": false,
        "disabled": false,
        "open_issues_count": 1,
        "license": {
            "key": "apache-2.0",
            "name": "Apache License 2.0",
            "spdx_id": "Apache-2.0",
            "url": "https://api.github.com/licenses/apache-2.0",
            "node_id": "MDc6TGljZW5zZTI="
        },
        "allow_forking": true,
        "is_template": false,
        "web_commit_signoff_required": false,
        "topics": [],
        "visibility": "public",
        "forks": 5,
        "open_issues": 1,
        "watchers": 2,
        "default_branch": "master"
    },
    "source": {
        "id": 116417344,
        "node_id": "MDEwOlJlcG9zaXRvcnkxMTY0MTczNDQ=",
        "name": "trec-car-methods",
        "full_name": "laura-dietz/trec-car-methods",
        "private": false,
        "owner": {
            "login": "laura-dietz",
            "id": 833076,
            "node_id": "MDQ6VXNlcjgzMzA3Ng==",
            "avatar_url": "https://avatars.githubusercontent.com/u/833076?v=4",
            "gravatar_id": "",
            "url": "https://api.github.com/users/laura-dietz",
            "html_url": "https://github.com/laura-dietz",
            "followers_url": "https://api.github.com/users/laura-dietz/followers",
            "following_url": "https://api.github.com/users/laura-dietz/following{/other_user}",
            "gists_url": "https://api.github.com/users/laura-dietz/gists{/gist_id}",
            "starred_url": "https://api.github.com/users/laura-dietz/starred{/owner}{/repo}",
            "subscriptions_url": "https://api.github.com/users/laura-dietz/subscriptions",
            "organizations_url": "https://api.github.com/users/laura-dietz/orgs",
            "repos_url": "https://api.github.com/users/laura-dietz/repos",
            "events_url": "https://api.github.com/users/laura-dietz/events{/privacy}",
            "received_events_url": "https://api.github.com/users/laura-dietz/received_events",
            "type": "User",
            "site_admin": false
        },
        "html_url": "https://github.com/laura-dietz/trec-car-methods",
        "description": "Implementation of various methods for trec-car",
        "fork": false,
        "url": "https://api.github.com/repos/laura-dietz/trec-car-methods",
        "forks_url": "https://api.github.com/repos/laura-dietz/trec-car-methods/forks",
        "keys_url": "https://api.github.com/repos/laura-dietz/trec-car-methods/keys{/key_id}",
        "collaborators_url": "https://api.github.com/repos/laura-dietz/trec-car-methods/collaborators{/collaborator}",
        "teams_url": "https://api.github.com/repos/laura-dietz/trec-car-methods/teams",
        "hooks_url": "https://api.github.com/repos/laura-dietz/trec-car-methods/hooks",
        "issue_events_url": "https://api.github.com/repos/laura-dietz/trec-car-methods/issues/events{/number}",
        "events_url": "https://api.github.com/repos/laura-dietz/trec-car-methods/events",
        "assignees_url": "https://api.github.com/repos/laura-dietz/trec-car-methods/assignees{/user}",
        "branches_url": "https://api.github.com/repos/laura-dietz/trec-car-methods/branches{/branch}",
        "tags_url": "https://api.github.com/repos/laura-dietz/trec-car-methods/tags",
        "blobs_url": "https://api.github.com/repos/laura-dietz/trec-car-methods/git/blobs{/sha}",
        "git_tags_url": "https://api.github.com/repos/laura-dietz/trec-car-methods/git/tags{/sha}",
        "git_refs_url": "https://api.github.com/repos/laura-dietz/trec-car-methods/git/refs{/sha}",
        "trees_url": "https://api.github.com/repos/laura-dietz/trec-car-methods/git/trees{/sha}",
        "statuses_url": "https://api.github.com/repos/laura-dietz/trec-car-methods/statuses/{sha}",
        "languages_url": "https://api.github.com/repos/laura-dietz/trec-car-methods/languages",
        "stargazers_url": "https://api.github.com/repos/laura-dietz/trec-car-methods/stargazers",
        "contributors_url": "https://api.github.com/repos/laura-dietz/trec-car-methods/contributors",
        "subscribers_url": "https://api.github.com/repos/laura-dietz/trec-car-methods/subscribers",
        "subscription_url": "https://api.github.com/repos/laura-dietz/trec-car-methods/subscription",
        "commits_url": "https://api.github.com/repos/laura-dietz/trec-car-methods/commits{/sha}",
        "git_commits_url": "https://api.github.com/repos/laura-dietz/trec-car-methods/git/commits{/sha}",
        "comments_url": "https://api.github.com/repos/laura-dietz/trec-car-methods/comments{/number}",
        "issue_comment_url": "https://api.github.com/repos/laura-dietz/trec-car-methods/issues/comments{/number}",
        "contents_url": "https://api.github.com/repos/laura-dietz/trec-car-methods/contents/{+path}",
        "compare_url": "https://api.github.com/repos/laura-dietz/trec-car-methods/compare/{base}...{head}",
        "merges_url": "https://api.github.com/repos/laura-dietz/trec-car-methods/merges",
        "archive_url": "https://api.github.com/repos/laura-dietz/trec-car-methods/{archive_format}{/ref}",
        "downloads_url": "https://api.github.com/repos/laura-dietz/trec-car-methods/downloads",
        "issues_url": "https://api.github.com/repos/laura-dietz/trec-car-methods/issues{/number}",
        "pulls_url": "https://api.github.com/repos/laura-dietz/trec-car-methods/pulls{/number}",
        "milestones_url": "https://api.github.com/repos/laura-dietz/trec-car-methods/milestones{/number}",
        "notifications_url": "https://api.github.com/repos/laura-dietz/trec-car-methods/notifications{?since,all,participating}",
        "labels_url": "https://api.github.com/repos/laura-dietz/trec-car-methods/labels{/name}",
        "releases_url": "https://api.github.com/repos/laura-dietz/trec-car-methods/releases{/id}",
        "deployments_url": "https://api.github.com/repos/laura-dietz/trec-car-methods/deployments",
        "created_at": "2018-01-05T19:00:59Z",
        "updated_at": "2023-03-02T10:58:57Z",
        "pushed_at": "2023-02-16T20:54:28Z",
        "git_url": "git://github.com/laura-dietz/trec-car-methods.git",
        "ssh_url": "git@github.com:laura-dietz/trec-car-methods.git",
        "clone_url": "https://github.com/laura-dietz/trec-car-methods.git",
        "svn_url": "https://github.com/laura-dietz/trec-car-methods",
        "homepage": null,
        "size": 166,
        "stargazers_count": 2,
        "watchers_count": 2,
        "language": "Java",
        "has_issues": true,
        "has_projects": true,
        "has_downloads": true,
        "has_wiki": true,
        "has_pages": false,
        "has_discussions": false,
        "forks_count": 5,
        "mirror_url": null,
        "archived": false,
        "disabled": false,
        "open_issues_count": 1,
        "license": {
            "key": "apache-2.0",
            "name": "Apache License 2.0",
            "spdx_id": "Apache-2.0",
            "url": "https://api.github.com/licenses/apache-2.0",
            "node_id": "MDc6TGljZW5zZTI="
        },
        "allow_forking": true,
        "is_template": false,
        "web_commit_signoff_required": false,
        "topics": [],
        "visibility": "public",
        "forks": 5,
        "open_issues": 1,
        "watchers": 2,
        "default_branch": "master"
    },
    "network_count": 5,
    "subscribers_count": 0
}