{
    "id": 89919287,
    "node_id": "MDEwOlJlcG9zaXRvcnk4OTkxOTI4Nw==",
    "name": "ud851-Sunshine",
    "full_name": "GonzaloRodriguezBlanco/ud851-Sunshine",
    "private": false,
    "owner": {
        "login": "GonzaloRodriguezBlanco",
        "id": 15103412,
        "node_id": "MDQ6VXNlcjE1MTAzNDEy",
        "avatar_url": "https://avatars.githubusercontent.com/u/15103412?v=4",
        "gravatar_id": "",
        "url": "https://api.github.com/users/GonzaloRodriguezBlanco",
        "html_url": "https://github.com/GonzaloRodriguezBlanco",
        "followers_url": "https://api.github.com/users/GonzaloRodriguezBlanco/followers",
        "following_url": "https://api.github.com/users/GonzaloRodriguezBlanco/following{/other_user}",
        "gists_url": "https://api.github.com/users/GonzaloRodriguezBlanco/gists{/gist_id}",
        "starred_url": "https://api.github.com/users/GonzaloRodriguezBlanco/starred{/owner}{/repo}",
        "subscriptions_url": "https://api.github.com/users/GonzaloRodriguezBlanco/subscriptions",
        "organizations_url": "https://api.github.com/users/GonzaloRodriguezBlanco/orgs",
        "repos_url": "https://api.github.com/users/GonzaloRodriguezBlanco/repos",
        "events_url": "https://api.github.com/users/GonzaloRodriguezBlanco/events{/privacy}",
        "received_events_url": "https://api.github.com/users/GonzaloRodriguezBlanco/received_events",
        "type": "User",
        "site_admin": false
    },
    "html_url": "https://github.com/GonzaloRodriguezBlanco/ud851-Sunshine",
    "description": null,
    "fork": true,
    "url": "https://api.github.com/repos/GonzaloRodriguezBlanco/ud851-Sunshine",
    "forks_url": "https://api.github.com/repos/GonzaloRodriguezBlanco/ud851-Sunshine/forks",
    "keys_url": "https://api.github.com/repos/GonzaloRodriguezBlanco/ud851-Sunshine/keys{/key_id}",
    "collaborators_url": "https://api.github.com/repos/GonzaloRodriguezBlanco/ud851-Sunshine/collaborators{/collaborator}",
    "teams_url": "https://api.github.com/repos/GonzaloRodriguezBlanco/ud851-Sunshine/teams",
    "hooks_url": "https://api.github.com/repos/GonzaloRodriguezBlanco/ud851-Sunshine/hooks",
    "issue_events_url": "https://api.github.com/repos/GonzaloRodriguezBlanco/ud851-Sunshine/issues/events{/number}",
    "events_url": "https://api.github.com/repos/GonzaloRodriguezBlanco/ud851-Sunshine/events",
    "assignees_url": "https://api.github.com/repos/GonzaloRodriguezBlanco/ud851-Sunshine/assignees{/user}",
    "branches_url": "https://api.github.com/repos/GonzaloRodriguezBlanco/ud851-Sunshine/branches{/branch}",
    "tags_url": "https://api.github.com/repos/GonzaloRodriguezBlanco/ud851-Sunshine/tags",
    "blobs_url": "https://api.github.com/repos/GonzaloRodriguezBlanco/ud851-Sunshine/git/blobs{/sha}",
    "git_tags_url": "https://api.github.com/repos/GonzaloRodriguezBlanco/ud851-Sunshine/git/tags{/sha}",
    "git_refs_url": "https://api.github.com/repos/GonzaloRodriguezBlanco/ud851-Sunshine/git/refs{/sha}",
    "trees_url": "https://api.github.com/repos/GonzaloRodriguezBlanco/ud851-Sunshine/git/trees{/sha}",
    "statuses_url": "https://api.github.com/repos/GonzaloRodriguezBlanco/ud851-Sunshine/statuses/{sha}",
    "languages_url": "https://api.github.com/repos/GonzaloRodriguezBlanco/ud851-Sunshine/languages",
    "stargazers_url": "https://api.github.com/repos/GonzaloRodriguezBlanco/ud851-Sunshine/stargazers",
    "contributors_url": "https://api.github.com/repos/GonzaloRodriguezBlanco/ud851-Sunshine/contributors",
    "subscribers_url": "https://api.github.com/repos/GonzaloRodriguezBlanco/ud851-Sunshine/subscribers",
    "subscription_url": "https://api.github.com/repos/GonzaloRodriguezBlanco/ud851-Sunshine/subscription",
    "commits_url": "https://api.github.com/repos/GonzaloRodriguezBlanco/ud851-Sunshine/commits{/sha}",
    "git_commits_url": "https://api.github.com/repos/GonzaloRodriguezBlanco/ud851-Sunshine/git/commits{/sha}",
    "comments_url": "https://api.github.com/repos/GonzaloRodriguezBlanco/ud851-Sunshine/comments{/number}",
    "issue_comment_url": "https://api.github.com/repos/GonzaloRodriguezBlanco/ud851-Sunshine/issues/comments{/number}",
    "contents_url": "https://api.github.com/repos/GonzaloRodriguezBlanco/ud851-Sunshine/contents/{+path}",
    "compare_url": "https://api.github.com/repos/GonzaloRodriguezBlanco/ud851-Sunshine/compare/{base}...{head}",
    "merges_url": "https://api.github.com/repos/GonzaloRodriguezBlanco/ud851-Sunshine/merges",
    "archive_url": "https://api.github.com/repos/GonzaloRodriguezBlanco/ud851-Sunshine/{archive_format}{/ref}",
    "downloads_url": "https://api.github.com/repos/GonzaloRodriguezBlanco/ud851-Sunshine/downloads",
    "issues_url": "https://api.github.com/repos/GonzaloRodriguezBlanco/ud851-Sunshine/issues{/number}",
    "pulls_url": "https://api.github.com/repos/GonzaloRodriguezBlanco/ud851-Sunshine/pulls{/number}",
    "milestones_url": "https://api.github.com/repos/GonzaloRodriguezBlanco/ud851-Sunshine/milestones{/number}",
    "notifications_url": "https://api.github.com/repos/GonzaloRodriguezBlanco/ud851-Sunshine/notifications{?since,all,participating}",
    "labels_url": "https://api.github.com/repos/GonzaloRodriguezBlanco/ud851-Sunshine/labels{/name}",
    "releases_url": "https://api.github.com/repos/GonzaloRodriguezBlanco/ud851-Sunshine/releases{/id}",
    "deployments_url": "https://api.github.com/repos/GonzaloRodriguezBlanco/ud851-Sunshine/deployments",
    "created_at": "2017-05-01T11:42:08Z",
    "updated_at": "2017-05-01T11:42:18Z",
    "pushed_at": "2017-07-08T19:04:11Z",
    "git_url": "git://github.com/GonzaloRodriguezBlanco/ud851-Sunshine.git",
    "ssh_url": "git@github.com:GonzaloRodriguezBlanco/ud851-Sunshine.git",
    "clone_url": "https://github.com/GonzaloRodriguezBlanco/ud851-Sunshine.git",
    "svn_url": "https://github.com/GonzaloRodriguezBlanco/ud851-Sunshine",
    "homepage": null,
    "size": 1031,
    "stargazers_count": 0,
    "watchers_count": 0,
    "language": "Java",
    "has_issues": false,
    "has_projects": true,
    "has_downloads": true,
    "has_wiki": true,
    "has_pages": false,
    "has_discussions": false,
    "forks_count": 0,
    "mirror_url": null,
    "archived": false,
    "disabled": false,
    "open_issues_count": 0,
    "license": {
        "key": "apache-2.0",
        "name": "Apache License 2.0",
        "spdx_id": "Apache-2.0",
        "url": "https://api.github.com/licenses/apache-2.0",
        "node_id": "MDc6TGljZW5zZTI="
    },
    "allow_forking": true,
    "is_template": false,
    "web_commit_signoff_required": false,
    "topics": [],
    "visibility": "public",
    "forks": 0,
    "open_issues": 0,
    "watchers": 0,
    "default_branch": "student",
    "permissions": {
        "admin": false,
        "maintain": false,
        "push": false,
        "triage": false,
        "pull": true
    },
    "temp_clone_token": "",
    "parent": {
        "id": 72604795,
        "node_id": "MDEwOlJlcG9zaXRvcnk3MjYwNDc5NQ==",
        "name": "ud851-Sunshine",
        "full_name": "udacity/ud851-Sunshine",
        "private": false,
        "owner": {
            "login": "udacity",
            "id": 1916665,
            "node_id": "MDEyOk9yZ2FuaXphdGlvbjE5MTY2NjU=",
            "avatar_url": "https://avatars.githubusercontent.com/u/1916665?v=4",
            "gravatar_id": "",
            "url": "https://api.github.com/users/udacity",
            "html_url": "https://github.com/udacity",
            "followers_url": "https://api.github.com/users/udacity/followers",
            "following_url": "https://api.github.com/users/udacity/following{/other_user}",
            "gists_url": "https://api.github.com/users/udacity/gists{/gist_id}",
            "starred_url": "https://api.github.com/users/udacity/starred{/owner}{/repo}",
            "subscriptions_url": "https://api.github.com/users/udacity/subscriptions",
            "organizations_url": "https://api.github.com/users/udacity/orgs",
            "repos_url": "https://api.github.com/users/udacity/repos",
            "events_url": "https://api.github.com/users/udacity/events{/privacy}",
            "received_events_url": "https://api.github.com/users/udacity/received_events",
            "type": "Organization",
            "site_admin": false
        },
        "html_url": "https://github.com/udacity/ud851-Sunshine",
        "description": null,
        "fork": false,
        "url": "https://api.github.com/repos/udacity/ud851-Sunshine",
        "forks_url": "https://api.github.com/repos/udacity/ud851-Sunshine/forks",
        "keys_url": "https://api.github.com/repos/udacity/ud851-Sunshine/keys{/key_id}",
        "collaborators_url": "https://api.github.com/repos/udacity/ud851-Sunshine/collaborators{/collaborator}",
        "teams_url": "https://api.github.com/repos/udacity/ud851-Sunshine/teams",
        "hooks_url": "https://api.github.com/repos/udacity/ud851-Sunshine/hooks",
        "issue_events_url": "https://api.github.com/repos/udacity/ud851-Sunshine/issues/events{/number}",
        "events_url": "https://api.github.com/repos/udacity/ud851-Sunshine/events",
        "assignees_url": "https://api.github.com/repos/udacity/ud851-Sunshine/assignees{/user}",
        "branches_url": "https://api.github.com/repos/udacity/ud851-Sunshine/branches{/branch}",
        "tags_url": "https://api.github.com/repos/udacity/ud851-Sunshine/tags",
        "blobs_url": "https://api.github.com/repos/udacity/ud851-Sunshine/git/blobs{/sha}",
        "git_tags_url": "https://api.github.com/repos/udacity/ud851-Sunshine/git/tags{/sha}",
        "git_refs_url": "https://api.github.com/repos/udacity/ud851-Sunshine/git/refs{/sha}",
        "trees_url": "https://api.github.com/repos/udacity/ud851-Sunshine/git/trees{/sha}",
        "statuses_url": "https://api.github.com/repos/udacity/ud851-Sunshine/statuses/{sha}",
        "languages_url": "https://api.github.com/repos/udacity/ud851-Sunshine/languages",
        "stargazers_url": "https://api.github.com/repos/udacity/ud851-Sunshine/stargazers",
        "contributors_url": "https://api.github.com/repos/udacity/ud851-Sunshine/contributors",
        "subscribers_url": "https://api.github.com/repos/udacity/ud851-Sunshine/subscribers",
        "subscription_url": "https://api.github.com/repos/udacity/ud851-Sunshine/subscription",
        "commits_url": "https://api.github.com/repos/udacity/ud851-Sunshine/commits{/sha}",
        "git_commits_url": "https://api.github.com/repos/udacity/ud851-Sunshine/git/commits{/sha}",
        "comments_url": "https://api.github.com/repos/udacity/ud851-Sunshine/comments{/number}",
        "issue_comment_url": "https://api.github.com/repos/udacity/ud851-Sunshine/issues/comments{/number}",
        "contents_url": "https://api.github.com/repos/udacity/ud851-Sunshine/contents/{+path}",
        "compare_url": "https://api.github.com/repos/udacity/ud851-Sunshine/compare/{base}...{head}",
        "merges_url": "https://api.github.com/repos/udacity/ud851-Sunshine/merges",
        "archive_url": "https://api.github.com/repos/udacity/ud851-Sunshine/{archive_format}{/ref}",
        "downloads_url": "https://api.github.com/repos/udacity/ud851-Sunshine/downloads",
        "issues_url": "https://api.github.com/repos/udacity/ud851-Sunshine/issues{/number}",
        "pulls_url": "https://api.github.com/repos/udacity/ud851-Sunshine/pulls{/number}",
        "milestones_url": "https://api.github.com/repos/udacity/ud851-Sunshine/milestones{/number}",
        "notifications_url": "https://api.github.com/repos/udacity/ud851-Sunshine/notifications{?since,all,participating}",
        "labels_url": "https://api.github.com/repos/udacity/ud851-Sunshine/labels{/name}",
        "releases_url": "https://api.github.com/repos/udacity/ud851-Sunshine/releases{/id}",
        "deployments_url": "https://api.github.com/repos/udacity/ud851-Sunshine/deployments",
        "created_at": "2016-11-02T04:42:26Z",
        "updated_at": "2024-04-24T03:30:37Z",
        "pushed_at": "2023-12-15T02:55:06Z",
        "git_url": "git://github.com/udacity/ud851-Sunshine.git",
        "ssh_url": "git@github.com:udacity/ud851-Sunshine.git",
        "clone_url": "https://github.com/udacity/ud851-Sunshine.git",
        "svn_url": "https://github.com/udacity/ud851-Sunshine",
        "homepage": null,
        "size": 1033,
        "stargazers_count": 2005,
        "watchers_count": 2005,
        "language": "Java",
        "has_issues": true,
        "has_projects": true,
        "has_downloads": true,
        "has_wiki": true,
        "has_pages": false,
        "has_discussions": false,
        "forks_count": 4540,
        "mirror_url": null,
        "archived": false,
        "disabled": false,
        "open_issues_count": 88,
        "license": {
            "key": "apache-2.0",
            "name": "Apache License 2.0",
            "spdx_id": "Apache-2.0",
            "url": "https://api.github.com/licenses/apache-2.0",
            "node_id": "MDc6TGljZW5zZTI="
        },
        "allow_forking": true,
        "is_template": false,
        "web_commit_signoff_required": false,
        "topics": [],
        "visibility": "public",
        "forks": 4540,
        "open_issues": 88,
        "watchers": 2005,
        "default_branch": "student"
    },
    "source": {
        "id": 72604795,
        "node_id": "MDEwOlJlcG9zaXRvcnk3MjYwNDc5NQ==",
        "name": "ud851-Sunshine",
        "full_name": "udacity/ud851-Sunshine",
        "private": false,
        "owner": {
            "login": "udacity",
            "id": 1916665,
            "node_id": "MDEyOk9yZ2FuaXphdGlvbjE5MTY2NjU=",
            "avatar_url": "https://avatars.githubusercontent.com/u/1916665?v=4",
            "gravatar_id": "",
            "url": "https://api.github.com/users/udacity",
            "html_url": "https://github.com/udacity",
            "followers_url": "https://api.github.com/users/udacity/followers",
            "following_url": "https://api.github.com/users/udacity/following{/other_user}",
            "gists_url": "https://api.github.com/users/udacity/gists{/gist_id}",
            "starred_url": "https://api.github.com/users/udacity/starred{/owner}{/repo}",
            "subscriptions_url": "https://api.github.com/users/udacity/subscriptions",
            "organizations_url": "https://api.github.com/users/udacity/orgs",
            "repos_url": "https://api.github.com/users/udacity/repos",
            "events_url": "https://api.github.com/users/udacity/events{/privacy}",
            "received_events_url": "https://api.github.com/users/udacity/received_events",
            "type": "Organization",
            "site_admin": false
        },
        "html_url": "https://github.com/udacity/ud851-Sunshine",
        "description": null,
        "fork": false,
        "url": "https://api.github.com/repos/udacity/ud851-Sunshine",
        "forks_url": "https://api.github.com/repos/udacity/ud851-Sunshine/forks",
        "keys_url": "https://api.github.com/repos/udacity/ud851-Sunshine/keys{/key_id}",
        "collaborators_url": "https://api.github.com/repos/udacity/ud851-Sunshine/collaborators{/collaborator}",
        "teams_url": "https://api.github.com/repos/udacity/ud851-Sunshine/teams",
        "hooks_url": "https://api.github.com/repos/udacity/ud851-Sunshine/hooks",
        "issue_events_url": "https://api.github.com/repos/udacity/ud851-Sunshine/issues/events{/number}",
        "events_url": "https://api.github.com/repos/udacity/ud851-Sunshine/events",
        "assignees_url": "https://api.github.com/repos/udacity/ud851-Sunshine/assignees{/user}",
        "branches_url": "https://api.github.com/repos/udacity/ud851-Sunshine/branches{/branch}",
        "tags_url": "https://api.github.com/repos/udacity/ud851-Sunshine/tags",
        "blobs_url": "https://api.github.com/repos/udacity/ud851-Sunshine/git/blobs{/sha}",
        "git_tags_url": "https://api.github.com/repos/udacity/ud851-Sunshine/git/tags{/sha}",
        "git_refs_url": "https://api.github.com/repos/udacity/ud851-Sunshine/git/refs{/sha}",
        "trees_url": "https://api.github.com/repos/udacity/ud851-Sunshine/git/trees{/sha}",
        "statuses_url": "https://api.github.com/repos/udacity/ud851-Sunshine/statuses/{sha}",
        "languages_url": "https://api.github.com/repos/udacity/ud851-Sunshine/languages",
        "stargazers_url": "https://api.github.com/repos/udacity/ud851-Sunshine/stargazers",
        "contributors_url": "https://api.github.com/repos/udacity/ud851-Sunshine/contributors",
        "subscribers_url": "https://api.github.com/repos/udacity/ud851-Sunshine/subscribers",
        "subscription_url": "https://api.github.com/repos/udacity/ud851-Sunshine/subscription",
        "commits_url": "https://api.github.com/repos/udacity/ud851-Sunshine/commits{/sha}",
        "git_commits_url": "https://api.github.com/repos/udacity/ud851-Sunshine/git/commits{/sha}",
        "comments_url": "https://api.github.com/repos/udacity/ud851-Sunshine/comments{/number}",
        "issue_comment_url": "https://api.github.com/repos/udacity/ud851-Sunshine/issues/comments{/number}",
        "contents_url": "https://api.github.com/repos/udacity/ud851-Sunshine/contents/{+path}",
        "compare_url": "https://api.github.com/repos/udacity/ud851-Sunshine/compare/{base}...{head}",
        "merges_url": "https://api.github.com/repos/udacity/ud851-Sunshine/merges",
        "archive_url": "https://api.github.com/repos/udacity/ud851-Sunshine/{archive_format}{/ref}",
        "downloads_url": "https://api.github.com/repos/udacity/ud851-Sunshine/downloads",
        "issues_url": "https://api.github.com/repos/udacity/ud851-Sunshine/issues{/number}",
        "pulls_url": "https://api.github.com/repos/udacity/ud851-Sunshine/pulls{/number}",
        "milestones_url": "https://api.github.com/repos/udacity/ud851-Sunshine/milestones{/number}",
        "notifications_url": "https://api.github.com/repos/udacity/ud851-Sunshine/notifications{?since,all,participating}",
        "labels_url": "https://api.github.com/repos/udacity/ud851-Sunshine/labels{/name}",
        "releases_url": "https://api.github.com/repos/udacity/ud851-Sunshine/releases{/id}",
        "deployments_url": "https://api.github.com/repos/udacity/ud851-Sunshine/deployments",
        "created_at": "2016-11-02T04:42:26Z",
        "updated_at": "2024-04-24T03:30:37Z",
        "pushed_at": "2023-12-15T02:55:06Z",
        "git_url": "git://github.com/udacity/ud851-Sunshine.git",
        "ssh_url": "git@github.com:udacity/ud851-Sunshine.git",
        "clone_url": "https://github.com/udacity/ud851-Sunshine.git",
        "svn_url": "https://github.com/udacity/ud851-Sunshine",
        "homepage": null,
        "size": 1033,
        "stargazers_count": 2005,
        "watchers_count": 2005,
        "language": "Java",
        "has_issues": true,
        "has_projects": true,
        "has_downloads": true,
        "has_wiki": true,
        "has_pages": false,
        "has_discussions": false,
        "forks_count": 4540,
        "mirror_url": null,
        "archived": false,
        "disabled": false,
        "open_issues_count": 88,
        "license": {
            "key": "apache-2.0",
            "name": "Apache License 2.0",
            "spdx_id": "Apache-2.0",
            "url": "https://api.github.com/licenses/apache-2.0",
            "node_id": "MDc6TGljZW5zZTI="
        },
        "allow_forking": true,
        "is_template": false,
        "web_commit_signoff_required": false,
        "topics": [],
        "visibility": "public",
        "forks": 4540,
        "open_issues": 88,
        "watchers": 2005,
        "default_branch": "student"
    },
    "network_count": 4540,
    "subscribers_count": 2
}