{
    "id": 77711224,
    "node_id": "MDEwOlJlcG9zaXRvcnk3NzcxMTIyNA==",
    "name": "penumbra",
    "full_name": "zagart/penumbra",
    "private": false,
    "owner": {
        "login": "zagart",
        "id": 14848139,
        "node_id": "MDQ6VXNlcjE0ODQ4MTM5",
        "avatar_url": "https://avatars.githubusercontent.com/u/14848139?v=4",
        "gravatar_id": "",
        "url": "https://api.github.com/users/zagart",
        "html_url": "https://github.com/zagart",
        "followers_url": "https://api.github.com/users/zagart/followers",
        "following_url": "https://api.github.com/users/zagart/following{/other_user}",
        "gists_url": "https://api.github.com/users/zagart/gists{/gist_id}",
        "starred_url": "https://api.github.com/users/zagart/starred{/owner}{/repo}",
        "subscriptions_url": "https://api.github.com/users/zagart/subscriptions",
        "organizations_url": "https://api.github.com/users/zagart/orgs",
        "repos_url": "https://api.github.com/users/zagart/repos",
        "events_url": "https://api.github.com/users/zagart/events{/privacy}",
        "received_events_url": "https://api.github.com/users/zagart/received_events",
        "type": "User",
        "site_admin": false
    },
    "html_url": "https://github.com/zagart/penumbra",
    "description": "Library with my boilerplate code.",
    "fork": false,
    "url": "https://api.github.com/repos/zagart/penumbra",
    "forks_url": "https://api.github.com/repos/zagart/penumbra/forks",
    "keys_url": "https://api.github.com/repos/zagart/penumbra/keys{/key_id}",
    "collaborators_url": "https://api.github.com/repos/zagart/penumbra/collaborators{/collaborator}",
    "teams_url": "https://api.github.com/repos/zagart/penumbra/teams",
    "hooks_url": "https://api.github.com/repos/zagart/penumbra/hooks",
    "issue_events_url": "https://api.github.com/repos/zagart/penumbra/issues/events{/number}",
    "events_url": "https://api.github.com/repos/zagart/penumbra/events",
    "assignees_url": "https://api.github.com/repos/zagart/penumbra/assignees{/user}",
    "branches_url": "https://api.github.com/repos/zagart/penumbra/branches{/branch}",
    "tags_url": "https://api.github.com/repos/zagart/penumbra/tags",
    "blobs_url": "https://api.github.com/repos/zagart/penumbra/git/blobs{/sha}",
    "git_tags_url": "https://api.github.com/repos/zagart/penumbra/git/tags{/sha}",
    "git_refs_url": "https://api.github.com/repos/zagart/penumbra/git/refs{/sha}",
    "trees_url": "https://api.github.com/repos/zagart/penumbra/git/trees{/sha}",
    "statuses_url": "https://api.github.com/repos/zagart/penumbra/statuses/{sha}",
    "languages_url": "https://api.github.com/repos/zagart/penumbra/languages",
    "stargazers_url": "https://api.github.com/repos/zagart/penumbra/stargazers",
    "contributors_url": "https://api.github.com/repos/zagart/penumbra/contributors",
    "subscribers_url": "https://api.github.com/repos/zagart/penumbra/subscribers",
    "subscription_url": "https://api.github.com/repos/zagart/penumbra/subscription",
    "commits_url": "https://api.github.com/repos/zagart/penumbra/commits{/sha}",
    "git_commits_url": "https://api.github.com/repos/zagart/penumbra/git/commits{/sha}",
    "comments_url": "https://api.github.com/repos/zagart/penumbra/comments{/number}",
    "issue_comment_url": "https://api.github.com/repos/zagart/penumbra/issues/comments{/number}",
    "contents_url": "https://api.github.com/repos/zagart/penumbra/contents/{+path}",
    "compare_url": "https://api.github.com/repos/zagart/penumbra/compare/{base}...{head}",
    "merges_url": "https://api.github.com/repos/zagart/penumbra/merges",
    "archive_url": "https://api.github.com/repos/zagart/penumbra/{archive_format}{/ref}",
    "downloads_url": "https://api.github.com/repos/zagart/penumbra/downloads",
    "issues_url": "https://api.github.com/repos/zagart/penumbra/issues{/number}",
    "pulls_url": "https://api.github.com/repos/zagart/penumbra/pulls{/number}",
    "milestones_url": "https://api.github.com/repos/zagart/penumbra/milestones{/number}",
    "notifications_url": "https://api.github.com/repos/zagart/penumbra/notifications{?since,all,participating}",
    "labels_url": "https://api.github.com/repos/zagart/penumbra/labels{/name}",
    "releases_url": "https://api.github.com/repos/zagart/penumbra/releases{/id}",
    "deployments_url": "https://api.github.com/repos/zagart/penumbra/deployments",
    "created_at": "2016-12-30T21:25:31Z",
    "updated_at": "2016-12-30T21:37:37Z",
    "pushed_at": "2016-12-31T11:31:02Z",
    "git_url": "git://github.com/zagart/penumbra.git",
    "ssh_url": "git@github.com:zagart/penumbra.git",
    "clone_url": "https://github.com/zagart/penumbra.git",
    "svn_url": "https://github.com/zagart/penumbra",
    "homepage": null,
    "size": 29,
    "stargazers_count": 0,
    "watchers_count": 0,
    "language": "Java",
    "has_issues": true,
    "has_projects": true,
    "has_downloads": true,
    "has_wiki": true,
    "has_pages": false,
    "has_discussions": false,
    "forks_count": 0,
    "mirror_url": null,
    "archived": false,
    "disabled": false,
    "open_issues_count": 0,
    "license": {
        "key": "apache-2.0",
        "name": "Apache License 2.0",
        "spdx_id": "Apache-2.0",
        "url": "https://api.github.com/licenses/apache-2.0",
        "node_id": "MDc6TGljZW5zZTI="
    },
    "allow_forking": true,
    "is_template": false,
    "web_commit_signoff_required": false,
    "topics": [],
    "visibility": "public",
    "forks": 0,
    "open_issues": 0,
    "watchers": 0,
    "default_branch": "master",
    "permissions": {
        "admin": false,
        "maintain": false,
        "push": false,
        "triage": false,
        "pull": true
    },
    "temp_clone_token": "",
    "network_count": 0,
    "subscribers_count": 2
}