{
    "id": 217900926,
    "node_id": "MDEwOlJlcG9zaXRvcnkyMTc5MDA5MjY=",
    "name": "TFG",
    "full_name": "adrichainz/TFG",
    "private": false,
    "owner": {
        "login": "adrichainz",
        "id": 11938763,
        "node_id": "MDQ6VXNlcjExOTM4NzYz",
        "avatar_url": "https://avatars.githubusercontent.com/u/11938763?v=4",
        "gravatar_id": "",
        "url": "https://api.github.com/users/adrichainz",
        "html_url": "https://github.com/adrichainz",
        "followers_url": "https://api.github.com/users/adrichainz/followers",
        "following_url": "https://api.github.com/users/adrichainz/following{/other_user}",
        "gists_url": "https://api.github.com/users/adrichainz/gists{/gist_id}",
        "starred_url": "https://api.github.com/users/adrichainz/starred{/owner}{/repo}",
        "subscriptions_url": "https://api.github.com/users/adrichainz/subscriptions",
        "organizations_url": "https://api.github.com/users/adrichainz/orgs",
        "repos_url": "https://api.github.com/users/adrichainz/repos",
        "events_url": "https://api.github.com/users/adrichainz/events{/privacy}",
        "received_events_url": "https://api.github.com/users/adrichainz/received_events",
        "type": "User",
        "site_admin": false
    },
    "html_url": "https://github.com/adrichainz/TFG",
    "description": "Trabajo de Fin de Grado de Ingenier\u00eda Inform\u00e1tica. Videojuego Android de realidad aumentada realizado con Unity acompa\u00f1ado de un tanque  creado mediente impresi\u00f3n 3D y radiocontrolado por interfaz  gestual MYO: youtube.com/watch?v=kR8 M3lsFBsw",
    "fork": true,
    "url": "https://api.github.com/repos/adrichainz/TFG",
    "forks_url": "https://api.github.com/repos/adrichainz/TFG/forks",
    "keys_url": "https://api.github.com/repos/adrichainz/TFG/keys{/key_id}",
    "collaborators_url": "https://api.github.com/repos/adrichainz/TFG/collaborators{/collaborator}",
    "teams_url": "https://api.github.com/repos/adrichainz/TFG/teams",
    "hooks_url": "https://api.github.com/repos/adrichainz/TFG/hooks",
    "issue_events_url": "https://api.github.com/repos/adrichainz/TFG/issues/events{/number}",
    "events_url": "https://api.github.com/repos/adrichainz/TFG/events",
    "assignees_url": "https://api.github.com/repos/adrichainz/TFG/assignees{/user}",
    "branches_url": "https://api.github.com/repos/adrichainz/TFG/branches{/branch}",
    "tags_url": "https://api.github.com/repos/adrichainz/TFG/tags",
    "blobs_url": "https://api.github.com/repos/adrichainz/TFG/git/blobs{/sha}",
    "git_tags_url": "https://api.github.com/repos/adrichainz/TFG/git/tags{/sha}",
    "git_refs_url": "https://api.github.com/repos/adrichainz/TFG/git/refs{/sha}",
    "trees_url": "https://api.github.com/repos/adrichainz/TFG/git/trees{/sha}",
    "statuses_url": "https://api.github.com/repos/adrichainz/TFG/statuses/{sha}",
    "languages_url": "https://api.github.com/repos/adrichainz/TFG/languages",
    "stargazers_url": "https://api.github.com/repos/adrichainz/TFG/stargazers",
    "contributors_url": "https://api.github.com/repos/adrichainz/TFG/contributors",
    "subscribers_url": "https://api.github.com/repos/adrichainz/TFG/subscribers",
    "subscription_url": "https://api.github.com/repos/adrichainz/TFG/subscription",
    "commits_url": "https://api.github.com/repos/adrichainz/TFG/commits{/sha}",
    "git_commits_url": "https://api.github.com/repos/adrichainz/TFG/git/commits{/sha}",
    "comments_url": "https://api.github.com/repos/adrichainz/TFG/comments{/number}",
    "issue_comment_url": "https://api.github.com/repos/adrichainz/TFG/issues/comments{/number}",
    "contents_url": "https://api.github.com/repos/adrichainz/TFG/contents/{+path}",
    "compare_url": "https://api.github.com/repos/adrichainz/TFG/compare/{base}...{head}",
    "merges_url": "https://api.github.com/repos/adrichainz/TFG/merges",
    "archive_url": "https://api.github.com/repos/adrichainz/TFG/{archive_format}{/ref}",
    "downloads_url": "https://api.github.com/repos/adrichainz/TFG/downloads",
    "issues_url": "https://api.github.com/repos/adrichainz/TFG/issues{/number}",
    "pulls_url": "https://api.github.com/repos/adrichainz/TFG/pulls{/number}",
    "milestones_url": "https://api.github.com/repos/adrichainz/TFG/milestones{/number}",
    "notifications_url": "https://api.github.com/repos/adrichainz/TFG/notifications{?since,all,participating}",
    "labels_url": "https://api.github.com/repos/adrichainz/TFG/labels{/name}",
    "releases_url": "https://api.github.com/repos/adrichainz/TFG/releases{/id}",
    "deployments_url": "https://api.github.com/repos/adrichainz/TFG/deployments",
    "created_at": "2019-10-27T18:52:12Z",
    "updated_at": "2019-10-27T18:52:14Z",
    "pushed_at": "2019-10-27T18:52:59Z",
    "git_url": "git://github.com/adrichainz/TFG.git",
    "ssh_url": "git@github.com:adrichainz/TFG.git",
    "clone_url": "https://github.com/adrichainz/TFG.git",
    "svn_url": "https://github.com/adrichainz/TFG",
    "homepage": "",
    "size": 195582,
    "stargazers_count": 0,
    "watchers_count": 0,
    "language": null,
    "has_issues": false,
    "has_projects": true,
    "has_downloads": true,
    "has_wiki": true,
    "has_pages": false,
    "has_discussions": false,
    "forks_count": 0,
    "mirror_url": null,
    "archived": false,
    "disabled": false,
    "open_issues_count": 0,
    "license": {
        "key": "apache-2.0",
        "name": "Apache License 2.0",
        "spdx_id": "Apache-2.0",
        "url": "https://api.github.com/licenses/apache-2.0",
        "node_id": "MDc6TGljZW5zZTI="
    },
    "allow_forking": true,
    "is_template": false,
    "web_commit_signoff_required": false,
    "topics": [],
    "visibility": "public",
    "forks": 0,
    "open_issues": 0,
    "watchers": 0,
    "default_branch": "master",
    "permissions": {
        "admin": false,
        "maintain": false,
        "push": false,
        "triage": false,
        "pull": true
    },
    "temp_clone_token": "",
    "parent": {
        "id": 193700763,
        "node_id": "MDEwOlJlcG9zaXRvcnkxOTM3MDA3NjM=",
        "name": "TFG",
        "full_name": "CarlosSequi/TFG",
        "private": false,
        "owner": {
            "login": "CarlosSequi",
            "id": 32844792,
            "node_id": "MDQ6VXNlcjMyODQ0Nzky",
            "avatar_url": "https://avatars.githubusercontent.com/u/32844792?v=4",
            "gravatar_id": "",
            "url": "https://api.github.com/users/CarlosSequi",
            "html_url": "https://github.com/CarlosSequi",
            "followers_url": "https://api.github.com/users/CarlosSequi/followers",
            "following_url": "https://api.github.com/users/CarlosSequi/following{/other_user}",
            "gists_url": "https://api.github.com/users/CarlosSequi/gists{/gist_id}",
            "starred_url": "https://api.github.com/users/CarlosSequi/starred{/owner}{/repo}",
            "subscriptions_url": "https://api.github.com/users/CarlosSequi/subscriptions",
            "organizations_url": "https://api.github.com/users/CarlosSequi/orgs",
            "repos_url": "https://api.github.com/users/CarlosSequi/repos",
            "events_url": "https://api.github.com/users/CarlosSequi/events{/privacy}",
            "received_events_url": "https://api.github.com/users/CarlosSequi/received_events",
            "type": "User",
            "site_admin": false
        },
        "html_url": "https://github.com/CarlosSequi/TFG",
        "description": "Trabajo de Fin de Grado de Ingenier\u00eda Inform\u00e1tica. Videojuego Android de realidad aumentada realizado con Unity acompa\u00f1ado de un tanque  creado mediente impresi\u00f3n 3D y radiocontrolado por interfaz  gestual MYO: youtube.com/watch?v=kR8 M3lsFBsw",
        "fork": false,
        "url": "https://api.github.com/repos/CarlosSequi/TFG",
        "forks_url": "https://api.github.com/repos/CarlosSequi/TFG/forks",
        "keys_url": "https://api.github.com/repos/CarlosSequi/TFG/keys{/key_id}",
        "collaborators_url": "https://api.github.com/repos/CarlosSequi/TFG/collaborators{/collaborator}",
        "teams_url": "https://api.github.com/repos/CarlosSequi/TFG/teams",
        "hooks_url": "https://api.github.com/repos/CarlosSequi/TFG/hooks",
        "issue_events_url": "https://api.github.com/repos/CarlosSequi/TFG/issues/events{/number}",
        "events_url": "https://api.github.com/repos/CarlosSequi/TFG/events",
        "assignees_url": "https://api.github.com/repos/CarlosSequi/TFG/assignees{/user}",
        "branches_url": "https://api.github.com/repos/CarlosSequi/TFG/branches{/branch}",
        "tags_url": "https://api.github.com/repos/CarlosSequi/TFG/tags",
        "blobs_url": "https://api.github.com/repos/CarlosSequi/TFG/git/blobs{/sha}",
        "git_tags_url": "https://api.github.com/repos/CarlosSequi/TFG/git/tags{/sha}",
        "git_refs_url": "https://api.github.com/repos/CarlosSequi/TFG/git/refs{/sha}",
        "trees_url": "https://api.github.com/repos/CarlosSequi/TFG/git/trees{/sha}",
        "statuses_url": "https://api.github.com/repos/CarlosSequi/TFG/statuses/{sha}",
        "languages_url": "https://api.github.com/repos/CarlosSequi/TFG/languages",
        "stargazers_url": "https://api.github.com/repos/CarlosSequi/TFG/stargazers",
        "contributors_url": "https://api.github.com/repos/CarlosSequi/TFG/contributors",
        "subscribers_url": "https://api.github.com/repos/CarlosSequi/TFG/subscribers",
        "subscription_url": "https://api.github.com/repos/CarlosSequi/TFG/subscription",
        "commits_url": "https://api.github.com/repos/CarlosSequi/TFG/commits{/sha}",
        "git_commits_url": "https://api.github.com/repos/CarlosSequi/TFG/git/commits{/sha}",
        "comments_url": "https://api.github.com/repos/CarlosSequi/TFG/comments{/number}",
        "issue_comment_url": "https://api.github.com/repos/CarlosSequi/TFG/issues/comments{/number}",
        "contents_url": "https://api.github.com/repos/CarlosSequi/TFG/contents/{+path}",
        "compare_url": "https://api.github.com/repos/CarlosSequi/TFG/compare/{base}...{head}",
        "merges_url": "https://api.github.com/repos/CarlosSequi/TFG/merges",
        "archive_url": "https://api.github.com/repos/CarlosSequi/TFG/{archive_format}{/ref}",
        "downloads_url": "https://api.github.com/repos/CarlosSequi/TFG/downloads",
        "issues_url": "https://api.github.com/repos/CarlosSequi/TFG/issues{/number}",
        "pulls_url": "https://api.github.com/repos/CarlosSequi/TFG/pulls{/number}",
        "milestones_url": "https://api.github.com/repos/CarlosSequi/TFG/milestones{/number}",
        "notifications_url": "https://api.github.com/repos/CarlosSequi/TFG/notifications{?since,all,participating}",
        "labels_url": "https://api.github.com/repos/CarlosSequi/TFG/labels{/name}",
        "releases_url": "https://api.github.com/repos/CarlosSequi/TFG/releases{/id}",
        "deployments_url": "https://api.github.com/repos/CarlosSequi/TFG/deployments",
        "created_at": "2019-06-25T12:10:12Z",
        "updated_at": "2019-06-25T12:40:40Z",
        "pushed_at": "2019-10-27T18:53:07Z",
        "git_url": "git://github.com/CarlosSequi/TFG.git",
        "ssh_url": "git@github.com:CarlosSequi/TFG.git",
        "clone_url": "https://github.com/CarlosSequi/TFG.git",
        "svn_url": "https://github.com/CarlosSequi/TFG",
        "homepage": "",
        "size": 195586,
        "stargazers_count": 0,
        "watchers_count": 0,
        "language": "C#",
        "has_issues": true,
        "has_projects": true,
        "has_downloads": true,
        "has_wiki": true,
        "has_pages": false,
        "has_discussions": false,
        "forks_count": 1,
        "mirror_url": null,
        "archived": false,
        "disabled": false,
        "open_issues_count": 1,
        "license": {
            "key": "apache-2.0",
            "name": "Apache License 2.0",
            "spdx_id": "Apache-2.0",
            "url": "https://api.github.com/licenses/apache-2.0",
            "node_id": "MDc6TGljZW5zZTI="
        },
        "allow_forking": true,
        "is_template": false,
        "web_commit_signoff_required": false,
        "topics": [
            "3d-printing",
            "android",
            "arduino",
            "augmented-reality",
            "myo-armband",
            "unity",
            "unity3d",
            "videogame"
        ],
        "visibility": "public",
        "forks": 1,
        "open_issues": 1,
        "watchers": 0,
        "default_branch": "master"
    },
    "source": {
        "id": 193700763,
        "node_id": "MDEwOlJlcG9zaXRvcnkxOTM3MDA3NjM=",
        "name": "TFG",
        "full_name": "CarlosSequi/TFG",
        "private": false,
        "owner": {
            "login": "CarlosSequi",
            "id": 32844792,
            "node_id": "MDQ6VXNlcjMyODQ0Nzky",
            "avatar_url": "https://avatars.githubusercontent.com/u/32844792?v=4",
            "gravatar_id": "",
            "url": "https://api.github.com/users/CarlosSequi",
            "html_url": "https://github.com/CarlosSequi",
            "followers_url": "https://api.github.com/users/CarlosSequi/followers",
            "following_url": "https://api.github.com/users/CarlosSequi/following{/other_user}",
            "gists_url": "https://api.github.com/users/CarlosSequi/gists{/gist_id}",
            "starred_url": "https://api.github.com/users/CarlosSequi/starred{/owner}{/repo}",
            "subscriptions_url": "https://api.github.com/users/CarlosSequi/subscriptions",
            "organizations_url": "https://api.github.com/users/CarlosSequi/orgs",
            "repos_url": "https://api.github.com/users/CarlosSequi/repos",
            "events_url": "https://api.github.com/users/CarlosSequi/events{/privacy}",
            "received_events_url": "https://api.github.com/users/CarlosSequi/received_events",
            "type": "User",
            "site_admin": false
        },
        "html_url": "https://github.com/CarlosSequi/TFG",
        "description": "Trabajo de Fin de Grado de Ingenier\u00eda Inform\u00e1tica. Videojuego Android de realidad aumentada realizado con Unity acompa\u00f1ado de un tanque  creado mediente impresi\u00f3n 3D y radiocontrolado por interfaz  gestual MYO: youtube.com/watch?v=kR8 M3lsFBsw",
        "fork": false,
        "url": "https://api.github.com/repos/CarlosSequi/TFG",
        "forks_url": "https://api.github.com/repos/CarlosSequi/TFG/forks",
        "keys_url": "https://api.github.com/repos/CarlosSequi/TFG/keys{/key_id}",
        "collaborators_url": "https://api.github.com/repos/CarlosSequi/TFG/collaborators{/collaborator}",
        "teams_url": "https://api.github.com/repos/CarlosSequi/TFG/teams",
        "hooks_url": "https://api.github.com/repos/CarlosSequi/TFG/hooks",
        "issue_events_url": "https://api.github.com/repos/CarlosSequi/TFG/issues/events{/number}",
        "events_url": "https://api.github.com/repos/CarlosSequi/TFG/events",
        "assignees_url": "https://api.github.com/repos/CarlosSequi/TFG/assignees{/user}",
        "branches_url": "https://api.github.com/repos/CarlosSequi/TFG/branches{/branch}",
        "tags_url": "https://api.github.com/repos/CarlosSequi/TFG/tags",
        "blobs_url": "https://api.github.com/repos/CarlosSequi/TFG/git/blobs{/sha}",
        "git_tags_url": "https://api.github.com/repos/CarlosSequi/TFG/git/tags{/sha}",
        "git_refs_url": "https://api.github.com/repos/CarlosSequi/TFG/git/refs{/sha}",
        "trees_url": "https://api.github.com/repos/CarlosSequi/TFG/git/trees{/sha}",
        "statuses_url": "https://api.github.com/repos/CarlosSequi/TFG/statuses/{sha}",
        "languages_url": "https://api.github.com/repos/CarlosSequi/TFG/languages",
        "stargazers_url": "https://api.github.com/repos/CarlosSequi/TFG/stargazers",
        "contributors_url": "https://api.github.com/repos/CarlosSequi/TFG/contributors",
        "subscribers_url": "https://api.github.com/repos/CarlosSequi/TFG/subscribers",
        "subscription_url": "https://api.github.com/repos/CarlosSequi/TFG/subscription",
        "commits_url": "https://api.github.com/repos/CarlosSequi/TFG/commits{/sha}",
        "git_commits_url": "https://api.github.com/repos/CarlosSequi/TFG/git/commits{/sha}",
        "comments_url": "https://api.github.com/repos/CarlosSequi/TFG/comments{/number}",
        "issue_comment_url": "https://api.github.com/repos/CarlosSequi/TFG/issues/comments{/number}",
        "contents_url": "https://api.github.com/repos/CarlosSequi/TFG/contents/{+path}",
        "compare_url": "https://api.github.com/repos/CarlosSequi/TFG/compare/{base}...{head}",
        "merges_url": "https://api.github.com/repos/CarlosSequi/TFG/merges",
        "archive_url": "https://api.github.com/repos/CarlosSequi/TFG/{archive_format}{/ref}",
        "downloads_url": "https://api.github.com/repos/CarlosSequi/TFG/downloads",
        "issues_url": "https://api.github.com/repos/CarlosSequi/TFG/issues{/number}",
        "pulls_url": "https://api.github.com/repos/CarlosSequi/TFG/pulls{/number}",
        "milestones_url": "https://api.github.com/repos/CarlosSequi/TFG/milestones{/number}",
        "notifications_url": "https://api.github.com/repos/CarlosSequi/TFG/notifications{?since,all,participating}",
        "labels_url": "https://api.github.com/repos/CarlosSequi/TFG/labels{/name}",
        "releases_url": "https://api.github.com/repos/CarlosSequi/TFG/releases{/id}",
        "deployments_url": "https://api.github.com/repos/CarlosSequi/TFG/deployments",
        "created_at": "2019-06-25T12:10:12Z",
        "updated_at": "2019-06-25T12:40:40Z",
        "pushed_at": "2019-10-27T18:53:07Z",
        "git_url": "git://github.com/CarlosSequi/TFG.git",
        "ssh_url": "git@github.com:CarlosSequi/TFG.git",
        "clone_url": "https://github.com/CarlosSequi/TFG.git",
        "svn_url": "https://github.com/CarlosSequi/TFG",
        "homepage": "",
        "size": 195586,
        "stargazers_count": 0,
        "watchers_count": 0,
        "language": "C#",
        "has_issues": true,
        "has_projects": true,
        "has_downloads": true,
        "has_wiki": true,
        "has_pages": false,
        "has_discussions": false,
        "forks_count": 1,
        "mirror_url": null,
        "archived": false,
        "disabled": false,
        "open_issues_count": 1,
        "license": {
            "key": "apache-2.0",
            "name": "Apache License 2.0",
            "spdx_id": "Apache-2.0",
            "url": "https://api.github.com/licenses/apache-2.0",
            "node_id": "MDc6TGljZW5zZTI="
        },
        "allow_forking": true,
        "is_template": false,
        "web_commit_signoff_required": false,
        "topics": [
            "3d-printing",
            "android",
            "arduino",
            "augmented-reality",
            "myo-armband",
            "unity",
            "unity3d",
            "videogame"
        ],
        "visibility": "public",
        "forks": 1,
        "open_issues": 1,
        "watchers": 0,
        "default_branch": "master"
    },
    "network_count": 1,
    "subscribers_count": 1
}