{
    "id": 275682334,
    "node_id": "MDEwOlJlcG9zaXRvcnkyNzU2ODIzMzQ=",
    "name": "hop",
    "full_name": "davidjscience/hop",
    "private": false,
    "owner": {
        "login": "davidjscience",
        "id": 30902359,
        "node_id": "MDQ6VXNlcjMwOTAyMzU5",
        "avatar_url": "https://avatars.githubusercontent.com/u/30902359?v=4",
        "gravatar_id": "",
        "url": "https://api.github.com/users/davidjscience",
        "html_url": "https://github.com/davidjscience",
        "followers_url": "https://api.github.com/users/davidjscience/followers",
        "following_url": "https://api.github.com/users/davidjscience/following{/other_user}",
        "gists_url": "https://api.github.com/users/davidjscience/gists{/gist_id}",
        "starred_url": "https://api.github.com/users/davidjscience/starred{/owner}{/repo}",
        "subscriptions_url": "https://api.github.com/users/davidjscience/subscriptions",
        "organizations_url": "https://api.github.com/users/davidjscience/orgs",
        "repos_url": "https://api.github.com/users/davidjscience/repos",
        "events_url": "https://api.github.com/users/davidjscience/events{/privacy}",
        "received_events_url": "https://api.github.com/users/davidjscience/received_events",
        "type": "User",
        "site_admin": false
    },
    "html_url": "https://github.com/davidjscience/hop",
    "description": "The Hop Orchestration Platform aims to facilitate all aspects of data and metadata orchestration.",
    "fork": true,
    "url": "https://api.github.com/repos/davidjscience/hop",
    "forks_url": "https://api.github.com/repos/davidjscience/hop/forks",
    "keys_url": "https://api.github.com/repos/davidjscience/hop/keys{/key_id}",
    "collaborators_url": "https://api.github.com/repos/davidjscience/hop/collaborators{/collaborator}",
    "teams_url": "https://api.github.com/repos/davidjscience/hop/teams",
    "hooks_url": "https://api.github.com/repos/davidjscience/hop/hooks",
    "issue_events_url": "https://api.github.com/repos/davidjscience/hop/issues/events{/number}",
    "events_url": "https://api.github.com/repos/davidjscience/hop/events",
    "assignees_url": "https://api.github.com/repos/davidjscience/hop/assignees{/user}",
    "branches_url": "https://api.github.com/repos/davidjscience/hop/branches{/branch}",
    "tags_url": "https://api.github.com/repos/davidjscience/hop/tags",
    "blobs_url": "https://api.github.com/repos/davidjscience/hop/git/blobs{/sha}",
    "git_tags_url": "https://api.github.com/repos/davidjscience/hop/git/tags{/sha}",
    "git_refs_url": "https://api.github.com/repos/davidjscience/hop/git/refs{/sha}",
    "trees_url": "https://api.github.com/repos/davidjscience/hop/git/trees{/sha}",
    "statuses_url": "https://api.github.com/repos/davidjscience/hop/statuses/{sha}",
    "languages_url": "https://api.github.com/repos/davidjscience/hop/languages",
    "stargazers_url": "https://api.github.com/repos/davidjscience/hop/stargazers",
    "contributors_url": "https://api.github.com/repos/davidjscience/hop/contributors",
    "subscribers_url": "https://api.github.com/repos/davidjscience/hop/subscribers",
    "subscription_url": "https://api.github.com/repos/davidjscience/hop/subscription",
    "commits_url": "https://api.github.com/repos/davidjscience/hop/commits{/sha}",
    "git_commits_url": "https://api.github.com/repos/davidjscience/hop/git/commits{/sha}",
    "comments_url": "https://api.github.com/repos/davidjscience/hop/comments{/number}",
    "issue_comment_url": "https://api.github.com/repos/davidjscience/hop/issues/comments{/number}",
    "contents_url": "https://api.github.com/repos/davidjscience/hop/contents/{+path}",
    "compare_url": "https://api.github.com/repos/davidjscience/hop/compare/{base}...{head}",
    "merges_url": "https://api.github.com/repos/davidjscience/hop/merges",
    "archive_url": "https://api.github.com/repos/davidjscience/hop/{archive_format}{/ref}",
    "downloads_url": "https://api.github.com/repos/davidjscience/hop/downloads",
    "issues_url": "https://api.github.com/repos/davidjscience/hop/issues{/number}",
    "pulls_url": "https://api.github.com/repos/davidjscience/hop/pulls{/number}",
    "milestones_url": "https://api.github.com/repos/davidjscience/hop/milestones{/number}",
    "notifications_url": "https://api.github.com/repos/davidjscience/hop/notifications{?since,all,participating}",
    "labels_url": "https://api.github.com/repos/davidjscience/hop/labels{/name}",
    "releases_url": "https://api.github.com/repos/davidjscience/hop/releases{/id}",
    "deployments_url": "https://api.github.com/repos/davidjscience/hop/deployments",
    "created_at": "2020-06-28T22:55:51Z",
    "updated_at": "2020-10-31T06:17:02Z",
    "pushed_at": "2020-06-28T23:04:02Z",
    "git_url": "git://github.com/davidjscience/hop.git",
    "ssh_url": "git@github.com:davidjscience/hop.git",
    "clone_url": "https://github.com/davidjscience/hop.git",
    "svn_url": "https://github.com/davidjscience/hop",
    "homepage": null,
    "size": 53550,
    "stargazers_count": 0,
    "watchers_count": 0,
    "language": null,
    "has_issues": false,
    "has_projects": true,
    "has_downloads": true,
    "has_wiki": true,
    "has_pages": false,
    "has_discussions": false,
    "forks_count": 0,
    "mirror_url": null,
    "archived": false,
    "disabled": false,
    "open_issues_count": 0,
    "license": {
        "key": "apache-2.0",
        "name": "Apache License 2.0",
        "spdx_id": "Apache-2.0",
        "url": "https://api.github.com/licenses/apache-2.0",
        "node_id": "MDc6TGljZW5zZTI="
    },
    "allow_forking": true,
    "is_template": false,
    "web_commit_signoff_required": false,
    "topics": [],
    "visibility": "public",
    "forks": 0,
    "open_issues": 0,
    "watchers": 0,
    "default_branch": "master",
    "permissions": {
        "admin": false,
        "maintain": false,
        "push": false,
        "triage": false,
        "pull": true
    },
    "temp_clone_token": "",
    "parent": {
        "id": 210579021,
        "node_id": "MDEwOlJlcG9zaXRvcnkyMTA1NzkwMjE=",
        "name": "hop",
        "full_name": "apache/hop",
        "private": false,
        "owner": {
            "login": "apache",
            "id": 47359,
            "node_id": "MDEyOk9yZ2FuaXphdGlvbjQ3MzU5",
            "avatar_url": "https://avatars.githubusercontent.com/u/47359?v=4",
            "gravatar_id": "",
            "url": "https://api.github.com/users/apache",
            "html_url": "https://github.com/apache",
            "followers_url": "https://api.github.com/users/apache/followers",
            "following_url": "https://api.github.com/users/apache/following{/other_user}",
            "gists_url": "https://api.github.com/users/apache/gists{/gist_id}",
            "starred_url": "https://api.github.com/users/apache/starred{/owner}{/repo}",
            "subscriptions_url": "https://api.github.com/users/apache/subscriptions",
            "organizations_url": "https://api.github.com/users/apache/orgs",
            "repos_url": "https://api.github.com/users/apache/repos",
            "events_url": "https://api.github.com/users/apache/events{/privacy}",
            "received_events_url": "https://api.github.com/users/apache/received_events",
            "type": "Organization",
            "site_admin": false
        },
        "html_url": "https://github.com/apache/hop",
        "description": "Hop Orchestration Platform",
        "fork": false,
        "url": "https://api.github.com/repos/apache/hop",
        "forks_url": "https://api.github.com/repos/apache/hop/forks",
        "keys_url": "https://api.github.com/repos/apache/hop/keys{/key_id}",
        "collaborators_url": "https://api.github.com/repos/apache/hop/collaborators{/collaborator}",
        "teams_url": "https://api.github.com/repos/apache/hop/teams",
        "hooks_url": "https://api.github.com/repos/apache/hop/hooks",
        "issue_events_url": "https://api.github.com/repos/apache/hop/issues/events{/number}",
        "events_url": "https://api.github.com/repos/apache/hop/events",
        "assignees_url": "https://api.github.com/repos/apache/hop/assignees{/user}",
        "branches_url": "https://api.github.com/repos/apache/hop/branches{/branch}",
        "tags_url": "https://api.github.com/repos/apache/hop/tags",
        "blobs_url": "https://api.github.com/repos/apache/hop/git/blobs{/sha}",
        "git_tags_url": "https://api.github.com/repos/apache/hop/git/tags{/sha}",
        "git_refs_url": "https://api.github.com/repos/apache/hop/git/refs{/sha}",
        "trees_url": "https://api.github.com/repos/apache/hop/git/trees{/sha}",
        "statuses_url": "https://api.github.com/repos/apache/hop/statuses/{sha}",
        "languages_url": "https://api.github.com/repos/apache/hop/languages",
        "stargazers_url": "https://api.github.com/repos/apache/hop/stargazers",
        "contributors_url": "https://api.github.com/repos/apache/hop/contributors",
        "subscribers_url": "https://api.github.com/repos/apache/hop/subscribers",
        "subscription_url": "https://api.github.com/repos/apache/hop/subscription",
        "commits_url": "https://api.github.com/repos/apache/hop/commits{/sha}",
        "git_commits_url": "https://api.github.com/repos/apache/hop/git/commits{/sha}",
        "comments_url": "https://api.github.com/repos/apache/hop/comments{/number}",
        "issue_comment_url": "https://api.github.com/repos/apache/hop/issues/comments{/number}",
        "contents_url": "https://api.github.com/repos/apache/hop/contents/{+path}",
        "compare_url": "https://api.github.com/repos/apache/hop/compare/{base}...{head}",
        "merges_url": "https://api.github.com/repos/apache/hop/merges",
        "archive_url": "https://api.github.com/repos/apache/hop/{archive_format}{/ref}",
        "downloads_url": "https://api.github.com/repos/apache/hop/downloads",
        "issues_url": "https://api.github.com/repos/apache/hop/issues{/number}",
        "pulls_url": "https://api.github.com/repos/apache/hop/pulls{/number}",
        "milestones_url": "https://api.github.com/repos/apache/hop/milestones{/number}",
        "notifications_url": "https://api.github.com/repos/apache/hop/notifications{?since,all,participating}",
        "labels_url": "https://api.github.com/repos/apache/hop/labels{/name}",
        "releases_url": "https://api.github.com/repos/apache/hop/releases{/id}",
        "deployments_url": "https://api.github.com/repos/apache/hop/deployments",
        "created_at": "2019-09-24T10:48:12Z",
        "updated_at": "2024-04-29T20:14:43Z",
        "pushed_at": "2024-04-29T20:14:38Z",
        "git_url": "git://github.com/apache/hop.git",
        "ssh_url": "git@github.com:apache/hop.git",
        "clone_url": "https://github.com/apache/hop.git",
        "svn_url": "https://github.com/apache/hop",
        "homepage": "https://hop.apache.org/",
        "size": 180047,
        "stargazers_count": 858,
        "watchers_count": 858,
        "language": "Java",
        "has_issues": true,
        "has_projects": true,
        "has_downloads": true,
        "has_wiki": false,
        "has_pages": false,
        "has_discussions": false,
        "forks_count": 324,
        "mirror_url": null,
        "archived": false,
        "disabled": false,
        "open_issues_count": 700,
        "license": {
            "key": "apache-2.0",
            "name": "Apache License 2.0",
            "spdx_id": "Apache-2.0",
            "url": "https://api.github.com/licenses/apache-2.0",
            "node_id": "MDc6TGljZW5zZTI="
        },
        "allow_forking": true,
        "is_template": false,
        "web_commit_signoff_required": false,
        "topics": [
            "apache",
            "data-integration",
            "etl",
            "hop",
            "java",
            "orchestration",
            "pipeline",
            "streaming",
            "workflow"
        ],
        "visibility": "public",
        "forks": 324,
        "open_issues": 700,
        "watchers": 858,
        "default_branch": "main"
    },
    "source": {
        "id": 210579021,
        "node_id": "MDEwOlJlcG9zaXRvcnkyMTA1NzkwMjE=",
        "name": "hop",
        "full_name": "apache/hop",
        "private": false,
        "owner": {
            "login": "apache",
            "id": 47359,
            "node_id": "MDEyOk9yZ2FuaXphdGlvbjQ3MzU5",
            "avatar_url": "https://avatars.githubusercontent.com/u/47359?v=4",
            "gravatar_id": "",
            "url": "https://api.github.com/users/apache",
            "html_url": "https://github.com/apache",
            "followers_url": "https://api.github.com/users/apache/followers",
            "following_url": "https://api.github.com/users/apache/following{/other_user}",
            "gists_url": "https://api.github.com/users/apache/gists{/gist_id}",
            "starred_url": "https://api.github.com/users/apache/starred{/owner}{/repo}",
            "subscriptions_url": "https://api.github.com/users/apache/subscriptions",
            "organizations_url": "https://api.github.com/users/apache/orgs",
            "repos_url": "https://api.github.com/users/apache/repos",
            "events_url": "https://api.github.com/users/apache/events{/privacy}",
            "received_events_url": "https://api.github.com/users/apache/received_events",
            "type": "Organization",
            "site_admin": false
        },
        "html_url": "https://github.com/apache/hop",
        "description": "Hop Orchestration Platform",
        "fork": false,
        "url": "https://api.github.com/repos/apache/hop",
        "forks_url": "https://api.github.com/repos/apache/hop/forks",
        "keys_url": "https://api.github.com/repos/apache/hop/keys{/key_id}",
        "collaborators_url": "https://api.github.com/repos/apache/hop/collaborators{/collaborator}",
        "teams_url": "https://api.github.com/repos/apache/hop/teams",
        "hooks_url": "https://api.github.com/repos/apache/hop/hooks",
        "issue_events_url": "https://api.github.com/repos/apache/hop/issues/events{/number}",
        "events_url": "https://api.github.com/repos/apache/hop/events",
        "assignees_url": "https://api.github.com/repos/apache/hop/assignees{/user}",
        "branches_url": "https://api.github.com/repos/apache/hop/branches{/branch}",
        "tags_url": "https://api.github.com/repos/apache/hop/tags",
        "blobs_url": "https://api.github.com/repos/apache/hop/git/blobs{/sha}",
        "git_tags_url": "https://api.github.com/repos/apache/hop/git/tags{/sha}",
        "git_refs_url": "https://api.github.com/repos/apache/hop/git/refs{/sha}",
        "trees_url": "https://api.github.com/repos/apache/hop/git/trees{/sha}",
        "statuses_url": "https://api.github.com/repos/apache/hop/statuses/{sha}",
        "languages_url": "https://api.github.com/repos/apache/hop/languages",
        "stargazers_url": "https://api.github.com/repos/apache/hop/stargazers",
        "contributors_url": "https://api.github.com/repos/apache/hop/contributors",
        "subscribers_url": "https://api.github.com/repos/apache/hop/subscribers",
        "subscription_url": "https://api.github.com/repos/apache/hop/subscription",
        "commits_url": "https://api.github.com/repos/apache/hop/commits{/sha}",
        "git_commits_url": "https://api.github.com/repos/apache/hop/git/commits{/sha}",
        "comments_url": "https://api.github.com/repos/apache/hop/comments{/number}",
        "issue_comment_url": "https://api.github.com/repos/apache/hop/issues/comments{/number}",
        "contents_url": "https://api.github.com/repos/apache/hop/contents/{+path}",
        "compare_url": "https://api.github.com/repos/apache/hop/compare/{base}...{head}",
        "merges_url": "https://api.github.com/repos/apache/hop/merges",
        "archive_url": "https://api.github.com/repos/apache/hop/{archive_format}{/ref}",
        "downloads_url": "https://api.github.com/repos/apache/hop/downloads",
        "issues_url": "https://api.github.com/repos/apache/hop/issues{/number}",
        "pulls_url": "https://api.github.com/repos/apache/hop/pulls{/number}",
        "milestones_url": "https://api.github.com/repos/apache/hop/milestones{/number}",
        "notifications_url": "https://api.github.com/repos/apache/hop/notifications{?since,all,participating}",
        "labels_url": "https://api.github.com/repos/apache/hop/labels{/name}",
        "releases_url": "https://api.github.com/repos/apache/hop/releases{/id}",
        "deployments_url": "https://api.github.com/repos/apache/hop/deployments",
        "created_at": "2019-09-24T10:48:12Z",
        "updated_at": "2024-04-29T20:14:43Z",
        "pushed_at": "2024-04-29T20:14:38Z",
        "git_url": "git://github.com/apache/hop.git",
        "ssh_url": "git@github.com:apache/hop.git",
        "clone_url": "https://github.com/apache/hop.git",
        "svn_url": "https://github.com/apache/hop",
        "homepage": "https://hop.apache.org/",
        "size": 180047,
        "stargazers_count": 858,
        "watchers_count": 858,
        "language": "Java",
        "has_issues": true,
        "has_projects": true,
        "has_downloads": true,
        "has_wiki": false,
        "has_pages": false,
        "has_discussions": false,
        "forks_count": 324,
        "mirror_url": null,
        "archived": false,
        "disabled": false,
        "open_issues_count": 700,
        "license": {
            "key": "apache-2.0",
            "name": "Apache License 2.0",
            "spdx_id": "Apache-2.0",
            "url": "https://api.github.com/licenses/apache-2.0",
            "node_id": "MDc6TGljZW5zZTI="
        },
        "allow_forking": true,
        "is_template": false,
        "web_commit_signoff_required": false,
        "topics": [
            "apache",
            "data-integration",
            "etl",
            "hop",
            "java",
            "orchestration",
            "pipeline",
            "streaming",
            "workflow"
        ],
        "visibility": "public",
        "forks": 324,
        "open_issues": 700,
        "watchers": 858,
        "default_branch": "main"
    },
    "network_count": 324,
    "subscribers_count": 0
}