{
    "id": 399537534,
    "node_id": "MDEwOlJlcG9zaXRvcnkzOTk1Mzc1MzQ=",
    "name": "java-dialogflow-cx",
    "full_name": "suztomo/java-dialogflow-cx",
    "private": false,
    "owner": {
        "login": "suztomo",
        "id": 28604,
        "node_id": "MDQ6VXNlcjI4NjA0",
        "avatar_url": "https://avatars.githubusercontent.com/u/28604?v=4",
        "gravatar_id": "",
        "url": "https://api.github.com/users/suztomo",
        "html_url": "https://github.com/suztomo",
        "followers_url": "https://api.github.com/users/suztomo/followers",
        "following_url": "https://api.github.com/users/suztomo/following{/other_user}",
        "gists_url": "https://api.github.com/users/suztomo/gists{/gist_id}",
        "starred_url": "https://api.github.com/users/suztomo/starred{/owner}{/repo}",
        "subscriptions_url": "https://api.github.com/users/suztomo/subscriptions",
        "organizations_url": "https://api.github.com/users/suztomo/orgs",
        "repos_url": "https://api.github.com/users/suztomo/repos",
        "events_url": "https://api.github.com/users/suztomo/events{/privacy}",
        "received_events_url": "https://api.github.com/users/suztomo/received_events",
        "type": "User",
        "site_admin": false
    },
    "html_url": "https://github.com/suztomo/java-dialogflow-cx",
    "description": null,
    "fork": true,
    "url": "https://api.github.com/repos/suztomo/java-dialogflow-cx",
    "forks_url": "https://api.github.com/repos/suztomo/java-dialogflow-cx/forks",
    "keys_url": "https://api.github.com/repos/suztomo/java-dialogflow-cx/keys{/key_id}",
    "collaborators_url": "https://api.github.com/repos/suztomo/java-dialogflow-cx/collaborators{/collaborator}",
    "teams_url": "https://api.github.com/repos/suztomo/java-dialogflow-cx/teams",
    "hooks_url": "https://api.github.com/repos/suztomo/java-dialogflow-cx/hooks",
    "issue_events_url": "https://api.github.com/repos/suztomo/java-dialogflow-cx/issues/events{/number}",
    "events_url": "https://api.github.com/repos/suztomo/java-dialogflow-cx/events",
    "assignees_url": "https://api.github.com/repos/suztomo/java-dialogflow-cx/assignees{/user}",
    "branches_url": "https://api.github.com/repos/suztomo/java-dialogflow-cx/branches{/branch}",
    "tags_url": "https://api.github.com/repos/suztomo/java-dialogflow-cx/tags",
    "blobs_url": "https://api.github.com/repos/suztomo/java-dialogflow-cx/git/blobs{/sha}",
    "git_tags_url": "https://api.github.com/repos/suztomo/java-dialogflow-cx/git/tags{/sha}",
    "git_refs_url": "https://api.github.com/repos/suztomo/java-dialogflow-cx/git/refs{/sha}",
    "trees_url": "https://api.github.com/repos/suztomo/java-dialogflow-cx/git/trees{/sha}",
    "statuses_url": "https://api.github.com/repos/suztomo/java-dialogflow-cx/statuses/{sha}",
    "languages_url": "https://api.github.com/repos/suztomo/java-dialogflow-cx/languages",
    "stargazers_url": "https://api.github.com/repos/suztomo/java-dialogflow-cx/stargazers",
    "contributors_url": "https://api.github.com/repos/suztomo/java-dialogflow-cx/contributors",
    "subscribers_url": "https://api.github.com/repos/suztomo/java-dialogflow-cx/subscribers",
    "subscription_url": "https://api.github.com/repos/suztomo/java-dialogflow-cx/subscription",
    "commits_url": "https://api.github.com/repos/suztomo/java-dialogflow-cx/commits{/sha}",
    "git_commits_url": "https://api.github.com/repos/suztomo/java-dialogflow-cx/git/commits{/sha}",
    "comments_url": "https://api.github.com/repos/suztomo/java-dialogflow-cx/comments{/number}",
    "issue_comment_url": "https://api.github.com/repos/suztomo/java-dialogflow-cx/issues/comments{/number}",
    "contents_url": "https://api.github.com/repos/suztomo/java-dialogflow-cx/contents/{+path}",
    "compare_url": "https://api.github.com/repos/suztomo/java-dialogflow-cx/compare/{base}...{head}",
    "merges_url": "https://api.github.com/repos/suztomo/java-dialogflow-cx/merges",
    "archive_url": "https://api.github.com/repos/suztomo/java-dialogflow-cx/{archive_format}{/ref}",
    "downloads_url": "https://api.github.com/repos/suztomo/java-dialogflow-cx/downloads",
    "issues_url": "https://api.github.com/repos/suztomo/java-dialogflow-cx/issues{/number}",
    "pulls_url": "https://api.github.com/repos/suztomo/java-dialogflow-cx/pulls{/number}",
    "milestones_url": "https://api.github.com/repos/suztomo/java-dialogflow-cx/milestones{/number}",
    "notifications_url": "https://api.github.com/repos/suztomo/java-dialogflow-cx/notifications{?since,all,participating}",
    "labels_url": "https://api.github.com/repos/suztomo/java-dialogflow-cx/labels{/name}",
    "releases_url": "https://api.github.com/repos/suztomo/java-dialogflow-cx/releases{/id}",
    "deployments_url": "https://api.github.com/repos/suztomo/java-dialogflow-cx/deployments",
    "created_at": "2021-08-24T16:40:11Z",
    "updated_at": "2021-08-24T16:40:12Z",
    "pushed_at": "2022-06-28T17:37:52Z",
    "git_url": "git://github.com/suztomo/java-dialogflow-cx.git",
    "ssh_url": "git@github.com:suztomo/java-dialogflow-cx.git",
    "clone_url": "https://github.com/suztomo/java-dialogflow-cx.git",
    "svn_url": "https://github.com/suztomo/java-dialogflow-cx",
    "homepage": null,
    "size": 8608,
    "stargazers_count": 0,
    "watchers_count": 0,
    "language": null,
    "has_issues": false,
    "has_projects": true,
    "has_downloads": true,
    "has_wiki": false,
    "has_pages": false,
    "has_discussions": false,
    "forks_count": 0,
    "mirror_url": null,
    "archived": false,
    "disabled": false,
    "open_issues_count": 0,
    "license": {
        "key": "apache-2.0",
        "name": "Apache License 2.0",
        "spdx_id": "Apache-2.0",
        "url": "https://api.github.com/licenses/apache-2.0",
        "node_id": "MDc6TGljZW5zZTI="
    },
    "allow_forking": true,
    "is_template": false,
    "web_commit_signoff_required": false,
    "topics": [],
    "visibility": "public",
    "forks": 0,
    "open_issues": 0,
    "watchers": 0,
    "default_branch": "master",
    "permissions": {
        "admin": false,
        "maintain": false,
        "push": false,
        "triage": false,
        "pull": true
    },
    "temp_clone_token": "",
    "parent": {
        "id": 289977772,
        "node_id": "MDEwOlJlcG9zaXRvcnkyODk5Nzc3NzI=",
        "name": "java-dialogflow-cx",
        "full_name": "googleapis/java-dialogflow-cx",
        "private": false,
        "owner": {
            "login": "googleapis",
            "id": 16785467,
            "node_id": "MDEyOk9yZ2FuaXphdGlvbjE2Nzg1NDY3",
            "avatar_url": "https://avatars.githubusercontent.com/u/16785467?v=4",
            "gravatar_id": "",
            "url": "https://api.github.com/users/googleapis",
            "html_url": "https://github.com/googleapis",
            "followers_url": "https://api.github.com/users/googleapis/followers",
            "following_url": "https://api.github.com/users/googleapis/following{/other_user}",
            "gists_url": "https://api.github.com/users/googleapis/gists{/gist_id}",
            "starred_url": "https://api.github.com/users/googleapis/starred{/owner}{/repo}",
            "subscriptions_url": "https://api.github.com/users/googleapis/subscriptions",
            "organizations_url": "https://api.github.com/users/googleapis/orgs",
            "repos_url": "https://api.github.com/users/googleapis/repos",
            "events_url": "https://api.github.com/users/googleapis/events{/privacy}",
            "received_events_url": "https://api.github.com/users/googleapis/received_events",
            "type": "Organization",
            "site_admin": false
        },
        "html_url": "https://github.com/googleapis/java-dialogflow-cx",
        "description": "This library has moved to https://github.com/googleapis/google-cloud-java/tree/main/java-dialogflow-cx.",
        "fork": false,
        "url": "https://api.github.com/repos/googleapis/java-dialogflow-cx",
        "forks_url": "https://api.github.com/repos/googleapis/java-dialogflow-cx/forks",
        "keys_url": "https://api.github.com/repos/googleapis/java-dialogflow-cx/keys{/key_id}",
        "collaborators_url": "https://api.github.com/repos/googleapis/java-dialogflow-cx/collaborators{/collaborator}",
        "teams_url": "https://api.github.com/repos/googleapis/java-dialogflow-cx/teams",
        "hooks_url": "https://api.github.com/repos/googleapis/java-dialogflow-cx/hooks",
        "issue_events_url": "https://api.github.com/repos/googleapis/java-dialogflow-cx/issues/events{/number}",
        "events_url": "https://api.github.com/repos/googleapis/java-dialogflow-cx/events",
        "assignees_url": "https://api.github.com/repos/googleapis/java-dialogflow-cx/assignees{/user}",
        "branches_url": "https://api.github.com/repos/googleapis/java-dialogflow-cx/branches{/branch}",
        "tags_url": "https://api.github.com/repos/googleapis/java-dialogflow-cx/tags",
        "blobs_url": "https://api.github.com/repos/googleapis/java-dialogflow-cx/git/blobs{/sha}",
        "git_tags_url": "https://api.github.com/repos/googleapis/java-dialogflow-cx/git/tags{/sha}",
        "git_refs_url": "https://api.github.com/repos/googleapis/java-dialogflow-cx/git/refs{/sha}",
        "trees_url": "https://api.github.com/repos/googleapis/java-dialogflow-cx/git/trees{/sha}",
        "statuses_url": "https://api.github.com/repos/googleapis/java-dialogflow-cx/statuses/{sha}",
        "languages_url": "https://api.github.com/repos/googleapis/java-dialogflow-cx/languages",
        "stargazers_url": "https://api.github.com/repos/googleapis/java-dialogflow-cx/stargazers",
        "contributors_url": "https://api.github.com/repos/googleapis/java-dialogflow-cx/contributors",
        "subscribers_url": "https://api.github.com/repos/googleapis/java-dialogflow-cx/subscribers",
        "subscription_url": "https://api.github.com/repos/googleapis/java-dialogflow-cx/subscription",
        "commits_url": "https://api.github.com/repos/googleapis/java-dialogflow-cx/commits{/sha}",
        "git_commits_url": "https://api.github.com/repos/googleapis/java-dialogflow-cx/git/commits{/sha}",
        "comments_url": "https://api.github.com/repos/googleapis/java-dialogflow-cx/comments{/number}",
        "issue_comment_url": "https://api.github.com/repos/googleapis/java-dialogflow-cx/issues/comments{/number}",
        "contents_url": "https://api.github.com/repos/googleapis/java-dialogflow-cx/contents/{+path}",
        "compare_url": "https://api.github.com/repos/googleapis/java-dialogflow-cx/compare/{base}...{head}",
        "merges_url": "https://api.github.com/repos/googleapis/java-dialogflow-cx/merges",
        "archive_url": "https://api.github.com/repos/googleapis/java-dialogflow-cx/{archive_format}{/ref}",
        "downloads_url": "https://api.github.com/repos/googleapis/java-dialogflow-cx/downloads",
        "issues_url": "https://api.github.com/repos/googleapis/java-dialogflow-cx/issues{/number}",
        "pulls_url": "https://api.github.com/repos/googleapis/java-dialogflow-cx/pulls{/number}",
        "milestones_url": "https://api.github.com/repos/googleapis/java-dialogflow-cx/milestones{/number}",
        "notifications_url": "https://api.github.com/repos/googleapis/java-dialogflow-cx/notifications{?since,all,participating}",
        "labels_url": "https://api.github.com/repos/googleapis/java-dialogflow-cx/labels{/name}",
        "releases_url": "https://api.github.com/repos/googleapis/java-dialogflow-cx/releases{/id}",
        "deployments_url": "https://api.github.com/repos/googleapis/java-dialogflow-cx/deployments",
        "created_at": "2020-08-24T16:16:21Z",
        "updated_at": "2023-09-16T22:54:17Z",
        "pushed_at": "2023-07-05T18:37:27Z",
        "git_url": "git://github.com/googleapis/java-dialogflow-cx.git",
        "ssh_url": "git@github.com:googleapis/java-dialogflow-cx.git",
        "clone_url": "https://github.com/googleapis/java-dialogflow-cx.git",
        "svn_url": "https://github.com/googleapis/java-dialogflow-cx",
        "homepage": null,
        "size": 14544,
        "stargazers_count": 16,
        "watchers_count": 16,
        "language": null,
        "has_issues": false,
        "has_projects": false,
        "has_downloads": true,
        "has_wiki": false,
        "has_pages": false,
        "has_discussions": false,
        "forks_count": 16,
        "mirror_url": null,
        "archived": true,
        "disabled": false,
        "open_issues_count": 0,
        "license": {
            "key": "apache-2.0",
            "name": "Apache License 2.0",
            "spdx_id": "Apache-2.0",
            "url": "https://api.github.com/licenses/apache-2.0",
            "node_id": "MDc6TGljZW5zZTI="
        },
        "allow_forking": true,
        "is_template": false,
        "web_commit_signoff_required": false,
        "topics": [],
        "visibility": "public",
        "forks": 16,
        "open_issues": 0,
        "watchers": 16,
        "default_branch": "main"
    },
    "source": {
        "id": 289977772,
        "node_id": "MDEwOlJlcG9zaXRvcnkyODk5Nzc3NzI=",
        "name": "java-dialogflow-cx",
        "full_name": "googleapis/java-dialogflow-cx",
        "private": false,
        "owner": {
            "login": "googleapis",
            "id": 16785467,
            "node_id": "MDEyOk9yZ2FuaXphdGlvbjE2Nzg1NDY3",
            "avatar_url": "https://avatars.githubusercontent.com/u/16785467?v=4",
            "gravatar_id": "",
            "url": "https://api.github.com/users/googleapis",
            "html_url": "https://github.com/googleapis",
            "followers_url": "https://api.github.com/users/googleapis/followers",
            "following_url": "https://api.github.com/users/googleapis/following{/other_user}",
            "gists_url": "https://api.github.com/users/googleapis/gists{/gist_id}",
            "starred_url": "https://api.github.com/users/googleapis/starred{/owner}{/repo}",
            "subscriptions_url": "https://api.github.com/users/googleapis/subscriptions",
            "organizations_url": "https://api.github.com/users/googleapis/orgs",
            "repos_url": "https://api.github.com/users/googleapis/repos",
            "events_url": "https://api.github.com/users/googleapis/events{/privacy}",
            "received_events_url": "https://api.github.com/users/googleapis/received_events",
            "type": "Organization",
            "site_admin": false
        },
        "html_url": "https://github.com/googleapis/java-dialogflow-cx",
        "description": "This library has moved to https://github.com/googleapis/google-cloud-java/tree/main/java-dialogflow-cx.",
        "fork": false,
        "url": "https://api.github.com/repos/googleapis/java-dialogflow-cx",
        "forks_url": "https://api.github.com/repos/googleapis/java-dialogflow-cx/forks",
        "keys_url": "https://api.github.com/repos/googleapis/java-dialogflow-cx/keys{/key_id}",
        "collaborators_url": "https://api.github.com/repos/googleapis/java-dialogflow-cx/collaborators{/collaborator}",
        "teams_url": "https://api.github.com/repos/googleapis/java-dialogflow-cx/teams",
        "hooks_url": "https://api.github.com/repos/googleapis/java-dialogflow-cx/hooks",
        "issue_events_url": "https://api.github.com/repos/googleapis/java-dialogflow-cx/issues/events{/number}",
        "events_url": "https://api.github.com/repos/googleapis/java-dialogflow-cx/events",
        "assignees_url": "https://api.github.com/repos/googleapis/java-dialogflow-cx/assignees{/user}",
        "branches_url": "https://api.github.com/repos/googleapis/java-dialogflow-cx/branches{/branch}",
        "tags_url": "https://api.github.com/repos/googleapis/java-dialogflow-cx/tags",
        "blobs_url": "https://api.github.com/repos/googleapis/java-dialogflow-cx/git/blobs{/sha}",
        "git_tags_url": "https://api.github.com/repos/googleapis/java-dialogflow-cx/git/tags{/sha}",
        "git_refs_url": "https://api.github.com/repos/googleapis/java-dialogflow-cx/git/refs{/sha}",
        "trees_url": "https://api.github.com/repos/googleapis/java-dialogflow-cx/git/trees{/sha}",
        "statuses_url": "https://api.github.com/repos/googleapis/java-dialogflow-cx/statuses/{sha}",
        "languages_url": "https://api.github.com/repos/googleapis/java-dialogflow-cx/languages",
        "stargazers_url": "https://api.github.com/repos/googleapis/java-dialogflow-cx/stargazers",
        "contributors_url": "https://api.github.com/repos/googleapis/java-dialogflow-cx/contributors",
        "subscribers_url": "https://api.github.com/repos/googleapis/java-dialogflow-cx/subscribers",
        "subscription_url": "https://api.github.com/repos/googleapis/java-dialogflow-cx/subscription",
        "commits_url": "https://api.github.com/repos/googleapis/java-dialogflow-cx/commits{/sha}",
        "git_commits_url": "https://api.github.com/repos/googleapis/java-dialogflow-cx/git/commits{/sha}",
        "comments_url": "https://api.github.com/repos/googleapis/java-dialogflow-cx/comments{/number}",
        "issue_comment_url": "https://api.github.com/repos/googleapis/java-dialogflow-cx/issues/comments{/number}",
        "contents_url": "https://api.github.com/repos/googleapis/java-dialogflow-cx/contents/{+path}",
        "compare_url": "https://api.github.com/repos/googleapis/java-dialogflow-cx/compare/{base}...{head}",
        "merges_url": "https://api.github.com/repos/googleapis/java-dialogflow-cx/merges",
        "archive_url": "https://api.github.com/repos/googleapis/java-dialogflow-cx/{archive_format}{/ref}",
        "downloads_url": "https://api.github.com/repos/googleapis/java-dialogflow-cx/downloads",
        "issues_url": "https://api.github.com/repos/googleapis/java-dialogflow-cx/issues{/number}",
        "pulls_url": "https://api.github.com/repos/googleapis/java-dialogflow-cx/pulls{/number}",
        "milestones_url": "https://api.github.com/repos/googleapis/java-dialogflow-cx/milestones{/number}",
        "notifications_url": "https://api.github.com/repos/googleapis/java-dialogflow-cx/notifications{?since,all,participating}",
        "labels_url": "https://api.github.com/repos/googleapis/java-dialogflow-cx/labels{/name}",
        "releases_url": "https://api.github.com/repos/googleapis/java-dialogflow-cx/releases{/id}",
        "deployments_url": "https://api.github.com/repos/googleapis/java-dialogflow-cx/deployments",
        "created_at": "2020-08-24T16:16:21Z",
        "updated_at": "2023-09-16T22:54:17Z",
        "pushed_at": "2023-07-05T18:37:27Z",
        "git_url": "git://github.com/googleapis/java-dialogflow-cx.git",
        "ssh_url": "git@github.com:googleapis/java-dialogflow-cx.git",
        "clone_url": "https://github.com/googleapis/java-dialogflow-cx.git",
        "svn_url": "https://github.com/googleapis/java-dialogflow-cx",
        "homepage": null,
        "size": 14544,
        "stargazers_count": 16,
        "watchers_count": 16,
        "language": null,
        "has_issues": false,
        "has_projects": false,
        "has_downloads": true,
        "has_wiki": false,
        "has_pages": false,
        "has_discussions": false,
        "forks_count": 16,
        "mirror_url": null,
        "archived": true,
        "disabled": false,
        "open_issues_count": 0,
        "license": {
            "key": "apache-2.0",
            "name": "Apache License 2.0",
            "spdx_id": "Apache-2.0",
            "url": "https://api.github.com/licenses/apache-2.0",
            "node_id": "MDc6TGljZW5zZTI="
        },
        "allow_forking": true,
        "is_template": false,
        "web_commit_signoff_required": false,
        "topics": [],
        "visibility": "public",
        "forks": 16,
        "open_issues": 0,
        "watchers": 16,
        "default_branch": "main"
    },
    "network_count": 16,
    "subscribers_count": 1
}