{
    "id": 315843736,
    "node_id": "MDEwOlJlcG9zaXRvcnkzMTU4NDM3MzY=",
    "name": "java-talent",
    "full_name": "suraj-qlogic/java-talent",
    "private": false,
    "owner": {
        "login": "suraj-qlogic",
        "id": 48670070,
        "node_id": "MDQ6VXNlcjQ4NjcwMDcw",
        "avatar_url": "https://avatars.githubusercontent.com/u/48670070?v=4",
        "gravatar_id": "",
        "url": "https://api.github.com/users/suraj-qlogic",
        "html_url": "https://github.com/suraj-qlogic",
        "followers_url": "https://api.github.com/users/suraj-qlogic/followers",
        "following_url": "https://api.github.com/users/suraj-qlogic/following{/other_user}",
        "gists_url": "https://api.github.com/users/suraj-qlogic/gists{/gist_id}",
        "starred_url": "https://api.github.com/users/suraj-qlogic/starred{/owner}{/repo}",
        "subscriptions_url": "https://api.github.com/users/suraj-qlogic/subscriptions",
        "organizations_url": "https://api.github.com/users/suraj-qlogic/orgs",
        "repos_url": "https://api.github.com/users/suraj-qlogic/repos",
        "events_url": "https://api.github.com/users/suraj-qlogic/events{/privacy}",
        "received_events_url": "https://api.github.com/users/suraj-qlogic/received_events",
        "type": "User",
        "site_admin": false
    },
    "html_url": "https://github.com/suraj-qlogic/java-talent",
    "description": null,
    "fork": true,
    "url": "https://api.github.com/repos/suraj-qlogic/java-talent",
    "forks_url": "https://api.github.com/repos/suraj-qlogic/java-talent/forks",
    "keys_url": "https://api.github.com/repos/suraj-qlogic/java-talent/keys{/key_id}",
    "collaborators_url": "https://api.github.com/repos/suraj-qlogic/java-talent/collaborators{/collaborator}",
    "teams_url": "https://api.github.com/repos/suraj-qlogic/java-talent/teams",
    "hooks_url": "https://api.github.com/repos/suraj-qlogic/java-talent/hooks",
    "issue_events_url": "https://api.github.com/repos/suraj-qlogic/java-talent/issues/events{/number}",
    "events_url": "https://api.github.com/repos/suraj-qlogic/java-talent/events",
    "assignees_url": "https://api.github.com/repos/suraj-qlogic/java-talent/assignees{/user}",
    "branches_url": "https://api.github.com/repos/suraj-qlogic/java-talent/branches{/branch}",
    "tags_url": "https://api.github.com/repos/suraj-qlogic/java-talent/tags",
    "blobs_url": "https://api.github.com/repos/suraj-qlogic/java-talent/git/blobs{/sha}",
    "git_tags_url": "https://api.github.com/repos/suraj-qlogic/java-talent/git/tags{/sha}",
    "git_refs_url": "https://api.github.com/repos/suraj-qlogic/java-talent/git/refs{/sha}",
    "trees_url": "https://api.github.com/repos/suraj-qlogic/java-talent/git/trees{/sha}",
    "statuses_url": "https://api.github.com/repos/suraj-qlogic/java-talent/statuses/{sha}",
    "languages_url": "https://api.github.com/repos/suraj-qlogic/java-talent/languages",
    "stargazers_url": "https://api.github.com/repos/suraj-qlogic/java-talent/stargazers",
    "contributors_url": "https://api.github.com/repos/suraj-qlogic/java-talent/contributors",
    "subscribers_url": "https://api.github.com/repos/suraj-qlogic/java-talent/subscribers",
    "subscription_url": "https://api.github.com/repos/suraj-qlogic/java-talent/subscription",
    "commits_url": "https://api.github.com/repos/suraj-qlogic/java-talent/commits{/sha}",
    "git_commits_url": "https://api.github.com/repos/suraj-qlogic/java-talent/git/commits{/sha}",
    "comments_url": "https://api.github.com/repos/suraj-qlogic/java-talent/comments{/number}",
    "issue_comment_url": "https://api.github.com/repos/suraj-qlogic/java-talent/issues/comments{/number}",
    "contents_url": "https://api.github.com/repos/suraj-qlogic/java-talent/contents/{+path}",
    "compare_url": "https://api.github.com/repos/suraj-qlogic/java-talent/compare/{base}...{head}",
    "merges_url": "https://api.github.com/repos/suraj-qlogic/java-talent/merges",
    "archive_url": "https://api.github.com/repos/suraj-qlogic/java-talent/{archive_format}{/ref}",
    "downloads_url": "https://api.github.com/repos/suraj-qlogic/java-talent/downloads",
    "issues_url": "https://api.github.com/repos/suraj-qlogic/java-talent/issues{/number}",
    "pulls_url": "https://api.github.com/repos/suraj-qlogic/java-talent/pulls{/number}",
    "milestones_url": "https://api.github.com/repos/suraj-qlogic/java-talent/milestones{/number}",
    "notifications_url": "https://api.github.com/repos/suraj-qlogic/java-talent/notifications{?since,all,participating}",
    "labels_url": "https://api.github.com/repos/suraj-qlogic/java-talent/labels{/name}",
    "releases_url": "https://api.github.com/repos/suraj-qlogic/java-talent/releases{/id}",
    "deployments_url": "https://api.github.com/repos/suraj-qlogic/java-talent/deployments",
    "created_at": "2020-11-25T06:01:25Z",
    "updated_at": "2020-12-07T11:59:11Z",
    "pushed_at": "2020-12-07T11:59:43Z",
    "git_url": "git://github.com/suraj-qlogic/java-talent.git",
    "ssh_url": "git@github.com:suraj-qlogic/java-talent.git",
    "clone_url": "https://github.com/suraj-qlogic/java-talent.git",
    "svn_url": "https://github.com/suraj-qlogic/java-talent",
    "homepage": null,
    "size": 4507,
    "stargazers_count": 0,
    "watchers_count": 0,
    "language": "Java",
    "has_issues": false,
    "has_projects": true,
    "has_downloads": true,
    "has_wiki": false,
    "has_pages": false,
    "has_discussions": false,
    "forks_count": 0,
    "mirror_url": null,
    "archived": false,
    "disabled": false,
    "open_issues_count": 0,
    "license": {
        "key": "apache-2.0",
        "name": "Apache License 2.0",
        "spdx_id": "Apache-2.0",
        "url": "https://api.github.com/licenses/apache-2.0",
        "node_id": "MDc6TGljZW5zZTI="
    },
    "allow_forking": true,
    "is_template": false,
    "web_commit_signoff_required": false,
    "topics": [],
    "visibility": "public",
    "forks": 0,
    "open_issues": 0,
    "watchers": 0,
    "default_branch": "master",
    "permissions": {
        "admin": false,
        "maintain": false,
        "push": false,
        "triage": false,
        "pull": true
    },
    "temp_clone_token": "",
    "parent": {
        "id": 203461511,
        "node_id": "MDEwOlJlcG9zaXRvcnkyMDM0NjE1MTE=",
        "name": "java-talent",
        "full_name": "googleapis/java-talent",
        "private": false,
        "owner": {
            "login": "googleapis",
            "id": 16785467,
            "node_id": "MDEyOk9yZ2FuaXphdGlvbjE2Nzg1NDY3",
            "avatar_url": "https://avatars.githubusercontent.com/u/16785467?v=4",
            "gravatar_id": "",
            "url": "https://api.github.com/users/googleapis",
            "html_url": "https://github.com/googleapis",
            "followers_url": "https://api.github.com/users/googleapis/followers",
            "following_url": "https://api.github.com/users/googleapis/following{/other_user}",
            "gists_url": "https://api.github.com/users/googleapis/gists{/gist_id}",
            "starred_url": "https://api.github.com/users/googleapis/starred{/owner}{/repo}",
            "subscriptions_url": "https://api.github.com/users/googleapis/subscriptions",
            "organizations_url": "https://api.github.com/users/googleapis/orgs",
            "repos_url": "https://api.github.com/users/googleapis/repos",
            "events_url": "https://api.github.com/users/googleapis/events{/privacy}",
            "received_events_url": "https://api.github.com/users/googleapis/received_events",
            "type": "Organization",
            "site_admin": false
        },
        "html_url": "https://github.com/googleapis/java-talent",
        "description": "This library has moved to https://github.com/googleapis/google-cloud-java/tree/main/java-talent.",
        "fork": false,
        "url": "https://api.github.com/repos/googleapis/java-talent",
        "forks_url": "https://api.github.com/repos/googleapis/java-talent/forks",
        "keys_url": "https://api.github.com/repos/googleapis/java-talent/keys{/key_id}",
        "collaborators_url": "https://api.github.com/repos/googleapis/java-talent/collaborators{/collaborator}",
        "teams_url": "https://api.github.com/repos/googleapis/java-talent/teams",
        "hooks_url": "https://api.github.com/repos/googleapis/java-talent/hooks",
        "issue_events_url": "https://api.github.com/repos/googleapis/java-talent/issues/events{/number}",
        "events_url": "https://api.github.com/repos/googleapis/java-talent/events",
        "assignees_url": "https://api.github.com/repos/googleapis/java-talent/assignees{/user}",
        "branches_url": "https://api.github.com/repos/googleapis/java-talent/branches{/branch}",
        "tags_url": "https://api.github.com/repos/googleapis/java-talent/tags",
        "blobs_url": "https://api.github.com/repos/googleapis/java-talent/git/blobs{/sha}",
        "git_tags_url": "https://api.github.com/repos/googleapis/java-talent/git/tags{/sha}",
        "git_refs_url": "https://api.github.com/repos/googleapis/java-talent/git/refs{/sha}",
        "trees_url": "https://api.github.com/repos/googleapis/java-talent/git/trees{/sha}",
        "statuses_url": "https://api.github.com/repos/googleapis/java-talent/statuses/{sha}",
        "languages_url": "https://api.github.com/repos/googleapis/java-talent/languages",
        "stargazers_url": "https://api.github.com/repos/googleapis/java-talent/stargazers",
        "contributors_url": "https://api.github.com/repos/googleapis/java-talent/contributors",
        "subscribers_url": "https://api.github.com/repos/googleapis/java-talent/subscribers",
        "subscription_url": "https://api.github.com/repos/googleapis/java-talent/subscription",
        "commits_url": "https://api.github.com/repos/googleapis/java-talent/commits{/sha}",
        "git_commits_url": "https://api.github.com/repos/googleapis/java-talent/git/commits{/sha}",
        "comments_url": "https://api.github.com/repos/googleapis/java-talent/comments{/number}",
        "issue_comment_url": "https://api.github.com/repos/googleapis/java-talent/issues/comments{/number}",
        "contents_url": "https://api.github.com/repos/googleapis/java-talent/contents/{+path}",
        "compare_url": "https://api.github.com/repos/googleapis/java-talent/compare/{base}...{head}",
        "merges_url": "https://api.github.com/repos/googleapis/java-talent/merges",
        "archive_url": "https://api.github.com/repos/googleapis/java-talent/{archive_format}{/ref}",
        "downloads_url": "https://api.github.com/repos/googleapis/java-talent/downloads",
        "issues_url": "https://api.github.com/repos/googleapis/java-talent/issues{/number}",
        "pulls_url": "https://api.github.com/repos/googleapis/java-talent/pulls{/number}",
        "milestones_url": "https://api.github.com/repos/googleapis/java-talent/milestones{/number}",
        "notifications_url": "https://api.github.com/repos/googleapis/java-talent/notifications{?since,all,participating}",
        "labels_url": "https://api.github.com/repos/googleapis/java-talent/labels{/name}",
        "releases_url": "https://api.github.com/repos/googleapis/java-talent/releases{/id}",
        "deployments_url": "https://api.github.com/repos/googleapis/java-talent/deployments",
        "created_at": "2019-08-20T22:07:50Z",
        "updated_at": "2023-09-27T22:52:12Z",
        "pushed_at": "2023-07-10T17:35:32Z",
        "git_url": "git://github.com/googleapis/java-talent.git",
        "ssh_url": "git@github.com:googleapis/java-talent.git",
        "clone_url": "https://github.com/googleapis/java-talent.git",
        "svn_url": "https://github.com/googleapis/java-talent",
        "homepage": null,
        "size": 8267,
        "stargazers_count": 4,
        "watchers_count": 4,
        "language": null,
        "has_issues": true,
        "has_projects": false,
        "has_downloads": true,
        "has_wiki": false,
        "has_pages": false,
        "has_discussions": false,
        "forks_count": 16,
        "mirror_url": null,
        "archived": true,
        "disabled": false,
        "open_issues_count": 0,
        "license": {
            "key": "apache-2.0",
            "name": "Apache License 2.0",
            "spdx_id": "Apache-2.0",
            "url": "https://api.github.com/licenses/apache-2.0",
            "node_id": "MDc6TGljZW5zZTI="
        },
        "allow_forking": true,
        "is_template": false,
        "web_commit_signoff_required": false,
        "topics": [],
        "visibility": "public",
        "forks": 16,
        "open_issues": 0,
        "watchers": 4,
        "default_branch": "main"
    },
    "source": {
        "id": 203461511,
        "node_id": "MDEwOlJlcG9zaXRvcnkyMDM0NjE1MTE=",
        "name": "java-talent",
        "full_name": "googleapis/java-talent",
        "private": false,
        "owner": {
            "login": "googleapis",
            "id": 16785467,
            "node_id": "MDEyOk9yZ2FuaXphdGlvbjE2Nzg1NDY3",
            "avatar_url": "https://avatars.githubusercontent.com/u/16785467?v=4",
            "gravatar_id": "",
            "url": "https://api.github.com/users/googleapis",
            "html_url": "https://github.com/googleapis",
            "followers_url": "https://api.github.com/users/googleapis/followers",
            "following_url": "https://api.github.com/users/googleapis/following{/other_user}",
            "gists_url": "https://api.github.com/users/googleapis/gists{/gist_id}",
            "starred_url": "https://api.github.com/users/googleapis/starred{/owner}{/repo}",
            "subscriptions_url": "https://api.github.com/users/googleapis/subscriptions",
            "organizations_url": "https://api.github.com/users/googleapis/orgs",
            "repos_url": "https://api.github.com/users/googleapis/repos",
            "events_url": "https://api.github.com/users/googleapis/events{/privacy}",
            "received_events_url": "https://api.github.com/users/googleapis/received_events",
            "type": "Organization",
            "site_admin": false
        },
        "html_url": "https://github.com/googleapis/java-talent",
        "description": "This library has moved to https://github.com/googleapis/google-cloud-java/tree/main/java-talent.",
        "fork": false,
        "url": "https://api.github.com/repos/googleapis/java-talent",
        "forks_url": "https://api.github.com/repos/googleapis/java-talent/forks",
        "keys_url": "https://api.github.com/repos/googleapis/java-talent/keys{/key_id}",
        "collaborators_url": "https://api.github.com/repos/googleapis/java-talent/collaborators{/collaborator}",
        "teams_url": "https://api.github.com/repos/googleapis/java-talent/teams",
        "hooks_url": "https://api.github.com/repos/googleapis/java-talent/hooks",
        "issue_events_url": "https://api.github.com/repos/googleapis/java-talent/issues/events{/number}",
        "events_url": "https://api.github.com/repos/googleapis/java-talent/events",
        "assignees_url": "https://api.github.com/repos/googleapis/java-talent/assignees{/user}",
        "branches_url": "https://api.github.com/repos/googleapis/java-talent/branches{/branch}",
        "tags_url": "https://api.github.com/repos/googleapis/java-talent/tags",
        "blobs_url": "https://api.github.com/repos/googleapis/java-talent/git/blobs{/sha}",
        "git_tags_url": "https://api.github.com/repos/googleapis/java-talent/git/tags{/sha}",
        "git_refs_url": "https://api.github.com/repos/googleapis/java-talent/git/refs{/sha}",
        "trees_url": "https://api.github.com/repos/googleapis/java-talent/git/trees{/sha}",
        "statuses_url": "https://api.github.com/repos/googleapis/java-talent/statuses/{sha}",
        "languages_url": "https://api.github.com/repos/googleapis/java-talent/languages",
        "stargazers_url": "https://api.github.com/repos/googleapis/java-talent/stargazers",
        "contributors_url": "https://api.github.com/repos/googleapis/java-talent/contributors",
        "subscribers_url": "https://api.github.com/repos/googleapis/java-talent/subscribers",
        "subscription_url": "https://api.github.com/repos/googleapis/java-talent/subscription",
        "commits_url": "https://api.github.com/repos/googleapis/java-talent/commits{/sha}",
        "git_commits_url": "https://api.github.com/repos/googleapis/java-talent/git/commits{/sha}",
        "comments_url": "https://api.github.com/repos/googleapis/java-talent/comments{/number}",
        "issue_comment_url": "https://api.github.com/repos/googleapis/java-talent/issues/comments{/number}",
        "contents_url": "https://api.github.com/repos/googleapis/java-talent/contents/{+path}",
        "compare_url": "https://api.github.com/repos/googleapis/java-talent/compare/{base}...{head}",
        "merges_url": "https://api.github.com/repos/googleapis/java-talent/merges",
        "archive_url": "https://api.github.com/repos/googleapis/java-talent/{archive_format}{/ref}",
        "downloads_url": "https://api.github.com/repos/googleapis/java-talent/downloads",
        "issues_url": "https://api.github.com/repos/googleapis/java-talent/issues{/number}",
        "pulls_url": "https://api.github.com/repos/googleapis/java-talent/pulls{/number}",
        "milestones_url": "https://api.github.com/repos/googleapis/java-talent/milestones{/number}",
        "notifications_url": "https://api.github.com/repos/googleapis/java-talent/notifications{?since,all,participating}",
        "labels_url": "https://api.github.com/repos/googleapis/java-talent/labels{/name}",
        "releases_url": "https://api.github.com/repos/googleapis/java-talent/releases{/id}",
        "deployments_url": "https://api.github.com/repos/googleapis/java-talent/deployments",
        "created_at": "2019-08-20T22:07:50Z",
        "updated_at": "2023-09-27T22:52:12Z",
        "pushed_at": "2023-07-10T17:35:32Z",
        "git_url": "git://github.com/googleapis/java-talent.git",
        "ssh_url": "git@github.com:googleapis/java-talent.git",
        "clone_url": "https://github.com/googleapis/java-talent.git",
        "svn_url": "https://github.com/googleapis/java-talent",
        "homepage": null,
        "size": 8267,
        "stargazers_count": 4,
        "watchers_count": 4,
        "language": null,
        "has_issues": true,
        "has_projects": false,
        "has_downloads": true,
        "has_wiki": false,
        "has_pages": false,
        "has_discussions": false,
        "forks_count": 16,
        "mirror_url": null,
        "archived": true,
        "disabled": false,
        "open_issues_count": 0,
        "license": {
            "key": "apache-2.0",
            "name": "Apache License 2.0",
            "spdx_id": "Apache-2.0",
            "url": "https://api.github.com/licenses/apache-2.0",
            "node_id": "MDc6TGljZW5zZTI="
        },
        "allow_forking": true,
        "is_template": false,
        "web_commit_signoff_required": false,
        "topics": [],
        "visibility": "public",
        "forks": 16,
        "open_issues": 0,
        "watchers": 4,
        "default_branch": "main"
    },
    "network_count": 16,
    "subscribers_count": 1
}