{
    "id": 297430507,
    "node_id": "MDEwOlJlcG9zaXRvcnkyOTc0MzA1MDc=",
    "name": "java-dataproc",
    "full_name": "suraj-qlogic/java-dataproc",
    "private": false,
    "owner": {
        "login": "suraj-qlogic",
        "id": 48670070,
        "node_id": "MDQ6VXNlcjQ4NjcwMDcw",
        "avatar_url": "https://avatars.githubusercontent.com/u/48670070?v=4",
        "gravatar_id": "",
        "url": "https://api.github.com/users/suraj-qlogic",
        "html_url": "https://github.com/suraj-qlogic",
        "followers_url": "https://api.github.com/users/suraj-qlogic/followers",
        "following_url": "https://api.github.com/users/suraj-qlogic/following{/other_user}",
        "gists_url": "https://api.github.com/users/suraj-qlogic/gists{/gist_id}",
        "starred_url": "https://api.github.com/users/suraj-qlogic/starred{/owner}{/repo}",
        "subscriptions_url": "https://api.github.com/users/suraj-qlogic/subscriptions",
        "organizations_url": "https://api.github.com/users/suraj-qlogic/orgs",
        "repos_url": "https://api.github.com/users/suraj-qlogic/repos",
        "events_url": "https://api.github.com/users/suraj-qlogic/events{/privacy}",
        "received_events_url": "https://api.github.com/users/suraj-qlogic/received_events",
        "type": "User",
        "site_admin": false
    },
    "html_url": "https://github.com/suraj-qlogic/java-dataproc",
    "description": null,
    "fork": true,
    "url": "https://api.github.com/repos/suraj-qlogic/java-dataproc",
    "forks_url": "https://api.github.com/repos/suraj-qlogic/java-dataproc/forks",
    "keys_url": "https://api.github.com/repos/suraj-qlogic/java-dataproc/keys{/key_id}",
    "collaborators_url": "https://api.github.com/repos/suraj-qlogic/java-dataproc/collaborators{/collaborator}",
    "teams_url": "https://api.github.com/repos/suraj-qlogic/java-dataproc/teams",
    "hooks_url": "https://api.github.com/repos/suraj-qlogic/java-dataproc/hooks",
    "issue_events_url": "https://api.github.com/repos/suraj-qlogic/java-dataproc/issues/events{/number}",
    "events_url": "https://api.github.com/repos/suraj-qlogic/java-dataproc/events",
    "assignees_url": "https://api.github.com/repos/suraj-qlogic/java-dataproc/assignees{/user}",
    "branches_url": "https://api.github.com/repos/suraj-qlogic/java-dataproc/branches{/branch}",
    "tags_url": "https://api.github.com/repos/suraj-qlogic/java-dataproc/tags",
    "blobs_url": "https://api.github.com/repos/suraj-qlogic/java-dataproc/git/blobs{/sha}",
    "git_tags_url": "https://api.github.com/repos/suraj-qlogic/java-dataproc/git/tags{/sha}",
    "git_refs_url": "https://api.github.com/repos/suraj-qlogic/java-dataproc/git/refs{/sha}",
    "trees_url": "https://api.github.com/repos/suraj-qlogic/java-dataproc/git/trees{/sha}",
    "statuses_url": "https://api.github.com/repos/suraj-qlogic/java-dataproc/statuses/{sha}",
    "languages_url": "https://api.github.com/repos/suraj-qlogic/java-dataproc/languages",
    "stargazers_url": "https://api.github.com/repos/suraj-qlogic/java-dataproc/stargazers",
    "contributors_url": "https://api.github.com/repos/suraj-qlogic/java-dataproc/contributors",
    "subscribers_url": "https://api.github.com/repos/suraj-qlogic/java-dataproc/subscribers",
    "subscription_url": "https://api.github.com/repos/suraj-qlogic/java-dataproc/subscription",
    "commits_url": "https://api.github.com/repos/suraj-qlogic/java-dataproc/commits{/sha}",
    "git_commits_url": "https://api.github.com/repos/suraj-qlogic/java-dataproc/git/commits{/sha}",
    "comments_url": "https://api.github.com/repos/suraj-qlogic/java-dataproc/comments{/number}",
    "issue_comment_url": "https://api.github.com/repos/suraj-qlogic/java-dataproc/issues/comments{/number}",
    "contents_url": "https://api.github.com/repos/suraj-qlogic/java-dataproc/contents/{+path}",
    "compare_url": "https://api.github.com/repos/suraj-qlogic/java-dataproc/compare/{base}...{head}",
    "merges_url": "https://api.github.com/repos/suraj-qlogic/java-dataproc/merges",
    "archive_url": "https://api.github.com/repos/suraj-qlogic/java-dataproc/{archive_format}{/ref}",
    "downloads_url": "https://api.github.com/repos/suraj-qlogic/java-dataproc/downloads",
    "issues_url": "https://api.github.com/repos/suraj-qlogic/java-dataproc/issues{/number}",
    "pulls_url": "https://api.github.com/repos/suraj-qlogic/java-dataproc/pulls{/number}",
    "milestones_url": "https://api.github.com/repos/suraj-qlogic/java-dataproc/milestones{/number}",
    "notifications_url": "https://api.github.com/repos/suraj-qlogic/java-dataproc/notifications{?since,all,participating}",
    "labels_url": "https://api.github.com/repos/suraj-qlogic/java-dataproc/labels{/name}",
    "releases_url": "https://api.github.com/repos/suraj-qlogic/java-dataproc/releases{/id}",
    "deployments_url": "https://api.github.com/repos/suraj-qlogic/java-dataproc/deployments",
    "created_at": "2020-09-21T18:44:02Z",
    "updated_at": "2020-12-07T14:17:52Z",
    "pushed_at": "2020-12-07T14:17:48Z",
    "git_url": "git://github.com/suraj-qlogic/java-dataproc.git",
    "ssh_url": "git@github.com:suraj-qlogic/java-dataproc.git",
    "clone_url": "https://github.com/suraj-qlogic/java-dataproc.git",
    "svn_url": "https://github.com/suraj-qlogic/java-dataproc",
    "homepage": null,
    "size": 4054,
    "stargazers_count": 0,
    "watchers_count": 0,
    "language": "Java",
    "has_issues": false,
    "has_projects": true,
    "has_downloads": true,
    "has_wiki": false,
    "has_pages": false,
    "has_discussions": false,
    "forks_count": 0,
    "mirror_url": null,
    "archived": false,
    "disabled": false,
    "open_issues_count": 0,
    "license": {
        "key": "apache-2.0",
        "name": "Apache License 2.0",
        "spdx_id": "Apache-2.0",
        "url": "https://api.github.com/licenses/apache-2.0",
        "node_id": "MDc6TGljZW5zZTI="
    },
    "allow_forking": true,
    "is_template": false,
    "web_commit_signoff_required": false,
    "topics": [],
    "visibility": "public",
    "forks": 0,
    "open_issues": 0,
    "watchers": 0,
    "default_branch": "master",
    "permissions": {
        "admin": false,
        "maintain": false,
        "push": false,
        "triage": false,
        "pull": true
    },
    "temp_clone_token": "",
    "parent": {
        "id": 203461424,
        "node_id": "MDEwOlJlcG9zaXRvcnkyMDM0NjE0MjQ=",
        "name": "java-dataproc",
        "full_name": "googleapis/java-dataproc",
        "private": false,
        "owner": {
            "login": "googleapis",
            "id": 16785467,
            "node_id": "MDEyOk9yZ2FuaXphdGlvbjE2Nzg1NDY3",
            "avatar_url": "https://avatars.githubusercontent.com/u/16785467?v=4",
            "gravatar_id": "",
            "url": "https://api.github.com/users/googleapis",
            "html_url": "https://github.com/googleapis",
            "followers_url": "https://api.github.com/users/googleapis/followers",
            "following_url": "https://api.github.com/users/googleapis/following{/other_user}",
            "gists_url": "https://api.github.com/users/googleapis/gists{/gist_id}",
            "starred_url": "https://api.github.com/users/googleapis/starred{/owner}{/repo}",
            "subscriptions_url": "https://api.github.com/users/googleapis/subscriptions",
            "organizations_url": "https://api.github.com/users/googleapis/orgs",
            "repos_url": "https://api.github.com/users/googleapis/repos",
            "events_url": "https://api.github.com/users/googleapis/events{/privacy}",
            "received_events_url": "https://api.github.com/users/googleapis/received_events",
            "type": "Organization",
            "site_admin": false
        },
        "html_url": "https://github.com/googleapis/java-dataproc",
        "description": "This library has moved to https://github.com/googleapis/google-cloud-java/tree/main/java-dataproc.",
        "fork": false,
        "url": "https://api.github.com/repos/googleapis/java-dataproc",
        "forks_url": "https://api.github.com/repos/googleapis/java-dataproc/forks",
        "keys_url": "https://api.github.com/repos/googleapis/java-dataproc/keys{/key_id}",
        "collaborators_url": "https://api.github.com/repos/googleapis/java-dataproc/collaborators{/collaborator}",
        "teams_url": "https://api.github.com/repos/googleapis/java-dataproc/teams",
        "hooks_url": "https://api.github.com/repos/googleapis/java-dataproc/hooks",
        "issue_events_url": "https://api.github.com/repos/googleapis/java-dataproc/issues/events{/number}",
        "events_url": "https://api.github.com/repos/googleapis/java-dataproc/events",
        "assignees_url": "https://api.github.com/repos/googleapis/java-dataproc/assignees{/user}",
        "branches_url": "https://api.github.com/repos/googleapis/java-dataproc/branches{/branch}",
        "tags_url": "https://api.github.com/repos/googleapis/java-dataproc/tags",
        "blobs_url": "https://api.github.com/repos/googleapis/java-dataproc/git/blobs{/sha}",
        "git_tags_url": "https://api.github.com/repos/googleapis/java-dataproc/git/tags{/sha}",
        "git_refs_url": "https://api.github.com/repos/googleapis/java-dataproc/git/refs{/sha}",
        "trees_url": "https://api.github.com/repos/googleapis/java-dataproc/git/trees{/sha}",
        "statuses_url": "https://api.github.com/repos/googleapis/java-dataproc/statuses/{sha}",
        "languages_url": "https://api.github.com/repos/googleapis/java-dataproc/languages",
        "stargazers_url": "https://api.github.com/repos/googleapis/java-dataproc/stargazers",
        "contributors_url": "https://api.github.com/repos/googleapis/java-dataproc/contributors",
        "subscribers_url": "https://api.github.com/repos/googleapis/java-dataproc/subscribers",
        "subscription_url": "https://api.github.com/repos/googleapis/java-dataproc/subscription",
        "commits_url": "https://api.github.com/repos/googleapis/java-dataproc/commits{/sha}",
        "git_commits_url": "https://api.github.com/repos/googleapis/java-dataproc/git/commits{/sha}",
        "comments_url": "https://api.github.com/repos/googleapis/java-dataproc/comments{/number}",
        "issue_comment_url": "https://api.github.com/repos/googleapis/java-dataproc/issues/comments{/number}",
        "contents_url": "https://api.github.com/repos/googleapis/java-dataproc/contents/{+path}",
        "compare_url": "https://api.github.com/repos/googleapis/java-dataproc/compare/{base}...{head}",
        "merges_url": "https://api.github.com/repos/googleapis/java-dataproc/merges",
        "archive_url": "https://api.github.com/repos/googleapis/java-dataproc/{archive_format}{/ref}",
        "downloads_url": "https://api.github.com/repos/googleapis/java-dataproc/downloads",
        "issues_url": "https://api.github.com/repos/googleapis/java-dataproc/issues{/number}",
        "pulls_url": "https://api.github.com/repos/googleapis/java-dataproc/pulls{/number}",
        "milestones_url": "https://api.github.com/repos/googleapis/java-dataproc/milestones{/number}",
        "notifications_url": "https://api.github.com/repos/googleapis/java-dataproc/notifications{?since,all,participating}",
        "labels_url": "https://api.github.com/repos/googleapis/java-dataproc/labels{/name}",
        "releases_url": "https://api.github.com/repos/googleapis/java-dataproc/releases{/id}",
        "deployments_url": "https://api.github.com/repos/googleapis/java-dataproc/deployments",
        "created_at": "2019-08-20T22:07:10Z",
        "updated_at": "2023-09-16T22:54:07Z",
        "pushed_at": "2023-07-10T17:10:55Z",
        "git_url": "git://github.com/googleapis/java-dataproc.git",
        "ssh_url": "git@github.com:googleapis/java-dataproc.git",
        "clone_url": "https://github.com/googleapis/java-dataproc.git",
        "svn_url": "https://github.com/googleapis/java-dataproc",
        "homepage": null,
        "size": 9527,
        "stargazers_count": 13,
        "watchers_count": 13,
        "language": null,
        "has_issues": false,
        "has_projects": false,
        "has_downloads": true,
        "has_wiki": false,
        "has_pages": false,
        "has_discussions": false,
        "forks_count": 28,
        "mirror_url": null,
        "archived": true,
        "disabled": false,
        "open_issues_count": 0,
        "license": {
            "key": "apache-2.0",
            "name": "Apache License 2.0",
            "spdx_id": "Apache-2.0",
            "url": "https://api.github.com/licenses/apache-2.0",
            "node_id": "MDc6TGljZW5zZTI="
        },
        "allow_forking": true,
        "is_template": false,
        "web_commit_signoff_required": false,
        "topics": [],
        "visibility": "public",
        "forks": 28,
        "open_issues": 0,
        "watchers": 13,
        "default_branch": "main"
    },
    "source": {
        "id": 203461424,
        "node_id": "MDEwOlJlcG9zaXRvcnkyMDM0NjE0MjQ=",
        "name": "java-dataproc",
        "full_name": "googleapis/java-dataproc",
        "private": false,
        "owner": {
            "login": "googleapis",
            "id": 16785467,
            "node_id": "MDEyOk9yZ2FuaXphdGlvbjE2Nzg1NDY3",
            "avatar_url": "https://avatars.githubusercontent.com/u/16785467?v=4",
            "gravatar_id": "",
            "url": "https://api.github.com/users/googleapis",
            "html_url": "https://github.com/googleapis",
            "followers_url": "https://api.github.com/users/googleapis/followers",
            "following_url": "https://api.github.com/users/googleapis/following{/other_user}",
            "gists_url": "https://api.github.com/users/googleapis/gists{/gist_id}",
            "starred_url": "https://api.github.com/users/googleapis/starred{/owner}{/repo}",
            "subscriptions_url": "https://api.github.com/users/googleapis/subscriptions",
            "organizations_url": "https://api.github.com/users/googleapis/orgs",
            "repos_url": "https://api.github.com/users/googleapis/repos",
            "events_url": "https://api.github.com/users/googleapis/events{/privacy}",
            "received_events_url": "https://api.github.com/users/googleapis/received_events",
            "type": "Organization",
            "site_admin": false
        },
        "html_url": "https://github.com/googleapis/java-dataproc",
        "description": "This library has moved to https://github.com/googleapis/google-cloud-java/tree/main/java-dataproc.",
        "fork": false,
        "url": "https://api.github.com/repos/googleapis/java-dataproc",
        "forks_url": "https://api.github.com/repos/googleapis/java-dataproc/forks",
        "keys_url": "https://api.github.com/repos/googleapis/java-dataproc/keys{/key_id}",
        "collaborators_url": "https://api.github.com/repos/googleapis/java-dataproc/collaborators{/collaborator}",
        "teams_url": "https://api.github.com/repos/googleapis/java-dataproc/teams",
        "hooks_url": "https://api.github.com/repos/googleapis/java-dataproc/hooks",
        "issue_events_url": "https://api.github.com/repos/googleapis/java-dataproc/issues/events{/number}",
        "events_url": "https://api.github.com/repos/googleapis/java-dataproc/events",
        "assignees_url": "https://api.github.com/repos/googleapis/java-dataproc/assignees{/user}",
        "branches_url": "https://api.github.com/repos/googleapis/java-dataproc/branches{/branch}",
        "tags_url": "https://api.github.com/repos/googleapis/java-dataproc/tags",
        "blobs_url": "https://api.github.com/repos/googleapis/java-dataproc/git/blobs{/sha}",
        "git_tags_url": "https://api.github.com/repos/googleapis/java-dataproc/git/tags{/sha}",
        "git_refs_url": "https://api.github.com/repos/googleapis/java-dataproc/git/refs{/sha}",
        "trees_url": "https://api.github.com/repos/googleapis/java-dataproc/git/trees{/sha}",
        "statuses_url": "https://api.github.com/repos/googleapis/java-dataproc/statuses/{sha}",
        "languages_url": "https://api.github.com/repos/googleapis/java-dataproc/languages",
        "stargazers_url": "https://api.github.com/repos/googleapis/java-dataproc/stargazers",
        "contributors_url": "https://api.github.com/repos/googleapis/java-dataproc/contributors",
        "subscribers_url": "https://api.github.com/repos/googleapis/java-dataproc/subscribers",
        "subscription_url": "https://api.github.com/repos/googleapis/java-dataproc/subscription",
        "commits_url": "https://api.github.com/repos/googleapis/java-dataproc/commits{/sha}",
        "git_commits_url": "https://api.github.com/repos/googleapis/java-dataproc/git/commits{/sha}",
        "comments_url": "https://api.github.com/repos/googleapis/java-dataproc/comments{/number}",
        "issue_comment_url": "https://api.github.com/repos/googleapis/java-dataproc/issues/comments{/number}",
        "contents_url": "https://api.github.com/repos/googleapis/java-dataproc/contents/{+path}",
        "compare_url": "https://api.github.com/repos/googleapis/java-dataproc/compare/{base}...{head}",
        "merges_url": "https://api.github.com/repos/googleapis/java-dataproc/merges",
        "archive_url": "https://api.github.com/repos/googleapis/java-dataproc/{archive_format}{/ref}",
        "downloads_url": "https://api.github.com/repos/googleapis/java-dataproc/downloads",
        "issues_url": "https://api.github.com/repos/googleapis/java-dataproc/issues{/number}",
        "pulls_url": "https://api.github.com/repos/googleapis/java-dataproc/pulls{/number}",
        "milestones_url": "https://api.github.com/repos/googleapis/java-dataproc/milestones{/number}",
        "notifications_url": "https://api.github.com/repos/googleapis/java-dataproc/notifications{?since,all,participating}",
        "labels_url": "https://api.github.com/repos/googleapis/java-dataproc/labels{/name}",
        "releases_url": "https://api.github.com/repos/googleapis/java-dataproc/releases{/id}",
        "deployments_url": "https://api.github.com/repos/googleapis/java-dataproc/deployments",
        "created_at": "2019-08-20T22:07:10Z",
        "updated_at": "2023-09-16T22:54:07Z",
        "pushed_at": "2023-07-10T17:10:55Z",
        "git_url": "git://github.com/googleapis/java-dataproc.git",
        "ssh_url": "git@github.com:googleapis/java-dataproc.git",
        "clone_url": "https://github.com/googleapis/java-dataproc.git",
        "svn_url": "https://github.com/googleapis/java-dataproc",
        "homepage": null,
        "size": 9527,
        "stargazers_count": 13,
        "watchers_count": 13,
        "language": null,
        "has_issues": false,
        "has_projects": false,
        "has_downloads": true,
        "has_wiki": false,
        "has_pages": false,
        "has_discussions": false,
        "forks_count": 28,
        "mirror_url": null,
        "archived": true,
        "disabled": false,
        "open_issues_count": 0,
        "license": {
            "key": "apache-2.0",
            "name": "Apache License 2.0",
            "spdx_id": "Apache-2.0",
            "url": "https://api.github.com/licenses/apache-2.0",
            "node_id": "MDc6TGljZW5zZTI="
        },
        "allow_forking": true,
        "is_template": false,
        "web_commit_signoff_required": false,
        "topics": [],
        "visibility": "public",
        "forks": 28,
        "open_issues": 0,
        "watchers": 13,
        "default_branch": "main"
    },
    "network_count": 28,
    "subscribers_count": 2
}