{
    "id": 338032070,
    "node_id": "MDEwOlJlcG9zaXRvcnkzMzgwMzIwNzA=",
    "name": "marquez",
    "full_name": "walter-hernandez/marquez",
    "private": false,
    "owner": {
        "login": "walter-hernandez",
        "id": 52283659,
        "node_id": "MDQ6VXNlcjUyMjgzNjU5",
        "avatar_url": "https://avatars.githubusercontent.com/u/52283659?v=4",
        "gravatar_id": "",
        "url": "https://api.github.com/users/walter-hernandez",
        "html_url": "https://github.com/walter-hernandez",
        "followers_url": "https://api.github.com/users/walter-hernandez/followers",
        "following_url": "https://api.github.com/users/walter-hernandez/following{/other_user}",
        "gists_url": "https://api.github.com/users/walter-hernandez/gists{/gist_id}",
        "starred_url": "https://api.github.com/users/walter-hernandez/starred{/owner}{/repo}",
        "subscriptions_url": "https://api.github.com/users/walter-hernandez/subscriptions",
        "organizations_url": "https://api.github.com/users/walter-hernandez/orgs",
        "repos_url": "https://api.github.com/users/walter-hernandez/repos",
        "events_url": "https://api.github.com/users/walter-hernandez/events{/privacy}",
        "received_events_url": "https://api.github.com/users/walter-hernandez/received_events",
        "type": "User",
        "site_admin": false
    },
    "html_url": "https://github.com/walter-hernandez/marquez",
    "description": "Collect, aggregate, and visualize a data ecosystem's metadata",
    "fork": true,
    "url": "https://api.github.com/repos/walter-hernandez/marquez",
    "forks_url": "https://api.github.com/repos/walter-hernandez/marquez/forks",
    "keys_url": "https://api.github.com/repos/walter-hernandez/marquez/keys{/key_id}",
    "collaborators_url": "https://api.github.com/repos/walter-hernandez/marquez/collaborators{/collaborator}",
    "teams_url": "https://api.github.com/repos/walter-hernandez/marquez/teams",
    "hooks_url": "https://api.github.com/repos/walter-hernandez/marquez/hooks",
    "issue_events_url": "https://api.github.com/repos/walter-hernandez/marquez/issues/events{/number}",
    "events_url": "https://api.github.com/repos/walter-hernandez/marquez/events",
    "assignees_url": "https://api.github.com/repos/walter-hernandez/marquez/assignees{/user}",
    "branches_url": "https://api.github.com/repos/walter-hernandez/marquez/branches{/branch}",
    "tags_url": "https://api.github.com/repos/walter-hernandez/marquez/tags",
    "blobs_url": "https://api.github.com/repos/walter-hernandez/marquez/git/blobs{/sha}",
    "git_tags_url": "https://api.github.com/repos/walter-hernandez/marquez/git/tags{/sha}",
    "git_refs_url": "https://api.github.com/repos/walter-hernandez/marquez/git/refs{/sha}",
    "trees_url": "https://api.github.com/repos/walter-hernandez/marquez/git/trees{/sha}",
    "statuses_url": "https://api.github.com/repos/walter-hernandez/marquez/statuses/{sha}",
    "languages_url": "https://api.github.com/repos/walter-hernandez/marquez/languages",
    "stargazers_url": "https://api.github.com/repos/walter-hernandez/marquez/stargazers",
    "contributors_url": "https://api.github.com/repos/walter-hernandez/marquez/contributors",
    "subscribers_url": "https://api.github.com/repos/walter-hernandez/marquez/subscribers",
    "subscription_url": "https://api.github.com/repos/walter-hernandez/marquez/subscription",
    "commits_url": "https://api.github.com/repos/walter-hernandez/marquez/commits{/sha}",
    "git_commits_url": "https://api.github.com/repos/walter-hernandez/marquez/git/commits{/sha}",
    "comments_url": "https://api.github.com/repos/walter-hernandez/marquez/comments{/number}",
    "issue_comment_url": "https://api.github.com/repos/walter-hernandez/marquez/issues/comments{/number}",
    "contents_url": "https://api.github.com/repos/walter-hernandez/marquez/contents/{+path}",
    "compare_url": "https://api.github.com/repos/walter-hernandez/marquez/compare/{base}...{head}",
    "merges_url": "https://api.github.com/repos/walter-hernandez/marquez/merges",
    "archive_url": "https://api.github.com/repos/walter-hernandez/marquez/{archive_format}{/ref}",
    "downloads_url": "https://api.github.com/repos/walter-hernandez/marquez/downloads",
    "issues_url": "https://api.github.com/repos/walter-hernandez/marquez/issues{/number}",
    "pulls_url": "https://api.github.com/repos/walter-hernandez/marquez/pulls{/number}",
    "milestones_url": "https://api.github.com/repos/walter-hernandez/marquez/milestones{/number}",
    "notifications_url": "https://api.github.com/repos/walter-hernandez/marquez/notifications{?since,all,participating}",
    "labels_url": "https://api.github.com/repos/walter-hernandez/marquez/labels{/name}",
    "releases_url": "https://api.github.com/repos/walter-hernandez/marquez/releases{/id}",
    "deployments_url": "https://api.github.com/repos/walter-hernandez/marquez/deployments",
    "created_at": "2021-02-11T13:09:37Z",
    "updated_at": "2021-02-19T11:45:56Z",
    "pushed_at": "2021-02-19T11:45:52Z",
    "git_url": "git://github.com/walter-hernandez/marquez.git",
    "ssh_url": "git@github.com:walter-hernandez/marquez.git",
    "clone_url": "https://github.com/walter-hernandez/marquez.git",
    "svn_url": "https://github.com/walter-hernandez/marquez",
    "homepage": "https://marquezproject.ai",
    "size": 12785,
    "stargazers_count": 0,
    "watchers_count": 0,
    "language": "Java",
    "has_issues": false,
    "has_projects": true,
    "has_downloads": true,
    "has_wiki": true,
    "has_pages": false,
    "has_discussions": false,
    "forks_count": 0,
    "mirror_url": null,
    "archived": false,
    "disabled": false,
    "open_issues_count": 0,
    "license": {
        "key": "apache-2.0",
        "name": "Apache License 2.0",
        "spdx_id": "Apache-2.0",
        "url": "https://api.github.com/licenses/apache-2.0",
        "node_id": "MDc6TGljZW5zZTI="
    },
    "allow_forking": true,
    "is_template": false,
    "web_commit_signoff_required": false,
    "topics": [],
    "visibility": "public",
    "forks": 0,
    "open_issues": 0,
    "watchers": 0,
    "default_branch": "main",
    "permissions": {
        "admin": false,
        "maintain": false,
        "push": false,
        "triage": false,
        "pull": true
    },
    "temp_clone_token": "",
    "parent": {
        "id": 139907613,
        "node_id": "MDEwOlJlcG9zaXRvcnkxMzk5MDc2MTM=",
        "name": "marquez",
        "full_name": "MarquezProject/marquez",
        "private": false,
        "owner": {
            "login": "MarquezProject",
            "id": 40306238,
            "node_id": "MDEyOk9yZ2FuaXphdGlvbjQwMzA2MjM4",
            "avatar_url": "https://avatars.githubusercontent.com/u/40306238?v=4",
            "gravatar_id": "",
            "url": "https://api.github.com/users/MarquezProject",
            "html_url": "https://github.com/MarquezProject",
            "followers_url": "https://api.github.com/users/MarquezProject/followers",
            "following_url": "https://api.github.com/users/MarquezProject/following{/other_user}",
            "gists_url": "https://api.github.com/users/MarquezProject/gists{/gist_id}",
            "starred_url": "https://api.github.com/users/MarquezProject/starred{/owner}{/repo}",
            "subscriptions_url": "https://api.github.com/users/MarquezProject/subscriptions",
            "organizations_url": "https://api.github.com/users/MarquezProject/orgs",
            "repos_url": "https://api.github.com/users/MarquezProject/repos",
            "events_url": "https://api.github.com/users/MarquezProject/events{/privacy}",
            "received_events_url": "https://api.github.com/users/MarquezProject/received_events",
            "type": "Organization",
            "site_admin": false
        },
        "html_url": "https://github.com/MarquezProject/marquez",
        "description": "Collect, aggregate, and visualize a data ecosystem's metadata",
        "fork": false,
        "url": "https://api.github.com/repos/MarquezProject/marquez",
        "forks_url": "https://api.github.com/repos/MarquezProject/marquez/forks",
        "keys_url": "https://api.github.com/repos/MarquezProject/marquez/keys{/key_id}",
        "collaborators_url": "https://api.github.com/repos/MarquezProject/marquez/collaborators{/collaborator}",
        "teams_url": "https://api.github.com/repos/MarquezProject/marquez/teams",
        "hooks_url": "https://api.github.com/repos/MarquezProject/marquez/hooks",
        "issue_events_url": "https://api.github.com/repos/MarquezProject/marquez/issues/events{/number}",
        "events_url": "https://api.github.com/repos/MarquezProject/marquez/events",
        "assignees_url": "https://api.github.com/repos/MarquezProject/marquez/assignees{/user}",
        "branches_url": "https://api.github.com/repos/MarquezProject/marquez/branches{/branch}",
        "tags_url": "https://api.github.com/repos/MarquezProject/marquez/tags",
        "blobs_url": "https://api.github.com/repos/MarquezProject/marquez/git/blobs{/sha}",
        "git_tags_url": "https://api.github.com/repos/MarquezProject/marquez/git/tags{/sha}",
        "git_refs_url": "https://api.github.com/repos/MarquezProject/marquez/git/refs{/sha}",
        "trees_url": "https://api.github.com/repos/MarquezProject/marquez/git/trees{/sha}",
        "statuses_url": "https://api.github.com/repos/MarquezProject/marquez/statuses/{sha}",
        "languages_url": "https://api.github.com/repos/MarquezProject/marquez/languages",
        "stargazers_url": "https://api.github.com/repos/MarquezProject/marquez/stargazers",
        "contributors_url": "https://api.github.com/repos/MarquezProject/marquez/contributors",
        "subscribers_url": "https://api.github.com/repos/MarquezProject/marquez/subscribers",
        "subscription_url": "https://api.github.com/repos/MarquezProject/marquez/subscription",
        "commits_url": "https://api.github.com/repos/MarquezProject/marquez/commits{/sha}",
        "git_commits_url": "https://api.github.com/repos/MarquezProject/marquez/git/commits{/sha}",
        "comments_url": "https://api.github.com/repos/MarquezProject/marquez/comments{/number}",
        "issue_comment_url": "https://api.github.com/repos/MarquezProject/marquez/issues/comments{/number}",
        "contents_url": "https://api.github.com/repos/MarquezProject/marquez/contents/{+path}",
        "compare_url": "https://api.github.com/repos/MarquezProject/marquez/compare/{base}...{head}",
        "merges_url": "https://api.github.com/repos/MarquezProject/marquez/merges",
        "archive_url": "https://api.github.com/repos/MarquezProject/marquez/{archive_format}{/ref}",
        "downloads_url": "https://api.github.com/repos/MarquezProject/marquez/downloads",
        "issues_url": "https://api.github.com/repos/MarquezProject/marquez/issues{/number}",
        "pulls_url": "https://api.github.com/repos/MarquezProject/marquez/pulls{/number}",
        "milestones_url": "https://api.github.com/repos/MarquezProject/marquez/milestones{/number}",
        "notifications_url": "https://api.github.com/repos/MarquezProject/marquez/notifications{?since,all,participating}",
        "labels_url": "https://api.github.com/repos/MarquezProject/marquez/labels{/name}",
        "releases_url": "https://api.github.com/repos/MarquezProject/marquez/releases{/id}",
        "deployments_url": "https://api.github.com/repos/MarquezProject/marquez/deployments",
        "created_at": "2018-07-05T22:43:20Z",
        "updated_at": "2024-04-29T20:18:24Z",
        "pushed_at": "2024-04-29T20:20:46Z",
        "git_url": "git://github.com/MarquezProject/marquez.git",
        "ssh_url": "git@github.com:MarquezProject/marquez.git",
        "clone_url": "https://github.com/MarquezProject/marquez.git",
        "svn_url": "https://github.com/MarquezProject/marquez",
        "homepage": "https://marquezproject.ai",
        "size": 47243,
        "stargazers_count": 1618,
        "watchers_count": 1618,
        "language": "Java",
        "has_issues": true,
        "has_projects": true,
        "has_downloads": true,
        "has_wiki": true,
        "has_pages": true,
        "has_discussions": false,
        "forks_count": 289,
        "mirror_url": null,
        "archived": false,
        "disabled": false,
        "open_issues_count": 201,
        "license": {
            "key": "apache-2.0",
            "name": "Apache License 2.0",
            "spdx_id": "Apache-2.0",
            "url": "https://api.github.com/licenses/apache-2.0",
            "node_id": "MDc6TGljZW5zZTI="
        },
        "allow_forking": true,
        "is_template": false,
        "web_commit_signoff_required": false,
        "topics": [
            "data-dictionary",
            "data-discovery",
            "data-ecosystem-metadata",
            "data-governance",
            "data-lineage",
            "data-ops",
            "data-provenance",
            "marquez",
            "metadata",
            "metadata-service"
        ],
        "visibility": "public",
        "forks": 289,
        "open_issues": 201,
        "watchers": 1618,
        "default_branch": "main"
    },
    "source": {
        "id": 139907613,
        "node_id": "MDEwOlJlcG9zaXRvcnkxMzk5MDc2MTM=",
        "name": "marquez",
        "full_name": "MarquezProject/marquez",
        "private": false,
        "owner": {
            "login": "MarquezProject",
            "id": 40306238,
            "node_id": "MDEyOk9yZ2FuaXphdGlvbjQwMzA2MjM4",
            "avatar_url": "https://avatars.githubusercontent.com/u/40306238?v=4",
            "gravatar_id": "",
            "url": "https://api.github.com/users/MarquezProject",
            "html_url": "https://github.com/MarquezProject",
            "followers_url": "https://api.github.com/users/MarquezProject/followers",
            "following_url": "https://api.github.com/users/MarquezProject/following{/other_user}",
            "gists_url": "https://api.github.com/users/MarquezProject/gists{/gist_id}",
            "starred_url": "https://api.github.com/users/MarquezProject/starred{/owner}{/repo}",
            "subscriptions_url": "https://api.github.com/users/MarquezProject/subscriptions",
            "organizations_url": "https://api.github.com/users/MarquezProject/orgs",
            "repos_url": "https://api.github.com/users/MarquezProject/repos",
            "events_url": "https://api.github.com/users/MarquezProject/events{/privacy}",
            "received_events_url": "https://api.github.com/users/MarquezProject/received_events",
            "type": "Organization",
            "site_admin": false
        },
        "html_url": "https://github.com/MarquezProject/marquez",
        "description": "Collect, aggregate, and visualize a data ecosystem's metadata",
        "fork": false,
        "url": "https://api.github.com/repos/MarquezProject/marquez",
        "forks_url": "https://api.github.com/repos/MarquezProject/marquez/forks",
        "keys_url": "https://api.github.com/repos/MarquezProject/marquez/keys{/key_id}",
        "collaborators_url": "https://api.github.com/repos/MarquezProject/marquez/collaborators{/collaborator}",
        "teams_url": "https://api.github.com/repos/MarquezProject/marquez/teams",
        "hooks_url": "https://api.github.com/repos/MarquezProject/marquez/hooks",
        "issue_events_url": "https://api.github.com/repos/MarquezProject/marquez/issues/events{/number}",
        "events_url": "https://api.github.com/repos/MarquezProject/marquez/events",
        "assignees_url": "https://api.github.com/repos/MarquezProject/marquez/assignees{/user}",
        "branches_url": "https://api.github.com/repos/MarquezProject/marquez/branches{/branch}",
        "tags_url": "https://api.github.com/repos/MarquezProject/marquez/tags",
        "blobs_url": "https://api.github.com/repos/MarquezProject/marquez/git/blobs{/sha}",
        "git_tags_url": "https://api.github.com/repos/MarquezProject/marquez/git/tags{/sha}",
        "git_refs_url": "https://api.github.com/repos/MarquezProject/marquez/git/refs{/sha}",
        "trees_url": "https://api.github.com/repos/MarquezProject/marquez/git/trees{/sha}",
        "statuses_url": "https://api.github.com/repos/MarquezProject/marquez/statuses/{sha}",
        "languages_url": "https://api.github.com/repos/MarquezProject/marquez/languages",
        "stargazers_url": "https://api.github.com/repos/MarquezProject/marquez/stargazers",
        "contributors_url": "https://api.github.com/repos/MarquezProject/marquez/contributors",
        "subscribers_url": "https://api.github.com/repos/MarquezProject/marquez/subscribers",
        "subscription_url": "https://api.github.com/repos/MarquezProject/marquez/subscription",
        "commits_url": "https://api.github.com/repos/MarquezProject/marquez/commits{/sha}",
        "git_commits_url": "https://api.github.com/repos/MarquezProject/marquez/git/commits{/sha}",
        "comments_url": "https://api.github.com/repos/MarquezProject/marquez/comments{/number}",
        "issue_comment_url": "https://api.github.com/repos/MarquezProject/marquez/issues/comments{/number}",
        "contents_url": "https://api.github.com/repos/MarquezProject/marquez/contents/{+path}",
        "compare_url": "https://api.github.com/repos/MarquezProject/marquez/compare/{base}...{head}",
        "merges_url": "https://api.github.com/repos/MarquezProject/marquez/merges",
        "archive_url": "https://api.github.com/repos/MarquezProject/marquez/{archive_format}{/ref}",
        "downloads_url": "https://api.github.com/repos/MarquezProject/marquez/downloads",
        "issues_url": "https://api.github.com/repos/MarquezProject/marquez/issues{/number}",
        "pulls_url": "https://api.github.com/repos/MarquezProject/marquez/pulls{/number}",
        "milestones_url": "https://api.github.com/repos/MarquezProject/marquez/milestones{/number}",
        "notifications_url": "https://api.github.com/repos/MarquezProject/marquez/notifications{?since,all,participating}",
        "labels_url": "https://api.github.com/repos/MarquezProject/marquez/labels{/name}",
        "releases_url": "https://api.github.com/repos/MarquezProject/marquez/releases{/id}",
        "deployments_url": "https://api.github.com/repos/MarquezProject/marquez/deployments",
        "created_at": "2018-07-05T22:43:20Z",
        "updated_at": "2024-04-29T20:18:24Z",
        "pushed_at": "2024-04-29T20:20:46Z",
        "git_url": "git://github.com/MarquezProject/marquez.git",
        "ssh_url": "git@github.com:MarquezProject/marquez.git",
        "clone_url": "https://github.com/MarquezProject/marquez.git",
        "svn_url": "https://github.com/MarquezProject/marquez",
        "homepage": "https://marquezproject.ai",
        "size": 47243,
        "stargazers_count": 1618,
        "watchers_count": 1618,
        "language": "Java",
        "has_issues": true,
        "has_projects": true,
        "has_downloads": true,
        "has_wiki": true,
        "has_pages": true,
        "has_discussions": false,
        "forks_count": 289,
        "mirror_url": null,
        "archived": false,
        "disabled": false,
        "open_issues_count": 201,
        "license": {
            "key": "apache-2.0",
            "name": "Apache License 2.0",
            "spdx_id": "Apache-2.0",
            "url": "https://api.github.com/licenses/apache-2.0",
            "node_id": "MDc6TGljZW5zZTI="
        },
        "allow_forking": true,
        "is_template": false,
        "web_commit_signoff_required": false,
        "topics": [
            "data-dictionary",
            "data-discovery",
            "data-ecosystem-metadata",
            "data-governance",
            "data-lineage",
            "data-ops",
            "data-provenance",
            "marquez",
            "metadata",
            "metadata-service"
        ],
        "visibility": "public",
        "forks": 289,
        "open_issues": 201,
        "watchers": 1618,
        "default_branch": "main"
    },
    "network_count": 289,
    "subscribers_count": 1
}