{
    "id": 10229960,
    "node_id": "MDEwOlJlcG9zaXRvcnkxMDIyOTk2MA==",
    "name": "nmonvisualizer",
    "full_name": "nmonvisualizer/nmonvisualizer",
    "private": false,
    "owner": {
        "login": "nmonvisualizer",
        "id": 4503476,
        "node_id": "MDEyOk9yZ2FuaXphdGlvbjQ1MDM0NzY=",
        "avatar_url": "https://avatars.githubusercontent.com/u/4503476?v=4",
        "gravatar_id": "",
        "url": "https://api.github.com/users/nmonvisualizer",
        "html_url": "https://github.com/nmonvisualizer",
        "followers_url": "https://api.github.com/users/nmonvisualizer/followers",
        "following_url": "https://api.github.com/users/nmonvisualizer/following{/other_user}",
        "gists_url": "https://api.github.com/users/nmonvisualizer/gists{/gist_id}",
        "starred_url": "https://api.github.com/users/nmonvisualizer/starred{/owner}{/repo}",
        "subscriptions_url": "https://api.github.com/users/nmonvisualizer/subscriptions",
        "organizations_url": "https://api.github.com/users/nmonvisualizer/orgs",
        "repos_url": "https://api.github.com/users/nmonvisualizer/repos",
        "events_url": "https://api.github.com/users/nmonvisualizer/events{/privacy}",
        "received_events_url": "https://api.github.com/users/nmonvisualizer/received_events",
        "type": "Organization",
        "site_admin": false
    },
    "html_url": "https://github.com/nmonvisualizer/nmonvisualizer",
    "description": "A Java GUI tool for analyzing NMON and other system stats files",
    "fork": false,
    "url": "https://api.github.com/repos/nmonvisualizer/nmonvisualizer",
    "forks_url": "https://api.github.com/repos/nmonvisualizer/nmonvisualizer/forks",
    "keys_url": "https://api.github.com/repos/nmonvisualizer/nmonvisualizer/keys{/key_id}",
    "collaborators_url": "https://api.github.com/repos/nmonvisualizer/nmonvisualizer/collaborators{/collaborator}",
    "teams_url": "https://api.github.com/repos/nmonvisualizer/nmonvisualizer/teams",
    "hooks_url": "https://api.github.com/repos/nmonvisualizer/nmonvisualizer/hooks",
    "issue_events_url": "https://api.github.com/repos/nmonvisualizer/nmonvisualizer/issues/events{/number}",
    "events_url": "https://api.github.com/repos/nmonvisualizer/nmonvisualizer/events",
    "assignees_url": "https://api.github.com/repos/nmonvisualizer/nmonvisualizer/assignees{/user}",
    "branches_url": "https://api.github.com/repos/nmonvisualizer/nmonvisualizer/branches{/branch}",
    "tags_url": "https://api.github.com/repos/nmonvisualizer/nmonvisualizer/tags",
    "blobs_url": "https://api.github.com/repos/nmonvisualizer/nmonvisualizer/git/blobs{/sha}",
    "git_tags_url": "https://api.github.com/repos/nmonvisualizer/nmonvisualizer/git/tags{/sha}",
    "git_refs_url": "https://api.github.com/repos/nmonvisualizer/nmonvisualizer/git/refs{/sha}",
    "trees_url": "https://api.github.com/repos/nmonvisualizer/nmonvisualizer/git/trees{/sha}",
    "statuses_url": "https://api.github.com/repos/nmonvisualizer/nmonvisualizer/statuses/{sha}",
    "languages_url": "https://api.github.com/repos/nmonvisualizer/nmonvisualizer/languages",
    "stargazers_url": "https://api.github.com/repos/nmonvisualizer/nmonvisualizer/stargazers",
    "contributors_url": "https://api.github.com/repos/nmonvisualizer/nmonvisualizer/contributors",
    "subscribers_url": "https://api.github.com/repos/nmonvisualizer/nmonvisualizer/subscribers",
    "subscription_url": "https://api.github.com/repos/nmonvisualizer/nmonvisualizer/subscription",
    "commits_url": "https://api.github.com/repos/nmonvisualizer/nmonvisualizer/commits{/sha}",
    "git_commits_url": "https://api.github.com/repos/nmonvisualizer/nmonvisualizer/git/commits{/sha}",
    "comments_url": "https://api.github.com/repos/nmonvisualizer/nmonvisualizer/comments{/number}",
    "issue_comment_url": "https://api.github.com/repos/nmonvisualizer/nmonvisualizer/issues/comments{/number}",
    "contents_url": "https://api.github.com/repos/nmonvisualizer/nmonvisualizer/contents/{+path}",
    "compare_url": "https://api.github.com/repos/nmonvisualizer/nmonvisualizer/compare/{base}...{head}",
    "merges_url": "https://api.github.com/repos/nmonvisualizer/nmonvisualizer/merges",
    "archive_url": "https://api.github.com/repos/nmonvisualizer/nmonvisualizer/{archive_format}{/ref}",
    "downloads_url": "https://api.github.com/repos/nmonvisualizer/nmonvisualizer/downloads",
    "issues_url": "https://api.github.com/repos/nmonvisualizer/nmonvisualizer/issues{/number}",
    "pulls_url": "https://api.github.com/repos/nmonvisualizer/nmonvisualizer/pulls{/number}",
    "milestones_url": "https://api.github.com/repos/nmonvisualizer/nmonvisualizer/milestones{/number}",
    "notifications_url": "https://api.github.com/repos/nmonvisualizer/nmonvisualizer/notifications{?since,all,participating}",
    "labels_url": "https://api.github.com/repos/nmonvisualizer/nmonvisualizer/labels{/name}",
    "releases_url": "https://api.github.com/repos/nmonvisualizer/nmonvisualizer/releases{/id}",
    "deployments_url": "https://api.github.com/repos/nmonvisualizer/nmonvisualizer/deployments",
    "created_at": "2013-05-22T21:19:50Z",
    "updated_at": "2024-04-07T02:42:19Z",
    "pushed_at": "2024-04-18T15:28:38Z",
    "git_url": "git://github.com/nmonvisualizer/nmonvisualizer.git",
    "ssh_url": "git@github.com:nmonvisualizer/nmonvisualizer.git",
    "clone_url": "https://github.com/nmonvisualizer/nmonvisualizer.git",
    "svn_url": "https://github.com/nmonvisualizer/nmonvisualizer",
    "homepage": "",
    "size": 20035,
    "stargazers_count": 164,
    "watchers_count": 164,
    "language": "Java",
    "has_issues": true,
    "has_projects": true,
    "has_downloads": true,
    "has_wiki": true,
    "has_pages": true,
    "has_discussions": false,
    "forks_count": 68,
    "mirror_url": null,
    "archived": false,
    "disabled": false,
    "open_issues_count": 2,
    "license": {
        "key": "apache-2.0",
        "name": "Apache License 2.0",
        "spdx_id": "Apache-2.0",
        "url": "https://api.github.com/licenses/apache-2.0",
        "node_id": "MDc6TGljZW5zZTI="
    },
    "allow_forking": true,
    "is_template": false,
    "web_commit_signoff_required": false,
    "topics": [
        "gui",
        "iostat",
        "java",
        "java-gui",
        "nmon",
        "parser",
        "performance"
    ],
    "visibility": "public",
    "forks": 68,
    "open_issues": 2,
    "watchers": 164,
    "default_branch": "master",
    "permissions": {
        "admin": false,
        "maintain": false,
        "push": false,
        "triage": false,
        "pull": true
    },
    "temp_clone_token": "",
    "custom_properties": {},
    "organization": {
        "login": "nmonvisualizer",
        "id": 4503476,
        "node_id": "MDEyOk9yZ2FuaXphdGlvbjQ1MDM0NzY=",
        "avatar_url": "https://avatars.githubusercontent.com/u/4503476?v=4",
        "gravatar_id": "",
        "url": "https://api.github.com/users/nmonvisualizer",
        "html_url": "https://github.com/nmonvisualizer",
        "followers_url": "https://api.github.com/users/nmonvisualizer/followers",
        "following_url": "https://api.github.com/users/nmonvisualizer/following{/other_user}",
        "gists_url": "https://api.github.com/users/nmonvisualizer/gists{/gist_id}",
        "starred_url": "https://api.github.com/users/nmonvisualizer/starred{/owner}{/repo}",
        "subscriptions_url": "https://api.github.com/users/nmonvisualizer/subscriptions",
        "organizations_url": "https://api.github.com/users/nmonvisualizer/orgs",
        "repos_url": "https://api.github.com/users/nmonvisualizer/repos",
        "events_url": "https://api.github.com/users/nmonvisualizer/events{/privacy}",
        "received_events_url": "https://api.github.com/users/nmonvisualizer/received_events",
        "type": "Organization",
        "site_admin": false
    },
    "network_count": 68,
    "subscribers_count": 21
}