{
    "id": 434499884,
    "node_id": "R_kgDOGeXxLA",
    "name": "mybatis-lite",
    "full_name": "fengymi/mybatis-lite",
    "private": false,
    "owner": {
        "login": "fengymi",
        "id": 17907299,
        "node_id": "MDQ6VXNlcjE3OTA3Mjk5",
        "avatar_url": "https://avatars.githubusercontent.com/u/17907299?v=4",
        "gravatar_id": "",
        "url": "https://api.github.com/users/fengymi",
        "html_url": "https://github.com/fengymi",
        "followers_url": "https://api.github.com/users/fengymi/followers",
        "following_url": "https://api.github.com/users/fengymi/following{/other_user}",
        "gists_url": "https://api.github.com/users/fengymi/gists{/gist_id}",
        "starred_url": "https://api.github.com/users/fengymi/starred{/owner}{/repo}",
        "subscriptions_url": "https://api.github.com/users/fengymi/subscriptions",
        "organizations_url": "https://api.github.com/users/fengymi/orgs",
        "repos_url": "https://api.github.com/users/fengymi/repos",
        "events_url": "https://api.github.com/users/fengymi/events{/privacy}",
        "received_events_url": "https://api.github.com/users/fengymi/received_events",
        "type": "User",
        "site_admin": false
    },
    "html_url": "https://github.com/fengymi/mybatis-lite",
    "description": "Mybatis - Plugin Free\u7248",
    "fork": true,
    "url": "https://api.github.com/repos/fengymi/mybatis-lite",
    "forks_url": "https://api.github.com/repos/fengymi/mybatis-lite/forks",
    "keys_url": "https://api.github.com/repos/fengymi/mybatis-lite/keys{/key_id}",
    "collaborators_url": "https://api.github.com/repos/fengymi/mybatis-lite/collaborators{/collaborator}",
    "teams_url": "https://api.github.com/repos/fengymi/mybatis-lite/teams",
    "hooks_url": "https://api.github.com/repos/fengymi/mybatis-lite/hooks",
    "issue_events_url": "https://api.github.com/repos/fengymi/mybatis-lite/issues/events{/number}",
    "events_url": "https://api.github.com/repos/fengymi/mybatis-lite/events",
    "assignees_url": "https://api.github.com/repos/fengymi/mybatis-lite/assignees{/user}",
    "branches_url": "https://api.github.com/repos/fengymi/mybatis-lite/branches{/branch}",
    "tags_url": "https://api.github.com/repos/fengymi/mybatis-lite/tags",
    "blobs_url": "https://api.github.com/repos/fengymi/mybatis-lite/git/blobs{/sha}",
    "git_tags_url": "https://api.github.com/repos/fengymi/mybatis-lite/git/tags{/sha}",
    "git_refs_url": "https://api.github.com/repos/fengymi/mybatis-lite/git/refs{/sha}",
    "trees_url": "https://api.github.com/repos/fengymi/mybatis-lite/git/trees{/sha}",
    "statuses_url": "https://api.github.com/repos/fengymi/mybatis-lite/statuses/{sha}",
    "languages_url": "https://api.github.com/repos/fengymi/mybatis-lite/languages",
    "stargazers_url": "https://api.github.com/repos/fengymi/mybatis-lite/stargazers",
    "contributors_url": "https://api.github.com/repos/fengymi/mybatis-lite/contributors",
    "subscribers_url": "https://api.github.com/repos/fengymi/mybatis-lite/subscribers",
    "subscription_url": "https://api.github.com/repos/fengymi/mybatis-lite/subscription",
    "commits_url": "https://api.github.com/repos/fengymi/mybatis-lite/commits{/sha}",
    "git_commits_url": "https://api.github.com/repos/fengymi/mybatis-lite/git/commits{/sha}",
    "comments_url": "https://api.github.com/repos/fengymi/mybatis-lite/comments{/number}",
    "issue_comment_url": "https://api.github.com/repos/fengymi/mybatis-lite/issues/comments{/number}",
    "contents_url": "https://api.github.com/repos/fengymi/mybatis-lite/contents/{+path}",
    "compare_url": "https://api.github.com/repos/fengymi/mybatis-lite/compare/{base}...{head}",
    "merges_url": "https://api.github.com/repos/fengymi/mybatis-lite/merges",
    "archive_url": "https://api.github.com/repos/fengymi/mybatis-lite/{archive_format}{/ref}",
    "downloads_url": "https://api.github.com/repos/fengymi/mybatis-lite/downloads",
    "issues_url": "https://api.github.com/repos/fengymi/mybatis-lite/issues{/number}",
    "pulls_url": "https://api.github.com/repos/fengymi/mybatis-lite/pulls{/number}",
    "milestones_url": "https://api.github.com/repos/fengymi/mybatis-lite/milestones{/number}",
    "notifications_url": "https://api.github.com/repos/fengymi/mybatis-lite/notifications{?since,all,participating}",
    "labels_url": "https://api.github.com/repos/fengymi/mybatis-lite/labels{/name}",
    "releases_url": "https://api.github.com/repos/fengymi/mybatis-lite/releases{/id}",
    "deployments_url": "https://api.github.com/repos/fengymi/mybatis-lite/deployments",
    "created_at": "2021-12-03T07:09:47Z",
    "updated_at": "2021-12-07T09:37:57Z",
    "pushed_at": "2021-12-07T09:45:38Z",
    "git_url": "git://github.com/fengymi/mybatis-lite.git",
    "ssh_url": "git@github.com:fengymi/mybatis-lite.git",
    "clone_url": "https://github.com/fengymi/mybatis-lite.git",
    "svn_url": "https://github.com/fengymi/mybatis-lite",
    "homepage": null,
    "size": 7128,
    "stargazers_count": 0,
    "watchers_count": 0,
    "language": "Java",
    "has_issues": false,
    "has_projects": true,
    "has_downloads": true,
    "has_wiki": true,
    "has_pages": false,
    "has_discussions": false,
    "forks_count": 0,
    "mirror_url": null,
    "archived": false,
    "disabled": false,
    "open_issues_count": 0,
    "license": {
        "key": "mit",
        "name": "MIT License",
        "spdx_id": "MIT",
        "url": "https://api.github.com/licenses/mit",
        "node_id": "MDc6TGljZW5zZTEz"
    },
    "allow_forking": true,
    "is_template": false,
    "web_commit_signoff_required": false,
    "topics": [],
    "visibility": "public",
    "forks": 0,
    "open_issues": 0,
    "watchers": 0,
    "default_branch": "master",
    "permissions": {
        "admin": false,
        "maintain": false,
        "push": false,
        "triage": false,
        "pull": true
    },
    "temp_clone_token": "",
    "parent": {
        "id": 136564779,
        "node_id": "MDEwOlJlcG9zaXRvcnkxMzY1NjQ3Nzk=",
        "name": "mybatis-lite",
        "full_name": "mustfun/mybatis-lite",
        "private": false,
        "owner": {
            "login": "mustfun",
            "id": 8612479,
            "node_id": "MDQ6VXNlcjg2MTI0Nzk=",
            "avatar_url": "https://avatars.githubusercontent.com/u/8612479?v=4",
            "gravatar_id": "",
            "url": "https://api.github.com/users/mustfun",
            "html_url": "https://github.com/mustfun",
            "followers_url": "https://api.github.com/users/mustfun/followers",
            "following_url": "https://api.github.com/users/mustfun/following{/other_user}",
            "gists_url": "https://api.github.com/users/mustfun/gists{/gist_id}",
            "starred_url": "https://api.github.com/users/mustfun/starred{/owner}{/repo}",
            "subscriptions_url": "https://api.github.com/users/mustfun/subscriptions",
            "organizations_url": "https://api.github.com/users/mustfun/orgs",
            "repos_url": "https://api.github.com/users/mustfun/repos",
            "events_url": "https://api.github.com/users/mustfun/events{/privacy}",
            "received_events_url": "https://api.github.com/users/mustfun/received_events",
            "type": "User",
            "site_admin": false
        },
        "html_url": "https://github.com/mustfun/mybatis-lite",
        "description": "Mybatis - Plugin Free\u7248",
        "fork": false,
        "url": "https://api.github.com/repos/mustfun/mybatis-lite",
        "forks_url": "https://api.github.com/repos/mustfun/mybatis-lite/forks",
        "keys_url": "https://api.github.com/repos/mustfun/mybatis-lite/keys{/key_id}",
        "collaborators_url": "https://api.github.com/repos/mustfun/mybatis-lite/collaborators{/collaborator}",
        "teams_url": "https://api.github.com/repos/mustfun/mybatis-lite/teams",
        "hooks_url": "https://api.github.com/repos/mustfun/mybatis-lite/hooks",
        "issue_events_url": "https://api.github.com/repos/mustfun/mybatis-lite/issues/events{/number}",
        "events_url": "https://api.github.com/repos/mustfun/mybatis-lite/events",
        "assignees_url": "https://api.github.com/repos/mustfun/mybatis-lite/assignees{/user}",
        "branches_url": "https://api.github.com/repos/mustfun/mybatis-lite/branches{/branch}",
        "tags_url": "https://api.github.com/repos/mustfun/mybatis-lite/tags",
        "blobs_url": "https://api.github.com/repos/mustfun/mybatis-lite/git/blobs{/sha}",
        "git_tags_url": "https://api.github.com/repos/mustfun/mybatis-lite/git/tags{/sha}",
        "git_refs_url": "https://api.github.com/repos/mustfun/mybatis-lite/git/refs{/sha}",
        "trees_url": "https://api.github.com/repos/mustfun/mybatis-lite/git/trees{/sha}",
        "statuses_url": "https://api.github.com/repos/mustfun/mybatis-lite/statuses/{sha}",
        "languages_url": "https://api.github.com/repos/mustfun/mybatis-lite/languages",
        "stargazers_url": "https://api.github.com/repos/mustfun/mybatis-lite/stargazers",
        "contributors_url": "https://api.github.com/repos/mustfun/mybatis-lite/contributors",
        "subscribers_url": "https://api.github.com/repos/mustfun/mybatis-lite/subscribers",
        "subscription_url": "https://api.github.com/repos/mustfun/mybatis-lite/subscription",
        "commits_url": "https://api.github.com/repos/mustfun/mybatis-lite/commits{/sha}",
        "git_commits_url": "https://api.github.com/repos/mustfun/mybatis-lite/git/commits{/sha}",
        "comments_url": "https://api.github.com/repos/mustfun/mybatis-lite/comments{/number}",
        "issue_comment_url": "https://api.github.com/repos/mustfun/mybatis-lite/issues/comments{/number}",
        "contents_url": "https://api.github.com/repos/mustfun/mybatis-lite/contents/{+path}",
        "compare_url": "https://api.github.com/repos/mustfun/mybatis-lite/compare/{base}...{head}",
        "merges_url": "https://api.github.com/repos/mustfun/mybatis-lite/merges",
        "archive_url": "https://api.github.com/repos/mustfun/mybatis-lite/{archive_format}{/ref}",
        "downloads_url": "https://api.github.com/repos/mustfun/mybatis-lite/downloads",
        "issues_url": "https://api.github.com/repos/mustfun/mybatis-lite/issues{/number}",
        "pulls_url": "https://api.github.com/repos/mustfun/mybatis-lite/pulls{/number}",
        "milestones_url": "https://api.github.com/repos/mustfun/mybatis-lite/milestones{/number}",
        "notifications_url": "https://api.github.com/repos/mustfun/mybatis-lite/notifications{?since,all,participating}",
        "labels_url": "https://api.github.com/repos/mustfun/mybatis-lite/labels{/name}",
        "releases_url": "https://api.github.com/repos/mustfun/mybatis-lite/releases{/id}",
        "deployments_url": "https://api.github.com/repos/mustfun/mybatis-lite/deployments",
        "created_at": "2018-06-08T04:06:04Z",
        "updated_at": "2024-03-31T14:21:11Z",
        "pushed_at": "2021-12-07T09:46:53Z",
        "git_url": "git://github.com/mustfun/mybatis-lite.git",
        "ssh_url": "git@github.com:mustfun/mybatis-lite.git",
        "clone_url": "https://github.com/mustfun/mybatis-lite.git",
        "svn_url": "https://github.com/mustfun/mybatis-lite",
        "homepage": null,
        "size": 7123,
        "stargazers_count": 207,
        "watchers_count": 207,
        "language": "Java",
        "has_issues": true,
        "has_projects": true,
        "has_downloads": true,
        "has_wiki": true,
        "has_pages": false,
        "has_discussions": false,
        "forks_count": 64,
        "mirror_url": null,
        "archived": false,
        "disabled": false,
        "open_issues_count": 33,
        "license": {
            "key": "mit",
            "name": "MIT License",
            "spdx_id": "MIT",
            "url": "https://api.github.com/licenses/mit",
            "node_id": "MDc6TGljZW5zZTEz"
        },
        "allow_forking": true,
        "is_template": false,
        "web_commit_signoff_required": false,
        "topics": [],
        "visibility": "public",
        "forks": 64,
        "open_issues": 33,
        "watchers": 207,
        "default_branch": "master"
    },
    "source": {
        "id": 136564779,
        "node_id": "MDEwOlJlcG9zaXRvcnkxMzY1NjQ3Nzk=",
        "name": "mybatis-lite",
        "full_name": "mustfun/mybatis-lite",
        "private": false,
        "owner": {
            "login": "mustfun",
            "id": 8612479,
            "node_id": "MDQ6VXNlcjg2MTI0Nzk=",
            "avatar_url": "https://avatars.githubusercontent.com/u/8612479?v=4",
            "gravatar_id": "",
            "url": "https://api.github.com/users/mustfun",
            "html_url": "https://github.com/mustfun",
            "followers_url": "https://api.github.com/users/mustfun/followers",
            "following_url": "https://api.github.com/users/mustfun/following{/other_user}",
            "gists_url": "https://api.github.com/users/mustfun/gists{/gist_id}",
            "starred_url": "https://api.github.com/users/mustfun/starred{/owner}{/repo}",
            "subscriptions_url": "https://api.github.com/users/mustfun/subscriptions",
            "organizations_url": "https://api.github.com/users/mustfun/orgs",
            "repos_url": "https://api.github.com/users/mustfun/repos",
            "events_url": "https://api.github.com/users/mustfun/events{/privacy}",
            "received_events_url": "https://api.github.com/users/mustfun/received_events",
            "type": "User",
            "site_admin": false
        },
        "html_url": "https://github.com/mustfun/mybatis-lite",
        "description": "Mybatis - Plugin Free\u7248",
        "fork": false,
        "url": "https://api.github.com/repos/mustfun/mybatis-lite",
        "forks_url": "https://api.github.com/repos/mustfun/mybatis-lite/forks",
        "keys_url": "https://api.github.com/repos/mustfun/mybatis-lite/keys{/key_id}",
        "collaborators_url": "https://api.github.com/repos/mustfun/mybatis-lite/collaborators{/collaborator}",
        "teams_url": "https://api.github.com/repos/mustfun/mybatis-lite/teams",
        "hooks_url": "https://api.github.com/repos/mustfun/mybatis-lite/hooks",
        "issue_events_url": "https://api.github.com/repos/mustfun/mybatis-lite/issues/events{/number}",
        "events_url": "https://api.github.com/repos/mustfun/mybatis-lite/events",
        "assignees_url": "https://api.github.com/repos/mustfun/mybatis-lite/assignees{/user}",
        "branches_url": "https://api.github.com/repos/mustfun/mybatis-lite/branches{/branch}",
        "tags_url": "https://api.github.com/repos/mustfun/mybatis-lite/tags",
        "blobs_url": "https://api.github.com/repos/mustfun/mybatis-lite/git/blobs{/sha}",
        "git_tags_url": "https://api.github.com/repos/mustfun/mybatis-lite/git/tags{/sha}",
        "git_refs_url": "https://api.github.com/repos/mustfun/mybatis-lite/git/refs{/sha}",
        "trees_url": "https://api.github.com/repos/mustfun/mybatis-lite/git/trees{/sha}",
        "statuses_url": "https://api.github.com/repos/mustfun/mybatis-lite/statuses/{sha}",
        "languages_url": "https://api.github.com/repos/mustfun/mybatis-lite/languages",
        "stargazers_url": "https://api.github.com/repos/mustfun/mybatis-lite/stargazers",
        "contributors_url": "https://api.github.com/repos/mustfun/mybatis-lite/contributors",
        "subscribers_url": "https://api.github.com/repos/mustfun/mybatis-lite/subscribers",
        "subscription_url": "https://api.github.com/repos/mustfun/mybatis-lite/subscription",
        "commits_url": "https://api.github.com/repos/mustfun/mybatis-lite/commits{/sha}",
        "git_commits_url": "https://api.github.com/repos/mustfun/mybatis-lite/git/commits{/sha}",
        "comments_url": "https://api.github.com/repos/mustfun/mybatis-lite/comments{/number}",
        "issue_comment_url": "https://api.github.com/repos/mustfun/mybatis-lite/issues/comments{/number}",
        "contents_url": "https://api.github.com/repos/mustfun/mybatis-lite/contents/{+path}",
        "compare_url": "https://api.github.com/repos/mustfun/mybatis-lite/compare/{base}...{head}",
        "merges_url": "https://api.github.com/repos/mustfun/mybatis-lite/merges",
        "archive_url": "https://api.github.com/repos/mustfun/mybatis-lite/{archive_format}{/ref}",
        "downloads_url": "https://api.github.com/repos/mustfun/mybatis-lite/downloads",
        "issues_url": "https://api.github.com/repos/mustfun/mybatis-lite/issues{/number}",
        "pulls_url": "https://api.github.com/repos/mustfun/mybatis-lite/pulls{/number}",
        "milestones_url": "https://api.github.com/repos/mustfun/mybatis-lite/milestones{/number}",
        "notifications_url": "https://api.github.com/repos/mustfun/mybatis-lite/notifications{?since,all,participating}",
        "labels_url": "https://api.github.com/repos/mustfun/mybatis-lite/labels{/name}",
        "releases_url": "https://api.github.com/repos/mustfun/mybatis-lite/releases{/id}",
        "deployments_url": "https://api.github.com/repos/mustfun/mybatis-lite/deployments",
        "created_at": "2018-06-08T04:06:04Z",
        "updated_at": "2024-03-31T14:21:11Z",
        "pushed_at": "2021-12-07T09:46:53Z",
        "git_url": "git://github.com/mustfun/mybatis-lite.git",
        "ssh_url": "git@github.com:mustfun/mybatis-lite.git",
        "clone_url": "https://github.com/mustfun/mybatis-lite.git",
        "svn_url": "https://github.com/mustfun/mybatis-lite",
        "homepage": null,
        "size": 7123,
        "stargazers_count": 207,
        "watchers_count": 207,
        "language": "Java",
        "has_issues": true,
        "has_projects": true,
        "has_downloads": true,
        "has_wiki": true,
        "has_pages": false,
        "has_discussions": false,
        "forks_count": 64,
        "mirror_url": null,
        "archived": false,
        "disabled": false,
        "open_issues_count": 33,
        "license": {
            "key": "mit",
            "name": "MIT License",
            "spdx_id": "MIT",
            "url": "https://api.github.com/licenses/mit",
            "node_id": "MDc6TGljZW5zZTEz"
        },
        "allow_forking": true,
        "is_template": false,
        "web_commit_signoff_required": false,
        "topics": [],
        "visibility": "public",
        "forks": 64,
        "open_issues": 33,
        "watchers": 207,
        "default_branch": "master"
    },
    "network_count": 64,
    "subscribers_count": 1
}