{
    "id": 366541126,
    "node_id": "MDEwOlJlcG9zaXRvcnkzNjY1NDExMjY=",
    "name": "Lotica",
    "full_name": "Tyluur/Lotica",
    "private": false,
    "owner": {
        "login": "Tyluur",
        "id": 66739498,
        "node_id": "MDQ6VXNlcjY2NzM5NDk4",
        "avatar_url": "https://avatars.githubusercontent.com/u/66739498?v=4",
        "gravatar_id": "",
        "url": "https://api.github.com/users/Tyluur",
        "html_url": "https://github.com/Tyluur",
        "followers_url": "https://api.github.com/users/Tyluur/followers",
        "following_url": "https://api.github.com/users/Tyluur/following{/other_user}",
        "gists_url": "https://api.github.com/users/Tyluur/gists{/gist_id}",
        "starred_url": "https://api.github.com/users/Tyluur/starred{/owner}{/repo}",
        "subscriptions_url": "https://api.github.com/users/Tyluur/subscriptions",
        "organizations_url": "https://api.github.com/users/Tyluur/orgs",
        "repos_url": "https://api.github.com/users/Tyluur/repos",
        "events_url": "https://api.github.com/users/Tyluur/events{/privacy}",
        "received_events_url": "https://api.github.com/users/Tyluur/received_events",
        "type": "User",
        "site_admin": false
    },
    "html_url": "https://github.com/Tyluur/Lotica",
    "description": "This codebase, which branched from Matrix, was designed to replicate the gameplay of an Alotic - one of the most popular HD RuneScape Private Servers. ",
    "fork": false,
    "url": "https://api.github.com/repos/Tyluur/Lotica",
    "forks_url": "https://api.github.com/repos/Tyluur/Lotica/forks",
    "keys_url": "https://api.github.com/repos/Tyluur/Lotica/keys{/key_id}",
    "collaborators_url": "https://api.github.com/repos/Tyluur/Lotica/collaborators{/collaborator}",
    "teams_url": "https://api.github.com/repos/Tyluur/Lotica/teams",
    "hooks_url": "https://api.github.com/repos/Tyluur/Lotica/hooks",
    "issue_events_url": "https://api.github.com/repos/Tyluur/Lotica/issues/events{/number}",
    "events_url": "https://api.github.com/repos/Tyluur/Lotica/events",
    "assignees_url": "https://api.github.com/repos/Tyluur/Lotica/assignees{/user}",
    "branches_url": "https://api.github.com/repos/Tyluur/Lotica/branches{/branch}",
    "tags_url": "https://api.github.com/repos/Tyluur/Lotica/tags",
    "blobs_url": "https://api.github.com/repos/Tyluur/Lotica/git/blobs{/sha}",
    "git_tags_url": "https://api.github.com/repos/Tyluur/Lotica/git/tags{/sha}",
    "git_refs_url": "https://api.github.com/repos/Tyluur/Lotica/git/refs{/sha}",
    "trees_url": "https://api.github.com/repos/Tyluur/Lotica/git/trees{/sha}",
    "statuses_url": "https://api.github.com/repos/Tyluur/Lotica/statuses/{sha}",
    "languages_url": "https://api.github.com/repos/Tyluur/Lotica/languages",
    "stargazers_url": "https://api.github.com/repos/Tyluur/Lotica/stargazers",
    "contributors_url": "https://api.github.com/repos/Tyluur/Lotica/contributors",
    "subscribers_url": "https://api.github.com/repos/Tyluur/Lotica/subscribers",
    "subscription_url": "https://api.github.com/repos/Tyluur/Lotica/subscription",
    "commits_url": "https://api.github.com/repos/Tyluur/Lotica/commits{/sha}",
    "git_commits_url": "https://api.github.com/repos/Tyluur/Lotica/git/commits{/sha}",
    "comments_url": "https://api.github.com/repos/Tyluur/Lotica/comments{/number}",
    "issue_comment_url": "https://api.github.com/repos/Tyluur/Lotica/issues/comments{/number}",
    "contents_url": "https://api.github.com/repos/Tyluur/Lotica/contents/{+path}",
    "compare_url": "https://api.github.com/repos/Tyluur/Lotica/compare/{base}...{head}",
    "merges_url": "https://api.github.com/repos/Tyluur/Lotica/merges",
    "archive_url": "https://api.github.com/repos/Tyluur/Lotica/{archive_format}{/ref}",
    "downloads_url": "https://api.github.com/repos/Tyluur/Lotica/downloads",
    "issues_url": "https://api.github.com/repos/Tyluur/Lotica/issues{/number}",
    "pulls_url": "https://api.github.com/repos/Tyluur/Lotica/pulls{/number}",
    "milestones_url": "https://api.github.com/repos/Tyluur/Lotica/milestones{/number}",
    "notifications_url": "https://api.github.com/repos/Tyluur/Lotica/notifications{?since,all,participating}",
    "labels_url": "https://api.github.com/repos/Tyluur/Lotica/labels{/name}",
    "releases_url": "https://api.github.com/repos/Tyluur/Lotica/releases{/id}",
    "deployments_url": "https://api.github.com/repos/Tyluur/Lotica/deployments",
    "created_at": "2021-05-11T23:51:04Z",
    "updated_at": "2023-03-15T15:18:10Z",
    "pushed_at": "2023-03-20T14:28:24Z",
    "git_url": "git://github.com/Tyluur/Lotica.git",
    "ssh_url": "git@github.com:Tyluur/Lotica.git",
    "clone_url": "https://github.com/Tyluur/Lotica.git",
    "svn_url": "https://github.com/Tyluur/Lotica",
    "homepage": "",
    "size": 3778,
    "stargazers_count": 4,
    "watchers_count": 4,
    "language": "Java",
    "has_issues": false,
    "has_projects": true,
    "has_downloads": true,
    "has_wiki": true,
    "has_pages": false,
    "has_discussions": false,
    "forks_count": 7,
    "mirror_url": null,
    "archived": false,
    "disabled": false,
    "open_issues_count": 0,
    "license": {
        "key": "cc0-1.0",
        "name": "Creative Commons Zero v1.0 Universal",
        "spdx_id": "CC0-1.0",
        "url": "https://api.github.com/licenses/cc0-1.0",
        "node_id": "MDc6TGljZW5zZTY="
    },
    "allow_forking": true,
    "is_template": false,
    "web_commit_signoff_required": false,
    "topics": [],
    "visibility": "public",
    "forks": 7,
    "open_issues": 0,
    "watchers": 4,
    "default_branch": "master",
    "permissions": {
        "admin": false,
        "maintain": false,
        "push": false,
        "triage": false,
        "pull": true
    },
    "temp_clone_token": "",
    "network_count": 7,
    "subscribers_count": 0
}