{
    "id": 9219509,
    "node_id": "MDEwOlJlcG9zaXRvcnk5MjE5NTA5",
    "name": "elasticsearch",
    "full_name": "bleskes/elasticsearch",
    "private": false,
    "owner": {
        "login": "bleskes",
        "id": 1006375,
        "node_id": "MDQ6VXNlcjEwMDYzNzU=",
        "avatar_url": "https://avatars.githubusercontent.com/u/1006375?v=4",
        "gravatar_id": "",
        "url": "https://api.github.com/users/bleskes",
        "html_url": "https://github.com/bleskes",
        "followers_url": "https://api.github.com/users/bleskes/followers",
        "following_url": "https://api.github.com/users/bleskes/following{/other_user}",
        "gists_url": "https://api.github.com/users/bleskes/gists{/gist_id}",
        "starred_url": "https://api.github.com/users/bleskes/starred{/owner}{/repo}",
        "subscriptions_url": "https://api.github.com/users/bleskes/subscriptions",
        "organizations_url": "https://api.github.com/users/bleskes/orgs",
        "repos_url": "https://api.github.com/users/bleskes/repos",
        "events_url": "https://api.github.com/users/bleskes/events{/privacy}",
        "received_events_url": "https://api.github.com/users/bleskes/received_events",
        "type": "User",
        "site_admin": false
    },
    "html_url": "https://github.com/bleskes/elasticsearch",
    "description": "Open Source, Distributed, RESTful Search Engine",
    "fork": true,
    "url": "https://api.github.com/repos/bleskes/elasticsearch",
    "forks_url": "https://api.github.com/repos/bleskes/elasticsearch/forks",
    "keys_url": "https://api.github.com/repos/bleskes/elasticsearch/keys{/key_id}",
    "collaborators_url": "https://api.github.com/repos/bleskes/elasticsearch/collaborators{/collaborator}",
    "teams_url": "https://api.github.com/repos/bleskes/elasticsearch/teams",
    "hooks_url": "https://api.github.com/repos/bleskes/elasticsearch/hooks",
    "issue_events_url": "https://api.github.com/repos/bleskes/elasticsearch/issues/events{/number}",
    "events_url": "https://api.github.com/repos/bleskes/elasticsearch/events",
    "assignees_url": "https://api.github.com/repos/bleskes/elasticsearch/assignees{/user}",
    "branches_url": "https://api.github.com/repos/bleskes/elasticsearch/branches{/branch}",
    "tags_url": "https://api.github.com/repos/bleskes/elasticsearch/tags",
    "blobs_url": "https://api.github.com/repos/bleskes/elasticsearch/git/blobs{/sha}",
    "git_tags_url": "https://api.github.com/repos/bleskes/elasticsearch/git/tags{/sha}",
    "git_refs_url": "https://api.github.com/repos/bleskes/elasticsearch/git/refs{/sha}",
    "trees_url": "https://api.github.com/repos/bleskes/elasticsearch/git/trees{/sha}",
    "statuses_url": "https://api.github.com/repos/bleskes/elasticsearch/statuses/{sha}",
    "languages_url": "https://api.github.com/repos/bleskes/elasticsearch/languages",
    "stargazers_url": "https://api.github.com/repos/bleskes/elasticsearch/stargazers",
    "contributors_url": "https://api.github.com/repos/bleskes/elasticsearch/contributors",
    "subscribers_url": "https://api.github.com/repos/bleskes/elasticsearch/subscribers",
    "subscription_url": "https://api.github.com/repos/bleskes/elasticsearch/subscription",
    "commits_url": "https://api.github.com/repos/bleskes/elasticsearch/commits{/sha}",
    "git_commits_url": "https://api.github.com/repos/bleskes/elasticsearch/git/commits{/sha}",
    "comments_url": "https://api.github.com/repos/bleskes/elasticsearch/comments{/number}",
    "issue_comment_url": "https://api.github.com/repos/bleskes/elasticsearch/issues/comments{/number}",
    "contents_url": "https://api.github.com/repos/bleskes/elasticsearch/contents/{+path}",
    "compare_url": "https://api.github.com/repos/bleskes/elasticsearch/compare/{base}...{head}",
    "merges_url": "https://api.github.com/repos/bleskes/elasticsearch/merges",
    "archive_url": "https://api.github.com/repos/bleskes/elasticsearch/{archive_format}{/ref}",
    "downloads_url": "https://api.github.com/repos/bleskes/elasticsearch/downloads",
    "issues_url": "https://api.github.com/repos/bleskes/elasticsearch/issues{/number}",
    "pulls_url": "https://api.github.com/repos/bleskes/elasticsearch/pulls{/number}",
    "milestones_url": "https://api.github.com/repos/bleskes/elasticsearch/milestones{/number}",
    "notifications_url": "https://api.github.com/repos/bleskes/elasticsearch/notifications{?since,all,participating}",
    "labels_url": "https://api.github.com/repos/bleskes/elasticsearch/labels{/name}",
    "releases_url": "https://api.github.com/repos/bleskes/elasticsearch/releases{/id}",
    "deployments_url": "https://api.github.com/repos/bleskes/elasticsearch/deployments",
    "created_at": "2013-04-04T14:06:17Z",
    "updated_at": "2020-02-24T03:18:03Z",
    "pushed_at": "2019-02-11T11:47:22Z",
    "git_url": "git://github.com/bleskes/elasticsearch.git",
    "ssh_url": "git@github.com:bleskes/elasticsearch.git",
    "clone_url": "https://github.com/bleskes/elasticsearch.git",
    "svn_url": "https://github.com/bleskes/elasticsearch",
    "homepage": "http://elasticsearch.org",
    "size": 539479,
    "stargazers_count": 0,
    "watchers_count": 0,
    "language": "Java",
    "has_issues": false,
    "has_projects": true,
    "has_downloads": true,
    "has_wiki": false,
    "has_pages": false,
    "has_discussions": false,
    "forks_count": 0,
    "mirror_url": null,
    "archived": false,
    "disabled": false,
    "open_issues_count": 0,
    "license": {
        "key": "other",
        "name": "Other",
        "spdx_id": "NOASSERTION",
        "url": null,
        "node_id": "MDc6TGljZW5zZTA="
    },
    "allow_forking": true,
    "is_template": false,
    "web_commit_signoff_required": false,
    "topics": [],
    "visibility": "public",
    "forks": 0,
    "open_issues": 0,
    "watchers": 0,
    "default_branch": "master",
    "permissions": {
        "admin": false,
        "maintain": false,
        "push": false,
        "triage": false,
        "pull": true
    },
    "temp_clone_token": "",
    "parent": {
        "id": 507775,
        "node_id": "MDEwOlJlcG9zaXRvcnk1MDc3NzU=",
        "name": "elasticsearch",
        "full_name": "elastic/elasticsearch",
        "private": false,
        "owner": {
            "login": "elastic",
            "id": 6764390,
            "node_id": "MDEyOk9yZ2FuaXphdGlvbjY3NjQzOTA=",
            "avatar_url": "https://avatars.githubusercontent.com/u/6764390?v=4",
            "gravatar_id": "",
            "url": "https://api.github.com/users/elastic",
            "html_url": "https://github.com/elastic",
            "followers_url": "https://api.github.com/users/elastic/followers",
            "following_url": "https://api.github.com/users/elastic/following{/other_user}",
            "gists_url": "https://api.github.com/users/elastic/gists{/gist_id}",
            "starred_url": "https://api.github.com/users/elastic/starred{/owner}{/repo}",
            "subscriptions_url": "https://api.github.com/users/elastic/subscriptions",
            "organizations_url": "https://api.github.com/users/elastic/orgs",
            "repos_url": "https://api.github.com/users/elastic/repos",
            "events_url": "https://api.github.com/users/elastic/events{/privacy}",
            "received_events_url": "https://api.github.com/users/elastic/received_events",
            "type": "Organization",
            "site_admin": false
        },
        "html_url": "https://github.com/elastic/elasticsearch",
        "description": "Free and Open, Distributed, RESTful Search Engine",
        "fork": false,
        "url": "https://api.github.com/repos/elastic/elasticsearch",
        "forks_url": "https://api.github.com/repos/elastic/elasticsearch/forks",
        "keys_url": "https://api.github.com/repos/elastic/elasticsearch/keys{/key_id}",
        "collaborators_url": "https://api.github.com/repos/elastic/elasticsearch/collaborators{/collaborator}",
        "teams_url": "https://api.github.com/repos/elastic/elasticsearch/teams",
        "hooks_url": "https://api.github.com/repos/elastic/elasticsearch/hooks",
        "issue_events_url": "https://api.github.com/repos/elastic/elasticsearch/issues/events{/number}",
        "events_url": "https://api.github.com/repos/elastic/elasticsearch/events",
        "assignees_url": "https://api.github.com/repos/elastic/elasticsearch/assignees{/user}",
        "branches_url": "https://api.github.com/repos/elastic/elasticsearch/branches{/branch}",
        "tags_url": "https://api.github.com/repos/elastic/elasticsearch/tags",
        "blobs_url": "https://api.github.com/repos/elastic/elasticsearch/git/blobs{/sha}",
        "git_tags_url": "https://api.github.com/repos/elastic/elasticsearch/git/tags{/sha}",
        "git_refs_url": "https://api.github.com/repos/elastic/elasticsearch/git/refs{/sha}",
        "trees_url": "https://api.github.com/repos/elastic/elasticsearch/git/trees{/sha}",
        "statuses_url": "https://api.github.com/repos/elastic/elasticsearch/statuses/{sha}",
        "languages_url": "https://api.github.com/repos/elastic/elasticsearch/languages",
        "stargazers_url": "https://api.github.com/repos/elastic/elasticsearch/stargazers",
        "contributors_url": "https://api.github.com/repos/elastic/elasticsearch/contributors",
        "subscribers_url": "https://api.github.com/repos/elastic/elasticsearch/subscribers",
        "subscription_url": "https://api.github.com/repos/elastic/elasticsearch/subscription",
        "commits_url": "https://api.github.com/repos/elastic/elasticsearch/commits{/sha}",
        "git_commits_url": "https://api.github.com/repos/elastic/elasticsearch/git/commits{/sha}",
        "comments_url": "https://api.github.com/repos/elastic/elasticsearch/comments{/number}",
        "issue_comment_url": "https://api.github.com/repos/elastic/elasticsearch/issues/comments{/number}",
        "contents_url": "https://api.github.com/repos/elastic/elasticsearch/contents/{+path}",
        "compare_url": "https://api.github.com/repos/elastic/elasticsearch/compare/{base}...{head}",
        "merges_url": "https://api.github.com/repos/elastic/elasticsearch/merges",
        "archive_url": "https://api.github.com/repos/elastic/elasticsearch/{archive_format}{/ref}",
        "downloads_url": "https://api.github.com/repos/elastic/elasticsearch/downloads",
        "issues_url": "https://api.github.com/repos/elastic/elasticsearch/issues{/number}",
        "pulls_url": "https://api.github.com/repos/elastic/elasticsearch/pulls{/number}",
        "milestones_url": "https://api.github.com/repos/elastic/elasticsearch/milestones{/number}",
        "notifications_url": "https://api.github.com/repos/elastic/elasticsearch/notifications{?since,all,participating}",
        "labels_url": "https://api.github.com/repos/elastic/elasticsearch/labels{/name}",
        "releases_url": "https://api.github.com/repos/elastic/elasticsearch/releases{/id}",
        "deployments_url": "https://api.github.com/repos/elastic/elasticsearch/deployments",
        "created_at": "2010-02-08T13:20:56Z",
        "updated_at": "2024-04-30T01:31:56Z",
        "pushed_at": "2024-04-29T23:53:20Z",
        "git_url": "git://github.com/elastic/elasticsearch.git",
        "ssh_url": "git@github.com:elastic/elasticsearch.git",
        "clone_url": "https://github.com/elastic/elasticsearch.git",
        "svn_url": "https://github.com/elastic/elasticsearch",
        "homepage": "https://www.elastic.co/products/elasticsearch",
        "size": 1185811,
        "stargazers_count": 67661,
        "watchers_count": 67661,
        "language": "Java",
        "has_issues": true,
        "has_projects": true,
        "has_downloads": true,
        "has_wiki": false,
        "has_pages": false,
        "has_discussions": false,
        "forks_count": 24120,
        "mirror_url": null,
        "archived": false,
        "disabled": false,
        "open_issues_count": 4788,
        "license": {
            "key": "other",
            "name": "Other",
            "spdx_id": "NOASSERTION",
            "url": null,
            "node_id": "MDc6TGljZW5zZTA="
        },
        "allow_forking": true,
        "is_template": false,
        "web_commit_signoff_required": false,
        "topics": [
            "elasticsearch",
            "java",
            "search-engine"
        ],
        "visibility": "public",
        "forks": 24120,
        "open_issues": 4788,
        "watchers": 67661,
        "default_branch": "main"
    },
    "source": {
        "id": 507775,
        "node_id": "MDEwOlJlcG9zaXRvcnk1MDc3NzU=",
        "name": "elasticsearch",
        "full_name": "elastic/elasticsearch",
        "private": false,
        "owner": {
            "login": "elastic",
            "id": 6764390,
            "node_id": "MDEyOk9yZ2FuaXphdGlvbjY3NjQzOTA=",
            "avatar_url": "https://avatars.githubusercontent.com/u/6764390?v=4",
            "gravatar_id": "",
            "url": "https://api.github.com/users/elastic",
            "html_url": "https://github.com/elastic",
            "followers_url": "https://api.github.com/users/elastic/followers",
            "following_url": "https://api.github.com/users/elastic/following{/other_user}",
            "gists_url": "https://api.github.com/users/elastic/gists{/gist_id}",
            "starred_url": "https://api.github.com/users/elastic/starred{/owner}{/repo}",
            "subscriptions_url": "https://api.github.com/users/elastic/subscriptions",
            "organizations_url": "https://api.github.com/users/elastic/orgs",
            "repos_url": "https://api.github.com/users/elastic/repos",
            "events_url": "https://api.github.com/users/elastic/events{/privacy}",
            "received_events_url": "https://api.github.com/users/elastic/received_events",
            "type": "Organization",
            "site_admin": false
        },
        "html_url": "https://github.com/elastic/elasticsearch",
        "description": "Free and Open, Distributed, RESTful Search Engine",
        "fork": false,
        "url": "https://api.github.com/repos/elastic/elasticsearch",
        "forks_url": "https://api.github.com/repos/elastic/elasticsearch/forks",
        "keys_url": "https://api.github.com/repos/elastic/elasticsearch/keys{/key_id}",
        "collaborators_url": "https://api.github.com/repos/elastic/elasticsearch/collaborators{/collaborator}",
        "teams_url": "https://api.github.com/repos/elastic/elasticsearch/teams",
        "hooks_url": "https://api.github.com/repos/elastic/elasticsearch/hooks",
        "issue_events_url": "https://api.github.com/repos/elastic/elasticsearch/issues/events{/number}",
        "events_url": "https://api.github.com/repos/elastic/elasticsearch/events",
        "assignees_url": "https://api.github.com/repos/elastic/elasticsearch/assignees{/user}",
        "branches_url": "https://api.github.com/repos/elastic/elasticsearch/branches{/branch}",
        "tags_url": "https://api.github.com/repos/elastic/elasticsearch/tags",
        "blobs_url": "https://api.github.com/repos/elastic/elasticsearch/git/blobs{/sha}",
        "git_tags_url": "https://api.github.com/repos/elastic/elasticsearch/git/tags{/sha}",
        "git_refs_url": "https://api.github.com/repos/elastic/elasticsearch/git/refs{/sha}",
        "trees_url": "https://api.github.com/repos/elastic/elasticsearch/git/trees{/sha}",
        "statuses_url": "https://api.github.com/repos/elastic/elasticsearch/statuses/{sha}",
        "languages_url": "https://api.github.com/repos/elastic/elasticsearch/languages",
        "stargazers_url": "https://api.github.com/repos/elastic/elasticsearch/stargazers",
        "contributors_url": "https://api.github.com/repos/elastic/elasticsearch/contributors",
        "subscribers_url": "https://api.github.com/repos/elastic/elasticsearch/subscribers",
        "subscription_url": "https://api.github.com/repos/elastic/elasticsearch/subscription",
        "commits_url": "https://api.github.com/repos/elastic/elasticsearch/commits{/sha}",
        "git_commits_url": "https://api.github.com/repos/elastic/elasticsearch/git/commits{/sha}",
        "comments_url": "https://api.github.com/repos/elastic/elasticsearch/comments{/number}",
        "issue_comment_url": "https://api.github.com/repos/elastic/elasticsearch/issues/comments{/number}",
        "contents_url": "https://api.github.com/repos/elastic/elasticsearch/contents/{+path}",
        "compare_url": "https://api.github.com/repos/elastic/elasticsearch/compare/{base}...{head}",
        "merges_url": "https://api.github.com/repos/elastic/elasticsearch/merges",
        "archive_url": "https://api.github.com/repos/elastic/elasticsearch/{archive_format}{/ref}",
        "downloads_url": "https://api.github.com/repos/elastic/elasticsearch/downloads",
        "issues_url": "https://api.github.com/repos/elastic/elasticsearch/issues{/number}",
        "pulls_url": "https://api.github.com/repos/elastic/elasticsearch/pulls{/number}",
        "milestones_url": "https://api.github.com/repos/elastic/elasticsearch/milestones{/number}",
        "notifications_url": "https://api.github.com/repos/elastic/elasticsearch/notifications{?since,all,participating}",
        "labels_url": "https://api.github.com/repos/elastic/elasticsearch/labels{/name}",
        "releases_url": "https://api.github.com/repos/elastic/elasticsearch/releases{/id}",
        "deployments_url": "https://api.github.com/repos/elastic/elasticsearch/deployments",
        "created_at": "2010-02-08T13:20:56Z",
        "updated_at": "2024-04-30T01:31:56Z",
        "pushed_at": "2024-04-29T23:53:20Z",
        "git_url": "git://github.com/elastic/elasticsearch.git",
        "ssh_url": "git@github.com:elastic/elasticsearch.git",
        "clone_url": "https://github.com/elastic/elasticsearch.git",
        "svn_url": "https://github.com/elastic/elasticsearch",
        "homepage": "https://www.elastic.co/products/elasticsearch",
        "size": 1185811,
        "stargazers_count": 67661,
        "watchers_count": 67661,
        "language": "Java",
        "has_issues": true,
        "has_projects": true,
        "has_downloads": true,
        "has_wiki": false,
        "has_pages": false,
        "has_discussions": false,
        "forks_count": 24120,
        "mirror_url": null,
        "archived": false,
        "disabled": false,
        "open_issues_count": 4788,
        "license": {
            "key": "other",
            "name": "Other",
            "spdx_id": "NOASSERTION",
            "url": null,
            "node_id": "MDc6TGljZW5zZTA="
        },
        "allow_forking": true,
        "is_template": false,
        "web_commit_signoff_required": false,
        "topics": [
            "elasticsearch",
            "java",
            "search-engine"
        ],
        "visibility": "public",
        "forks": 24120,
        "open_issues": 4788,
        "watchers": 67661,
        "default_branch": "main"
    },
    "network_count": 24120,
    "subscribers_count": 1
}