{
    "id": 74837310,
    "node_id": "MDEwOlJlcG9zaXRvcnk3NDgzNzMxMA==",
    "name": "Flasky_app",
    "full_name": "ljhshuai/Flasky_app",
    "private": false,
    "owner": {
        "login": "ljhshuai",
        "id": 23164191,
        "node_id": "MDQ6VXNlcjIzMTY0MTkx",
        "avatar_url": "https://avatars.githubusercontent.com/u/23164191?v=4",
        "gravatar_id": "",
        "url": "https://api.github.com/users/ljhshuai",
        "html_url": "https://github.com/ljhshuai",
        "followers_url": "https://api.github.com/users/ljhshuai/followers",
        "following_url": "https://api.github.com/users/ljhshuai/following{/other_user}",
        "gists_url": "https://api.github.com/users/ljhshuai/gists{/gist_id}",
        "starred_url": "https://api.github.com/users/ljhshuai/starred{/owner}{/repo}",
        "subscriptions_url": "https://api.github.com/users/ljhshuai/subscriptions",
        "organizations_url": "https://api.github.com/users/ljhshuai/orgs",
        "repos_url": "https://api.github.com/users/ljhshuai/repos",
        "events_url": "https://api.github.com/users/ljhshuai/events{/privacy}",
        "received_events_url": "https://api.github.com/users/ljhshuai/received_events",
        "type": "User",
        "site_admin": false
    },
    "html_url": "https://github.com/ljhshuai/Flasky_app",
    "description": "\u5b66\u751f\u4fe1\u606f\u7ba1\u7406\u7cfb\u7edfandroid\u7aef",
    "fork": false,
    "url": "https://api.github.com/repos/ljhshuai/Flasky_app",
    "forks_url": "https://api.github.com/repos/ljhshuai/Flasky_app/forks",
    "keys_url": "https://api.github.com/repos/ljhshuai/Flasky_app/keys{/key_id}",
    "collaborators_url": "https://api.github.com/repos/ljhshuai/Flasky_app/collaborators{/collaborator}",
    "teams_url": "https://api.github.com/repos/ljhshuai/Flasky_app/teams",
    "hooks_url": "https://api.github.com/repos/ljhshuai/Flasky_app/hooks",
    "issue_events_url": "https://api.github.com/repos/ljhshuai/Flasky_app/issues/events{/number}",
    "events_url": "https://api.github.com/repos/ljhshuai/Flasky_app/events",
    "assignees_url": "https://api.github.com/repos/ljhshuai/Flasky_app/assignees{/user}",
    "branches_url": "https://api.github.com/repos/ljhshuai/Flasky_app/branches{/branch}",
    "tags_url": "https://api.github.com/repos/ljhshuai/Flasky_app/tags",
    "blobs_url": "https://api.github.com/repos/ljhshuai/Flasky_app/git/blobs{/sha}",
    "git_tags_url": "https://api.github.com/repos/ljhshuai/Flasky_app/git/tags{/sha}",
    "git_refs_url": "https://api.github.com/repos/ljhshuai/Flasky_app/git/refs{/sha}",
    "trees_url": "https://api.github.com/repos/ljhshuai/Flasky_app/git/trees{/sha}",
    "statuses_url": "https://api.github.com/repos/ljhshuai/Flasky_app/statuses/{sha}",
    "languages_url": "https://api.github.com/repos/ljhshuai/Flasky_app/languages",
    "stargazers_url": "https://api.github.com/repos/ljhshuai/Flasky_app/stargazers",
    "contributors_url": "https://api.github.com/repos/ljhshuai/Flasky_app/contributors",
    "subscribers_url": "https://api.github.com/repos/ljhshuai/Flasky_app/subscribers",
    "subscription_url": "https://api.github.com/repos/ljhshuai/Flasky_app/subscription",
    "commits_url": "https://api.github.com/repos/ljhshuai/Flasky_app/commits{/sha}",
    "git_commits_url": "https://api.github.com/repos/ljhshuai/Flasky_app/git/commits{/sha}",
    "comments_url": "https://api.github.com/repos/ljhshuai/Flasky_app/comments{/number}",
    "issue_comment_url": "https://api.github.com/repos/ljhshuai/Flasky_app/issues/comments{/number}",
    "contents_url": "https://api.github.com/repos/ljhshuai/Flasky_app/contents/{+path}",
    "compare_url": "https://api.github.com/repos/ljhshuai/Flasky_app/compare/{base}...{head}",
    "merges_url": "https://api.github.com/repos/ljhshuai/Flasky_app/merges",
    "archive_url": "https://api.github.com/repos/ljhshuai/Flasky_app/{archive_format}{/ref}",
    "downloads_url": "https://api.github.com/repos/ljhshuai/Flasky_app/downloads",
    "issues_url": "https://api.github.com/repos/ljhshuai/Flasky_app/issues{/number}",
    "pulls_url": "https://api.github.com/repos/ljhshuai/Flasky_app/pulls{/number}",
    "milestones_url": "https://api.github.com/repos/ljhshuai/Flasky_app/milestones{/number}",
    "notifications_url": "https://api.github.com/repos/ljhshuai/Flasky_app/notifications{?since,all,participating}",
    "labels_url": "https://api.github.com/repos/ljhshuai/Flasky_app/labels{/name}",
    "releases_url": "https://api.github.com/repos/ljhshuai/Flasky_app/releases{/id}",
    "deployments_url": "https://api.github.com/repos/ljhshuai/Flasky_app/deployments",
    "created_at": "2016-11-26T16:31:14Z",
    "updated_at": "2017-12-21T09:51:49Z",
    "pushed_at": "2017-02-24T09:12:24Z",
    "git_url": "git://github.com/ljhshuai/Flasky_app.git",
    "ssh_url": "git@github.com:ljhshuai/Flasky_app.git",
    "clone_url": "https://github.com/ljhshuai/Flasky_app.git",
    "svn_url": "https://github.com/ljhshuai/Flasky_app",
    "homepage": "",
    "size": 159,
    "stargazers_count": 1,
    "watchers_count": 1,
    "language": "Java",
    "has_issues": true,
    "has_projects": true,
    "has_downloads": true,
    "has_wiki": true,
    "has_pages": false,
    "has_discussions": false,
    "forks_count": 1,
    "mirror_url": null,
    "archived": false,
    "disabled": false,
    "open_issues_count": 0,
    "license": {
        "key": "apache-2.0",
        "name": "Apache License 2.0",
        "spdx_id": "Apache-2.0",
        "url": "https://api.github.com/licenses/apache-2.0",
        "node_id": "MDc6TGljZW5zZTI="
    },
    "allow_forking": true,
    "is_template": false,
    "web_commit_signoff_required": false,
    "topics": [],
    "visibility": "public",
    "forks": 1,
    "open_issues": 0,
    "watchers": 1,
    "default_branch": "new2",
    "permissions": {
        "admin": false,
        "maintain": false,
        "push": false,
        "triage": false,
        "pull": true
    },
    "temp_clone_token": "",
    "network_count": 1,
    "subscribers_count": 1
}