{
    "id": 106342565,
    "node_id": "MDEwOlJlcG9zaXRvcnkxMDYzNDI1NjU=",
    "name": "CARIS",
    "full_name": "InfinityPhase/CARIS",
    "private": false,
    "owner": {
        "login": "InfinityPhase",
        "id": 15146016,
        "node_id": "MDQ6VXNlcjE1MTQ2MDE2",
        "avatar_url": "https://avatars.githubusercontent.com/u/15146016?v=4",
        "gravatar_id": "",
        "url": "https://api.github.com/users/InfinityPhase",
        "html_url": "https://github.com/InfinityPhase",
        "followers_url": "https://api.github.com/users/InfinityPhase/followers",
        "following_url": "https://api.github.com/users/InfinityPhase/following{/other_user}",
        "gists_url": "https://api.github.com/users/InfinityPhase/gists{/gist_id}",
        "starred_url": "https://api.github.com/users/InfinityPhase/starred{/owner}{/repo}",
        "subscriptions_url": "https://api.github.com/users/InfinityPhase/subscriptions",
        "organizations_url": "https://api.github.com/users/InfinityPhase/orgs",
        "repos_url": "https://api.github.com/users/InfinityPhase/repos",
        "events_url": "https://api.github.com/users/InfinityPhase/events{/privacy}",
        "received_events_url": "https://api.github.com/users/InfinityPhase/received_events",
        "type": "User",
        "site_admin": false
    },
    "html_url": "https://github.com/InfinityPhase/CARIS",
    "description": "604's Auto-Responding Discord Chat Bot, now deprecated. Go here: https://github.com/Auxiliatrix/CARIS-Framework",
    "fork": false,
    "url": "https://api.github.com/repos/InfinityPhase/CARIS",
    "forks_url": "https://api.github.com/repos/InfinityPhase/CARIS/forks",
    "keys_url": "https://api.github.com/repos/InfinityPhase/CARIS/keys{/key_id}",
    "collaborators_url": "https://api.github.com/repos/InfinityPhase/CARIS/collaborators{/collaborator}",
    "teams_url": "https://api.github.com/repos/InfinityPhase/CARIS/teams",
    "hooks_url": "https://api.github.com/repos/InfinityPhase/CARIS/hooks",
    "issue_events_url": "https://api.github.com/repos/InfinityPhase/CARIS/issues/events{/number}",
    "events_url": "https://api.github.com/repos/InfinityPhase/CARIS/events",
    "assignees_url": "https://api.github.com/repos/InfinityPhase/CARIS/assignees{/user}",
    "branches_url": "https://api.github.com/repos/InfinityPhase/CARIS/branches{/branch}",
    "tags_url": "https://api.github.com/repos/InfinityPhase/CARIS/tags",
    "blobs_url": "https://api.github.com/repos/InfinityPhase/CARIS/git/blobs{/sha}",
    "git_tags_url": "https://api.github.com/repos/InfinityPhase/CARIS/git/tags{/sha}",
    "git_refs_url": "https://api.github.com/repos/InfinityPhase/CARIS/git/refs{/sha}",
    "trees_url": "https://api.github.com/repos/InfinityPhase/CARIS/git/trees{/sha}",
    "statuses_url": "https://api.github.com/repos/InfinityPhase/CARIS/statuses/{sha}",
    "languages_url": "https://api.github.com/repos/InfinityPhase/CARIS/languages",
    "stargazers_url": "https://api.github.com/repos/InfinityPhase/CARIS/stargazers",
    "contributors_url": "https://api.github.com/repos/InfinityPhase/CARIS/contributors",
    "subscribers_url": "https://api.github.com/repos/InfinityPhase/CARIS/subscribers",
    "subscription_url": "https://api.github.com/repos/InfinityPhase/CARIS/subscription",
    "commits_url": "https://api.github.com/repos/InfinityPhase/CARIS/commits{/sha}",
    "git_commits_url": "https://api.github.com/repos/InfinityPhase/CARIS/git/commits{/sha}",
    "comments_url": "https://api.github.com/repos/InfinityPhase/CARIS/comments{/number}",
    "issue_comment_url": "https://api.github.com/repos/InfinityPhase/CARIS/issues/comments{/number}",
    "contents_url": "https://api.github.com/repos/InfinityPhase/CARIS/contents/{+path}",
    "compare_url": "https://api.github.com/repos/InfinityPhase/CARIS/compare/{base}...{head}",
    "merges_url": "https://api.github.com/repos/InfinityPhase/CARIS/merges",
    "archive_url": "https://api.github.com/repos/InfinityPhase/CARIS/{archive_format}{/ref}",
    "downloads_url": "https://api.github.com/repos/InfinityPhase/CARIS/downloads",
    "issues_url": "https://api.github.com/repos/InfinityPhase/CARIS/issues{/number}",
    "pulls_url": "https://api.github.com/repos/InfinityPhase/CARIS/pulls{/number}",
    "milestones_url": "https://api.github.com/repos/InfinityPhase/CARIS/milestones{/number}",
    "notifications_url": "https://api.github.com/repos/InfinityPhase/CARIS/notifications{?since,all,participating}",
    "labels_url": "https://api.github.com/repos/InfinityPhase/CARIS/labels{/name}",
    "releases_url": "https://api.github.com/repos/InfinityPhase/CARIS/releases{/id}",
    "deployments_url": "https://api.github.com/repos/InfinityPhase/CARIS/deployments",
    "created_at": "2017-10-09T22:39:38Z",
    "updated_at": "2023-01-28T18:56:41Z",
    "pushed_at": "2019-02-25T23:45:03Z",
    "git_url": "git://github.com/InfinityPhase/CARIS.git",
    "ssh_url": "git@github.com:InfinityPhase/CARIS.git",
    "clone_url": "https://github.com/InfinityPhase/CARIS.git",
    "svn_url": "https://github.com/InfinityPhase/CARIS",
    "homepage": "",
    "size": 1208,
    "stargazers_count": 1,
    "watchers_count": 1,
    "language": "Java",
    "has_issues": true,
    "has_projects": false,
    "has_downloads": true,
    "has_wiki": true,
    "has_pages": false,
    "has_discussions": false,
    "forks_count": 0,
    "mirror_url": null,
    "archived": true,
    "disabled": false,
    "open_issues_count": 6,
    "license": {
        "key": "mit",
        "name": "MIT License",
        "spdx_id": "MIT",
        "url": "https://api.github.com/licenses/mit",
        "node_id": "MDc6TGljZW5zZTEz"
    },
    "allow_forking": true,
    "is_template": false,
    "web_commit_signoff_required": false,
    "topics": [],
    "visibility": "public",
    "forks": 0,
    "open_issues": 6,
    "watchers": 1,
    "default_branch": "master",
    "permissions": {
        "admin": false,
        "maintain": false,
        "push": false,
        "triage": false,
        "pull": true
    },
    "temp_clone_token": "",
    "network_count": 0,
    "subscribers_count": 3
}