{
    "id": 190056828,
    "node_id": "MDEwOlJlcG9zaXRvcnkxOTAwNTY4Mjg=",
    "name": "Placement-Cell-Project",
    "full_name": "akhilbattula/Placement-Cell-Project",
    "private": false,
    "owner": {
        "login": "akhilbattula",
        "id": 24623078,
        "node_id": "MDQ6VXNlcjI0NjIzMDc4",
        "avatar_url": "https://avatars.githubusercontent.com/u/24623078?v=4",
        "gravatar_id": "",
        "url": "https://api.github.com/users/akhilbattula",
        "html_url": "https://github.com/akhilbattula",
        "followers_url": "https://api.github.com/users/akhilbattula/followers",
        "following_url": "https://api.github.com/users/akhilbattula/following{/other_user}",
        "gists_url": "https://api.github.com/users/akhilbattula/gists{/gist_id}",
        "starred_url": "https://api.github.com/users/akhilbattula/starred{/owner}{/repo}",
        "subscriptions_url": "https://api.github.com/users/akhilbattula/subscriptions",
        "organizations_url": "https://api.github.com/users/akhilbattula/orgs",
        "repos_url": "https://api.github.com/users/akhilbattula/repos",
        "events_url": "https://api.github.com/users/akhilbattula/events{/privacy}",
        "received_events_url": "https://api.github.com/users/akhilbattula/received_events",
        "type": "User",
        "site_admin": false
    },
    "html_url": "https://github.com/akhilbattula/Placement-Cell-Project",
    "description": "Placement-Cell-Project",
    "fork": false,
    "url": "https://api.github.com/repos/akhilbattula/Placement-Cell-Project",
    "forks_url": "https://api.github.com/repos/akhilbattula/Placement-Cell-Project/forks",
    "keys_url": "https://api.github.com/repos/akhilbattula/Placement-Cell-Project/keys{/key_id}",
    "collaborators_url": "https://api.github.com/repos/akhilbattula/Placement-Cell-Project/collaborators{/collaborator}",
    "teams_url": "https://api.github.com/repos/akhilbattula/Placement-Cell-Project/teams",
    "hooks_url": "https://api.github.com/repos/akhilbattula/Placement-Cell-Project/hooks",
    "issue_events_url": "https://api.github.com/repos/akhilbattula/Placement-Cell-Project/issues/events{/number}",
    "events_url": "https://api.github.com/repos/akhilbattula/Placement-Cell-Project/events",
    "assignees_url": "https://api.github.com/repos/akhilbattula/Placement-Cell-Project/assignees{/user}",
    "branches_url": "https://api.github.com/repos/akhilbattula/Placement-Cell-Project/branches{/branch}",
    "tags_url": "https://api.github.com/repos/akhilbattula/Placement-Cell-Project/tags",
    "blobs_url": "https://api.github.com/repos/akhilbattula/Placement-Cell-Project/git/blobs{/sha}",
    "git_tags_url": "https://api.github.com/repos/akhilbattula/Placement-Cell-Project/git/tags{/sha}",
    "git_refs_url": "https://api.github.com/repos/akhilbattula/Placement-Cell-Project/git/refs{/sha}",
    "trees_url": "https://api.github.com/repos/akhilbattula/Placement-Cell-Project/git/trees{/sha}",
    "statuses_url": "https://api.github.com/repos/akhilbattula/Placement-Cell-Project/statuses/{sha}",
    "languages_url": "https://api.github.com/repos/akhilbattula/Placement-Cell-Project/languages",
    "stargazers_url": "https://api.github.com/repos/akhilbattula/Placement-Cell-Project/stargazers",
    "contributors_url": "https://api.github.com/repos/akhilbattula/Placement-Cell-Project/contributors",
    "subscribers_url": "https://api.github.com/repos/akhilbattula/Placement-Cell-Project/subscribers",
    "subscription_url": "https://api.github.com/repos/akhilbattula/Placement-Cell-Project/subscription",
    "commits_url": "https://api.github.com/repos/akhilbattula/Placement-Cell-Project/commits{/sha}",
    "git_commits_url": "https://api.github.com/repos/akhilbattula/Placement-Cell-Project/git/commits{/sha}",
    "comments_url": "https://api.github.com/repos/akhilbattula/Placement-Cell-Project/comments{/number}",
    "issue_comment_url": "https://api.github.com/repos/akhilbattula/Placement-Cell-Project/issues/comments{/number}",
    "contents_url": "https://api.github.com/repos/akhilbattula/Placement-Cell-Project/contents/{+path}",
    "compare_url": "https://api.github.com/repos/akhilbattula/Placement-Cell-Project/compare/{base}...{head}",
    "merges_url": "https://api.github.com/repos/akhilbattula/Placement-Cell-Project/merges",
    "archive_url": "https://api.github.com/repos/akhilbattula/Placement-Cell-Project/{archive_format}{/ref}",
    "downloads_url": "https://api.github.com/repos/akhilbattula/Placement-Cell-Project/downloads",
    "issues_url": "https://api.github.com/repos/akhilbattula/Placement-Cell-Project/issues{/number}",
    "pulls_url": "https://api.github.com/repos/akhilbattula/Placement-Cell-Project/pulls{/number}",
    "milestones_url": "https://api.github.com/repos/akhilbattula/Placement-Cell-Project/milestones{/number}",
    "notifications_url": "https://api.github.com/repos/akhilbattula/Placement-Cell-Project/notifications{?since,all,participating}",
    "labels_url": "https://api.github.com/repos/akhilbattula/Placement-Cell-Project/labels{/name}",
    "releases_url": "https://api.github.com/repos/akhilbattula/Placement-Cell-Project/releases{/id}",
    "deployments_url": "https://api.github.com/repos/akhilbattula/Placement-Cell-Project/deployments",
    "created_at": "2019-06-03T18:07:47Z",
    "updated_at": "2019-06-03T19:46:29Z",
    "pushed_at": "2019-06-03T19:46:26Z",
    "git_url": "git://github.com/akhilbattula/Placement-Cell-Project.git",
    "ssh_url": "git@github.com:akhilbattula/Placement-Cell-Project.git",
    "clone_url": "https://github.com/akhilbattula/Placement-Cell-Project.git",
    "svn_url": "https://github.com/akhilbattula/Placement-Cell-Project",
    "homepage": "",
    "size": 4452,
    "stargazers_count": 0,
    "watchers_count": 0,
    "language": "Java",
    "has_issues": true,
    "has_projects": true,
    "has_downloads": true,
    "has_wiki": true,
    "has_pages": false,
    "has_discussions": false,
    "forks_count": 0,
    "mirror_url": null,
    "archived": false,
    "disabled": false,
    "open_issues_count": 0,
    "license": {
        "key": "apache-2.0",
        "name": "Apache License 2.0",
        "spdx_id": "Apache-2.0",
        "url": "https://api.github.com/licenses/apache-2.0",
        "node_id": "MDc6TGljZW5zZTI="
    },
    "allow_forking": true,
    "is_template": false,
    "web_commit_signoff_required": false,
    "topics": [],
    "visibility": "public",
    "forks": 0,
    "open_issues": 0,
    "watchers": 0,
    "default_branch": "master",
    "permissions": {
        "admin": false,
        "maintain": false,
        "push": false,
        "triage": false,
        "pull": true
    },
    "temp_clone_token": "",
    "network_count": 0,
    "subscribers_count": 0
}