{
    "id": 88788997,
    "node_id": "MDEwOlJlcG9zaXRvcnk4ODc4ODk5Nw==",
    "name": "dotto",
    "full_name": "radixdev/dotto",
    "private": false,
    "owner": {
        "login": "radixdev",
        "id": 2373546,
        "node_id": "MDQ6VXNlcjIzNzM1NDY=",
        "avatar_url": "https://avatars.githubusercontent.com/u/2373546?v=4",
        "gravatar_id": "",
        "url": "https://api.github.com/users/radixdev",
        "html_url": "https://github.com/radixdev",
        "followers_url": "https://api.github.com/users/radixdev/followers",
        "following_url": "https://api.github.com/users/radixdev/following{/other_user}",
        "gists_url": "https://api.github.com/users/radixdev/gists{/gist_id}",
        "starred_url": "https://api.github.com/users/radixdev/starred{/owner}{/repo}",
        "subscriptions_url": "https://api.github.com/users/radixdev/subscriptions",
        "organizations_url": "https://api.github.com/users/radixdev/orgs",
        "repos_url": "https://api.github.com/users/radixdev/repos",
        "events_url": "https://api.github.com/users/radixdev/events{/privacy}",
        "received_events_url": "https://api.github.com/users/radixdev/received_events",
        "type": "User",
        "site_admin": false
    },
    "html_url": "https://github.com/radixdev/dotto",
    "description": "like /r/place but it totally works",
    "fork": false,
    "url": "https://api.github.com/repos/radixdev/dotto",
    "forks_url": "https://api.github.com/repos/radixdev/dotto/forks",
    "keys_url": "https://api.github.com/repos/radixdev/dotto/keys{/key_id}",
    "collaborators_url": "https://api.github.com/repos/radixdev/dotto/collaborators{/collaborator}",
    "teams_url": "https://api.github.com/repos/radixdev/dotto/teams",
    "hooks_url": "https://api.github.com/repos/radixdev/dotto/hooks",
    "issue_events_url": "https://api.github.com/repos/radixdev/dotto/issues/events{/number}",
    "events_url": "https://api.github.com/repos/radixdev/dotto/events",
    "assignees_url": "https://api.github.com/repos/radixdev/dotto/assignees{/user}",
    "branches_url": "https://api.github.com/repos/radixdev/dotto/branches{/branch}",
    "tags_url": "https://api.github.com/repos/radixdev/dotto/tags",
    "blobs_url": "https://api.github.com/repos/radixdev/dotto/git/blobs{/sha}",
    "git_tags_url": "https://api.github.com/repos/radixdev/dotto/git/tags{/sha}",
    "git_refs_url": "https://api.github.com/repos/radixdev/dotto/git/refs{/sha}",
    "trees_url": "https://api.github.com/repos/radixdev/dotto/git/trees{/sha}",
    "statuses_url": "https://api.github.com/repos/radixdev/dotto/statuses/{sha}",
    "languages_url": "https://api.github.com/repos/radixdev/dotto/languages",
    "stargazers_url": "https://api.github.com/repos/radixdev/dotto/stargazers",
    "contributors_url": "https://api.github.com/repos/radixdev/dotto/contributors",
    "subscribers_url": "https://api.github.com/repos/radixdev/dotto/subscribers",
    "subscription_url": "https://api.github.com/repos/radixdev/dotto/subscription",
    "commits_url": "https://api.github.com/repos/radixdev/dotto/commits{/sha}",
    "git_commits_url": "https://api.github.com/repos/radixdev/dotto/git/commits{/sha}",
    "comments_url": "https://api.github.com/repos/radixdev/dotto/comments{/number}",
    "issue_comment_url": "https://api.github.com/repos/radixdev/dotto/issues/comments{/number}",
    "contents_url": "https://api.github.com/repos/radixdev/dotto/contents/{+path}",
    "compare_url": "https://api.github.com/repos/radixdev/dotto/compare/{base}...{head}",
    "merges_url": "https://api.github.com/repos/radixdev/dotto/merges",
    "archive_url": "https://api.github.com/repos/radixdev/dotto/{archive_format}{/ref}",
    "downloads_url": "https://api.github.com/repos/radixdev/dotto/downloads",
    "issues_url": "https://api.github.com/repos/radixdev/dotto/issues{/number}",
    "pulls_url": "https://api.github.com/repos/radixdev/dotto/pulls{/number}",
    "milestones_url": "https://api.github.com/repos/radixdev/dotto/milestones{/number}",
    "notifications_url": "https://api.github.com/repos/radixdev/dotto/notifications{?since,all,participating}",
    "labels_url": "https://api.github.com/repos/radixdev/dotto/labels{/name}",
    "releases_url": "https://api.github.com/repos/radixdev/dotto/releases{/id}",
    "deployments_url": "https://api.github.com/repos/radixdev/dotto/deployments",
    "created_at": "2017-04-19T20:42:51Z",
    "updated_at": "2019-08-22T03:50:46Z",
    "pushed_at": "2019-08-22T03:50:44Z",
    "git_url": "git://github.com/radixdev/dotto.git",
    "ssh_url": "git@github.com:radixdev/dotto.git",
    "clone_url": "https://github.com/radixdev/dotto.git",
    "svn_url": "https://github.com/radixdev/dotto",
    "homepage": "",
    "size": 293,
    "stargazers_count": 0,
    "watchers_count": 0,
    "language": "Java",
    "has_issues": true,
    "has_projects": true,
    "has_downloads": true,
    "has_wiki": true,
    "has_pages": false,
    "has_discussions": false,
    "forks_count": 0,
    "mirror_url": null,
    "archived": false,
    "disabled": false,
    "open_issues_count": 0,
    "license": {
        "key": "mit",
        "name": "MIT License",
        "spdx_id": "MIT",
        "url": "https://api.github.com/licenses/mit",
        "node_id": "MDc6TGljZW5zZTEz"
    },
    "allow_forking": true,
    "is_template": false,
    "web_commit_signoff_required": false,
    "topics": [
        "android",
        "app",
        "free",
        "reddit"
    ],
    "visibility": "public",
    "forks": 0,
    "open_issues": 0,
    "watchers": 0,
    "default_branch": "master",
    "permissions": {
        "admin": false,
        "maintain": false,
        "push": false,
        "triage": false,
        "pull": true
    },
    "temp_clone_token": "",
    "network_count": 0,
    "subscribers_count": 1
}