{
    "id": 342171907,
    "node_id": "MDEwOlJlcG9zaXRvcnkzNDIxNzE5MDc=",
    "name": "breakoutapi",
    "full_name": "BasiqueEvangelist/breakoutapi",
    "private": false,
    "owner": {
        "login": "BasiqueEvangelist",
        "id": 72868417,
        "node_id": "MDQ6VXNlcjcyODY4NDE3",
        "avatar_url": "https://avatars.githubusercontent.com/u/72868417?v=4",
        "gravatar_id": "",
        "url": "https://api.github.com/users/BasiqueEvangelist",
        "html_url": "https://github.com/BasiqueEvangelist",
        "followers_url": "https://api.github.com/users/BasiqueEvangelist/followers",
        "following_url": "https://api.github.com/users/BasiqueEvangelist/following{/other_user}",
        "gists_url": "https://api.github.com/users/BasiqueEvangelist/gists{/gist_id}",
        "starred_url": "https://api.github.com/users/BasiqueEvangelist/starred{/owner}{/repo}",
        "subscriptions_url": "https://api.github.com/users/BasiqueEvangelist/subscriptions",
        "organizations_url": "https://api.github.com/users/BasiqueEvangelist/orgs",
        "repos_url": "https://api.github.com/users/BasiqueEvangelist/repos",
        "events_url": "https://api.github.com/users/BasiqueEvangelist/events{/privacy}",
        "received_events_url": "https://api.github.com/users/BasiqueEvangelist/received_events",
        "type": "User",
        "site_admin": false
    },
    "html_url": "https://github.com/BasiqueEvangelist/breakoutapi",
    "description": "A minecraft mod that allows additional windows to be opened alongside the game",
    "fork": true,
    "url": "https://api.github.com/repos/BasiqueEvangelist/breakoutapi",
    "forks_url": "https://api.github.com/repos/BasiqueEvangelist/breakoutapi/forks",
    "keys_url": "https://api.github.com/repos/BasiqueEvangelist/breakoutapi/keys{/key_id}",
    "collaborators_url": "https://api.github.com/repos/BasiqueEvangelist/breakoutapi/collaborators{/collaborator}",
    "teams_url": "https://api.github.com/repos/BasiqueEvangelist/breakoutapi/teams",
    "hooks_url": "https://api.github.com/repos/BasiqueEvangelist/breakoutapi/hooks",
    "issue_events_url": "https://api.github.com/repos/BasiqueEvangelist/breakoutapi/issues/events{/number}",
    "events_url": "https://api.github.com/repos/BasiqueEvangelist/breakoutapi/events",
    "assignees_url": "https://api.github.com/repos/BasiqueEvangelist/breakoutapi/assignees{/user}",
    "branches_url": "https://api.github.com/repos/BasiqueEvangelist/breakoutapi/branches{/branch}",
    "tags_url": "https://api.github.com/repos/BasiqueEvangelist/breakoutapi/tags",
    "blobs_url": "https://api.github.com/repos/BasiqueEvangelist/breakoutapi/git/blobs{/sha}",
    "git_tags_url": "https://api.github.com/repos/BasiqueEvangelist/breakoutapi/git/tags{/sha}",
    "git_refs_url": "https://api.github.com/repos/BasiqueEvangelist/breakoutapi/git/refs{/sha}",
    "trees_url": "https://api.github.com/repos/BasiqueEvangelist/breakoutapi/git/trees{/sha}",
    "statuses_url": "https://api.github.com/repos/BasiqueEvangelist/breakoutapi/statuses/{sha}",
    "languages_url": "https://api.github.com/repos/BasiqueEvangelist/breakoutapi/languages",
    "stargazers_url": "https://api.github.com/repos/BasiqueEvangelist/breakoutapi/stargazers",
    "contributors_url": "https://api.github.com/repos/BasiqueEvangelist/breakoutapi/contributors",
    "subscribers_url": "https://api.github.com/repos/BasiqueEvangelist/breakoutapi/subscribers",
    "subscription_url": "https://api.github.com/repos/BasiqueEvangelist/breakoutapi/subscription",
    "commits_url": "https://api.github.com/repos/BasiqueEvangelist/breakoutapi/commits{/sha}",
    "git_commits_url": "https://api.github.com/repos/BasiqueEvangelist/breakoutapi/git/commits{/sha}",
    "comments_url": "https://api.github.com/repos/BasiqueEvangelist/breakoutapi/comments{/number}",
    "issue_comment_url": "https://api.github.com/repos/BasiqueEvangelist/breakoutapi/issues/comments{/number}",
    "contents_url": "https://api.github.com/repos/BasiqueEvangelist/breakoutapi/contents/{+path}",
    "compare_url": "https://api.github.com/repos/BasiqueEvangelist/breakoutapi/compare/{base}...{head}",
    "merges_url": "https://api.github.com/repos/BasiqueEvangelist/breakoutapi/merges",
    "archive_url": "https://api.github.com/repos/BasiqueEvangelist/breakoutapi/{archive_format}{/ref}",
    "downloads_url": "https://api.github.com/repos/BasiqueEvangelist/breakoutapi/downloads",
    "issues_url": "https://api.github.com/repos/BasiqueEvangelist/breakoutapi/issues{/number}",
    "pulls_url": "https://api.github.com/repos/BasiqueEvangelist/breakoutapi/pulls{/number}",
    "milestones_url": "https://api.github.com/repos/BasiqueEvangelist/breakoutapi/milestones{/number}",
    "notifications_url": "https://api.github.com/repos/BasiqueEvangelist/breakoutapi/notifications{?since,all,participating}",
    "labels_url": "https://api.github.com/repos/BasiqueEvangelist/breakoutapi/labels{/name}",
    "releases_url": "https://api.github.com/repos/BasiqueEvangelist/breakoutapi/releases{/id}",
    "deployments_url": "https://api.github.com/repos/BasiqueEvangelist/breakoutapi/deployments",
    "created_at": "2021-02-25T08:19:58Z",
    "updated_at": "2021-03-07T18:48:15Z",
    "pushed_at": "2021-03-11T13:53:34Z",
    "git_url": "git://github.com/BasiqueEvangelist/breakoutapi.git",
    "ssh_url": "git@github.com:BasiqueEvangelist/breakoutapi.git",
    "clone_url": "https://github.com/BasiqueEvangelist/breakoutapi.git",
    "svn_url": "https://github.com/BasiqueEvangelist/breakoutapi",
    "homepage": "https://www.curseforge.com/minecraft/mc-mods/breakoutapi",
    "size": 1196,
    "stargazers_count": 0,
    "watchers_count": 0,
    "language": "Java",
    "has_issues": false,
    "has_projects": true,
    "has_downloads": true,
    "has_wiki": true,
    "has_pages": false,
    "has_discussions": false,
    "forks_count": 0,
    "mirror_url": null,
    "archived": false,
    "disabled": false,
    "open_issues_count": 0,
    "license": {
        "key": "mit",
        "name": "MIT License",
        "spdx_id": "MIT",
        "url": "https://api.github.com/licenses/mit",
        "node_id": "MDc6TGljZW5zZTEz"
    },
    "allow_forking": true,
    "is_template": false,
    "web_commit_signoff_required": false,
    "topics": [],
    "visibility": "public",
    "forks": 0,
    "open_issues": 0,
    "watchers": 0,
    "default_branch": "master",
    "permissions": {
        "admin": false,
        "maintain": false,
        "push": false,
        "triage": false,
        "pull": true
    },
    "temp_clone_token": "",
    "parent": {
        "id": 340542239,
        "node_id": "MDEwOlJlcG9zaXRvcnkzNDA1NDIyMzk=",
        "name": "breakoutapi",
        "full_name": "raphydaphy/breakoutapi",
        "private": false,
        "owner": {
            "login": "raphydaphy",
            "id": 8121164,
            "node_id": "MDQ6VXNlcjgxMjExNjQ=",
            "avatar_url": "https://avatars.githubusercontent.com/u/8121164?v=4",
            "gravatar_id": "",
            "url": "https://api.github.com/users/raphydaphy",
            "html_url": "https://github.com/raphydaphy",
            "followers_url": "https://api.github.com/users/raphydaphy/followers",
            "following_url": "https://api.github.com/users/raphydaphy/following{/other_user}",
            "gists_url": "https://api.github.com/users/raphydaphy/gists{/gist_id}",
            "starred_url": "https://api.github.com/users/raphydaphy/starred{/owner}{/repo}",
            "subscriptions_url": "https://api.github.com/users/raphydaphy/subscriptions",
            "organizations_url": "https://api.github.com/users/raphydaphy/orgs",
            "repos_url": "https://api.github.com/users/raphydaphy/repos",
            "events_url": "https://api.github.com/users/raphydaphy/events{/privacy}",
            "received_events_url": "https://api.github.com/users/raphydaphy/received_events",
            "type": "User",
            "site_admin": false
        },
        "html_url": "https://github.com/raphydaphy/breakoutapi",
        "description": "A minecraft mod that allows additional windows to be opened alongside the game",
        "fork": false,
        "url": "https://api.github.com/repos/raphydaphy/breakoutapi",
        "forks_url": "https://api.github.com/repos/raphydaphy/breakoutapi/forks",
        "keys_url": "https://api.github.com/repos/raphydaphy/breakoutapi/keys{/key_id}",
        "collaborators_url": "https://api.github.com/repos/raphydaphy/breakoutapi/collaborators{/collaborator}",
        "teams_url": "https://api.github.com/repos/raphydaphy/breakoutapi/teams",
        "hooks_url": "https://api.github.com/repos/raphydaphy/breakoutapi/hooks",
        "issue_events_url": "https://api.github.com/repos/raphydaphy/breakoutapi/issues/events{/number}",
        "events_url": "https://api.github.com/repos/raphydaphy/breakoutapi/events",
        "assignees_url": "https://api.github.com/repos/raphydaphy/breakoutapi/assignees{/user}",
        "branches_url": "https://api.github.com/repos/raphydaphy/breakoutapi/branches{/branch}",
        "tags_url": "https://api.github.com/repos/raphydaphy/breakoutapi/tags",
        "blobs_url": "https://api.github.com/repos/raphydaphy/breakoutapi/git/blobs{/sha}",
        "git_tags_url": "https://api.github.com/repos/raphydaphy/breakoutapi/git/tags{/sha}",
        "git_refs_url": "https://api.github.com/repos/raphydaphy/breakoutapi/git/refs{/sha}",
        "trees_url": "https://api.github.com/repos/raphydaphy/breakoutapi/git/trees{/sha}",
        "statuses_url": "https://api.github.com/repos/raphydaphy/breakoutapi/statuses/{sha}",
        "languages_url": "https://api.github.com/repos/raphydaphy/breakoutapi/languages",
        "stargazers_url": "https://api.github.com/repos/raphydaphy/breakoutapi/stargazers",
        "contributors_url": "https://api.github.com/repos/raphydaphy/breakoutapi/contributors",
        "subscribers_url": "https://api.github.com/repos/raphydaphy/breakoutapi/subscribers",
        "subscription_url": "https://api.github.com/repos/raphydaphy/breakoutapi/subscription",
        "commits_url": "https://api.github.com/repos/raphydaphy/breakoutapi/commits{/sha}",
        "git_commits_url": "https://api.github.com/repos/raphydaphy/breakoutapi/git/commits{/sha}",
        "comments_url": "https://api.github.com/repos/raphydaphy/breakoutapi/comments{/number}",
        "issue_comment_url": "https://api.github.com/repos/raphydaphy/breakoutapi/issues/comments{/number}",
        "contents_url": "https://api.github.com/repos/raphydaphy/breakoutapi/contents/{+path}",
        "compare_url": "https://api.github.com/repos/raphydaphy/breakoutapi/compare/{base}...{head}",
        "merges_url": "https://api.github.com/repos/raphydaphy/breakoutapi/merges",
        "archive_url": "https://api.github.com/repos/raphydaphy/breakoutapi/{archive_format}{/ref}",
        "downloads_url": "https://api.github.com/repos/raphydaphy/breakoutapi/downloads",
        "issues_url": "https://api.github.com/repos/raphydaphy/breakoutapi/issues{/number}",
        "pulls_url": "https://api.github.com/repos/raphydaphy/breakoutapi/pulls{/number}",
        "milestones_url": "https://api.github.com/repos/raphydaphy/breakoutapi/milestones{/number}",
        "notifications_url": "https://api.github.com/repos/raphydaphy/breakoutapi/notifications{?since,all,participating}",
        "labels_url": "https://api.github.com/repos/raphydaphy/breakoutapi/labels{/name}",
        "releases_url": "https://api.github.com/repos/raphydaphy/breakoutapi/releases{/id}",
        "deployments_url": "https://api.github.com/repos/raphydaphy/breakoutapi/deployments",
        "created_at": "2021-02-20T02:28:58Z",
        "updated_at": "2024-02-21T11:20:47Z",
        "pushed_at": "2021-05-21T13:31:09Z",
        "git_url": "git://github.com/raphydaphy/breakoutapi.git",
        "ssh_url": "git@github.com:raphydaphy/breakoutapi.git",
        "clone_url": "https://github.com/raphydaphy/breakoutapi.git",
        "svn_url": "https://github.com/raphydaphy/breakoutapi",
        "homepage": "https://www.curseforge.com/minecraft/mc-mods/breakoutapi",
        "size": 1185,
        "stargazers_count": 12,
        "watchers_count": 12,
        "language": "Java",
        "has_issues": true,
        "has_projects": true,
        "has_downloads": true,
        "has_wiki": true,
        "has_pages": false,
        "has_discussions": false,
        "forks_count": 2,
        "mirror_url": null,
        "archived": false,
        "disabled": false,
        "open_issues_count": 3,
        "license": {
            "key": "mit",
            "name": "MIT License",
            "spdx_id": "MIT",
            "url": "https://api.github.com/licenses/mit",
            "node_id": "MDc6TGljZW5zZTEz"
        },
        "allow_forking": true,
        "is_template": false,
        "web_commit_signoff_required": false,
        "topics": [
            "fabric",
            "glfw",
            "gui",
            "legui",
            "lwjgl",
            "minecraft"
        ],
        "visibility": "public",
        "forks": 2,
        "open_issues": 3,
        "watchers": 12,
        "default_branch": "master"
    },
    "source": {
        "id": 340542239,
        "node_id": "MDEwOlJlcG9zaXRvcnkzNDA1NDIyMzk=",
        "name": "breakoutapi",
        "full_name": "raphydaphy/breakoutapi",
        "private": false,
        "owner": {
            "login": "raphydaphy",
            "id": 8121164,
            "node_id": "MDQ6VXNlcjgxMjExNjQ=",
            "avatar_url": "https://avatars.githubusercontent.com/u/8121164?v=4",
            "gravatar_id": "",
            "url": "https://api.github.com/users/raphydaphy",
            "html_url": "https://github.com/raphydaphy",
            "followers_url": "https://api.github.com/users/raphydaphy/followers",
            "following_url": "https://api.github.com/users/raphydaphy/following{/other_user}",
            "gists_url": "https://api.github.com/users/raphydaphy/gists{/gist_id}",
            "starred_url": "https://api.github.com/users/raphydaphy/starred{/owner}{/repo}",
            "subscriptions_url": "https://api.github.com/users/raphydaphy/subscriptions",
            "organizations_url": "https://api.github.com/users/raphydaphy/orgs",
            "repos_url": "https://api.github.com/users/raphydaphy/repos",
            "events_url": "https://api.github.com/users/raphydaphy/events{/privacy}",
            "received_events_url": "https://api.github.com/users/raphydaphy/received_events",
            "type": "User",
            "site_admin": false
        },
        "html_url": "https://github.com/raphydaphy/breakoutapi",
        "description": "A minecraft mod that allows additional windows to be opened alongside the game",
        "fork": false,
        "url": "https://api.github.com/repos/raphydaphy/breakoutapi",
        "forks_url": "https://api.github.com/repos/raphydaphy/breakoutapi/forks",
        "keys_url": "https://api.github.com/repos/raphydaphy/breakoutapi/keys{/key_id}",
        "collaborators_url": "https://api.github.com/repos/raphydaphy/breakoutapi/collaborators{/collaborator}",
        "teams_url": "https://api.github.com/repos/raphydaphy/breakoutapi/teams",
        "hooks_url": "https://api.github.com/repos/raphydaphy/breakoutapi/hooks",
        "issue_events_url": "https://api.github.com/repos/raphydaphy/breakoutapi/issues/events{/number}",
        "events_url": "https://api.github.com/repos/raphydaphy/breakoutapi/events",
        "assignees_url": "https://api.github.com/repos/raphydaphy/breakoutapi/assignees{/user}",
        "branches_url": "https://api.github.com/repos/raphydaphy/breakoutapi/branches{/branch}",
        "tags_url": "https://api.github.com/repos/raphydaphy/breakoutapi/tags",
        "blobs_url": "https://api.github.com/repos/raphydaphy/breakoutapi/git/blobs{/sha}",
        "git_tags_url": "https://api.github.com/repos/raphydaphy/breakoutapi/git/tags{/sha}",
        "git_refs_url": "https://api.github.com/repos/raphydaphy/breakoutapi/git/refs{/sha}",
        "trees_url": "https://api.github.com/repos/raphydaphy/breakoutapi/git/trees{/sha}",
        "statuses_url": "https://api.github.com/repos/raphydaphy/breakoutapi/statuses/{sha}",
        "languages_url": "https://api.github.com/repos/raphydaphy/breakoutapi/languages",
        "stargazers_url": "https://api.github.com/repos/raphydaphy/breakoutapi/stargazers",
        "contributors_url": "https://api.github.com/repos/raphydaphy/breakoutapi/contributors",
        "subscribers_url": "https://api.github.com/repos/raphydaphy/breakoutapi/subscribers",
        "subscription_url": "https://api.github.com/repos/raphydaphy/breakoutapi/subscription",
        "commits_url": "https://api.github.com/repos/raphydaphy/breakoutapi/commits{/sha}",
        "git_commits_url": "https://api.github.com/repos/raphydaphy/breakoutapi/git/commits{/sha}",
        "comments_url": "https://api.github.com/repos/raphydaphy/breakoutapi/comments{/number}",
        "issue_comment_url": "https://api.github.com/repos/raphydaphy/breakoutapi/issues/comments{/number}",
        "contents_url": "https://api.github.com/repos/raphydaphy/breakoutapi/contents/{+path}",
        "compare_url": "https://api.github.com/repos/raphydaphy/breakoutapi/compare/{base}...{head}",
        "merges_url": "https://api.github.com/repos/raphydaphy/breakoutapi/merges",
        "archive_url": "https://api.github.com/repos/raphydaphy/breakoutapi/{archive_format}{/ref}",
        "downloads_url": "https://api.github.com/repos/raphydaphy/breakoutapi/downloads",
        "issues_url": "https://api.github.com/repos/raphydaphy/breakoutapi/issues{/number}",
        "pulls_url": "https://api.github.com/repos/raphydaphy/breakoutapi/pulls{/number}",
        "milestones_url": "https://api.github.com/repos/raphydaphy/breakoutapi/milestones{/number}",
        "notifications_url": "https://api.github.com/repos/raphydaphy/breakoutapi/notifications{?since,all,participating}",
        "labels_url": "https://api.github.com/repos/raphydaphy/breakoutapi/labels{/name}",
        "releases_url": "https://api.github.com/repos/raphydaphy/breakoutapi/releases{/id}",
        "deployments_url": "https://api.github.com/repos/raphydaphy/breakoutapi/deployments",
        "created_at": "2021-02-20T02:28:58Z",
        "updated_at": "2024-02-21T11:20:47Z",
        "pushed_at": "2021-05-21T13:31:09Z",
        "git_url": "git://github.com/raphydaphy/breakoutapi.git",
        "ssh_url": "git@github.com:raphydaphy/breakoutapi.git",
        "clone_url": "https://github.com/raphydaphy/breakoutapi.git",
        "svn_url": "https://github.com/raphydaphy/breakoutapi",
        "homepage": "https://www.curseforge.com/minecraft/mc-mods/breakoutapi",
        "size": 1185,
        "stargazers_count": 12,
        "watchers_count": 12,
        "language": "Java",
        "has_issues": true,
        "has_projects": true,
        "has_downloads": true,
        "has_wiki": true,
        "has_pages": false,
        "has_discussions": false,
        "forks_count": 2,
        "mirror_url": null,
        "archived": false,
        "disabled": false,
        "open_issues_count": 3,
        "license": {
            "key": "mit",
            "name": "MIT License",
            "spdx_id": "MIT",
            "url": "https://api.github.com/licenses/mit",
            "node_id": "MDc6TGljZW5zZTEz"
        },
        "allow_forking": true,
        "is_template": false,
        "web_commit_signoff_required": false,
        "topics": [
            "fabric",
            "glfw",
            "gui",
            "legui",
            "lwjgl",
            "minecraft"
        ],
        "visibility": "public",
        "forks": 2,
        "open_issues": 3,
        "watchers": 12,
        "default_branch": "master"
    },
    "network_count": 2,
    "subscribers_count": 0
}