{
    "id": 47752402,
    "node_id": "MDEwOlJlcG9zaXRvcnk0Nzc1MjQwMg==",
    "name": "plugins_owners",
    "full_name": "GerritCodeReview/plugins_owners",
    "private": false,
    "owner": {
        "login": "GerritCodeReview",
        "id": 7028910,
        "node_id": "MDEyOk9yZ2FuaXphdGlvbjcwMjg5MTA=",
        "avatar_url": "https://avatars.githubusercontent.com/u/7028910?v=4",
        "gravatar_id": "",
        "url": "https://api.github.com/users/GerritCodeReview",
        "html_url": "https://github.com/GerritCodeReview",
        "followers_url": "https://api.github.com/users/GerritCodeReview/followers",
        "following_url": "https://api.github.com/users/GerritCodeReview/following{/other_user}",
        "gists_url": "https://api.github.com/users/GerritCodeReview/gists{/gist_id}",
        "starred_url": "https://api.github.com/users/GerritCodeReview/starred{/owner}{/repo}",
        "subscriptions_url": "https://api.github.com/users/GerritCodeReview/subscriptions",
        "organizations_url": "https://api.github.com/users/GerritCodeReview/orgs",
        "repos_url": "https://api.github.com/users/GerritCodeReview/repos",
        "events_url": "https://api.github.com/users/GerritCodeReview/events{/privacy}",
        "received_events_url": "https://api.github.com/users/GerritCodeReview/received_events",
        "type": "Organization",
        "site_admin": false
    },
    "html_url": "https://github.com/GerritCodeReview/plugins_owners",
    "description": "Provides a Prolog predicate add_owner_approval/3 that appends label('Owner-Approval', need(_)) to a provided list. - (mirror of http://gerrit.googlesource.com/plugins%2Fowners)",
    "fork": false,
    "url": "https://api.github.com/repos/GerritCodeReview/plugins_owners",
    "forks_url": "https://api.github.com/repos/GerritCodeReview/plugins_owners/forks",
    "keys_url": "https://api.github.com/repos/GerritCodeReview/plugins_owners/keys{/key_id}",
    "collaborators_url": "https://api.github.com/repos/GerritCodeReview/plugins_owners/collaborators{/collaborator}",
    "teams_url": "https://api.github.com/repos/GerritCodeReview/plugins_owners/teams",
    "hooks_url": "https://api.github.com/repos/GerritCodeReview/plugins_owners/hooks",
    "issue_events_url": "https://api.github.com/repos/GerritCodeReview/plugins_owners/issues/events{/number}",
    "events_url": "https://api.github.com/repos/GerritCodeReview/plugins_owners/events",
    "assignees_url": "https://api.github.com/repos/GerritCodeReview/plugins_owners/assignees{/user}",
    "branches_url": "https://api.github.com/repos/GerritCodeReview/plugins_owners/branches{/branch}",
    "tags_url": "https://api.github.com/repos/GerritCodeReview/plugins_owners/tags",
    "blobs_url": "https://api.github.com/repos/GerritCodeReview/plugins_owners/git/blobs{/sha}",
    "git_tags_url": "https://api.github.com/repos/GerritCodeReview/plugins_owners/git/tags{/sha}",
    "git_refs_url": "https://api.github.com/repos/GerritCodeReview/plugins_owners/git/refs{/sha}",
    "trees_url": "https://api.github.com/repos/GerritCodeReview/plugins_owners/git/trees{/sha}",
    "statuses_url": "https://api.github.com/repos/GerritCodeReview/plugins_owners/statuses/{sha}",
    "languages_url": "https://api.github.com/repos/GerritCodeReview/plugins_owners/languages",
    "stargazers_url": "https://api.github.com/repos/GerritCodeReview/plugins_owners/stargazers",
    "contributors_url": "https://api.github.com/repos/GerritCodeReview/plugins_owners/contributors",
    "subscribers_url": "https://api.github.com/repos/GerritCodeReview/plugins_owners/subscribers",
    "subscription_url": "https://api.github.com/repos/GerritCodeReview/plugins_owners/subscription",
    "commits_url": "https://api.github.com/repos/GerritCodeReview/plugins_owners/commits{/sha}",
    "git_commits_url": "https://api.github.com/repos/GerritCodeReview/plugins_owners/git/commits{/sha}",
    "comments_url": "https://api.github.com/repos/GerritCodeReview/plugins_owners/comments{/number}",
    "issue_comment_url": "https://api.github.com/repos/GerritCodeReview/plugins_owners/issues/comments{/number}",
    "contents_url": "https://api.github.com/repos/GerritCodeReview/plugins_owners/contents/{+path}",
    "compare_url": "https://api.github.com/repos/GerritCodeReview/plugins_owners/compare/{base}...{head}",
    "merges_url": "https://api.github.com/repos/GerritCodeReview/plugins_owners/merges",
    "archive_url": "https://api.github.com/repos/GerritCodeReview/plugins_owners/{archive_format}{/ref}",
    "downloads_url": "https://api.github.com/repos/GerritCodeReview/plugins_owners/downloads",
    "issues_url": "https://api.github.com/repos/GerritCodeReview/plugins_owners/issues{/number}",
    "pulls_url": "https://api.github.com/repos/GerritCodeReview/plugins_owners/pulls{/number}",
    "milestones_url": "https://api.github.com/repos/GerritCodeReview/plugins_owners/milestones{/number}",
    "notifications_url": "https://api.github.com/repos/GerritCodeReview/plugins_owners/notifications{?since,all,participating}",
    "labels_url": "https://api.github.com/repos/GerritCodeReview/plugins_owners/labels{/name}",
    "releases_url": "https://api.github.com/repos/GerritCodeReview/plugins_owners/releases{/id}",
    "deployments_url": "https://api.github.com/repos/GerritCodeReview/plugins_owners/deployments",
    "created_at": "2015-12-10T09:43:37Z",
    "updated_at": "2021-10-06T00:53:57Z",
    "pushed_at": "2024-03-28T04:50:03Z",
    "git_url": "git://github.com/GerritCodeReview/plugins_owners.git",
    "ssh_url": "git@github.com:GerritCodeReview/plugins_owners.git",
    "clone_url": "https://github.com/GerritCodeReview/plugins_owners.git",
    "svn_url": "https://github.com/GerritCodeReview/plugins_owners",
    "homepage": null,
    "size": 2518,
    "stargazers_count": 1,
    "watchers_count": 1,
    "language": "Java",
    "has_issues": true,
    "has_projects": true,
    "has_downloads": true,
    "has_wiki": true,
    "has_pages": false,
    "has_discussions": false,
    "forks_count": 2,
    "mirror_url": null,
    "archived": false,
    "disabled": false,
    "open_issues_count": 1,
    "license": {
        "key": "apache-2.0",
        "name": "Apache License 2.0",
        "spdx_id": "Apache-2.0",
        "url": "https://api.github.com/licenses/apache-2.0",
        "node_id": "MDc6TGljZW5zZTI="
    },
    "allow_forking": true,
    "is_template": false,
    "web_commit_signoff_required": false,
    "topics": [],
    "visibility": "public",
    "forks": 2,
    "open_issues": 1,
    "watchers": 1,
    "default_branch": "master",
    "permissions": {
        "admin": false,
        "maintain": false,
        "push": false,
        "triage": false,
        "pull": true
    },
    "temp_clone_token": "",
    "custom_properties": {},
    "organization": {
        "login": "GerritCodeReview",
        "id": 7028910,
        "node_id": "MDEyOk9yZ2FuaXphdGlvbjcwMjg5MTA=",
        "avatar_url": "https://avatars.githubusercontent.com/u/7028910?v=4",
        "gravatar_id": "",
        "url": "https://api.github.com/users/GerritCodeReview",
        "html_url": "https://github.com/GerritCodeReview",
        "followers_url": "https://api.github.com/users/GerritCodeReview/followers",
        "following_url": "https://api.github.com/users/GerritCodeReview/following{/other_user}",
        "gists_url": "https://api.github.com/users/GerritCodeReview/gists{/gist_id}",
        "starred_url": "https://api.github.com/users/GerritCodeReview/starred{/owner}{/repo}",
        "subscriptions_url": "https://api.github.com/users/GerritCodeReview/subscriptions",
        "organizations_url": "https://api.github.com/users/GerritCodeReview/orgs",
        "repos_url": "https://api.github.com/users/GerritCodeReview/repos",
        "events_url": "https://api.github.com/users/GerritCodeReview/events{/privacy}",
        "received_events_url": "https://api.github.com/users/GerritCodeReview/received_events",
        "type": "Organization",
        "site_admin": false
    },
    "network_count": 2,
    "subscribers_count": 3
}