{
    "id": 47752269,
    "node_id": "MDEwOlJlcG9zaXRvcnk0Nzc1MjI2OQ==",
    "name": "plugins_github",
    "full_name": "GerritCodeReview/plugins_github",
    "private": false,
    "owner": {
        "login": "GerritCodeReview",
        "id": 7028910,
        "node_id": "MDEyOk9yZ2FuaXphdGlvbjcwMjg5MTA=",
        "avatar_url": "https://avatars.githubusercontent.com/u/7028910?v=4",
        "gravatar_id": "",
        "url": "https://api.github.com/users/GerritCodeReview",
        "html_url": "https://github.com/GerritCodeReview",
        "followers_url": "https://api.github.com/users/GerritCodeReview/followers",
        "following_url": "https://api.github.com/users/GerritCodeReview/following{/other_user}",
        "gists_url": "https://api.github.com/users/GerritCodeReview/gists{/gist_id}",
        "starred_url": "https://api.github.com/users/GerritCodeReview/starred{/owner}{/repo}",
        "subscriptions_url": "https://api.github.com/users/GerritCodeReview/subscriptions",
        "organizations_url": "https://api.github.com/users/GerritCodeReview/orgs",
        "repos_url": "https://api.github.com/users/GerritCodeReview/repos",
        "events_url": "https://api.github.com/users/GerritCodeReview/events{/privacy}",
        "received_events_url": "https://api.github.com/users/GerritCodeReview/received_events",
        "type": "Organization",
        "site_admin": false
    },
    "html_url": "https://github.com/GerritCodeReview/plugins_github",
    "description": "Plugin to integrate with GitHub: replication, pull-request to Change-Sets - (mirror of https://gerrit.googlesource.com/plugins%2Fgithub)",
    "fork": false,
    "url": "https://api.github.com/repos/GerritCodeReview/plugins_github",
    "forks_url": "https://api.github.com/repos/GerritCodeReview/plugins_github/forks",
    "keys_url": "https://api.github.com/repos/GerritCodeReview/plugins_github/keys{/key_id}",
    "collaborators_url": "https://api.github.com/repos/GerritCodeReview/plugins_github/collaborators{/collaborator}",
    "teams_url": "https://api.github.com/repos/GerritCodeReview/plugins_github/teams",
    "hooks_url": "https://api.github.com/repos/GerritCodeReview/plugins_github/hooks",
    "issue_events_url": "https://api.github.com/repos/GerritCodeReview/plugins_github/issues/events{/number}",
    "events_url": "https://api.github.com/repos/GerritCodeReview/plugins_github/events",
    "assignees_url": "https://api.github.com/repos/GerritCodeReview/plugins_github/assignees{/user}",
    "branches_url": "https://api.github.com/repos/GerritCodeReview/plugins_github/branches{/branch}",
    "tags_url": "https://api.github.com/repos/GerritCodeReview/plugins_github/tags",
    "blobs_url": "https://api.github.com/repos/GerritCodeReview/plugins_github/git/blobs{/sha}",
    "git_tags_url": "https://api.github.com/repos/GerritCodeReview/plugins_github/git/tags{/sha}",
    "git_refs_url": "https://api.github.com/repos/GerritCodeReview/plugins_github/git/refs{/sha}",
    "trees_url": "https://api.github.com/repos/GerritCodeReview/plugins_github/git/trees{/sha}",
    "statuses_url": "https://api.github.com/repos/GerritCodeReview/plugins_github/statuses/{sha}",
    "languages_url": "https://api.github.com/repos/GerritCodeReview/plugins_github/languages",
    "stargazers_url": "https://api.github.com/repos/GerritCodeReview/plugins_github/stargazers",
    "contributors_url": "https://api.github.com/repos/GerritCodeReview/plugins_github/contributors",
    "subscribers_url": "https://api.github.com/repos/GerritCodeReview/plugins_github/subscribers",
    "subscription_url": "https://api.github.com/repos/GerritCodeReview/plugins_github/subscription",
    "commits_url": "https://api.github.com/repos/GerritCodeReview/plugins_github/commits{/sha}",
    "git_commits_url": "https://api.github.com/repos/GerritCodeReview/plugins_github/git/commits{/sha}",
    "comments_url": "https://api.github.com/repos/GerritCodeReview/plugins_github/comments{/number}",
    "issue_comment_url": "https://api.github.com/repos/GerritCodeReview/plugins_github/issues/comments{/number}",
    "contents_url": "https://api.github.com/repos/GerritCodeReview/plugins_github/contents/{+path}",
    "compare_url": "https://api.github.com/repos/GerritCodeReview/plugins_github/compare/{base}...{head}",
    "merges_url": "https://api.github.com/repos/GerritCodeReview/plugins_github/merges",
    "archive_url": "https://api.github.com/repos/GerritCodeReview/plugins_github/{archive_format}{/ref}",
    "downloads_url": "https://api.github.com/repos/GerritCodeReview/plugins_github/downloads",
    "issues_url": "https://api.github.com/repos/GerritCodeReview/plugins_github/issues{/number}",
    "pulls_url": "https://api.github.com/repos/GerritCodeReview/plugins_github/pulls{/number}",
    "milestones_url": "https://api.github.com/repos/GerritCodeReview/plugins_github/milestones{/number}",
    "notifications_url": "https://api.github.com/repos/GerritCodeReview/plugins_github/notifications{?since,all,participating}",
    "labels_url": "https://api.github.com/repos/GerritCodeReview/plugins_github/labels{/name}",
    "releases_url": "https://api.github.com/repos/GerritCodeReview/plugins_github/releases{/id}",
    "deployments_url": "https://api.github.com/repos/GerritCodeReview/plugins_github/deployments",
    "created_at": "2015-12-10T09:41:49Z",
    "updated_at": "2024-03-18T02:32:20Z",
    "pushed_at": "2024-04-21T16:49:05Z",
    "git_url": "git://github.com/GerritCodeReview/plugins_github.git",
    "ssh_url": "git@github.com:GerritCodeReview/plugins_github.git",
    "clone_url": "https://github.com/GerritCodeReview/plugins_github.git",
    "svn_url": "https://github.com/GerritCodeReview/plugins_github",
    "homepage": "",
    "size": 3537,
    "stargazers_count": 27,
    "watchers_count": 27,
    "language": "Java",
    "has_issues": true,
    "has_projects": true,
    "has_downloads": true,
    "has_wiki": true,
    "has_pages": false,
    "has_discussions": false,
    "forks_count": 14,
    "mirror_url": null,
    "archived": false,
    "disabled": false,
    "open_issues_count": 2,
    "license": {
        "key": "apache-2.0",
        "name": "Apache License 2.0",
        "spdx_id": "Apache-2.0",
        "url": "https://api.github.com/licenses/apache-2.0",
        "node_id": "MDc6TGljZW5zZTI="
    },
    "allow_forking": true,
    "is_template": false,
    "web_commit_signoff_required": false,
    "topics": [],
    "visibility": "public",
    "forks": 14,
    "open_issues": 2,
    "watchers": 27,
    "default_branch": "master",
    "permissions": {
        "admin": false,
        "maintain": false,
        "push": false,
        "triage": false,
        "pull": true
    },
    "temp_clone_token": "",
    "custom_properties": {},
    "organization": {
        "login": "GerritCodeReview",
        "id": 7028910,
        "node_id": "MDEyOk9yZ2FuaXphdGlvbjcwMjg5MTA=",
        "avatar_url": "https://avatars.githubusercontent.com/u/7028910?v=4",
        "gravatar_id": "",
        "url": "https://api.github.com/users/GerritCodeReview",
        "html_url": "https://github.com/GerritCodeReview",
        "followers_url": "https://api.github.com/users/GerritCodeReview/followers",
        "following_url": "https://api.github.com/users/GerritCodeReview/following{/other_user}",
        "gists_url": "https://api.github.com/users/GerritCodeReview/gists{/gist_id}",
        "starred_url": "https://api.github.com/users/GerritCodeReview/starred{/owner}{/repo}",
        "subscriptions_url": "https://api.github.com/users/GerritCodeReview/subscriptions",
        "organizations_url": "https://api.github.com/users/GerritCodeReview/orgs",
        "repos_url": "https://api.github.com/users/GerritCodeReview/repos",
        "events_url": "https://api.github.com/users/GerritCodeReview/events{/privacy}",
        "received_events_url": "https://api.github.com/users/GerritCodeReview/received_events",
        "type": "Organization",
        "site_admin": false
    },
    "network_count": 14,
    "subscribers_count": 5
}