{
    "id": 81857991,
    "node_id": "MDEwOlJlcG9zaXRvcnk4MTg1Nzk5MQ==",
    "name": "customers",
    "full_name": "mlcit/customers",
    "private": false,
    "owner": {
        "login": "mlcit",
        "id": 9933869,
        "node_id": "MDQ6VXNlcjk5MzM4Njk=",
        "avatar_url": "https://avatars.githubusercontent.com/u/9933869?v=4",
        "gravatar_id": "",
        "url": "https://api.github.com/users/mlcit",
        "html_url": "https://github.com/mlcit",
        "followers_url": "https://api.github.com/users/mlcit/followers",
        "following_url": "https://api.github.com/users/mlcit/following{/other_user}",
        "gists_url": "https://api.github.com/users/mlcit/gists{/gist_id}",
        "starred_url": "https://api.github.com/users/mlcit/starred{/owner}{/repo}",
        "subscriptions_url": "https://api.github.com/users/mlcit/subscriptions",
        "organizations_url": "https://api.github.com/users/mlcit/orgs",
        "repos_url": "https://api.github.com/users/mlcit/repos",
        "events_url": "https://api.github.com/users/mlcit/events{/privacy}",
        "received_events_url": "https://api.github.com/users/mlcit/received_events",
        "type": "User",
        "site_admin": false
    },
    "html_url": "https://github.com/mlcit/customers",
    "description": "The customers demonstrates a Java EE 7 web-enabled database application which provides restful API.",
    "fork": false,
    "url": "https://api.github.com/repos/mlcit/customers",
    "forks_url": "https://api.github.com/repos/mlcit/customers/forks",
    "keys_url": "https://api.github.com/repos/mlcit/customers/keys{/key_id}",
    "collaborators_url": "https://api.github.com/repos/mlcit/customers/collaborators{/collaborator}",
    "teams_url": "https://api.github.com/repos/mlcit/customers/teams",
    "hooks_url": "https://api.github.com/repos/mlcit/customers/hooks",
    "issue_events_url": "https://api.github.com/repos/mlcit/customers/issues/events{/number}",
    "events_url": "https://api.github.com/repos/mlcit/customers/events",
    "assignees_url": "https://api.github.com/repos/mlcit/customers/assignees{/user}",
    "branches_url": "https://api.github.com/repos/mlcit/customers/branches{/branch}",
    "tags_url": "https://api.github.com/repos/mlcit/customers/tags",
    "blobs_url": "https://api.github.com/repos/mlcit/customers/git/blobs{/sha}",
    "git_tags_url": "https://api.github.com/repos/mlcit/customers/git/tags{/sha}",
    "git_refs_url": "https://api.github.com/repos/mlcit/customers/git/refs{/sha}",
    "trees_url": "https://api.github.com/repos/mlcit/customers/git/trees{/sha}",
    "statuses_url": "https://api.github.com/repos/mlcit/customers/statuses/{sha}",
    "languages_url": "https://api.github.com/repos/mlcit/customers/languages",
    "stargazers_url": "https://api.github.com/repos/mlcit/customers/stargazers",
    "contributors_url": "https://api.github.com/repos/mlcit/customers/contributors",
    "subscribers_url": "https://api.github.com/repos/mlcit/customers/subscribers",
    "subscription_url": "https://api.github.com/repos/mlcit/customers/subscription",
    "commits_url": "https://api.github.com/repos/mlcit/customers/commits{/sha}",
    "git_commits_url": "https://api.github.com/repos/mlcit/customers/git/commits{/sha}",
    "comments_url": "https://api.github.com/repos/mlcit/customers/comments{/number}",
    "issue_comment_url": "https://api.github.com/repos/mlcit/customers/issues/comments{/number}",
    "contents_url": "https://api.github.com/repos/mlcit/customers/contents/{+path}",
    "compare_url": "https://api.github.com/repos/mlcit/customers/compare/{base}...{head}",
    "merges_url": "https://api.github.com/repos/mlcit/customers/merges",
    "archive_url": "https://api.github.com/repos/mlcit/customers/{archive_format}{/ref}",
    "downloads_url": "https://api.github.com/repos/mlcit/customers/downloads",
    "issues_url": "https://api.github.com/repos/mlcit/customers/issues{/number}",
    "pulls_url": "https://api.github.com/repos/mlcit/customers/pulls{/number}",
    "milestones_url": "https://api.github.com/repos/mlcit/customers/milestones{/number}",
    "notifications_url": "https://api.github.com/repos/mlcit/customers/notifications{?since,all,participating}",
    "labels_url": "https://api.github.com/repos/mlcit/customers/labels{/name}",
    "releases_url": "https://api.github.com/repos/mlcit/customers/releases{/id}",
    "deployments_url": "https://api.github.com/repos/mlcit/customers/deployments",
    "created_at": "2017-02-13T18:39:55Z",
    "updated_at": "2017-10-08T20:53:34Z",
    "pushed_at": "2017-02-13T18:45:15Z",
    "git_url": "git://github.com/mlcit/customers.git",
    "ssh_url": "git@github.com:mlcit/customers.git",
    "clone_url": "https://github.com/mlcit/customers.git",
    "svn_url": "https://github.com/mlcit/customers",
    "homepage": null,
    "size": 15,
    "stargazers_count": 0,
    "watchers_count": 0,
    "language": "Java",
    "has_issues": true,
    "has_projects": true,
    "has_downloads": true,
    "has_wiki": true,
    "has_pages": false,
    "has_discussions": false,
    "forks_count": 0,
    "mirror_url": null,
    "archived": false,
    "disabled": false,
    "open_issues_count": 0,
    "license": {
        "key": "apache-2.0",
        "name": "Apache License 2.0",
        "spdx_id": "Apache-2.0",
        "url": "https://api.github.com/licenses/apache-2.0",
        "node_id": "MDc6TGljZW5zZTI="
    },
    "allow_forking": true,
    "is_template": false,
    "web_commit_signoff_required": false,
    "topics": [],
    "visibility": "public",
    "forks": 0,
    "open_issues": 0,
    "watchers": 0,
    "default_branch": "master",
    "permissions": {
        "admin": false,
        "maintain": false,
        "push": false,
        "triage": false,
        "pull": true
    },
    "temp_clone_token": "",
    "network_count": 0,
    "subscribers_count": 2
}