{
    "id": 46967398,
    "node_id": "MDEwOlJlcG9zaXRvcnk0Njk2NzM5OA==",
    "name": "creaper",
    "full_name": "honza-kasik/creaper",
    "private": false,
    "owner": {
        "login": "honza-kasik",
        "id": 10008273,
        "node_id": "MDQ6VXNlcjEwMDA4Mjcz",
        "avatar_url": "https://avatars.githubusercontent.com/u/10008273?v=4",
        "gravatar_id": "",
        "url": "https://api.github.com/users/honza-kasik",
        "html_url": "https://github.com/honza-kasik",
        "followers_url": "https://api.github.com/users/honza-kasik/followers",
        "following_url": "https://api.github.com/users/honza-kasik/following{/other_user}",
        "gists_url": "https://api.github.com/users/honza-kasik/gists{/gist_id}",
        "starred_url": "https://api.github.com/users/honza-kasik/starred{/owner}{/repo}",
        "subscriptions_url": "https://api.github.com/users/honza-kasik/subscriptions",
        "organizations_url": "https://api.github.com/users/honza-kasik/orgs",
        "repos_url": "https://api.github.com/users/honza-kasik/repos",
        "events_url": "https://api.github.com/users/honza-kasik/events{/privacy}",
        "received_events_url": "https://api.github.com/users/honza-kasik/received_events",
        "type": "User",
        "site_admin": false
    },
    "html_url": "https://github.com/honza-kasik/creaper",
    "description": "Small library for JBoss AS 7 and WildFly management with a slight bias towards testing",
    "fork": true,
    "url": "https://api.github.com/repos/honza-kasik/creaper",
    "forks_url": "https://api.github.com/repos/honza-kasik/creaper/forks",
    "keys_url": "https://api.github.com/repos/honza-kasik/creaper/keys{/key_id}",
    "collaborators_url": "https://api.github.com/repos/honza-kasik/creaper/collaborators{/collaborator}",
    "teams_url": "https://api.github.com/repos/honza-kasik/creaper/teams",
    "hooks_url": "https://api.github.com/repos/honza-kasik/creaper/hooks",
    "issue_events_url": "https://api.github.com/repos/honza-kasik/creaper/issues/events{/number}",
    "events_url": "https://api.github.com/repos/honza-kasik/creaper/events",
    "assignees_url": "https://api.github.com/repos/honza-kasik/creaper/assignees{/user}",
    "branches_url": "https://api.github.com/repos/honza-kasik/creaper/branches{/branch}",
    "tags_url": "https://api.github.com/repos/honza-kasik/creaper/tags",
    "blobs_url": "https://api.github.com/repos/honza-kasik/creaper/git/blobs{/sha}",
    "git_tags_url": "https://api.github.com/repos/honza-kasik/creaper/git/tags{/sha}",
    "git_refs_url": "https://api.github.com/repos/honza-kasik/creaper/git/refs{/sha}",
    "trees_url": "https://api.github.com/repos/honza-kasik/creaper/git/trees{/sha}",
    "statuses_url": "https://api.github.com/repos/honza-kasik/creaper/statuses/{sha}",
    "languages_url": "https://api.github.com/repos/honza-kasik/creaper/languages",
    "stargazers_url": "https://api.github.com/repos/honza-kasik/creaper/stargazers",
    "contributors_url": "https://api.github.com/repos/honza-kasik/creaper/contributors",
    "subscribers_url": "https://api.github.com/repos/honza-kasik/creaper/subscribers",
    "subscription_url": "https://api.github.com/repos/honza-kasik/creaper/subscription",
    "commits_url": "https://api.github.com/repos/honza-kasik/creaper/commits{/sha}",
    "git_commits_url": "https://api.github.com/repos/honza-kasik/creaper/git/commits{/sha}",
    "comments_url": "https://api.github.com/repos/honza-kasik/creaper/comments{/number}",
    "issue_comment_url": "https://api.github.com/repos/honza-kasik/creaper/issues/comments{/number}",
    "contents_url": "https://api.github.com/repos/honza-kasik/creaper/contents/{+path}",
    "compare_url": "https://api.github.com/repos/honza-kasik/creaper/compare/{base}...{head}",
    "merges_url": "https://api.github.com/repos/honza-kasik/creaper/merges",
    "archive_url": "https://api.github.com/repos/honza-kasik/creaper/{archive_format}{/ref}",
    "downloads_url": "https://api.github.com/repos/honza-kasik/creaper/downloads",
    "issues_url": "https://api.github.com/repos/honza-kasik/creaper/issues{/number}",
    "pulls_url": "https://api.github.com/repos/honza-kasik/creaper/pulls{/number}",
    "milestones_url": "https://api.github.com/repos/honza-kasik/creaper/milestones{/number}",
    "notifications_url": "https://api.github.com/repos/honza-kasik/creaper/notifications{?since,all,participating}",
    "labels_url": "https://api.github.com/repos/honza-kasik/creaper/labels{/name}",
    "releases_url": "https://api.github.com/repos/honza-kasik/creaper/releases{/id}",
    "deployments_url": "https://api.github.com/repos/honza-kasik/creaper/deployments",
    "created_at": "2015-11-27T08:03:35Z",
    "updated_at": "2015-11-27T08:03:36Z",
    "pushed_at": "2021-10-07T09:29:44Z",
    "git_url": "git://github.com/honza-kasik/creaper.git",
    "ssh_url": "git@github.com:honza-kasik/creaper.git",
    "clone_url": "https://github.com/honza-kasik/creaper.git",
    "svn_url": "https://github.com/honza-kasik/creaper",
    "homepage": "",
    "size": 1136,
    "stargazers_count": 0,
    "watchers_count": 0,
    "language": "Java",
    "has_issues": false,
    "has_projects": true,
    "has_downloads": true,
    "has_wiki": true,
    "has_pages": false,
    "has_discussions": false,
    "forks_count": 0,
    "mirror_url": null,
    "archived": false,
    "disabled": false,
    "open_issues_count": 0,
    "license": {
        "key": "apache-2.0",
        "name": "Apache License 2.0",
        "spdx_id": "Apache-2.0",
        "url": "https://api.github.com/licenses/apache-2.0",
        "node_id": "MDc6TGljZW5zZTI="
    },
    "allow_forking": true,
    "is_template": false,
    "web_commit_signoff_required": false,
    "topics": [],
    "visibility": "public",
    "forks": 0,
    "open_issues": 0,
    "watchers": 0,
    "default_branch": "master",
    "permissions": {
        "admin": false,
        "maintain": false,
        "push": false,
        "triage": false,
        "pull": true
    },
    "temp_clone_token": "",
    "parent": {
        "id": 44525387,
        "node_id": "MDEwOlJlcG9zaXRvcnk0NDUyNTM4Nw==",
        "name": "creaper",
        "full_name": "wildfly-extras/creaper",
        "private": false,
        "owner": {
            "login": "wildfly-extras",
            "id": 7937746,
            "node_id": "MDEyOk9yZ2FuaXphdGlvbjc5Mzc3NDY=",
            "avatar_url": "https://avatars.githubusercontent.com/u/7937746?v=4",
            "gravatar_id": "",
            "url": "https://api.github.com/users/wildfly-extras",
            "html_url": "https://github.com/wildfly-extras",
            "followers_url": "https://api.github.com/users/wildfly-extras/followers",
            "following_url": "https://api.github.com/users/wildfly-extras/following{/other_user}",
            "gists_url": "https://api.github.com/users/wildfly-extras/gists{/gist_id}",
            "starred_url": "https://api.github.com/users/wildfly-extras/starred{/owner}{/repo}",
            "subscriptions_url": "https://api.github.com/users/wildfly-extras/subscriptions",
            "organizations_url": "https://api.github.com/users/wildfly-extras/orgs",
            "repos_url": "https://api.github.com/users/wildfly-extras/repos",
            "events_url": "https://api.github.com/users/wildfly-extras/events{/privacy}",
            "received_events_url": "https://api.github.com/users/wildfly-extras/received_events",
            "type": "Organization",
            "site_admin": false
        },
        "html_url": "https://github.com/wildfly-extras/creaper",
        "description": "Small library for JBoss AS 7 and WildFly management with a slight bias towards testing",
        "fork": false,
        "url": "https://api.github.com/repos/wildfly-extras/creaper",
        "forks_url": "https://api.github.com/repos/wildfly-extras/creaper/forks",
        "keys_url": "https://api.github.com/repos/wildfly-extras/creaper/keys{/key_id}",
        "collaborators_url": "https://api.github.com/repos/wildfly-extras/creaper/collaborators{/collaborator}",
        "teams_url": "https://api.github.com/repos/wildfly-extras/creaper/teams",
        "hooks_url": "https://api.github.com/repos/wildfly-extras/creaper/hooks",
        "issue_events_url": "https://api.github.com/repos/wildfly-extras/creaper/issues/events{/number}",
        "events_url": "https://api.github.com/repos/wildfly-extras/creaper/events",
        "assignees_url": "https://api.github.com/repos/wildfly-extras/creaper/assignees{/user}",
        "branches_url": "https://api.github.com/repos/wildfly-extras/creaper/branches{/branch}",
        "tags_url": "https://api.github.com/repos/wildfly-extras/creaper/tags",
        "blobs_url": "https://api.github.com/repos/wildfly-extras/creaper/git/blobs{/sha}",
        "git_tags_url": "https://api.github.com/repos/wildfly-extras/creaper/git/tags{/sha}",
        "git_refs_url": "https://api.github.com/repos/wildfly-extras/creaper/git/refs{/sha}",
        "trees_url": "https://api.github.com/repos/wildfly-extras/creaper/git/trees{/sha}",
        "statuses_url": "https://api.github.com/repos/wildfly-extras/creaper/statuses/{sha}",
        "languages_url": "https://api.github.com/repos/wildfly-extras/creaper/languages",
        "stargazers_url": "https://api.github.com/repos/wildfly-extras/creaper/stargazers",
        "contributors_url": "https://api.github.com/repos/wildfly-extras/creaper/contributors",
        "subscribers_url": "https://api.github.com/repos/wildfly-extras/creaper/subscribers",
        "subscription_url": "https://api.github.com/repos/wildfly-extras/creaper/subscription",
        "commits_url": "https://api.github.com/repos/wildfly-extras/creaper/commits{/sha}",
        "git_commits_url": "https://api.github.com/repos/wildfly-extras/creaper/git/commits{/sha}",
        "comments_url": "https://api.github.com/repos/wildfly-extras/creaper/comments{/number}",
        "issue_comment_url": "https://api.github.com/repos/wildfly-extras/creaper/issues/comments{/number}",
        "contents_url": "https://api.github.com/repos/wildfly-extras/creaper/contents/{+path}",
        "compare_url": "https://api.github.com/repos/wildfly-extras/creaper/compare/{base}...{head}",
        "merges_url": "https://api.github.com/repos/wildfly-extras/creaper/merges",
        "archive_url": "https://api.github.com/repos/wildfly-extras/creaper/{archive_format}{/ref}",
        "downloads_url": "https://api.github.com/repos/wildfly-extras/creaper/downloads",
        "issues_url": "https://api.github.com/repos/wildfly-extras/creaper/issues{/number}",
        "pulls_url": "https://api.github.com/repos/wildfly-extras/creaper/pulls{/number}",
        "milestones_url": "https://api.github.com/repos/wildfly-extras/creaper/milestones{/number}",
        "notifications_url": "https://api.github.com/repos/wildfly-extras/creaper/notifications{?since,all,participating}",
        "labels_url": "https://api.github.com/repos/wildfly-extras/creaper/labels{/name}",
        "releases_url": "https://api.github.com/repos/wildfly-extras/creaper/releases{/id}",
        "deployments_url": "https://api.github.com/repos/wildfly-extras/creaper/deployments",
        "created_at": "2015-10-19T09:47:10Z",
        "updated_at": "2023-04-19T18:42:22Z",
        "pushed_at": "2023-10-04T09:05:57Z",
        "git_url": "git://github.com/wildfly-extras/creaper.git",
        "ssh_url": "git@github.com:wildfly-extras/creaper.git",
        "clone_url": "https://github.com/wildfly-extras/creaper.git",
        "svn_url": "https://github.com/wildfly-extras/creaper",
        "homepage": "",
        "size": 1406,
        "stargazers_count": 19,
        "watchers_count": 19,
        "language": "Java",
        "has_issues": true,
        "has_projects": true,
        "has_downloads": true,
        "has_wiki": true,
        "has_pages": false,
        "has_discussions": false,
        "forks_count": 27,
        "mirror_url": null,
        "archived": false,
        "disabled": false,
        "open_issues_count": 24,
        "license": {
            "key": "apache-2.0",
            "name": "Apache License 2.0",
            "spdx_id": "Apache-2.0",
            "url": "https://api.github.com/licenses/apache-2.0",
            "node_id": "MDc6TGljZW5zZTI="
        },
        "allow_forking": true,
        "is_template": false,
        "web_commit_signoff_required": false,
        "topics": [],
        "visibility": "public",
        "forks": 27,
        "open_issues": 24,
        "watchers": 19,
        "default_branch": "main"
    },
    "source": {
        "id": 44525387,
        "node_id": "MDEwOlJlcG9zaXRvcnk0NDUyNTM4Nw==",
        "name": "creaper",
        "full_name": "wildfly-extras/creaper",
        "private": false,
        "owner": {
            "login": "wildfly-extras",
            "id": 7937746,
            "node_id": "MDEyOk9yZ2FuaXphdGlvbjc5Mzc3NDY=",
            "avatar_url": "https://avatars.githubusercontent.com/u/7937746?v=4",
            "gravatar_id": "",
            "url": "https://api.github.com/users/wildfly-extras",
            "html_url": "https://github.com/wildfly-extras",
            "followers_url": "https://api.github.com/users/wildfly-extras/followers",
            "following_url": "https://api.github.com/users/wildfly-extras/following{/other_user}",
            "gists_url": "https://api.github.com/users/wildfly-extras/gists{/gist_id}",
            "starred_url": "https://api.github.com/users/wildfly-extras/starred{/owner}{/repo}",
            "subscriptions_url": "https://api.github.com/users/wildfly-extras/subscriptions",
            "organizations_url": "https://api.github.com/users/wildfly-extras/orgs",
            "repos_url": "https://api.github.com/users/wildfly-extras/repos",
            "events_url": "https://api.github.com/users/wildfly-extras/events{/privacy}",
            "received_events_url": "https://api.github.com/users/wildfly-extras/received_events",
            "type": "Organization",
            "site_admin": false
        },
        "html_url": "https://github.com/wildfly-extras/creaper",
        "description": "Small library for JBoss AS 7 and WildFly management with a slight bias towards testing",
        "fork": false,
        "url": "https://api.github.com/repos/wildfly-extras/creaper",
        "forks_url": "https://api.github.com/repos/wildfly-extras/creaper/forks",
        "keys_url": "https://api.github.com/repos/wildfly-extras/creaper/keys{/key_id}",
        "collaborators_url": "https://api.github.com/repos/wildfly-extras/creaper/collaborators{/collaborator}",
        "teams_url": "https://api.github.com/repos/wildfly-extras/creaper/teams",
        "hooks_url": "https://api.github.com/repos/wildfly-extras/creaper/hooks",
        "issue_events_url": "https://api.github.com/repos/wildfly-extras/creaper/issues/events{/number}",
        "events_url": "https://api.github.com/repos/wildfly-extras/creaper/events",
        "assignees_url": "https://api.github.com/repos/wildfly-extras/creaper/assignees{/user}",
        "branches_url": "https://api.github.com/repos/wildfly-extras/creaper/branches{/branch}",
        "tags_url": "https://api.github.com/repos/wildfly-extras/creaper/tags",
        "blobs_url": "https://api.github.com/repos/wildfly-extras/creaper/git/blobs{/sha}",
        "git_tags_url": "https://api.github.com/repos/wildfly-extras/creaper/git/tags{/sha}",
        "git_refs_url": "https://api.github.com/repos/wildfly-extras/creaper/git/refs{/sha}",
        "trees_url": "https://api.github.com/repos/wildfly-extras/creaper/git/trees{/sha}",
        "statuses_url": "https://api.github.com/repos/wildfly-extras/creaper/statuses/{sha}",
        "languages_url": "https://api.github.com/repos/wildfly-extras/creaper/languages",
        "stargazers_url": "https://api.github.com/repos/wildfly-extras/creaper/stargazers",
        "contributors_url": "https://api.github.com/repos/wildfly-extras/creaper/contributors",
        "subscribers_url": "https://api.github.com/repos/wildfly-extras/creaper/subscribers",
        "subscription_url": "https://api.github.com/repos/wildfly-extras/creaper/subscription",
        "commits_url": "https://api.github.com/repos/wildfly-extras/creaper/commits{/sha}",
        "git_commits_url": "https://api.github.com/repos/wildfly-extras/creaper/git/commits{/sha}",
        "comments_url": "https://api.github.com/repos/wildfly-extras/creaper/comments{/number}",
        "issue_comment_url": "https://api.github.com/repos/wildfly-extras/creaper/issues/comments{/number}",
        "contents_url": "https://api.github.com/repos/wildfly-extras/creaper/contents/{+path}",
        "compare_url": "https://api.github.com/repos/wildfly-extras/creaper/compare/{base}...{head}",
        "merges_url": "https://api.github.com/repos/wildfly-extras/creaper/merges",
        "archive_url": "https://api.github.com/repos/wildfly-extras/creaper/{archive_format}{/ref}",
        "downloads_url": "https://api.github.com/repos/wildfly-extras/creaper/downloads",
        "issues_url": "https://api.github.com/repos/wildfly-extras/creaper/issues{/number}",
        "pulls_url": "https://api.github.com/repos/wildfly-extras/creaper/pulls{/number}",
        "milestones_url": "https://api.github.com/repos/wildfly-extras/creaper/milestones{/number}",
        "notifications_url": "https://api.github.com/repos/wildfly-extras/creaper/notifications{?since,all,participating}",
        "labels_url": "https://api.github.com/repos/wildfly-extras/creaper/labels{/name}",
        "releases_url": "https://api.github.com/repos/wildfly-extras/creaper/releases{/id}",
        "deployments_url": "https://api.github.com/repos/wildfly-extras/creaper/deployments",
        "created_at": "2015-10-19T09:47:10Z",
        "updated_at": "2023-04-19T18:42:22Z",
        "pushed_at": "2023-10-04T09:05:57Z",
        "git_url": "git://github.com/wildfly-extras/creaper.git",
        "ssh_url": "git@github.com:wildfly-extras/creaper.git",
        "clone_url": "https://github.com/wildfly-extras/creaper.git",
        "svn_url": "https://github.com/wildfly-extras/creaper",
        "homepage": "",
        "size": 1406,
        "stargazers_count": 19,
        "watchers_count": 19,
        "language": "Java",
        "has_issues": true,
        "has_projects": true,
        "has_downloads": true,
        "has_wiki": true,
        "has_pages": false,
        "has_discussions": false,
        "forks_count": 27,
        "mirror_url": null,
        "archived": false,
        "disabled": false,
        "open_issues_count": 24,
        "license": {
            "key": "apache-2.0",
            "name": "Apache License 2.0",
            "spdx_id": "Apache-2.0",
            "url": "https://api.github.com/licenses/apache-2.0",
            "node_id": "MDc6TGljZW5zZTI="
        },
        "allow_forking": true,
        "is_template": false,
        "web_commit_signoff_required": false,
        "topics": [],
        "visibility": "public",
        "forks": 27,
        "open_issues": 24,
        "watchers": 19,
        "default_branch": "main"
    },
    "network_count": 27,
    "subscribers_count": 2
}