{
    "id": 84092016,
    "node_id": "MDEwOlJlcG9zaXRvcnk4NDA5MjAxNg==",
    "name": "MiniCompiler",
    "full_name": "AmrAdelKhalil/MiniCompiler",
    "private": false,
    "owner": {
        "login": "AmrAdelKhalil",
        "id": 12483994,
        "node_id": "MDQ6VXNlcjEyNDgzOTk0",
        "avatar_url": "https://avatars.githubusercontent.com/u/12483994?v=4",
        "gravatar_id": "",
        "url": "https://api.github.com/users/AmrAdelKhalil",
        "html_url": "https://github.com/AmrAdelKhalil",
        "followers_url": "https://api.github.com/users/AmrAdelKhalil/followers",
        "following_url": "https://api.github.com/users/AmrAdelKhalil/following{/other_user}",
        "gists_url": "https://api.github.com/users/AmrAdelKhalil/gists{/gist_id}",
        "starred_url": "https://api.github.com/users/AmrAdelKhalil/starred{/owner}{/repo}",
        "subscriptions_url": "https://api.github.com/users/AmrAdelKhalil/subscriptions",
        "organizations_url": "https://api.github.com/users/AmrAdelKhalil/orgs",
        "repos_url": "https://api.github.com/users/AmrAdelKhalil/repos",
        "events_url": "https://api.github.com/users/AmrAdelKhalil/events{/privacy}",
        "received_events_url": "https://api.github.com/users/AmrAdelKhalil/received_events",
        "type": "User",
        "site_admin": false
    },
    "html_url": "https://github.com/AmrAdelKhalil/MiniCompiler",
    "description": null,
    "fork": false,
    "url": "https://api.github.com/repos/AmrAdelKhalil/MiniCompiler",
    "forks_url": "https://api.github.com/repos/AmrAdelKhalil/MiniCompiler/forks",
    "keys_url": "https://api.github.com/repos/AmrAdelKhalil/MiniCompiler/keys{/key_id}",
    "collaborators_url": "https://api.github.com/repos/AmrAdelKhalil/MiniCompiler/collaborators{/collaborator}",
    "teams_url": "https://api.github.com/repos/AmrAdelKhalil/MiniCompiler/teams",
    "hooks_url": "https://api.github.com/repos/AmrAdelKhalil/MiniCompiler/hooks",
    "issue_events_url": "https://api.github.com/repos/AmrAdelKhalil/MiniCompiler/issues/events{/number}",
    "events_url": "https://api.github.com/repos/AmrAdelKhalil/MiniCompiler/events",
    "assignees_url": "https://api.github.com/repos/AmrAdelKhalil/MiniCompiler/assignees{/user}",
    "branches_url": "https://api.github.com/repos/AmrAdelKhalil/MiniCompiler/branches{/branch}",
    "tags_url": "https://api.github.com/repos/AmrAdelKhalil/MiniCompiler/tags",
    "blobs_url": "https://api.github.com/repos/AmrAdelKhalil/MiniCompiler/git/blobs{/sha}",
    "git_tags_url": "https://api.github.com/repos/AmrAdelKhalil/MiniCompiler/git/tags{/sha}",
    "git_refs_url": "https://api.github.com/repos/AmrAdelKhalil/MiniCompiler/git/refs{/sha}",
    "trees_url": "https://api.github.com/repos/AmrAdelKhalil/MiniCompiler/git/trees{/sha}",
    "statuses_url": "https://api.github.com/repos/AmrAdelKhalil/MiniCompiler/statuses/{sha}",
    "languages_url": "https://api.github.com/repos/AmrAdelKhalil/MiniCompiler/languages",
    "stargazers_url": "https://api.github.com/repos/AmrAdelKhalil/MiniCompiler/stargazers",
    "contributors_url": "https://api.github.com/repos/AmrAdelKhalil/MiniCompiler/contributors",
    "subscribers_url": "https://api.github.com/repos/AmrAdelKhalil/MiniCompiler/subscribers",
    "subscription_url": "https://api.github.com/repos/AmrAdelKhalil/MiniCompiler/subscription",
    "commits_url": "https://api.github.com/repos/AmrAdelKhalil/MiniCompiler/commits{/sha}",
    "git_commits_url": "https://api.github.com/repos/AmrAdelKhalil/MiniCompiler/git/commits{/sha}",
    "comments_url": "https://api.github.com/repos/AmrAdelKhalil/MiniCompiler/comments{/number}",
    "issue_comment_url": "https://api.github.com/repos/AmrAdelKhalil/MiniCompiler/issues/comments{/number}",
    "contents_url": "https://api.github.com/repos/AmrAdelKhalil/MiniCompiler/contents/{+path}",
    "compare_url": "https://api.github.com/repos/AmrAdelKhalil/MiniCompiler/compare/{base}...{head}",
    "merges_url": "https://api.github.com/repos/AmrAdelKhalil/MiniCompiler/merges",
    "archive_url": "https://api.github.com/repos/AmrAdelKhalil/MiniCompiler/{archive_format}{/ref}",
    "downloads_url": "https://api.github.com/repos/AmrAdelKhalil/MiniCompiler/downloads",
    "issues_url": "https://api.github.com/repos/AmrAdelKhalil/MiniCompiler/issues{/number}",
    "pulls_url": "https://api.github.com/repos/AmrAdelKhalil/MiniCompiler/pulls{/number}",
    "milestones_url": "https://api.github.com/repos/AmrAdelKhalil/MiniCompiler/milestones{/number}",
    "notifications_url": "https://api.github.com/repos/AmrAdelKhalil/MiniCompiler/notifications{?since,all,participating}",
    "labels_url": "https://api.github.com/repos/AmrAdelKhalil/MiniCompiler/labels{/name}",
    "releases_url": "https://api.github.com/repos/AmrAdelKhalil/MiniCompiler/releases{/id}",
    "deployments_url": "https://api.github.com/repos/AmrAdelKhalil/MiniCompiler/deployments",
    "created_at": "2017-03-06T15:54:37Z",
    "updated_at": "2017-05-10T18:23:40Z",
    "pushed_at": "2017-05-07T07:10:04Z",
    "git_url": "git://github.com/AmrAdelKhalil/MiniCompiler.git",
    "ssh_url": "git@github.com:AmrAdelKhalil/MiniCompiler.git",
    "clone_url": "https://github.com/AmrAdelKhalil/MiniCompiler.git",
    "svn_url": "https://github.com/AmrAdelKhalil/MiniCompiler",
    "homepage": null,
    "size": 190,
    "stargazers_count": 0,
    "watchers_count": 0,
    "language": "Java",
    "has_issues": true,
    "has_projects": true,
    "has_downloads": true,
    "has_wiki": true,
    "has_pages": false,
    "has_discussions": false,
    "forks_count": 0,
    "mirror_url": null,
    "archived": false,
    "disabled": false,
    "open_issues_count": 0,
    "license": {
        "key": "mit",
        "name": "MIT License",
        "spdx_id": "MIT",
        "url": "https://api.github.com/licenses/mit",
        "node_id": "MDc6TGljZW5zZTEz"
    },
    "allow_forking": true,
    "is_template": false,
    "web_commit_signoff_required": false,
    "topics": [],
    "visibility": "public",
    "forks": 0,
    "open_issues": 0,
    "watchers": 0,
    "default_branch": "master",
    "permissions": {
        "admin": false,
        "maintain": false,
        "push": false,
        "triage": false,
        "pull": true
    },
    "temp_clone_token": "",
    "network_count": 0,
    "subscribers_count": 4
}