{
    "id": 153786501,
    "node_id": "MDEwOlJlcG9zaXRvcnkxNTM3ODY1MDE=",
    "name": "demo",
    "full_name": "lzz-io/demo",
    "private": false,
    "owner": {
        "login": "lzz-io",
        "id": 32061847,
        "node_id": "MDEyOk9yZ2FuaXphdGlvbjMyMDYxODQ3",
        "avatar_url": "https://avatars.githubusercontent.com/u/32061847?v=4",
        "gravatar_id": "",
        "url": "https://api.github.com/users/lzz-io",
        "html_url": "https://github.com/lzz-io",
        "followers_url": "https://api.github.com/users/lzz-io/followers",
        "following_url": "https://api.github.com/users/lzz-io/following{/other_user}",
        "gists_url": "https://api.github.com/users/lzz-io/gists{/gist_id}",
        "starred_url": "https://api.github.com/users/lzz-io/starred{/owner}{/repo}",
        "subscriptions_url": "https://api.github.com/users/lzz-io/subscriptions",
        "organizations_url": "https://api.github.com/users/lzz-io/orgs",
        "repos_url": "https://api.github.com/users/lzz-io/repos",
        "events_url": "https://api.github.com/users/lzz-io/events{/privacy}",
        "received_events_url": "https://api.github.com/users/lzz-io/received_events",
        "type": "Organization",
        "site_admin": false
    },
    "html_url": "https://github.com/lzz-io/demo",
    "description": "java demo",
    "fork": false,
    "url": "https://api.github.com/repos/lzz-io/demo",
    "forks_url": "https://api.github.com/repos/lzz-io/demo/forks",
    "keys_url": "https://api.github.com/repos/lzz-io/demo/keys{/key_id}",
    "collaborators_url": "https://api.github.com/repos/lzz-io/demo/collaborators{/collaborator}",
    "teams_url": "https://api.github.com/repos/lzz-io/demo/teams",
    "hooks_url": "https://api.github.com/repos/lzz-io/demo/hooks",
    "issue_events_url": "https://api.github.com/repos/lzz-io/demo/issues/events{/number}",
    "events_url": "https://api.github.com/repos/lzz-io/demo/events",
    "assignees_url": "https://api.github.com/repos/lzz-io/demo/assignees{/user}",
    "branches_url": "https://api.github.com/repos/lzz-io/demo/branches{/branch}",
    "tags_url": "https://api.github.com/repos/lzz-io/demo/tags",
    "blobs_url": "https://api.github.com/repos/lzz-io/demo/git/blobs{/sha}",
    "git_tags_url": "https://api.github.com/repos/lzz-io/demo/git/tags{/sha}",
    "git_refs_url": "https://api.github.com/repos/lzz-io/demo/git/refs{/sha}",
    "trees_url": "https://api.github.com/repos/lzz-io/demo/git/trees{/sha}",
    "statuses_url": "https://api.github.com/repos/lzz-io/demo/statuses/{sha}",
    "languages_url": "https://api.github.com/repos/lzz-io/demo/languages",
    "stargazers_url": "https://api.github.com/repos/lzz-io/demo/stargazers",
    "contributors_url": "https://api.github.com/repos/lzz-io/demo/contributors",
    "subscribers_url": "https://api.github.com/repos/lzz-io/demo/subscribers",
    "subscription_url": "https://api.github.com/repos/lzz-io/demo/subscription",
    "commits_url": "https://api.github.com/repos/lzz-io/demo/commits{/sha}",
    "git_commits_url": "https://api.github.com/repos/lzz-io/demo/git/commits{/sha}",
    "comments_url": "https://api.github.com/repos/lzz-io/demo/comments{/number}",
    "issue_comment_url": "https://api.github.com/repos/lzz-io/demo/issues/comments{/number}",
    "contents_url": "https://api.github.com/repos/lzz-io/demo/contents/{+path}",
    "compare_url": "https://api.github.com/repos/lzz-io/demo/compare/{base}...{head}",
    "merges_url": "https://api.github.com/repos/lzz-io/demo/merges",
    "archive_url": "https://api.github.com/repos/lzz-io/demo/{archive_format}{/ref}",
    "downloads_url": "https://api.github.com/repos/lzz-io/demo/downloads",
    "issues_url": "https://api.github.com/repos/lzz-io/demo/issues{/number}",
    "pulls_url": "https://api.github.com/repos/lzz-io/demo/pulls{/number}",
    "milestones_url": "https://api.github.com/repos/lzz-io/demo/milestones{/number}",
    "notifications_url": "https://api.github.com/repos/lzz-io/demo/notifications{?since,all,participating}",
    "labels_url": "https://api.github.com/repos/lzz-io/demo/labels{/name}",
    "releases_url": "https://api.github.com/repos/lzz-io/demo/releases{/id}",
    "deployments_url": "https://api.github.com/repos/lzz-io/demo/deployments",
    "created_at": "2018-10-19T13:25:05Z",
    "updated_at": "2022-11-24T07:58:00Z",
    "pushed_at": "2023-05-24T14:16:15Z",
    "git_url": "git://github.com/lzz-io/demo.git",
    "ssh_url": "git@github.com:lzz-io/demo.git",
    "clone_url": "https://github.com/lzz-io/demo.git",
    "svn_url": "https://github.com/lzz-io/demo",
    "homepage": null,
    "size": 1540,
    "stargazers_count": 1,
    "watchers_count": 1,
    "language": "Java",
    "has_issues": true,
    "has_projects": true,
    "has_downloads": true,
    "has_wiki": true,
    "has_pages": false,
    "has_discussions": false,
    "forks_count": 0,
    "mirror_url": null,
    "archived": false,
    "disabled": false,
    "open_issues_count": 0,
    "license": {
        "key": "apache-2.0",
        "name": "Apache License 2.0",
        "spdx_id": "Apache-2.0",
        "url": "https://api.github.com/licenses/apache-2.0",
        "node_id": "MDc6TGljZW5zZTI="
    },
    "allow_forking": true,
    "is_template": false,
    "web_commit_signoff_required": false,
    "topics": [],
    "visibility": "public",
    "forks": 0,
    "open_issues": 0,
    "watchers": 1,
    "default_branch": "master",
    "permissions": {
        "admin": false,
        "maintain": false,
        "push": false,
        "triage": false,
        "pull": true
    },
    "temp_clone_token": "",
    "custom_properties": {},
    "organization": {
        "login": "lzz-io",
        "id": 32061847,
        "node_id": "MDEyOk9yZ2FuaXphdGlvbjMyMDYxODQ3",
        "avatar_url": "https://avatars.githubusercontent.com/u/32061847?v=4",
        "gravatar_id": "",
        "url": "https://api.github.com/users/lzz-io",
        "html_url": "https://github.com/lzz-io",
        "followers_url": "https://api.github.com/users/lzz-io/followers",
        "following_url": "https://api.github.com/users/lzz-io/following{/other_user}",
        "gists_url": "https://api.github.com/users/lzz-io/gists{/gist_id}",
        "starred_url": "https://api.github.com/users/lzz-io/starred{/owner}{/repo}",
        "subscriptions_url": "https://api.github.com/users/lzz-io/subscriptions",
        "organizations_url": "https://api.github.com/users/lzz-io/orgs",
        "repos_url": "https://api.github.com/users/lzz-io/repos",
        "events_url": "https://api.github.com/users/lzz-io/events{/privacy}",
        "received_events_url": "https://api.github.com/users/lzz-io/received_events",
        "type": "Organization",
        "site_admin": false
    },
    "network_count": 0,
    "subscribers_count": 2
}