{
    "id": 168419932,
    "node_id": "MDEwOlJlcG9zaXRvcnkxNjg0MTk5MzI=",
    "name": "susereumutep",
    "full_name": "ishtjot/susereumutep",
    "private": false,
    "owner": {
        "login": "ishtjot",
        "id": 38568627,
        "node_id": "MDQ6VXNlcjM4NTY4NjI3",
        "avatar_url": "https://avatars.githubusercontent.com/u/38568627?v=4",
        "gravatar_id": "",
        "url": "https://api.github.com/users/ishtjot",
        "html_url": "https://github.com/ishtjot",
        "followers_url": "https://api.github.com/users/ishtjot/followers",
        "following_url": "https://api.github.com/users/ishtjot/following{/other_user}",
        "gists_url": "https://api.github.com/users/ishtjot/gists{/gist_id}",
        "starred_url": "https://api.github.com/users/ishtjot/starred{/owner}{/repo}",
        "subscriptions_url": "https://api.github.com/users/ishtjot/subscriptions",
        "organizations_url": "https://api.github.com/users/ishtjot/orgs",
        "repos_url": "https://api.github.com/users/ishtjot/repos",
        "events_url": "https://api.github.com/users/ishtjot/events{/privacy}",
        "received_events_url": "https://api.github.com/users/ishtjot/received_events",
        "type": "User",
        "site_admin": false
    },
    "html_url": "https://github.com/ishtjot/susereumutep",
    "description": null,
    "fork": false,
    "url": "https://api.github.com/repos/ishtjot/susereumutep",
    "forks_url": "https://api.github.com/repos/ishtjot/susereumutep/forks",
    "keys_url": "https://api.github.com/repos/ishtjot/susereumutep/keys{/key_id}",
    "collaborators_url": "https://api.github.com/repos/ishtjot/susereumutep/collaborators{/collaborator}",
    "teams_url": "https://api.github.com/repos/ishtjot/susereumutep/teams",
    "hooks_url": "https://api.github.com/repos/ishtjot/susereumutep/hooks",
    "issue_events_url": "https://api.github.com/repos/ishtjot/susereumutep/issues/events{/number}",
    "events_url": "https://api.github.com/repos/ishtjot/susereumutep/events",
    "assignees_url": "https://api.github.com/repos/ishtjot/susereumutep/assignees{/user}",
    "branches_url": "https://api.github.com/repos/ishtjot/susereumutep/branches{/branch}",
    "tags_url": "https://api.github.com/repos/ishtjot/susereumutep/tags",
    "blobs_url": "https://api.github.com/repos/ishtjot/susereumutep/git/blobs{/sha}",
    "git_tags_url": "https://api.github.com/repos/ishtjot/susereumutep/git/tags{/sha}",
    "git_refs_url": "https://api.github.com/repos/ishtjot/susereumutep/git/refs{/sha}",
    "trees_url": "https://api.github.com/repos/ishtjot/susereumutep/git/trees{/sha}",
    "statuses_url": "https://api.github.com/repos/ishtjot/susereumutep/statuses/{sha}",
    "languages_url": "https://api.github.com/repos/ishtjot/susereumutep/languages",
    "stargazers_url": "https://api.github.com/repos/ishtjot/susereumutep/stargazers",
    "contributors_url": "https://api.github.com/repos/ishtjot/susereumutep/contributors",
    "subscribers_url": "https://api.github.com/repos/ishtjot/susereumutep/subscribers",
    "subscription_url": "https://api.github.com/repos/ishtjot/susereumutep/subscription",
    "commits_url": "https://api.github.com/repos/ishtjot/susereumutep/commits{/sha}",
    "git_commits_url": "https://api.github.com/repos/ishtjot/susereumutep/git/commits{/sha}",
    "comments_url": "https://api.github.com/repos/ishtjot/susereumutep/comments{/number}",
    "issue_comment_url": "https://api.github.com/repos/ishtjot/susereumutep/issues/comments{/number}",
    "contents_url": "https://api.github.com/repos/ishtjot/susereumutep/contents/{+path}",
    "compare_url": "https://api.github.com/repos/ishtjot/susereumutep/compare/{base}...{head}",
    "merges_url": "https://api.github.com/repos/ishtjot/susereumutep/merges",
    "archive_url": "https://api.github.com/repos/ishtjot/susereumutep/{archive_format}{/ref}",
    "downloads_url": "https://api.github.com/repos/ishtjot/susereumutep/downloads",
    "issues_url": "https://api.github.com/repos/ishtjot/susereumutep/issues{/number}",
    "pulls_url": "https://api.github.com/repos/ishtjot/susereumutep/pulls{/number}",
    "milestones_url": "https://api.github.com/repos/ishtjot/susereumutep/milestones{/number}",
    "notifications_url": "https://api.github.com/repos/ishtjot/susereumutep/notifications{?since,all,participating}",
    "labels_url": "https://api.github.com/repos/ishtjot/susereumutep/labels{/name}",
    "releases_url": "https://api.github.com/repos/ishtjot/susereumutep/releases{/id}",
    "deployments_url": "https://api.github.com/repos/ishtjot/susereumutep/deployments",
    "created_at": "2019-01-30T21:41:54Z",
    "updated_at": "2019-01-30T21:53:12Z",
    "pushed_at": "2019-01-30T21:52:45Z",
    "git_url": "git://github.com/ishtjot/susereumutep.git",
    "ssh_url": "git@github.com:ishtjot/susereumutep.git",
    "clone_url": "https://github.com/ishtjot/susereumutep.git",
    "svn_url": "https://github.com/ishtjot/susereumutep",
    "homepage": null,
    "size": 161111,
    "stargazers_count": 0,
    "watchers_count": 0,
    "language": "HTML",
    "has_issues": true,
    "has_projects": true,
    "has_downloads": true,
    "has_wiki": true,
    "has_pages": false,
    "has_discussions": false,
    "forks_count": 0,
    "mirror_url": null,
    "archived": false,
    "disabled": false,
    "open_issues_count": 0,
    "license": {
        "key": "apache-2.0",
        "name": "Apache License 2.0",
        "spdx_id": "Apache-2.0",
        "url": "https://api.github.com/licenses/apache-2.0",
        "node_id": "MDc6TGljZW5zZTI="
    },
    "allow_forking": true,
    "is_template": false,
    "web_commit_signoff_required": false,
    "topics": [],
    "visibility": "public",
    "forks": 0,
    "open_issues": 0,
    "watchers": 0,
    "default_branch": "master",
    "permissions": {
        "admin": false,
        "maintain": false,
        "push": false,
        "triage": false,
        "pull": true
    },
    "temp_clone_token": "",
    "network_count": 0,
    "subscribers_count": 0
}