{
    "id": 216982513,
    "node_id": "MDEwOlJlcG9zaXRvcnkyMTY5ODI1MTM=",
    "name": "m2e-nar",
    "full_name": "bas-k/m2e-nar",
    "private": false,
    "owner": {
        "login": "bas-k",
        "id": 13569264,
        "node_id": "MDQ6VXNlcjEzNTY5MjY0",
        "avatar_url": "https://avatars.githubusercontent.com/u/13569264?v=4",
        "gravatar_id": "",
        "url": "https://api.github.com/users/bas-k",
        "html_url": "https://github.com/bas-k",
        "followers_url": "https://api.github.com/users/bas-k/followers",
        "following_url": "https://api.github.com/users/bas-k/following{/other_user}",
        "gists_url": "https://api.github.com/users/bas-k/gists{/gist_id}",
        "starred_url": "https://api.github.com/users/bas-k/starred{/owner}{/repo}",
        "subscriptions_url": "https://api.github.com/users/bas-k/subscriptions",
        "organizations_url": "https://api.github.com/users/bas-k/orgs",
        "repos_url": "https://api.github.com/users/bas-k/repos",
        "events_url": "https://api.github.com/users/bas-k/events{/privacy}",
        "received_events_url": "https://api.github.com/users/bas-k/received_events",
        "type": "User",
        "site_admin": false
    },
    "html_url": "https://github.com/bas-k/m2e-nar",
    "description": "M2E Connector for the nar-maven-plugin. Configures Eclipse CDT from a C/C++ NAR Maven project pom.",
    "fork": true,
    "url": "https://api.github.com/repos/bas-k/m2e-nar",
    "forks_url": "https://api.github.com/repos/bas-k/m2e-nar/forks",
    "keys_url": "https://api.github.com/repos/bas-k/m2e-nar/keys{/key_id}",
    "collaborators_url": "https://api.github.com/repos/bas-k/m2e-nar/collaborators{/collaborator}",
    "teams_url": "https://api.github.com/repos/bas-k/m2e-nar/teams",
    "hooks_url": "https://api.github.com/repos/bas-k/m2e-nar/hooks",
    "issue_events_url": "https://api.github.com/repos/bas-k/m2e-nar/issues/events{/number}",
    "events_url": "https://api.github.com/repos/bas-k/m2e-nar/events",
    "assignees_url": "https://api.github.com/repos/bas-k/m2e-nar/assignees{/user}",
    "branches_url": "https://api.github.com/repos/bas-k/m2e-nar/branches{/branch}",
    "tags_url": "https://api.github.com/repos/bas-k/m2e-nar/tags",
    "blobs_url": "https://api.github.com/repos/bas-k/m2e-nar/git/blobs{/sha}",
    "git_tags_url": "https://api.github.com/repos/bas-k/m2e-nar/git/tags{/sha}",
    "git_refs_url": "https://api.github.com/repos/bas-k/m2e-nar/git/refs{/sha}",
    "trees_url": "https://api.github.com/repos/bas-k/m2e-nar/git/trees{/sha}",
    "statuses_url": "https://api.github.com/repos/bas-k/m2e-nar/statuses/{sha}",
    "languages_url": "https://api.github.com/repos/bas-k/m2e-nar/languages",
    "stargazers_url": "https://api.github.com/repos/bas-k/m2e-nar/stargazers",
    "contributors_url": "https://api.github.com/repos/bas-k/m2e-nar/contributors",
    "subscribers_url": "https://api.github.com/repos/bas-k/m2e-nar/subscribers",
    "subscription_url": "https://api.github.com/repos/bas-k/m2e-nar/subscription",
    "commits_url": "https://api.github.com/repos/bas-k/m2e-nar/commits{/sha}",
    "git_commits_url": "https://api.github.com/repos/bas-k/m2e-nar/git/commits{/sha}",
    "comments_url": "https://api.github.com/repos/bas-k/m2e-nar/comments{/number}",
    "issue_comment_url": "https://api.github.com/repos/bas-k/m2e-nar/issues/comments{/number}",
    "contents_url": "https://api.github.com/repos/bas-k/m2e-nar/contents/{+path}",
    "compare_url": "https://api.github.com/repos/bas-k/m2e-nar/compare/{base}...{head}",
    "merges_url": "https://api.github.com/repos/bas-k/m2e-nar/merges",
    "archive_url": "https://api.github.com/repos/bas-k/m2e-nar/{archive_format}{/ref}",
    "downloads_url": "https://api.github.com/repos/bas-k/m2e-nar/downloads",
    "issues_url": "https://api.github.com/repos/bas-k/m2e-nar/issues{/number}",
    "pulls_url": "https://api.github.com/repos/bas-k/m2e-nar/pulls{/number}",
    "milestones_url": "https://api.github.com/repos/bas-k/m2e-nar/milestones{/number}",
    "notifications_url": "https://api.github.com/repos/bas-k/m2e-nar/notifications{?since,all,participating}",
    "labels_url": "https://api.github.com/repos/bas-k/m2e-nar/labels{/name}",
    "releases_url": "https://api.github.com/repos/bas-k/m2e-nar/releases{/id}",
    "deployments_url": "https://api.github.com/repos/bas-k/m2e-nar/deployments",
    "created_at": "2019-10-23T06:18:27Z",
    "updated_at": "2019-10-23T10:12:21Z",
    "pushed_at": "2019-10-23T10:12:19Z",
    "git_url": "git://github.com/bas-k/m2e-nar.git",
    "ssh_url": "git@github.com:bas-k/m2e-nar.git",
    "clone_url": "https://github.com/bas-k/m2e-nar.git",
    "svn_url": "https://github.com/bas-k/m2e-nar",
    "homepage": null,
    "size": 315,
    "stargazers_count": 0,
    "watchers_count": 0,
    "language": "Java",
    "has_issues": false,
    "has_projects": true,
    "has_downloads": true,
    "has_wiki": true,
    "has_pages": false,
    "has_discussions": false,
    "forks_count": 0,
    "mirror_url": null,
    "archived": false,
    "disabled": false,
    "open_issues_count": 0,
    "license": {
        "key": "apache-2.0",
        "name": "Apache License 2.0",
        "spdx_id": "Apache-2.0",
        "url": "https://api.github.com/licenses/apache-2.0",
        "node_id": "MDc6TGljZW5zZTI="
    },
    "allow_forking": true,
    "is_template": false,
    "web_commit_signoff_required": false,
    "topics": [],
    "visibility": "public",
    "forks": 0,
    "open_issues": 0,
    "watchers": 0,
    "default_branch": "master",
    "permissions": {
        "admin": false,
        "maintain": false,
        "push": false,
        "triage": false,
        "pull": true
    },
    "temp_clone_token": "",
    "parent": {
        "id": 35539159,
        "node_id": "MDEwOlJlcG9zaXRvcnkzNTUzOTE1OQ==",
        "name": "m2e-nar",
        "full_name": "maven-nar/m2e-nar",
        "private": false,
        "owner": {
            "login": "maven-nar",
            "id": 2506031,
            "node_id": "MDEyOk9yZ2FuaXphdGlvbjI1MDYwMzE=",
            "avatar_url": "https://avatars.githubusercontent.com/u/2506031?v=4",
            "gravatar_id": "",
            "url": "https://api.github.com/users/maven-nar",
            "html_url": "https://github.com/maven-nar",
            "followers_url": "https://api.github.com/users/maven-nar/followers",
            "following_url": "https://api.github.com/users/maven-nar/following{/other_user}",
            "gists_url": "https://api.github.com/users/maven-nar/gists{/gist_id}",
            "starred_url": "https://api.github.com/users/maven-nar/starred{/owner}{/repo}",
            "subscriptions_url": "https://api.github.com/users/maven-nar/subscriptions",
            "organizations_url": "https://api.github.com/users/maven-nar/orgs",
            "repos_url": "https://api.github.com/users/maven-nar/repos",
            "events_url": "https://api.github.com/users/maven-nar/events{/privacy}",
            "received_events_url": "https://api.github.com/users/maven-nar/received_events",
            "type": "Organization",
            "site_admin": false
        },
        "html_url": "https://github.com/maven-nar/m2e-nar",
        "description": "M2E Connector for the nar-maven-plugin. Configures Eclipse CDT from a C/C++ NAR Maven project pom.",
        "fork": false,
        "url": "https://api.github.com/repos/maven-nar/m2e-nar",
        "forks_url": "https://api.github.com/repos/maven-nar/m2e-nar/forks",
        "keys_url": "https://api.github.com/repos/maven-nar/m2e-nar/keys{/key_id}",
        "collaborators_url": "https://api.github.com/repos/maven-nar/m2e-nar/collaborators{/collaborator}",
        "teams_url": "https://api.github.com/repos/maven-nar/m2e-nar/teams",
        "hooks_url": "https://api.github.com/repos/maven-nar/m2e-nar/hooks",
        "issue_events_url": "https://api.github.com/repos/maven-nar/m2e-nar/issues/events{/number}",
        "events_url": "https://api.github.com/repos/maven-nar/m2e-nar/events",
        "assignees_url": "https://api.github.com/repos/maven-nar/m2e-nar/assignees{/user}",
        "branches_url": "https://api.github.com/repos/maven-nar/m2e-nar/branches{/branch}",
        "tags_url": "https://api.github.com/repos/maven-nar/m2e-nar/tags",
        "blobs_url": "https://api.github.com/repos/maven-nar/m2e-nar/git/blobs{/sha}",
        "git_tags_url": "https://api.github.com/repos/maven-nar/m2e-nar/git/tags{/sha}",
        "git_refs_url": "https://api.github.com/repos/maven-nar/m2e-nar/git/refs{/sha}",
        "trees_url": "https://api.github.com/repos/maven-nar/m2e-nar/git/trees{/sha}",
        "statuses_url": "https://api.github.com/repos/maven-nar/m2e-nar/statuses/{sha}",
        "languages_url": "https://api.github.com/repos/maven-nar/m2e-nar/languages",
        "stargazers_url": "https://api.github.com/repos/maven-nar/m2e-nar/stargazers",
        "contributors_url": "https://api.github.com/repos/maven-nar/m2e-nar/contributors",
        "subscribers_url": "https://api.github.com/repos/maven-nar/m2e-nar/subscribers",
        "subscription_url": "https://api.github.com/repos/maven-nar/m2e-nar/subscription",
        "commits_url": "https://api.github.com/repos/maven-nar/m2e-nar/commits{/sha}",
        "git_commits_url": "https://api.github.com/repos/maven-nar/m2e-nar/git/commits{/sha}",
        "comments_url": "https://api.github.com/repos/maven-nar/m2e-nar/comments{/number}",
        "issue_comment_url": "https://api.github.com/repos/maven-nar/m2e-nar/issues/comments{/number}",
        "contents_url": "https://api.github.com/repos/maven-nar/m2e-nar/contents/{+path}",
        "compare_url": "https://api.github.com/repos/maven-nar/m2e-nar/compare/{base}...{head}",
        "merges_url": "https://api.github.com/repos/maven-nar/m2e-nar/merges",
        "archive_url": "https://api.github.com/repos/maven-nar/m2e-nar/{archive_format}{/ref}",
        "downloads_url": "https://api.github.com/repos/maven-nar/m2e-nar/downloads",
        "issues_url": "https://api.github.com/repos/maven-nar/m2e-nar/issues{/number}",
        "pulls_url": "https://api.github.com/repos/maven-nar/m2e-nar/pulls{/number}",
        "milestones_url": "https://api.github.com/repos/maven-nar/m2e-nar/milestones{/number}",
        "notifications_url": "https://api.github.com/repos/maven-nar/m2e-nar/notifications{?since,all,participating}",
        "labels_url": "https://api.github.com/repos/maven-nar/m2e-nar/labels{/name}",
        "releases_url": "https://api.github.com/repos/maven-nar/m2e-nar/releases{/id}",
        "deployments_url": "https://api.github.com/repos/maven-nar/m2e-nar/deployments",
        "created_at": "2015-05-13T09:08:42Z",
        "updated_at": "2021-09-15T14:44:06Z",
        "pushed_at": "2018-04-01T21:08:44Z",
        "git_url": "git://github.com/maven-nar/m2e-nar.git",
        "ssh_url": "git@github.com:maven-nar/m2e-nar.git",
        "clone_url": "https://github.com/maven-nar/m2e-nar.git",
        "svn_url": "https://github.com/maven-nar/m2e-nar",
        "homepage": null,
        "size": 313,
        "stargazers_count": 4,
        "watchers_count": 4,
        "language": "Java",
        "has_issues": true,
        "has_projects": true,
        "has_downloads": true,
        "has_wiki": true,
        "has_pages": false,
        "has_discussions": false,
        "forks_count": 3,
        "mirror_url": null,
        "archived": false,
        "disabled": false,
        "open_issues_count": 2,
        "license": {
            "key": "apache-2.0",
            "name": "Apache License 2.0",
            "spdx_id": "Apache-2.0",
            "url": "https://api.github.com/licenses/apache-2.0",
            "node_id": "MDc6TGljZW5zZTI="
        },
        "allow_forking": true,
        "is_template": false,
        "web_commit_signoff_required": false,
        "topics": [],
        "visibility": "public",
        "forks": 3,
        "open_issues": 2,
        "watchers": 4,
        "default_branch": "master"
    },
    "source": {
        "id": 35539159,
        "node_id": "MDEwOlJlcG9zaXRvcnkzNTUzOTE1OQ==",
        "name": "m2e-nar",
        "full_name": "maven-nar/m2e-nar",
        "private": false,
        "owner": {
            "login": "maven-nar",
            "id": 2506031,
            "node_id": "MDEyOk9yZ2FuaXphdGlvbjI1MDYwMzE=",
            "avatar_url": "https://avatars.githubusercontent.com/u/2506031?v=4",
            "gravatar_id": "",
            "url": "https://api.github.com/users/maven-nar",
            "html_url": "https://github.com/maven-nar",
            "followers_url": "https://api.github.com/users/maven-nar/followers",
            "following_url": "https://api.github.com/users/maven-nar/following{/other_user}",
            "gists_url": "https://api.github.com/users/maven-nar/gists{/gist_id}",
            "starred_url": "https://api.github.com/users/maven-nar/starred{/owner}{/repo}",
            "subscriptions_url": "https://api.github.com/users/maven-nar/subscriptions",
            "organizations_url": "https://api.github.com/users/maven-nar/orgs",
            "repos_url": "https://api.github.com/users/maven-nar/repos",
            "events_url": "https://api.github.com/users/maven-nar/events{/privacy}",
            "received_events_url": "https://api.github.com/users/maven-nar/received_events",
            "type": "Organization",
            "site_admin": false
        },
        "html_url": "https://github.com/maven-nar/m2e-nar",
        "description": "M2E Connector for the nar-maven-plugin. Configures Eclipse CDT from a C/C++ NAR Maven project pom.",
        "fork": false,
        "url": "https://api.github.com/repos/maven-nar/m2e-nar",
        "forks_url": "https://api.github.com/repos/maven-nar/m2e-nar/forks",
        "keys_url": "https://api.github.com/repos/maven-nar/m2e-nar/keys{/key_id}",
        "collaborators_url": "https://api.github.com/repos/maven-nar/m2e-nar/collaborators{/collaborator}",
        "teams_url": "https://api.github.com/repos/maven-nar/m2e-nar/teams",
        "hooks_url": "https://api.github.com/repos/maven-nar/m2e-nar/hooks",
        "issue_events_url": "https://api.github.com/repos/maven-nar/m2e-nar/issues/events{/number}",
        "events_url": "https://api.github.com/repos/maven-nar/m2e-nar/events",
        "assignees_url": "https://api.github.com/repos/maven-nar/m2e-nar/assignees{/user}",
        "branches_url": "https://api.github.com/repos/maven-nar/m2e-nar/branches{/branch}",
        "tags_url": "https://api.github.com/repos/maven-nar/m2e-nar/tags",
        "blobs_url": "https://api.github.com/repos/maven-nar/m2e-nar/git/blobs{/sha}",
        "git_tags_url": "https://api.github.com/repos/maven-nar/m2e-nar/git/tags{/sha}",
        "git_refs_url": "https://api.github.com/repos/maven-nar/m2e-nar/git/refs{/sha}",
        "trees_url": "https://api.github.com/repos/maven-nar/m2e-nar/git/trees{/sha}",
        "statuses_url": "https://api.github.com/repos/maven-nar/m2e-nar/statuses/{sha}",
        "languages_url": "https://api.github.com/repos/maven-nar/m2e-nar/languages",
        "stargazers_url": "https://api.github.com/repos/maven-nar/m2e-nar/stargazers",
        "contributors_url": "https://api.github.com/repos/maven-nar/m2e-nar/contributors",
        "subscribers_url": "https://api.github.com/repos/maven-nar/m2e-nar/subscribers",
        "subscription_url": "https://api.github.com/repos/maven-nar/m2e-nar/subscription",
        "commits_url": "https://api.github.com/repos/maven-nar/m2e-nar/commits{/sha}",
        "git_commits_url": "https://api.github.com/repos/maven-nar/m2e-nar/git/commits{/sha}",
        "comments_url": "https://api.github.com/repos/maven-nar/m2e-nar/comments{/number}",
        "issue_comment_url": "https://api.github.com/repos/maven-nar/m2e-nar/issues/comments{/number}",
        "contents_url": "https://api.github.com/repos/maven-nar/m2e-nar/contents/{+path}",
        "compare_url": "https://api.github.com/repos/maven-nar/m2e-nar/compare/{base}...{head}",
        "merges_url": "https://api.github.com/repos/maven-nar/m2e-nar/merges",
        "archive_url": "https://api.github.com/repos/maven-nar/m2e-nar/{archive_format}{/ref}",
        "downloads_url": "https://api.github.com/repos/maven-nar/m2e-nar/downloads",
        "issues_url": "https://api.github.com/repos/maven-nar/m2e-nar/issues{/number}",
        "pulls_url": "https://api.github.com/repos/maven-nar/m2e-nar/pulls{/number}",
        "milestones_url": "https://api.github.com/repos/maven-nar/m2e-nar/milestones{/number}",
        "notifications_url": "https://api.github.com/repos/maven-nar/m2e-nar/notifications{?since,all,participating}",
        "labels_url": "https://api.github.com/repos/maven-nar/m2e-nar/labels{/name}",
        "releases_url": "https://api.github.com/repos/maven-nar/m2e-nar/releases{/id}",
        "deployments_url": "https://api.github.com/repos/maven-nar/m2e-nar/deployments",
        "created_at": "2015-05-13T09:08:42Z",
        "updated_at": "2021-09-15T14:44:06Z",
        "pushed_at": "2018-04-01T21:08:44Z",
        "git_url": "git://github.com/maven-nar/m2e-nar.git",
        "ssh_url": "git@github.com:maven-nar/m2e-nar.git",
        "clone_url": "https://github.com/maven-nar/m2e-nar.git",
        "svn_url": "https://github.com/maven-nar/m2e-nar",
        "homepage": null,
        "size": 313,
        "stargazers_count": 4,
        "watchers_count": 4,
        "language": "Java",
        "has_issues": true,
        "has_projects": true,
        "has_downloads": true,
        "has_wiki": true,
        "has_pages": false,
        "has_discussions": false,
        "forks_count": 3,
        "mirror_url": null,
        "archived": false,
        "disabled": false,
        "open_issues_count": 2,
        "license": {
            "key": "apache-2.0",
            "name": "Apache License 2.0",
            "spdx_id": "Apache-2.0",
            "url": "https://api.github.com/licenses/apache-2.0",
            "node_id": "MDc6TGljZW5zZTI="
        },
        "allow_forking": true,
        "is_template": false,
        "web_commit_signoff_required": false,
        "topics": [],
        "visibility": "public",
        "forks": 3,
        "open_issues": 2,
        "watchers": 4,
        "default_branch": "master"
    },
    "network_count": 3,
    "subscribers_count": 0
}