{
    "id": 104991327,
    "node_id": "MDEwOlJlcG9zaXRvcnkxMDQ5OTEzMjc=",
    "name": "StressTest",
    "full_name": "topsecretabc/StressTest",
    "private": false,
    "owner": {
        "login": "topsecretabc",
        "id": 22829474,
        "node_id": "MDQ6VXNlcjIyODI5NDc0",
        "avatar_url": "https://avatars.githubusercontent.com/u/22829474?v=4",
        "gravatar_id": "",
        "url": "https://api.github.com/users/topsecretabc",
        "html_url": "https://github.com/topsecretabc",
        "followers_url": "https://api.github.com/users/topsecretabc/followers",
        "following_url": "https://api.github.com/users/topsecretabc/following{/other_user}",
        "gists_url": "https://api.github.com/users/topsecretabc/gists{/gist_id}",
        "starred_url": "https://api.github.com/users/topsecretabc/starred{/owner}{/repo}",
        "subscriptions_url": "https://api.github.com/users/topsecretabc/subscriptions",
        "organizations_url": "https://api.github.com/users/topsecretabc/orgs",
        "repos_url": "https://api.github.com/users/topsecretabc/repos",
        "events_url": "https://api.github.com/users/topsecretabc/events{/privacy}",
        "received_events_url": "https://api.github.com/users/topsecretabc/received_events",
        "type": "User",
        "site_admin": false
    },
    "html_url": "https://github.com/topsecretabc/StressTest",
    "description": "\u516c\u53f8\u8981\u505a\u7684\uff0c\u6240\u4ee5\u53eb\u6211\u4eec3\u4e2a\u505a\u4e00\u4e2a\u51fa\u6765\uff0c\u4e00\u4eba2\u4e2a\u6a21\u5757",
    "fork": false,
    "url": "https://api.github.com/repos/topsecretabc/StressTest",
    "forks_url": "https://api.github.com/repos/topsecretabc/StressTest/forks",
    "keys_url": "https://api.github.com/repos/topsecretabc/StressTest/keys{/key_id}",
    "collaborators_url": "https://api.github.com/repos/topsecretabc/StressTest/collaborators{/collaborator}",
    "teams_url": "https://api.github.com/repos/topsecretabc/StressTest/teams",
    "hooks_url": "https://api.github.com/repos/topsecretabc/StressTest/hooks",
    "issue_events_url": "https://api.github.com/repos/topsecretabc/StressTest/issues/events{/number}",
    "events_url": "https://api.github.com/repos/topsecretabc/StressTest/events",
    "assignees_url": "https://api.github.com/repos/topsecretabc/StressTest/assignees{/user}",
    "branches_url": "https://api.github.com/repos/topsecretabc/StressTest/branches{/branch}",
    "tags_url": "https://api.github.com/repos/topsecretabc/StressTest/tags",
    "blobs_url": "https://api.github.com/repos/topsecretabc/StressTest/git/blobs{/sha}",
    "git_tags_url": "https://api.github.com/repos/topsecretabc/StressTest/git/tags{/sha}",
    "git_refs_url": "https://api.github.com/repos/topsecretabc/StressTest/git/refs{/sha}",
    "trees_url": "https://api.github.com/repos/topsecretabc/StressTest/git/trees{/sha}",
    "statuses_url": "https://api.github.com/repos/topsecretabc/StressTest/statuses/{sha}",
    "languages_url": "https://api.github.com/repos/topsecretabc/StressTest/languages",
    "stargazers_url": "https://api.github.com/repos/topsecretabc/StressTest/stargazers",
    "contributors_url": "https://api.github.com/repos/topsecretabc/StressTest/contributors",
    "subscribers_url": "https://api.github.com/repos/topsecretabc/StressTest/subscribers",
    "subscription_url": "https://api.github.com/repos/topsecretabc/StressTest/subscription",
    "commits_url": "https://api.github.com/repos/topsecretabc/StressTest/commits{/sha}",
    "git_commits_url": "https://api.github.com/repos/topsecretabc/StressTest/git/commits{/sha}",
    "comments_url": "https://api.github.com/repos/topsecretabc/StressTest/comments{/number}",
    "issue_comment_url": "https://api.github.com/repos/topsecretabc/StressTest/issues/comments{/number}",
    "contents_url": "https://api.github.com/repos/topsecretabc/StressTest/contents/{+path}",
    "compare_url": "https://api.github.com/repos/topsecretabc/StressTest/compare/{base}...{head}",
    "merges_url": "https://api.github.com/repos/topsecretabc/StressTest/merges",
    "archive_url": "https://api.github.com/repos/topsecretabc/StressTest/{archive_format}{/ref}",
    "downloads_url": "https://api.github.com/repos/topsecretabc/StressTest/downloads",
    "issues_url": "https://api.github.com/repos/topsecretabc/StressTest/issues{/number}",
    "pulls_url": "https://api.github.com/repos/topsecretabc/StressTest/pulls{/number}",
    "milestones_url": "https://api.github.com/repos/topsecretabc/StressTest/milestones{/number}",
    "notifications_url": "https://api.github.com/repos/topsecretabc/StressTest/notifications{?since,all,participating}",
    "labels_url": "https://api.github.com/repos/topsecretabc/StressTest/labels{/name}",
    "releases_url": "https://api.github.com/repos/topsecretabc/StressTest/releases{/id}",
    "deployments_url": "https://api.github.com/repos/topsecretabc/StressTest/deployments",
    "created_at": "2017-09-27T08:15:22Z",
    "updated_at": "2018-07-20T02:55:21Z",
    "pushed_at": "2018-07-20T02:55:19Z",
    "git_url": "git://github.com/topsecretabc/StressTest.git",
    "ssh_url": "git@github.com:topsecretabc/StressTest.git",
    "clone_url": "https://github.com/topsecretabc/StressTest.git",
    "svn_url": "https://github.com/topsecretabc/StressTest",
    "homepage": "",
    "size": 1221,
    "stargazers_count": 0,
    "watchers_count": 0,
    "language": "Java",
    "has_issues": true,
    "has_projects": true,
    "has_downloads": true,
    "has_wiki": true,
    "has_pages": false,
    "has_discussions": false,
    "forks_count": 0,
    "mirror_url": null,
    "archived": false,
    "disabled": false,
    "open_issues_count": 0,
    "license": {
        "key": "apache-2.0",
        "name": "Apache License 2.0",
        "spdx_id": "Apache-2.0",
        "url": "https://api.github.com/licenses/apache-2.0",
        "node_id": "MDc6TGljZW5zZTI="
    },
    "allow_forking": true,
    "is_template": false,
    "web_commit_signoff_required": false,
    "topics": [],
    "visibility": "public",
    "forks": 0,
    "open_issues": 0,
    "watchers": 0,
    "default_branch": "master",
    "permissions": {
        "admin": false,
        "maintain": false,
        "push": false,
        "triage": false,
        "pull": true
    },
    "temp_clone_token": "",
    "network_count": 0,
    "subscribers_count": 0
}