{
    "id": 392016002,
    "node_id": "MDEwOlJlcG9zaXRvcnkzOTIwMTYwMDI=",
    "name": "desafio-orange-talents-ecommerce",
    "full_name": "andersonsantech/desafio-orange-talents-ecommerce",
    "private": false,
    "owner": {
        "login": "andersonsantech",
        "id": 52083409,
        "node_id": "MDQ6VXNlcjUyMDgzNDA5",
        "avatar_url": "https://avatars.githubusercontent.com/u/52083409?v=4",
        "gravatar_id": "",
        "url": "https://api.github.com/users/andersonsantech",
        "html_url": "https://github.com/andersonsantech",
        "followers_url": "https://api.github.com/users/andersonsantech/followers",
        "following_url": "https://api.github.com/users/andersonsantech/following{/other_user}",
        "gists_url": "https://api.github.com/users/andersonsantech/gists{/gist_id}",
        "starred_url": "https://api.github.com/users/andersonsantech/starred{/owner}{/repo}",
        "subscriptions_url": "https://api.github.com/users/andersonsantech/subscriptions",
        "organizations_url": "https://api.github.com/users/andersonsantech/orgs",
        "repos_url": "https://api.github.com/users/andersonsantech/repos",
        "events_url": "https://api.github.com/users/andersonsantech/events{/privacy}",
        "received_events_url": "https://api.github.com/users/andersonsantech/received_events",
        "type": "User",
        "site_admin": false
    },
    "html_url": "https://github.com/andersonsantech/desafio-orange-talents-ecommerce",
    "description": null,
    "fork": true,
    "url": "https://api.github.com/repos/andersonsantech/desafio-orange-talents-ecommerce",
    "forks_url": "https://api.github.com/repos/andersonsantech/desafio-orange-talents-ecommerce/forks",
    "keys_url": "https://api.github.com/repos/andersonsantech/desafio-orange-talents-ecommerce/keys{/key_id}",
    "collaborators_url": "https://api.github.com/repos/andersonsantech/desafio-orange-talents-ecommerce/collaborators{/collaborator}",
    "teams_url": "https://api.github.com/repos/andersonsantech/desafio-orange-talents-ecommerce/teams",
    "hooks_url": "https://api.github.com/repos/andersonsantech/desafio-orange-talents-ecommerce/hooks",
    "issue_events_url": "https://api.github.com/repos/andersonsantech/desafio-orange-talents-ecommerce/issues/events{/number}",
    "events_url": "https://api.github.com/repos/andersonsantech/desafio-orange-talents-ecommerce/events",
    "assignees_url": "https://api.github.com/repos/andersonsantech/desafio-orange-talents-ecommerce/assignees{/user}",
    "branches_url": "https://api.github.com/repos/andersonsantech/desafio-orange-talents-ecommerce/branches{/branch}",
    "tags_url": "https://api.github.com/repos/andersonsantech/desafio-orange-talents-ecommerce/tags",
    "blobs_url": "https://api.github.com/repos/andersonsantech/desafio-orange-talents-ecommerce/git/blobs{/sha}",
    "git_tags_url": "https://api.github.com/repos/andersonsantech/desafio-orange-talents-ecommerce/git/tags{/sha}",
    "git_refs_url": "https://api.github.com/repos/andersonsantech/desafio-orange-talents-ecommerce/git/refs{/sha}",
    "trees_url": "https://api.github.com/repos/andersonsantech/desafio-orange-talents-ecommerce/git/trees{/sha}",
    "statuses_url": "https://api.github.com/repos/andersonsantech/desafio-orange-talents-ecommerce/statuses/{sha}",
    "languages_url": "https://api.github.com/repos/andersonsantech/desafio-orange-talents-ecommerce/languages",
    "stargazers_url": "https://api.github.com/repos/andersonsantech/desafio-orange-talents-ecommerce/stargazers",
    "contributors_url": "https://api.github.com/repos/andersonsantech/desafio-orange-talents-ecommerce/contributors",
    "subscribers_url": "https://api.github.com/repos/andersonsantech/desafio-orange-talents-ecommerce/subscribers",
    "subscription_url": "https://api.github.com/repos/andersonsantech/desafio-orange-talents-ecommerce/subscription",
    "commits_url": "https://api.github.com/repos/andersonsantech/desafio-orange-talents-ecommerce/commits{/sha}",
    "git_commits_url": "https://api.github.com/repos/andersonsantech/desafio-orange-talents-ecommerce/git/commits{/sha}",
    "comments_url": "https://api.github.com/repos/andersonsantech/desafio-orange-talents-ecommerce/comments{/number}",
    "issue_comment_url": "https://api.github.com/repos/andersonsantech/desafio-orange-talents-ecommerce/issues/comments{/number}",
    "contents_url": "https://api.github.com/repos/andersonsantech/desafio-orange-talents-ecommerce/contents/{+path}",
    "compare_url": "https://api.github.com/repos/andersonsantech/desafio-orange-talents-ecommerce/compare/{base}...{head}",
    "merges_url": "https://api.github.com/repos/andersonsantech/desafio-orange-talents-ecommerce/merges",
    "archive_url": "https://api.github.com/repos/andersonsantech/desafio-orange-talents-ecommerce/{archive_format}{/ref}",
    "downloads_url": "https://api.github.com/repos/andersonsantech/desafio-orange-talents-ecommerce/downloads",
    "issues_url": "https://api.github.com/repos/andersonsantech/desafio-orange-talents-ecommerce/issues{/number}",
    "pulls_url": "https://api.github.com/repos/andersonsantech/desafio-orange-talents-ecommerce/pulls{/number}",
    "milestones_url": "https://api.github.com/repos/andersonsantech/desafio-orange-talents-ecommerce/milestones{/number}",
    "notifications_url": "https://api.github.com/repos/andersonsantech/desafio-orange-talents-ecommerce/notifications{?since,all,participating}",
    "labels_url": "https://api.github.com/repos/andersonsantech/desafio-orange-talents-ecommerce/labels{/name}",
    "releases_url": "https://api.github.com/repos/andersonsantech/desafio-orange-talents-ecommerce/releases{/id}",
    "deployments_url": "https://api.github.com/repos/andersonsantech/desafio-orange-talents-ecommerce/deployments",
    "created_at": "2021-08-02T16:15:25Z",
    "updated_at": "2024-04-02T18:25:41Z",
    "pushed_at": "2022-06-17T18:01:08Z",
    "git_url": "git://github.com/andersonsantech/desafio-orange-talents-ecommerce.git",
    "ssh_url": "git@github.com:andersonsantech/desafio-orange-talents-ecommerce.git",
    "clone_url": "https://github.com/andersonsantech/desafio-orange-talents-ecommerce.git",
    "svn_url": "https://github.com/andersonsantech/desafio-orange-talents-ecommerce",
    "homepage": null,
    "size": 147,
    "stargazers_count": 0,
    "watchers_count": 0,
    "language": "Java",
    "has_issues": false,
    "has_projects": true,
    "has_downloads": true,
    "has_wiki": true,
    "has_pages": false,
    "has_discussions": false,
    "forks_count": 0,
    "mirror_url": null,
    "archived": false,
    "disabled": false,
    "open_issues_count": 0,
    "license": {
        "key": "apache-2.0",
        "name": "Apache License 2.0",
        "spdx_id": "Apache-2.0",
        "url": "https://api.github.com/licenses/apache-2.0",
        "node_id": "MDc6TGljZW5zZTI="
    },
    "allow_forking": true,
    "is_template": false,
    "web_commit_signoff_required": false,
    "topics": [],
    "visibility": "public",
    "forks": 0,
    "open_issues": 0,
    "watchers": 0,
    "default_branch": "master",
    "permissions": {
        "admin": false,
        "maintain": false,
        "push": false,
        "triage": false,
        "pull": true
    },
    "temp_clone_token": "",
    "parent": {
        "id": 390309530,
        "node_id": "MDEwOlJlcG9zaXRvcnkzOTAzMDk1MzA=",
        "name": "orange-talents-07-template-ecommerce",
        "full_name": "abner-ribeiro/orange-talents-07-template-ecommerce",
        "private": false,
        "owner": {
            "login": "abner-ribeiro",
            "id": 87096301,
            "node_id": "MDQ6VXNlcjg3MDk2MzAx",
            "avatar_url": "https://avatars.githubusercontent.com/u/87096301?v=4",
            "gravatar_id": "",
            "url": "https://api.github.com/users/abner-ribeiro",
            "html_url": "https://github.com/abner-ribeiro",
            "followers_url": "https://api.github.com/users/abner-ribeiro/followers",
            "following_url": "https://api.github.com/users/abner-ribeiro/following{/other_user}",
            "gists_url": "https://api.github.com/users/abner-ribeiro/gists{/gist_id}",
            "starred_url": "https://api.github.com/users/abner-ribeiro/starred{/owner}{/repo}",
            "subscriptions_url": "https://api.github.com/users/abner-ribeiro/subscriptions",
            "organizations_url": "https://api.github.com/users/abner-ribeiro/orgs",
            "repos_url": "https://api.github.com/users/abner-ribeiro/repos",
            "events_url": "https://api.github.com/users/abner-ribeiro/events{/privacy}",
            "received_events_url": "https://api.github.com/users/abner-ribeiro/received_events",
            "type": "User",
            "site_admin": false
        },
        "html_url": "https://github.com/abner-ribeiro/orange-talents-07-template-ecommerce",
        "description": null,
        "fork": false,
        "url": "https://api.github.com/repos/abner-ribeiro/orange-talents-07-template-ecommerce",
        "forks_url": "https://api.github.com/repos/abner-ribeiro/orange-talents-07-template-ecommerce/forks",
        "keys_url": "https://api.github.com/repos/abner-ribeiro/orange-talents-07-template-ecommerce/keys{/key_id}",
        "collaborators_url": "https://api.github.com/repos/abner-ribeiro/orange-talents-07-template-ecommerce/collaborators{/collaborator}",
        "teams_url": "https://api.github.com/repos/abner-ribeiro/orange-talents-07-template-ecommerce/teams",
        "hooks_url": "https://api.github.com/repos/abner-ribeiro/orange-talents-07-template-ecommerce/hooks",
        "issue_events_url": "https://api.github.com/repos/abner-ribeiro/orange-talents-07-template-ecommerce/issues/events{/number}",
        "events_url": "https://api.github.com/repos/abner-ribeiro/orange-talents-07-template-ecommerce/events",
        "assignees_url": "https://api.github.com/repos/abner-ribeiro/orange-talents-07-template-ecommerce/assignees{/user}",
        "branches_url": "https://api.github.com/repos/abner-ribeiro/orange-talents-07-template-ecommerce/branches{/branch}",
        "tags_url": "https://api.github.com/repos/abner-ribeiro/orange-talents-07-template-ecommerce/tags",
        "blobs_url": "https://api.github.com/repos/abner-ribeiro/orange-talents-07-template-ecommerce/git/blobs{/sha}",
        "git_tags_url": "https://api.github.com/repos/abner-ribeiro/orange-talents-07-template-ecommerce/git/tags{/sha}",
        "git_refs_url": "https://api.github.com/repos/abner-ribeiro/orange-talents-07-template-ecommerce/git/refs{/sha}",
        "trees_url": "https://api.github.com/repos/abner-ribeiro/orange-talents-07-template-ecommerce/git/trees{/sha}",
        "statuses_url": "https://api.github.com/repos/abner-ribeiro/orange-talents-07-template-ecommerce/statuses/{sha}",
        "languages_url": "https://api.github.com/repos/abner-ribeiro/orange-talents-07-template-ecommerce/languages",
        "stargazers_url": "https://api.github.com/repos/abner-ribeiro/orange-talents-07-template-ecommerce/stargazers",
        "contributors_url": "https://api.github.com/repos/abner-ribeiro/orange-talents-07-template-ecommerce/contributors",
        "subscribers_url": "https://api.github.com/repos/abner-ribeiro/orange-talents-07-template-ecommerce/subscribers",
        "subscription_url": "https://api.github.com/repos/abner-ribeiro/orange-talents-07-template-ecommerce/subscription",
        "commits_url": "https://api.github.com/repos/abner-ribeiro/orange-talents-07-template-ecommerce/commits{/sha}",
        "git_commits_url": "https://api.github.com/repos/abner-ribeiro/orange-talents-07-template-ecommerce/git/commits{/sha}",
        "comments_url": "https://api.github.com/repos/abner-ribeiro/orange-talents-07-template-ecommerce/comments{/number}",
        "issue_comment_url": "https://api.github.com/repos/abner-ribeiro/orange-talents-07-template-ecommerce/issues/comments{/number}",
        "contents_url": "https://api.github.com/repos/abner-ribeiro/orange-talents-07-template-ecommerce/contents/{+path}",
        "compare_url": "https://api.github.com/repos/abner-ribeiro/orange-talents-07-template-ecommerce/compare/{base}...{head}",
        "merges_url": "https://api.github.com/repos/abner-ribeiro/orange-talents-07-template-ecommerce/merges",
        "archive_url": "https://api.github.com/repos/abner-ribeiro/orange-talents-07-template-ecommerce/{archive_format}{/ref}",
        "downloads_url": "https://api.github.com/repos/abner-ribeiro/orange-talents-07-template-ecommerce/downloads",
        "issues_url": "https://api.github.com/repos/abner-ribeiro/orange-talents-07-template-ecommerce/issues{/number}",
        "pulls_url": "https://api.github.com/repos/abner-ribeiro/orange-talents-07-template-ecommerce/pulls{/number}",
        "milestones_url": "https://api.github.com/repos/abner-ribeiro/orange-talents-07-template-ecommerce/milestones{/number}",
        "notifications_url": "https://api.github.com/repos/abner-ribeiro/orange-talents-07-template-ecommerce/notifications{?since,all,participating}",
        "labels_url": "https://api.github.com/repos/abner-ribeiro/orange-talents-07-template-ecommerce/labels{/name}",
        "releases_url": "https://api.github.com/repos/abner-ribeiro/orange-talents-07-template-ecommerce/releases{/id}",
        "deployments_url": "https://api.github.com/repos/abner-ribeiro/orange-talents-07-template-ecommerce/deployments",
        "created_at": "2021-07-28T10:26:10Z",
        "updated_at": "2024-04-02T18:25:40Z",
        "pushed_at": "2021-08-06T20:43:51Z",
        "git_url": "git://github.com/abner-ribeiro/orange-talents-07-template-ecommerce.git",
        "ssh_url": "git@github.com:abner-ribeiro/orange-talents-07-template-ecommerce.git",
        "clone_url": "https://github.com/abner-ribeiro/orange-talents-07-template-ecommerce.git",
        "svn_url": "https://github.com/abner-ribeiro/orange-talents-07-template-ecommerce",
        "homepage": null,
        "size": 94,
        "stargazers_count": 0,
        "watchers_count": 0,
        "language": "Java",
        "has_issues": false,
        "has_projects": true,
        "has_downloads": true,
        "has_wiki": true,
        "has_pages": false,
        "has_discussions": false,
        "forks_count": 55,
        "mirror_url": null,
        "archived": false,
        "disabled": false,
        "open_issues_count": 0,
        "license": {
            "key": "apache-2.0",
            "name": "Apache License 2.0",
            "spdx_id": "Apache-2.0",
            "url": "https://api.github.com/licenses/apache-2.0",
            "node_id": "MDc6TGljZW5zZTI="
        },
        "allow_forking": true,
        "is_template": false,
        "web_commit_signoff_required": false,
        "topics": [],
        "visibility": "public",
        "forks": 55,
        "open_issues": 0,
        "watchers": 0,
        "default_branch": "master"
    },
    "source": {
        "id": 390309530,
        "node_id": "MDEwOlJlcG9zaXRvcnkzOTAzMDk1MzA=",
        "name": "orange-talents-07-template-ecommerce",
        "full_name": "abner-ribeiro/orange-talents-07-template-ecommerce",
        "private": false,
        "owner": {
            "login": "abner-ribeiro",
            "id": 87096301,
            "node_id": "MDQ6VXNlcjg3MDk2MzAx",
            "avatar_url": "https://avatars.githubusercontent.com/u/87096301?v=4",
            "gravatar_id": "",
            "url": "https://api.github.com/users/abner-ribeiro",
            "html_url": "https://github.com/abner-ribeiro",
            "followers_url": "https://api.github.com/users/abner-ribeiro/followers",
            "following_url": "https://api.github.com/users/abner-ribeiro/following{/other_user}",
            "gists_url": "https://api.github.com/users/abner-ribeiro/gists{/gist_id}",
            "starred_url": "https://api.github.com/users/abner-ribeiro/starred{/owner}{/repo}",
            "subscriptions_url": "https://api.github.com/users/abner-ribeiro/subscriptions",
            "organizations_url": "https://api.github.com/users/abner-ribeiro/orgs",
            "repos_url": "https://api.github.com/users/abner-ribeiro/repos",
            "events_url": "https://api.github.com/users/abner-ribeiro/events{/privacy}",
            "received_events_url": "https://api.github.com/users/abner-ribeiro/received_events",
            "type": "User",
            "site_admin": false
        },
        "html_url": "https://github.com/abner-ribeiro/orange-talents-07-template-ecommerce",
        "description": null,
        "fork": false,
        "url": "https://api.github.com/repos/abner-ribeiro/orange-talents-07-template-ecommerce",
        "forks_url": "https://api.github.com/repos/abner-ribeiro/orange-talents-07-template-ecommerce/forks",
        "keys_url": "https://api.github.com/repos/abner-ribeiro/orange-talents-07-template-ecommerce/keys{/key_id}",
        "collaborators_url": "https://api.github.com/repos/abner-ribeiro/orange-talents-07-template-ecommerce/collaborators{/collaborator}",
        "teams_url": "https://api.github.com/repos/abner-ribeiro/orange-talents-07-template-ecommerce/teams",
        "hooks_url": "https://api.github.com/repos/abner-ribeiro/orange-talents-07-template-ecommerce/hooks",
        "issue_events_url": "https://api.github.com/repos/abner-ribeiro/orange-talents-07-template-ecommerce/issues/events{/number}",
        "events_url": "https://api.github.com/repos/abner-ribeiro/orange-talents-07-template-ecommerce/events",
        "assignees_url": "https://api.github.com/repos/abner-ribeiro/orange-talents-07-template-ecommerce/assignees{/user}",
        "branches_url": "https://api.github.com/repos/abner-ribeiro/orange-talents-07-template-ecommerce/branches{/branch}",
        "tags_url": "https://api.github.com/repos/abner-ribeiro/orange-talents-07-template-ecommerce/tags",
        "blobs_url": "https://api.github.com/repos/abner-ribeiro/orange-talents-07-template-ecommerce/git/blobs{/sha}",
        "git_tags_url": "https://api.github.com/repos/abner-ribeiro/orange-talents-07-template-ecommerce/git/tags{/sha}",
        "git_refs_url": "https://api.github.com/repos/abner-ribeiro/orange-talents-07-template-ecommerce/git/refs{/sha}",
        "trees_url": "https://api.github.com/repos/abner-ribeiro/orange-talents-07-template-ecommerce/git/trees{/sha}",
        "statuses_url": "https://api.github.com/repos/abner-ribeiro/orange-talents-07-template-ecommerce/statuses/{sha}",
        "languages_url": "https://api.github.com/repos/abner-ribeiro/orange-talents-07-template-ecommerce/languages",
        "stargazers_url": "https://api.github.com/repos/abner-ribeiro/orange-talents-07-template-ecommerce/stargazers",
        "contributors_url": "https://api.github.com/repos/abner-ribeiro/orange-talents-07-template-ecommerce/contributors",
        "subscribers_url": "https://api.github.com/repos/abner-ribeiro/orange-talents-07-template-ecommerce/subscribers",
        "subscription_url": "https://api.github.com/repos/abner-ribeiro/orange-talents-07-template-ecommerce/subscription",
        "commits_url": "https://api.github.com/repos/abner-ribeiro/orange-talents-07-template-ecommerce/commits{/sha}",
        "git_commits_url": "https://api.github.com/repos/abner-ribeiro/orange-talents-07-template-ecommerce/git/commits{/sha}",
        "comments_url": "https://api.github.com/repos/abner-ribeiro/orange-talents-07-template-ecommerce/comments{/number}",
        "issue_comment_url": "https://api.github.com/repos/abner-ribeiro/orange-talents-07-template-ecommerce/issues/comments{/number}",
        "contents_url": "https://api.github.com/repos/abner-ribeiro/orange-talents-07-template-ecommerce/contents/{+path}",
        "compare_url": "https://api.github.com/repos/abner-ribeiro/orange-talents-07-template-ecommerce/compare/{base}...{head}",
        "merges_url": "https://api.github.com/repos/abner-ribeiro/orange-talents-07-template-ecommerce/merges",
        "archive_url": "https://api.github.com/repos/abner-ribeiro/orange-talents-07-template-ecommerce/{archive_format}{/ref}",
        "downloads_url": "https://api.github.com/repos/abner-ribeiro/orange-talents-07-template-ecommerce/downloads",
        "issues_url": "https://api.github.com/repos/abner-ribeiro/orange-talents-07-template-ecommerce/issues{/number}",
        "pulls_url": "https://api.github.com/repos/abner-ribeiro/orange-talents-07-template-ecommerce/pulls{/number}",
        "milestones_url": "https://api.github.com/repos/abner-ribeiro/orange-talents-07-template-ecommerce/milestones{/number}",
        "notifications_url": "https://api.github.com/repos/abner-ribeiro/orange-talents-07-template-ecommerce/notifications{?since,all,participating}",
        "labels_url": "https://api.github.com/repos/abner-ribeiro/orange-talents-07-template-ecommerce/labels{/name}",
        "releases_url": "https://api.github.com/repos/abner-ribeiro/orange-talents-07-template-ecommerce/releases{/id}",
        "deployments_url": "https://api.github.com/repos/abner-ribeiro/orange-talents-07-template-ecommerce/deployments",
        "created_at": "2021-07-28T10:26:10Z",
        "updated_at": "2024-04-02T18:25:40Z",
        "pushed_at": "2021-08-06T20:43:51Z",
        "git_url": "git://github.com/abner-ribeiro/orange-talents-07-template-ecommerce.git",
        "ssh_url": "git@github.com:abner-ribeiro/orange-talents-07-template-ecommerce.git",
        "clone_url": "https://github.com/abner-ribeiro/orange-talents-07-template-ecommerce.git",
        "svn_url": "https://github.com/abner-ribeiro/orange-talents-07-template-ecommerce",
        "homepage": null,
        "size": 94,
        "stargazers_count": 0,
        "watchers_count": 0,
        "language": "Java",
        "has_issues": false,
        "has_projects": true,
        "has_downloads": true,
        "has_wiki": true,
        "has_pages": false,
        "has_discussions": false,
        "forks_count": 55,
        "mirror_url": null,
        "archived": false,
        "disabled": false,
        "open_issues_count": 0,
        "license": {
            "key": "apache-2.0",
            "name": "Apache License 2.0",
            "spdx_id": "Apache-2.0",
            "url": "https://api.github.com/licenses/apache-2.0",
            "node_id": "MDc6TGljZW5zZTI="
        },
        "allow_forking": true,
        "is_template": false,
        "web_commit_signoff_required": false,
        "topics": [],
        "visibility": "public",
        "forks": 55,
        "open_issues": 0,
        "watchers": 0,
        "default_branch": "master"
    },
    "network_count": 55,
    "subscribers_count": 1
}