{
    "id": 180331882,
    "node_id": "MDEwOlJlcG9zaXRvcnkxODAzMzE4ODI=",
    "name": "zhoujiim-server",
    "full_name": "xiangxianxian/zhoujiim-server",
    "private": false,
    "owner": {
        "login": "xiangxianxian",
        "id": 16799017,
        "node_id": "MDQ6VXNlcjE2Nzk5MDE3",
        "avatar_url": "https://avatars.githubusercontent.com/u/16799017?v=4",
        "gravatar_id": "",
        "url": "https://api.github.com/users/xiangxianxian",
        "html_url": "https://github.com/xiangxianxian",
        "followers_url": "https://api.github.com/users/xiangxianxian/followers",
        "following_url": "https://api.github.com/users/xiangxianxian/following{/other_user}",
        "gists_url": "https://api.github.com/users/xiangxianxian/gists{/gist_id}",
        "starred_url": "https://api.github.com/users/xiangxianxian/starred{/owner}{/repo}",
        "subscriptions_url": "https://api.github.com/users/xiangxianxian/subscriptions",
        "organizations_url": "https://api.github.com/users/xiangxianxian/orgs",
        "repos_url": "https://api.github.com/users/xiangxianxian/repos",
        "events_url": "https://api.github.com/users/xiangxianxian/events{/privacy}",
        "received_events_url": "https://api.github.com/users/xiangxianxian/received_events",
        "type": "User",
        "site_admin": false
    },
    "html_url": "https://github.com/xiangxianxian/zhoujiim-server",
    "description": null,
    "fork": false,
    "url": "https://api.github.com/repos/xiangxianxian/zhoujiim-server",
    "forks_url": "https://api.github.com/repos/xiangxianxian/zhoujiim-server/forks",
    "keys_url": "https://api.github.com/repos/xiangxianxian/zhoujiim-server/keys{/key_id}",
    "collaborators_url": "https://api.github.com/repos/xiangxianxian/zhoujiim-server/collaborators{/collaborator}",
    "teams_url": "https://api.github.com/repos/xiangxianxian/zhoujiim-server/teams",
    "hooks_url": "https://api.github.com/repos/xiangxianxian/zhoujiim-server/hooks",
    "issue_events_url": "https://api.github.com/repos/xiangxianxian/zhoujiim-server/issues/events{/number}",
    "events_url": "https://api.github.com/repos/xiangxianxian/zhoujiim-server/events",
    "assignees_url": "https://api.github.com/repos/xiangxianxian/zhoujiim-server/assignees{/user}",
    "branches_url": "https://api.github.com/repos/xiangxianxian/zhoujiim-server/branches{/branch}",
    "tags_url": "https://api.github.com/repos/xiangxianxian/zhoujiim-server/tags",
    "blobs_url": "https://api.github.com/repos/xiangxianxian/zhoujiim-server/git/blobs{/sha}",
    "git_tags_url": "https://api.github.com/repos/xiangxianxian/zhoujiim-server/git/tags{/sha}",
    "git_refs_url": "https://api.github.com/repos/xiangxianxian/zhoujiim-server/git/refs{/sha}",
    "trees_url": "https://api.github.com/repos/xiangxianxian/zhoujiim-server/git/trees{/sha}",
    "statuses_url": "https://api.github.com/repos/xiangxianxian/zhoujiim-server/statuses/{sha}",
    "languages_url": "https://api.github.com/repos/xiangxianxian/zhoujiim-server/languages",
    "stargazers_url": "https://api.github.com/repos/xiangxianxian/zhoujiim-server/stargazers",
    "contributors_url": "https://api.github.com/repos/xiangxianxian/zhoujiim-server/contributors",
    "subscribers_url": "https://api.github.com/repos/xiangxianxian/zhoujiim-server/subscribers",
    "subscription_url": "https://api.github.com/repos/xiangxianxian/zhoujiim-server/subscription",
    "commits_url": "https://api.github.com/repos/xiangxianxian/zhoujiim-server/commits{/sha}",
    "git_commits_url": "https://api.github.com/repos/xiangxianxian/zhoujiim-server/git/commits{/sha}",
    "comments_url": "https://api.github.com/repos/xiangxianxian/zhoujiim-server/comments{/number}",
    "issue_comment_url": "https://api.github.com/repos/xiangxianxian/zhoujiim-server/issues/comments{/number}",
    "contents_url": "https://api.github.com/repos/xiangxianxian/zhoujiim-server/contents/{+path}",
    "compare_url": "https://api.github.com/repos/xiangxianxian/zhoujiim-server/compare/{base}...{head}",
    "merges_url": "https://api.github.com/repos/xiangxianxian/zhoujiim-server/merges",
    "archive_url": "https://api.github.com/repos/xiangxianxian/zhoujiim-server/{archive_format}{/ref}",
    "downloads_url": "https://api.github.com/repos/xiangxianxian/zhoujiim-server/downloads",
    "issues_url": "https://api.github.com/repos/xiangxianxian/zhoujiim-server/issues{/number}",
    "pulls_url": "https://api.github.com/repos/xiangxianxian/zhoujiim-server/pulls{/number}",
    "milestones_url": "https://api.github.com/repos/xiangxianxian/zhoujiim-server/milestones{/number}",
    "notifications_url": "https://api.github.com/repos/xiangxianxian/zhoujiim-server/notifications{?since,all,participating}",
    "labels_url": "https://api.github.com/repos/xiangxianxian/zhoujiim-server/labels{/name}",
    "releases_url": "https://api.github.com/repos/xiangxianxian/zhoujiim-server/releases{/id}",
    "deployments_url": "https://api.github.com/repos/xiangxianxian/zhoujiim-server/deployments",
    "created_at": "2019-04-09T09:25:52Z",
    "updated_at": "2019-04-09T14:11:40Z",
    "pushed_at": "2019-04-09T14:11:38Z",
    "git_url": "git://github.com/xiangxianxian/zhoujiim-server.git",
    "ssh_url": "git@github.com:xiangxianxian/zhoujiim-server.git",
    "clone_url": "https://github.com/xiangxianxian/zhoujiim-server.git",
    "svn_url": "https://github.com/xiangxianxian/zhoujiim-server",
    "homepage": null,
    "size": 2843,
    "stargazers_count": 0,
    "watchers_count": 0,
    "language": "JavaScript",
    "has_issues": true,
    "has_projects": true,
    "has_downloads": true,
    "has_wiki": true,
    "has_pages": false,
    "has_discussions": false,
    "forks_count": 0,
    "mirror_url": null,
    "archived": false,
    "disabled": false,
    "open_issues_count": 0,
    "license": {
        "key": "apache-2.0",
        "name": "Apache License 2.0",
        "spdx_id": "Apache-2.0",
        "url": "https://api.github.com/licenses/apache-2.0",
        "node_id": "MDc6TGljZW5zZTI="
    },
    "allow_forking": true,
    "is_template": false,
    "web_commit_signoff_required": false,
    "topics": [],
    "visibility": "public",
    "forks": 0,
    "open_issues": 0,
    "watchers": 0,
    "default_branch": "master",
    "permissions": {
        "admin": false,
        "maintain": false,
        "push": false,
        "triage": false,
        "pull": true
    },
    "temp_clone_token": "",
    "network_count": 0,
    "subscribers_count": 1
}