{
    "id": 173478470,
    "node_id": "MDEwOlJlcG9zaXRvcnkxNzM0Nzg0NzA=",
    "name": "SpringFramework",
    "full_name": "Frechman/SpringFramework",
    "private": false,
    "owner": {
        "login": "Frechman",
        "id": 31288209,
        "node_id": "MDQ6VXNlcjMxMjg4MjA5",
        "avatar_url": "https://avatars.githubusercontent.com/u/31288209?v=4",
        "gravatar_id": "",
        "url": "https://api.github.com/users/Frechman",
        "html_url": "https://github.com/Frechman",
        "followers_url": "https://api.github.com/users/Frechman/followers",
        "following_url": "https://api.github.com/users/Frechman/following{/other_user}",
        "gists_url": "https://api.github.com/users/Frechman/gists{/gist_id}",
        "starred_url": "https://api.github.com/users/Frechman/starred{/owner}{/repo}",
        "subscriptions_url": "https://api.github.com/users/Frechman/subscriptions",
        "organizations_url": "https://api.github.com/users/Frechman/orgs",
        "repos_url": "https://api.github.com/users/Frechman/repos",
        "events_url": "https://api.github.com/users/Frechman/events{/privacy}",
        "received_events_url": "https://api.github.com/users/Frechman/received_events",
        "type": "User",
        "site_admin": false
    },
    "html_url": "https://github.com/Frechman/SpringFramework",
    "description": "Repository for studying Spring Framework on course Otus.ru",
    "fork": false,
    "url": "https://api.github.com/repos/Frechman/SpringFramework",
    "forks_url": "https://api.github.com/repos/Frechman/SpringFramework/forks",
    "keys_url": "https://api.github.com/repos/Frechman/SpringFramework/keys{/key_id}",
    "collaborators_url": "https://api.github.com/repos/Frechman/SpringFramework/collaborators{/collaborator}",
    "teams_url": "https://api.github.com/repos/Frechman/SpringFramework/teams",
    "hooks_url": "https://api.github.com/repos/Frechman/SpringFramework/hooks",
    "issue_events_url": "https://api.github.com/repos/Frechman/SpringFramework/issues/events{/number}",
    "events_url": "https://api.github.com/repos/Frechman/SpringFramework/events",
    "assignees_url": "https://api.github.com/repos/Frechman/SpringFramework/assignees{/user}",
    "branches_url": "https://api.github.com/repos/Frechman/SpringFramework/branches{/branch}",
    "tags_url": "https://api.github.com/repos/Frechman/SpringFramework/tags",
    "blobs_url": "https://api.github.com/repos/Frechman/SpringFramework/git/blobs{/sha}",
    "git_tags_url": "https://api.github.com/repos/Frechman/SpringFramework/git/tags{/sha}",
    "git_refs_url": "https://api.github.com/repos/Frechman/SpringFramework/git/refs{/sha}",
    "trees_url": "https://api.github.com/repos/Frechman/SpringFramework/git/trees{/sha}",
    "statuses_url": "https://api.github.com/repos/Frechman/SpringFramework/statuses/{sha}",
    "languages_url": "https://api.github.com/repos/Frechman/SpringFramework/languages",
    "stargazers_url": "https://api.github.com/repos/Frechman/SpringFramework/stargazers",
    "contributors_url": "https://api.github.com/repos/Frechman/SpringFramework/contributors",
    "subscribers_url": "https://api.github.com/repos/Frechman/SpringFramework/subscribers",
    "subscription_url": "https://api.github.com/repos/Frechman/SpringFramework/subscription",
    "commits_url": "https://api.github.com/repos/Frechman/SpringFramework/commits{/sha}",
    "git_commits_url": "https://api.github.com/repos/Frechman/SpringFramework/git/commits{/sha}",
    "comments_url": "https://api.github.com/repos/Frechman/SpringFramework/comments{/number}",
    "issue_comment_url": "https://api.github.com/repos/Frechman/SpringFramework/issues/comments{/number}",
    "contents_url": "https://api.github.com/repos/Frechman/SpringFramework/contents/{+path}",
    "compare_url": "https://api.github.com/repos/Frechman/SpringFramework/compare/{base}...{head}",
    "merges_url": "https://api.github.com/repos/Frechman/SpringFramework/merges",
    "archive_url": "https://api.github.com/repos/Frechman/SpringFramework/{archive_format}{/ref}",
    "downloads_url": "https://api.github.com/repos/Frechman/SpringFramework/downloads",
    "issues_url": "https://api.github.com/repos/Frechman/SpringFramework/issues{/number}",
    "pulls_url": "https://api.github.com/repos/Frechman/SpringFramework/pulls{/number}",
    "milestones_url": "https://api.github.com/repos/Frechman/SpringFramework/milestones{/number}",
    "notifications_url": "https://api.github.com/repos/Frechman/SpringFramework/notifications{?since,all,participating}",
    "labels_url": "https://api.github.com/repos/Frechman/SpringFramework/labels{/name}",
    "releases_url": "https://api.github.com/repos/Frechman/SpringFramework/releases{/id}",
    "deployments_url": "https://api.github.com/repos/Frechman/SpringFramework/deployments",
    "created_at": "2019-03-02T17:34:39Z",
    "updated_at": "2019-09-13T20:38:04Z",
    "pushed_at": "2022-09-08T01:01:53Z",
    "git_url": "git://github.com/Frechman/SpringFramework.git",
    "ssh_url": "git@github.com:Frechman/SpringFramework.git",
    "clone_url": "https://github.com/Frechman/SpringFramework.git",
    "svn_url": "https://github.com/Frechman/SpringFramework",
    "homepage": null,
    "size": 287,
    "stargazers_count": 0,
    "watchers_count": 0,
    "language": "Java",
    "has_issues": true,
    "has_projects": true,
    "has_downloads": true,
    "has_wiki": true,
    "has_pages": true,
    "has_discussions": false,
    "forks_count": 0,
    "mirror_url": null,
    "archived": false,
    "disabled": false,
    "open_issues_count": 6,
    "license": {
        "key": "mit",
        "name": "MIT License",
        "spdx_id": "MIT",
        "url": "https://api.github.com/licenses/mit",
        "node_id": "MDc6TGljZW5zZTEz"
    },
    "allow_forking": true,
    "is_template": false,
    "web_commit_signoff_required": false,
    "topics": [],
    "visibility": "public",
    "forks": 0,
    "open_issues": 6,
    "watchers": 0,
    "default_branch": "master",
    "permissions": {
        "admin": false,
        "maintain": false,
        "push": false,
        "triage": false,
        "pull": true
    },
    "temp_clone_token": "",
    "network_count": 0,
    "subscribers_count": 1
}