{
    "id": 430106744,
    "node_id": "R_kgDOGaLoeA",
    "name": "ParamInit",
    "full_name": "gjwlfeng/ParamInit",
    "private": false,
    "owner": {
        "login": "gjwlfeng",
        "id": 6234502,
        "node_id": "MDQ6VXNlcjYyMzQ1MDI=",
        "avatar_url": "https://avatars.githubusercontent.com/u/6234502?v=4",
        "gravatar_id": "",
        "url": "https://api.github.com/users/gjwlfeng",
        "html_url": "https://github.com/gjwlfeng",
        "followers_url": "https://api.github.com/users/gjwlfeng/followers",
        "following_url": "https://api.github.com/users/gjwlfeng/following{/other_user}",
        "gists_url": "https://api.github.com/users/gjwlfeng/gists{/gist_id}",
        "starred_url": "https://api.github.com/users/gjwlfeng/starred{/owner}{/repo}",
        "subscriptions_url": "https://api.github.com/users/gjwlfeng/subscriptions",
        "organizations_url": "https://api.github.com/users/gjwlfeng/orgs",
        "repos_url": "https://api.github.com/users/gjwlfeng/repos",
        "events_url": "https://api.github.com/users/gjwlfeng/events{/privacy}",
        "received_events_url": "https://api.github.com/users/gjwlfeng/received_events",
        "type": "User",
        "site_admin": false
    },
    "html_url": "https://github.com/gjwlfeng/ParamInit",
    "description": null,
    "fork": false,
    "url": "https://api.github.com/repos/gjwlfeng/ParamInit",
    "forks_url": "https://api.github.com/repos/gjwlfeng/ParamInit/forks",
    "keys_url": "https://api.github.com/repos/gjwlfeng/ParamInit/keys{/key_id}",
    "collaborators_url": "https://api.github.com/repos/gjwlfeng/ParamInit/collaborators{/collaborator}",
    "teams_url": "https://api.github.com/repos/gjwlfeng/ParamInit/teams",
    "hooks_url": "https://api.github.com/repos/gjwlfeng/ParamInit/hooks",
    "issue_events_url": "https://api.github.com/repos/gjwlfeng/ParamInit/issues/events{/number}",
    "events_url": "https://api.github.com/repos/gjwlfeng/ParamInit/events",
    "assignees_url": "https://api.github.com/repos/gjwlfeng/ParamInit/assignees{/user}",
    "branches_url": "https://api.github.com/repos/gjwlfeng/ParamInit/branches{/branch}",
    "tags_url": "https://api.github.com/repos/gjwlfeng/ParamInit/tags",
    "blobs_url": "https://api.github.com/repos/gjwlfeng/ParamInit/git/blobs{/sha}",
    "git_tags_url": "https://api.github.com/repos/gjwlfeng/ParamInit/git/tags{/sha}",
    "git_refs_url": "https://api.github.com/repos/gjwlfeng/ParamInit/git/refs{/sha}",
    "trees_url": "https://api.github.com/repos/gjwlfeng/ParamInit/git/trees{/sha}",
    "statuses_url": "https://api.github.com/repos/gjwlfeng/ParamInit/statuses/{sha}",
    "languages_url": "https://api.github.com/repos/gjwlfeng/ParamInit/languages",
    "stargazers_url": "https://api.github.com/repos/gjwlfeng/ParamInit/stargazers",
    "contributors_url": "https://api.github.com/repos/gjwlfeng/ParamInit/contributors",
    "subscribers_url": "https://api.github.com/repos/gjwlfeng/ParamInit/subscribers",
    "subscription_url": "https://api.github.com/repos/gjwlfeng/ParamInit/subscription",
    "commits_url": "https://api.github.com/repos/gjwlfeng/ParamInit/commits{/sha}",
    "git_commits_url": "https://api.github.com/repos/gjwlfeng/ParamInit/git/commits{/sha}",
    "comments_url": "https://api.github.com/repos/gjwlfeng/ParamInit/comments{/number}",
    "issue_comment_url": "https://api.github.com/repos/gjwlfeng/ParamInit/issues/comments{/number}",
    "contents_url": "https://api.github.com/repos/gjwlfeng/ParamInit/contents/{+path}",
    "compare_url": "https://api.github.com/repos/gjwlfeng/ParamInit/compare/{base}...{head}",
    "merges_url": "https://api.github.com/repos/gjwlfeng/ParamInit/merges",
    "archive_url": "https://api.github.com/repos/gjwlfeng/ParamInit/{archive_format}{/ref}",
    "downloads_url": "https://api.github.com/repos/gjwlfeng/ParamInit/downloads",
    "issues_url": "https://api.github.com/repos/gjwlfeng/ParamInit/issues{/number}",
    "pulls_url": "https://api.github.com/repos/gjwlfeng/ParamInit/pulls{/number}",
    "milestones_url": "https://api.github.com/repos/gjwlfeng/ParamInit/milestones{/number}",
    "notifications_url": "https://api.github.com/repos/gjwlfeng/ParamInit/notifications{?since,all,participating}",
    "labels_url": "https://api.github.com/repos/gjwlfeng/ParamInit/labels{/name}",
    "releases_url": "https://api.github.com/repos/gjwlfeng/ParamInit/releases{/id}",
    "deployments_url": "https://api.github.com/repos/gjwlfeng/ParamInit/deployments",
    "created_at": "2021-11-20T13:12:01Z",
    "updated_at": "2021-11-20T13:26:06Z",
    "pushed_at": "2022-03-03T14:41:45Z",
    "git_url": "git://github.com/gjwlfeng/ParamInit.git",
    "ssh_url": "git@github.com:gjwlfeng/ParamInit.git",
    "clone_url": "https://github.com/gjwlfeng/ParamInit.git",
    "svn_url": "https://github.com/gjwlfeng/ParamInit",
    "homepage": null,
    "size": 585,
    "stargazers_count": 0,
    "watchers_count": 0,
    "language": "Java",
    "has_issues": true,
    "has_projects": true,
    "has_downloads": true,
    "has_wiki": true,
    "has_pages": false,
    "has_discussions": false,
    "forks_count": 0,
    "mirror_url": null,
    "archived": false,
    "disabled": false,
    "open_issues_count": 0,
    "license": {
        "key": "apache-2.0",
        "name": "Apache License 2.0",
        "spdx_id": "Apache-2.0",
        "url": "https://api.github.com/licenses/apache-2.0",
        "node_id": "MDc6TGljZW5zZTI="
    },
    "allow_forking": true,
    "is_template": false,
    "web_commit_signoff_required": false,
    "topics": [],
    "visibility": "public",
    "forks": 0,
    "open_issues": 0,
    "watchers": 0,
    "default_branch": "master",
    "permissions": {
        "admin": false,
        "maintain": false,
        "push": false,
        "triage": false,
        "pull": true
    },
    "temp_clone_token": "",
    "network_count": 0,
    "subscribers_count": 1
}