{
    "id": 384243715,
    "node_id": "MDEwOlJlcG9zaXRvcnkzODQyNDM3MTU=",
    "name": "cjaas-sdk",
    "full_name": "kat-mulberries/cjaas-sdk",
    "private": false,
    "owner": {
        "login": "kat-mulberries",
        "id": 26889618,
        "node_id": "MDQ6VXNlcjI2ODg5NjE4",
        "avatar_url": "https://avatars.githubusercontent.com/u/26889618?v=4",
        "gravatar_id": "",
        "url": "https://api.github.com/users/kat-mulberries",
        "html_url": "https://github.com/kat-mulberries",
        "followers_url": "https://api.github.com/users/kat-mulberries/followers",
        "following_url": "https://api.github.com/users/kat-mulberries/following{/other_user}",
        "gists_url": "https://api.github.com/users/kat-mulberries/gists{/gist_id}",
        "starred_url": "https://api.github.com/users/kat-mulberries/starred{/owner}{/repo}",
        "subscriptions_url": "https://api.github.com/users/kat-mulberries/subscriptions",
        "organizations_url": "https://api.github.com/users/kat-mulberries/orgs",
        "repos_url": "https://api.github.com/users/kat-mulberries/repos",
        "events_url": "https://api.github.com/users/kat-mulberries/events{/privacy}",
        "received_events_url": "https://api.github.com/users/kat-mulberries/received_events",
        "type": "User",
        "site_admin": false
    },
    "html_url": "https://github.com/kat-mulberries/cjaas-sdk",
    "description": null,
    "fork": true,
    "url": "https://api.github.com/repos/kat-mulberries/cjaas-sdk",
    "forks_url": "https://api.github.com/repos/kat-mulberries/cjaas-sdk/forks",
    "keys_url": "https://api.github.com/repos/kat-mulberries/cjaas-sdk/keys{/key_id}",
    "collaborators_url": "https://api.github.com/repos/kat-mulberries/cjaas-sdk/collaborators{/collaborator}",
    "teams_url": "https://api.github.com/repos/kat-mulberries/cjaas-sdk/teams",
    "hooks_url": "https://api.github.com/repos/kat-mulberries/cjaas-sdk/hooks",
    "issue_events_url": "https://api.github.com/repos/kat-mulberries/cjaas-sdk/issues/events{/number}",
    "events_url": "https://api.github.com/repos/kat-mulberries/cjaas-sdk/events",
    "assignees_url": "https://api.github.com/repos/kat-mulberries/cjaas-sdk/assignees{/user}",
    "branches_url": "https://api.github.com/repos/kat-mulberries/cjaas-sdk/branches{/branch}",
    "tags_url": "https://api.github.com/repos/kat-mulberries/cjaas-sdk/tags",
    "blobs_url": "https://api.github.com/repos/kat-mulberries/cjaas-sdk/git/blobs{/sha}",
    "git_tags_url": "https://api.github.com/repos/kat-mulberries/cjaas-sdk/git/tags{/sha}",
    "git_refs_url": "https://api.github.com/repos/kat-mulberries/cjaas-sdk/git/refs{/sha}",
    "trees_url": "https://api.github.com/repos/kat-mulberries/cjaas-sdk/git/trees{/sha}",
    "statuses_url": "https://api.github.com/repos/kat-mulberries/cjaas-sdk/statuses/{sha}",
    "languages_url": "https://api.github.com/repos/kat-mulberries/cjaas-sdk/languages",
    "stargazers_url": "https://api.github.com/repos/kat-mulberries/cjaas-sdk/stargazers",
    "contributors_url": "https://api.github.com/repos/kat-mulberries/cjaas-sdk/contributors",
    "subscribers_url": "https://api.github.com/repos/kat-mulberries/cjaas-sdk/subscribers",
    "subscription_url": "https://api.github.com/repos/kat-mulberries/cjaas-sdk/subscription",
    "commits_url": "https://api.github.com/repos/kat-mulberries/cjaas-sdk/commits{/sha}",
    "git_commits_url": "https://api.github.com/repos/kat-mulberries/cjaas-sdk/git/commits{/sha}",
    "comments_url": "https://api.github.com/repos/kat-mulberries/cjaas-sdk/comments{/number}",
    "issue_comment_url": "https://api.github.com/repos/kat-mulberries/cjaas-sdk/issues/comments{/number}",
    "contents_url": "https://api.github.com/repos/kat-mulberries/cjaas-sdk/contents/{+path}",
    "compare_url": "https://api.github.com/repos/kat-mulberries/cjaas-sdk/compare/{base}...{head}",
    "merges_url": "https://api.github.com/repos/kat-mulberries/cjaas-sdk/merges",
    "archive_url": "https://api.github.com/repos/kat-mulberries/cjaas-sdk/{archive_format}{/ref}",
    "downloads_url": "https://api.github.com/repos/kat-mulberries/cjaas-sdk/downloads",
    "issues_url": "https://api.github.com/repos/kat-mulberries/cjaas-sdk/issues{/number}",
    "pulls_url": "https://api.github.com/repos/kat-mulberries/cjaas-sdk/pulls{/number}",
    "milestones_url": "https://api.github.com/repos/kat-mulberries/cjaas-sdk/milestones{/number}",
    "notifications_url": "https://api.github.com/repos/kat-mulberries/cjaas-sdk/notifications{?since,all,participating}",
    "labels_url": "https://api.github.com/repos/kat-mulberries/cjaas-sdk/labels{/name}",
    "releases_url": "https://api.github.com/repos/kat-mulberries/cjaas-sdk/releases{/id}",
    "deployments_url": "https://api.github.com/repos/kat-mulberries/cjaas-sdk/deployments",
    "created_at": "2021-07-08T20:42:30Z",
    "updated_at": "2021-07-19T21:37:47Z",
    "pushed_at": "2021-07-19T21:37:43Z",
    "git_url": "git://github.com/kat-mulberries/cjaas-sdk.git",
    "ssh_url": "git@github.com:kat-mulberries/cjaas-sdk.git",
    "clone_url": "https://github.com/kat-mulberries/cjaas-sdk.git",
    "svn_url": "https://github.com/kat-mulberries/cjaas-sdk",
    "homepage": null,
    "size": 992,
    "stargazers_count": 0,
    "watchers_count": 0,
    "language": "Java",
    "has_issues": false,
    "has_projects": true,
    "has_downloads": true,
    "has_wiki": true,
    "has_pages": false,
    "has_discussions": false,
    "forks_count": 0,
    "mirror_url": null,
    "archived": false,
    "disabled": false,
    "open_issues_count": 0,
    "license": {
        "key": "apache-2.0",
        "name": "Apache License 2.0",
        "spdx_id": "Apache-2.0",
        "url": "https://api.github.com/licenses/apache-2.0",
        "node_id": "MDc6TGljZW5zZTI="
    },
    "allow_forking": true,
    "is_template": false,
    "web_commit_signoff_required": false,
    "topics": [],
    "visibility": "public",
    "forks": 0,
    "open_issues": 0,
    "watchers": 0,
    "default_branch": "main",
    "permissions": {
        "admin": false,
        "maintain": false,
        "push": false,
        "triage": false,
        "pull": true
    },
    "temp_clone_token": "",
    "parent": {
        "id": 360438296,
        "node_id": "MDEwOlJlcG9zaXRvcnkzNjA0MzgyOTY=",
        "name": "cjaas-sdk",
        "full_name": "CiscoDevNet/cjaas-sdk",
        "private": false,
        "owner": {
            "login": "CiscoDevNet",
            "id": 8827988,
            "node_id": "MDEyOk9yZ2FuaXphdGlvbjg4Mjc5ODg=",
            "avatar_url": "https://avatars.githubusercontent.com/u/8827988?v=4",
            "gravatar_id": "",
            "url": "https://api.github.com/users/CiscoDevNet",
            "html_url": "https://github.com/CiscoDevNet",
            "followers_url": "https://api.github.com/users/CiscoDevNet/followers",
            "following_url": "https://api.github.com/users/CiscoDevNet/following{/other_user}",
            "gists_url": "https://api.github.com/users/CiscoDevNet/gists{/gist_id}",
            "starred_url": "https://api.github.com/users/CiscoDevNet/starred{/owner}{/repo}",
            "subscriptions_url": "https://api.github.com/users/CiscoDevNet/subscriptions",
            "organizations_url": "https://api.github.com/users/CiscoDevNet/orgs",
            "repos_url": "https://api.github.com/users/CiscoDevNet/repos",
            "events_url": "https://api.github.com/users/CiscoDevNet/events{/privacy}",
            "received_events_url": "https://api.github.com/users/CiscoDevNet/received_events",
            "type": "Organization",
            "site_admin": false
        },
        "html_url": "https://github.com/CiscoDevNet/cjaas-sdk",
        "description": null,
        "fork": false,
        "url": "https://api.github.com/repos/CiscoDevNet/cjaas-sdk",
        "forks_url": "https://api.github.com/repos/CiscoDevNet/cjaas-sdk/forks",
        "keys_url": "https://api.github.com/repos/CiscoDevNet/cjaas-sdk/keys{/key_id}",
        "collaborators_url": "https://api.github.com/repos/CiscoDevNet/cjaas-sdk/collaborators{/collaborator}",
        "teams_url": "https://api.github.com/repos/CiscoDevNet/cjaas-sdk/teams",
        "hooks_url": "https://api.github.com/repos/CiscoDevNet/cjaas-sdk/hooks",
        "issue_events_url": "https://api.github.com/repos/CiscoDevNet/cjaas-sdk/issues/events{/number}",
        "events_url": "https://api.github.com/repos/CiscoDevNet/cjaas-sdk/events",
        "assignees_url": "https://api.github.com/repos/CiscoDevNet/cjaas-sdk/assignees{/user}",
        "branches_url": "https://api.github.com/repos/CiscoDevNet/cjaas-sdk/branches{/branch}",
        "tags_url": "https://api.github.com/repos/CiscoDevNet/cjaas-sdk/tags",
        "blobs_url": "https://api.github.com/repos/CiscoDevNet/cjaas-sdk/git/blobs{/sha}",
        "git_tags_url": "https://api.github.com/repos/CiscoDevNet/cjaas-sdk/git/tags{/sha}",
        "git_refs_url": "https://api.github.com/repos/CiscoDevNet/cjaas-sdk/git/refs{/sha}",
        "trees_url": "https://api.github.com/repos/CiscoDevNet/cjaas-sdk/git/trees{/sha}",
        "statuses_url": "https://api.github.com/repos/CiscoDevNet/cjaas-sdk/statuses/{sha}",
        "languages_url": "https://api.github.com/repos/CiscoDevNet/cjaas-sdk/languages",
        "stargazers_url": "https://api.github.com/repos/CiscoDevNet/cjaas-sdk/stargazers",
        "contributors_url": "https://api.github.com/repos/CiscoDevNet/cjaas-sdk/contributors",
        "subscribers_url": "https://api.github.com/repos/CiscoDevNet/cjaas-sdk/subscribers",
        "subscription_url": "https://api.github.com/repos/CiscoDevNet/cjaas-sdk/subscription",
        "commits_url": "https://api.github.com/repos/CiscoDevNet/cjaas-sdk/commits{/sha}",
        "git_commits_url": "https://api.github.com/repos/CiscoDevNet/cjaas-sdk/git/commits{/sha}",
        "comments_url": "https://api.github.com/repos/CiscoDevNet/cjaas-sdk/comments{/number}",
        "issue_comment_url": "https://api.github.com/repos/CiscoDevNet/cjaas-sdk/issues/comments{/number}",
        "contents_url": "https://api.github.com/repos/CiscoDevNet/cjaas-sdk/contents/{+path}",
        "compare_url": "https://api.github.com/repos/CiscoDevNet/cjaas-sdk/compare/{base}...{head}",
        "merges_url": "https://api.github.com/repos/CiscoDevNet/cjaas-sdk/merges",
        "archive_url": "https://api.github.com/repos/CiscoDevNet/cjaas-sdk/{archive_format}{/ref}",
        "downloads_url": "https://api.github.com/repos/CiscoDevNet/cjaas-sdk/downloads",
        "issues_url": "https://api.github.com/repos/CiscoDevNet/cjaas-sdk/issues{/number}",
        "pulls_url": "https://api.github.com/repos/CiscoDevNet/cjaas-sdk/pulls{/number}",
        "milestones_url": "https://api.github.com/repos/CiscoDevNet/cjaas-sdk/milestones{/number}",
        "notifications_url": "https://api.github.com/repos/CiscoDevNet/cjaas-sdk/notifications{?since,all,participating}",
        "labels_url": "https://api.github.com/repos/CiscoDevNet/cjaas-sdk/labels{/name}",
        "releases_url": "https://api.github.com/repos/CiscoDevNet/cjaas-sdk/releases{/id}",
        "deployments_url": "https://api.github.com/repos/CiscoDevNet/cjaas-sdk/deployments",
        "created_at": "2021-04-22T07:58:39Z",
        "updated_at": "2022-02-04T19:40:23Z",
        "pushed_at": "2022-07-12T17:29:20Z",
        "git_url": "git://github.com/CiscoDevNet/cjaas-sdk.git",
        "ssh_url": "git@github.com:CiscoDevNet/cjaas-sdk.git",
        "clone_url": "https://github.com/CiscoDevNet/cjaas-sdk.git",
        "svn_url": "https://github.com/CiscoDevNet/cjaas-sdk",
        "homepage": null,
        "size": 1036,
        "stargazers_count": 4,
        "watchers_count": 4,
        "language": "Java",
        "has_issues": true,
        "has_projects": true,
        "has_downloads": true,
        "has_wiki": true,
        "has_pages": false,
        "has_discussions": false,
        "forks_count": 6,
        "mirror_url": null,
        "archived": false,
        "disabled": false,
        "open_issues_count": 2,
        "license": {
            "key": "apache-2.0",
            "name": "Apache License 2.0",
            "spdx_id": "Apache-2.0",
            "url": "https://api.github.com/licenses/apache-2.0",
            "node_id": "MDc6TGljZW5zZTI="
        },
        "allow_forking": true,
        "is_template": false,
        "web_commit_signoff_required": false,
        "topics": [],
        "visibility": "public",
        "forks": 6,
        "open_issues": 2,
        "watchers": 4,
        "default_branch": "main"
    },
    "source": {
        "id": 360438296,
        "node_id": "MDEwOlJlcG9zaXRvcnkzNjA0MzgyOTY=",
        "name": "cjaas-sdk",
        "full_name": "CiscoDevNet/cjaas-sdk",
        "private": false,
        "owner": {
            "login": "CiscoDevNet",
            "id": 8827988,
            "node_id": "MDEyOk9yZ2FuaXphdGlvbjg4Mjc5ODg=",
            "avatar_url": "https://avatars.githubusercontent.com/u/8827988?v=4",
            "gravatar_id": "",
            "url": "https://api.github.com/users/CiscoDevNet",
            "html_url": "https://github.com/CiscoDevNet",
            "followers_url": "https://api.github.com/users/CiscoDevNet/followers",
            "following_url": "https://api.github.com/users/CiscoDevNet/following{/other_user}",
            "gists_url": "https://api.github.com/users/CiscoDevNet/gists{/gist_id}",
            "starred_url": "https://api.github.com/users/CiscoDevNet/starred{/owner}{/repo}",
            "subscriptions_url": "https://api.github.com/users/CiscoDevNet/subscriptions",
            "organizations_url": "https://api.github.com/users/CiscoDevNet/orgs",
            "repos_url": "https://api.github.com/users/CiscoDevNet/repos",
            "events_url": "https://api.github.com/users/CiscoDevNet/events{/privacy}",
            "received_events_url": "https://api.github.com/users/CiscoDevNet/received_events",
            "type": "Organization",
            "site_admin": false
        },
        "html_url": "https://github.com/CiscoDevNet/cjaas-sdk",
        "description": null,
        "fork": false,
        "url": "https://api.github.com/repos/CiscoDevNet/cjaas-sdk",
        "forks_url": "https://api.github.com/repos/CiscoDevNet/cjaas-sdk/forks",
        "keys_url": "https://api.github.com/repos/CiscoDevNet/cjaas-sdk/keys{/key_id}",
        "collaborators_url": "https://api.github.com/repos/CiscoDevNet/cjaas-sdk/collaborators{/collaborator}",
        "teams_url": "https://api.github.com/repos/CiscoDevNet/cjaas-sdk/teams",
        "hooks_url": "https://api.github.com/repos/CiscoDevNet/cjaas-sdk/hooks",
        "issue_events_url": "https://api.github.com/repos/CiscoDevNet/cjaas-sdk/issues/events{/number}",
        "events_url": "https://api.github.com/repos/CiscoDevNet/cjaas-sdk/events",
        "assignees_url": "https://api.github.com/repos/CiscoDevNet/cjaas-sdk/assignees{/user}",
        "branches_url": "https://api.github.com/repos/CiscoDevNet/cjaas-sdk/branches{/branch}",
        "tags_url": "https://api.github.com/repos/CiscoDevNet/cjaas-sdk/tags",
        "blobs_url": "https://api.github.com/repos/CiscoDevNet/cjaas-sdk/git/blobs{/sha}",
        "git_tags_url": "https://api.github.com/repos/CiscoDevNet/cjaas-sdk/git/tags{/sha}",
        "git_refs_url": "https://api.github.com/repos/CiscoDevNet/cjaas-sdk/git/refs{/sha}",
        "trees_url": "https://api.github.com/repos/CiscoDevNet/cjaas-sdk/git/trees{/sha}",
        "statuses_url": "https://api.github.com/repos/CiscoDevNet/cjaas-sdk/statuses/{sha}",
        "languages_url": "https://api.github.com/repos/CiscoDevNet/cjaas-sdk/languages",
        "stargazers_url": "https://api.github.com/repos/CiscoDevNet/cjaas-sdk/stargazers",
        "contributors_url": "https://api.github.com/repos/CiscoDevNet/cjaas-sdk/contributors",
        "subscribers_url": "https://api.github.com/repos/CiscoDevNet/cjaas-sdk/subscribers",
        "subscription_url": "https://api.github.com/repos/CiscoDevNet/cjaas-sdk/subscription",
        "commits_url": "https://api.github.com/repos/CiscoDevNet/cjaas-sdk/commits{/sha}",
        "git_commits_url": "https://api.github.com/repos/CiscoDevNet/cjaas-sdk/git/commits{/sha}",
        "comments_url": "https://api.github.com/repos/CiscoDevNet/cjaas-sdk/comments{/number}",
        "issue_comment_url": "https://api.github.com/repos/CiscoDevNet/cjaas-sdk/issues/comments{/number}",
        "contents_url": "https://api.github.com/repos/CiscoDevNet/cjaas-sdk/contents/{+path}",
        "compare_url": "https://api.github.com/repos/CiscoDevNet/cjaas-sdk/compare/{base}...{head}",
        "merges_url": "https://api.github.com/repos/CiscoDevNet/cjaas-sdk/merges",
        "archive_url": "https://api.github.com/repos/CiscoDevNet/cjaas-sdk/{archive_format}{/ref}",
        "downloads_url": "https://api.github.com/repos/CiscoDevNet/cjaas-sdk/downloads",
        "issues_url": "https://api.github.com/repos/CiscoDevNet/cjaas-sdk/issues{/number}",
        "pulls_url": "https://api.github.com/repos/CiscoDevNet/cjaas-sdk/pulls{/number}",
        "milestones_url": "https://api.github.com/repos/CiscoDevNet/cjaas-sdk/milestones{/number}",
        "notifications_url": "https://api.github.com/repos/CiscoDevNet/cjaas-sdk/notifications{?since,all,participating}",
        "labels_url": "https://api.github.com/repos/CiscoDevNet/cjaas-sdk/labels{/name}",
        "releases_url": "https://api.github.com/repos/CiscoDevNet/cjaas-sdk/releases{/id}",
        "deployments_url": "https://api.github.com/repos/CiscoDevNet/cjaas-sdk/deployments",
        "created_at": "2021-04-22T07:58:39Z",
        "updated_at": "2022-02-04T19:40:23Z",
        "pushed_at": "2022-07-12T17:29:20Z",
        "git_url": "git://github.com/CiscoDevNet/cjaas-sdk.git",
        "ssh_url": "git@github.com:CiscoDevNet/cjaas-sdk.git",
        "clone_url": "https://github.com/CiscoDevNet/cjaas-sdk.git",
        "svn_url": "https://github.com/CiscoDevNet/cjaas-sdk",
        "homepage": null,
        "size": 1036,
        "stargazers_count": 4,
        "watchers_count": 4,
        "language": "Java",
        "has_issues": true,
        "has_projects": true,
        "has_downloads": true,
        "has_wiki": true,
        "has_pages": false,
        "has_discussions": false,
        "forks_count": 6,
        "mirror_url": null,
        "archived": false,
        "disabled": false,
        "open_issues_count": 2,
        "license": {
            "key": "apache-2.0",
            "name": "Apache License 2.0",
            "spdx_id": "Apache-2.0",
            "url": "https://api.github.com/licenses/apache-2.0",
            "node_id": "MDc6TGljZW5zZTI="
        },
        "allow_forking": true,
        "is_template": false,
        "web_commit_signoff_required": false,
        "topics": [],
        "visibility": "public",
        "forks": 6,
        "open_issues": 2,
        "watchers": 4,
        "default_branch": "main"
    },
    "network_count": 6,
    "subscribers_count": 0
}