{
    "id": 213455155,
    "node_id": "MDEwOlJlcG9zaXRvcnkyMTM0NTUxNTU=",
    "name": "jackson-databind",
    "full_name": "aslamkam/jackson-databind",
    "private": false,
    "owner": {
        "login": "aslamkam",
        "id": 16685643,
        "node_id": "MDQ6VXNlcjE2Njg1NjQz",
        "avatar_url": "https://avatars.githubusercontent.com/u/16685643?v=4",
        "gravatar_id": "",
        "url": "https://api.github.com/users/aslamkam",
        "html_url": "https://github.com/aslamkam",
        "followers_url": "https://api.github.com/users/aslamkam/followers",
        "following_url": "https://api.github.com/users/aslamkam/following{/other_user}",
        "gists_url": "https://api.github.com/users/aslamkam/gists{/gist_id}",
        "starred_url": "https://api.github.com/users/aslamkam/starred{/owner}{/repo}",
        "subscriptions_url": "https://api.github.com/users/aslamkam/subscriptions",
        "organizations_url": "https://api.github.com/users/aslamkam/orgs",
        "repos_url": "https://api.github.com/users/aslamkam/repos",
        "events_url": "https://api.github.com/users/aslamkam/events{/privacy}",
        "received_events_url": "https://api.github.com/users/aslamkam/received_events",
        "type": "User",
        "site_admin": false
    },
    "html_url": "https://github.com/aslamkam/jackson-databind",
    "description": "General data-binding package for Jackson (2.x): works on streaming API (core) implementation(s)",
    "fork": true,
    "url": "https://api.github.com/repos/aslamkam/jackson-databind",
    "forks_url": "https://api.github.com/repos/aslamkam/jackson-databind/forks",
    "keys_url": "https://api.github.com/repos/aslamkam/jackson-databind/keys{/key_id}",
    "collaborators_url": "https://api.github.com/repos/aslamkam/jackson-databind/collaborators{/collaborator}",
    "teams_url": "https://api.github.com/repos/aslamkam/jackson-databind/teams",
    "hooks_url": "https://api.github.com/repos/aslamkam/jackson-databind/hooks",
    "issue_events_url": "https://api.github.com/repos/aslamkam/jackson-databind/issues/events{/number}",
    "events_url": "https://api.github.com/repos/aslamkam/jackson-databind/events",
    "assignees_url": "https://api.github.com/repos/aslamkam/jackson-databind/assignees{/user}",
    "branches_url": "https://api.github.com/repos/aslamkam/jackson-databind/branches{/branch}",
    "tags_url": "https://api.github.com/repos/aslamkam/jackson-databind/tags",
    "blobs_url": "https://api.github.com/repos/aslamkam/jackson-databind/git/blobs{/sha}",
    "git_tags_url": "https://api.github.com/repos/aslamkam/jackson-databind/git/tags{/sha}",
    "git_refs_url": "https://api.github.com/repos/aslamkam/jackson-databind/git/refs{/sha}",
    "trees_url": "https://api.github.com/repos/aslamkam/jackson-databind/git/trees{/sha}",
    "statuses_url": "https://api.github.com/repos/aslamkam/jackson-databind/statuses/{sha}",
    "languages_url": "https://api.github.com/repos/aslamkam/jackson-databind/languages",
    "stargazers_url": "https://api.github.com/repos/aslamkam/jackson-databind/stargazers",
    "contributors_url": "https://api.github.com/repos/aslamkam/jackson-databind/contributors",
    "subscribers_url": "https://api.github.com/repos/aslamkam/jackson-databind/subscribers",
    "subscription_url": "https://api.github.com/repos/aslamkam/jackson-databind/subscription",
    "commits_url": "https://api.github.com/repos/aslamkam/jackson-databind/commits{/sha}",
    "git_commits_url": "https://api.github.com/repos/aslamkam/jackson-databind/git/commits{/sha}",
    "comments_url": "https://api.github.com/repos/aslamkam/jackson-databind/comments{/number}",
    "issue_comment_url": "https://api.github.com/repos/aslamkam/jackson-databind/issues/comments{/number}",
    "contents_url": "https://api.github.com/repos/aslamkam/jackson-databind/contents/{+path}",
    "compare_url": "https://api.github.com/repos/aslamkam/jackson-databind/compare/{base}...{head}",
    "merges_url": "https://api.github.com/repos/aslamkam/jackson-databind/merges",
    "archive_url": "https://api.github.com/repos/aslamkam/jackson-databind/{archive_format}{/ref}",
    "downloads_url": "https://api.github.com/repos/aslamkam/jackson-databind/downloads",
    "issues_url": "https://api.github.com/repos/aslamkam/jackson-databind/issues{/number}",
    "pulls_url": "https://api.github.com/repos/aslamkam/jackson-databind/pulls{/number}",
    "milestones_url": "https://api.github.com/repos/aslamkam/jackson-databind/milestones{/number}",
    "notifications_url": "https://api.github.com/repos/aslamkam/jackson-databind/notifications{?since,all,participating}",
    "labels_url": "https://api.github.com/repos/aslamkam/jackson-databind/labels{/name}",
    "releases_url": "https://api.github.com/repos/aslamkam/jackson-databind/releases{/id}",
    "deployments_url": "https://api.github.com/repos/aslamkam/jackson-databind/deployments",
    "created_at": "2019-10-07T18:18:40Z",
    "updated_at": "2019-10-07T18:22:33Z",
    "pushed_at": "2019-10-07T18:22:27Z",
    "git_url": "git://github.com/aslamkam/jackson-databind.git",
    "ssh_url": "git@github.com:aslamkam/jackson-databind.git",
    "clone_url": "https://github.com/aslamkam/jackson-databind.git",
    "svn_url": "https://github.com/aslamkam/jackson-databind",
    "homepage": "",
    "size": 68111,
    "stargazers_count": 0,
    "watchers_count": 0,
    "language": "Java",
    "has_issues": false,
    "has_projects": true,
    "has_downloads": true,
    "has_wiki": true,
    "has_pages": false,
    "has_discussions": false,
    "forks_count": 0,
    "mirror_url": null,
    "archived": false,
    "disabled": false,
    "open_issues_count": 0,
    "license": {
        "key": "apache-2.0",
        "name": "Apache License 2.0",
        "spdx_id": "Apache-2.0",
        "url": "https://api.github.com/licenses/apache-2.0",
        "node_id": "MDc6TGljZW5zZTI="
    },
    "allow_forking": true,
    "is_template": false,
    "web_commit_signoff_required": false,
    "topics": [],
    "visibility": "public",
    "forks": 0,
    "open_issues": 0,
    "watchers": 0,
    "default_branch": "master",
    "permissions": {
        "admin": false,
        "maintain": false,
        "push": false,
        "triage": false,
        "pull": true
    },
    "temp_clone_token": "",
    "parent": {
        "id": 3038937,
        "node_id": "MDEwOlJlcG9zaXRvcnkzMDM4OTM3",
        "name": "jackson-databind",
        "full_name": "FasterXML/jackson-databind",
        "private": false,
        "owner": {
            "login": "FasterXML",
            "id": 382692,
            "node_id": "MDEyOk9yZ2FuaXphdGlvbjM4MjY5Mg==",
            "avatar_url": "https://avatars.githubusercontent.com/u/382692?v=4",
            "gravatar_id": "",
            "url": "https://api.github.com/users/FasterXML",
            "html_url": "https://github.com/FasterXML",
            "followers_url": "https://api.github.com/users/FasterXML/followers",
            "following_url": "https://api.github.com/users/FasterXML/following{/other_user}",
            "gists_url": "https://api.github.com/users/FasterXML/gists{/gist_id}",
            "starred_url": "https://api.github.com/users/FasterXML/starred{/owner}{/repo}",
            "subscriptions_url": "https://api.github.com/users/FasterXML/subscriptions",
            "organizations_url": "https://api.github.com/users/FasterXML/orgs",
            "repos_url": "https://api.github.com/users/FasterXML/repos",
            "events_url": "https://api.github.com/users/FasterXML/events{/privacy}",
            "received_events_url": "https://api.github.com/users/FasterXML/received_events",
            "type": "Organization",
            "site_admin": false
        },
        "html_url": "https://github.com/FasterXML/jackson-databind",
        "description": "General data-binding package for Jackson (2.x): works on streaming API (core) implementation(s)",
        "fork": false,
        "url": "https://api.github.com/repos/FasterXML/jackson-databind",
        "forks_url": "https://api.github.com/repos/FasterXML/jackson-databind/forks",
        "keys_url": "https://api.github.com/repos/FasterXML/jackson-databind/keys{/key_id}",
        "collaborators_url": "https://api.github.com/repos/FasterXML/jackson-databind/collaborators{/collaborator}",
        "teams_url": "https://api.github.com/repos/FasterXML/jackson-databind/teams",
        "hooks_url": "https://api.github.com/repos/FasterXML/jackson-databind/hooks",
        "issue_events_url": "https://api.github.com/repos/FasterXML/jackson-databind/issues/events{/number}",
        "events_url": "https://api.github.com/repos/FasterXML/jackson-databind/events",
        "assignees_url": "https://api.github.com/repos/FasterXML/jackson-databind/assignees{/user}",
        "branches_url": "https://api.github.com/repos/FasterXML/jackson-databind/branches{/branch}",
        "tags_url": "https://api.github.com/repos/FasterXML/jackson-databind/tags",
        "blobs_url": "https://api.github.com/repos/FasterXML/jackson-databind/git/blobs{/sha}",
        "git_tags_url": "https://api.github.com/repos/FasterXML/jackson-databind/git/tags{/sha}",
        "git_refs_url": "https://api.github.com/repos/FasterXML/jackson-databind/git/refs{/sha}",
        "trees_url": "https://api.github.com/repos/FasterXML/jackson-databind/git/trees{/sha}",
        "statuses_url": "https://api.github.com/repos/FasterXML/jackson-databind/statuses/{sha}",
        "languages_url": "https://api.github.com/repos/FasterXML/jackson-databind/languages",
        "stargazers_url": "https://api.github.com/repos/FasterXML/jackson-databind/stargazers",
        "contributors_url": "https://api.github.com/repos/FasterXML/jackson-databind/contributors",
        "subscribers_url": "https://api.github.com/repos/FasterXML/jackson-databind/subscribers",
        "subscription_url": "https://api.github.com/repos/FasterXML/jackson-databind/subscription",
        "commits_url": "https://api.github.com/repos/FasterXML/jackson-databind/commits{/sha}",
        "git_commits_url": "https://api.github.com/repos/FasterXML/jackson-databind/git/commits{/sha}",
        "comments_url": "https://api.github.com/repos/FasterXML/jackson-databind/comments{/number}",
        "issue_comment_url": "https://api.github.com/repos/FasterXML/jackson-databind/issues/comments{/number}",
        "contents_url": "https://api.github.com/repos/FasterXML/jackson-databind/contents/{+path}",
        "compare_url": "https://api.github.com/repos/FasterXML/jackson-databind/compare/{base}...{head}",
        "merges_url": "https://api.github.com/repos/FasterXML/jackson-databind/merges",
        "archive_url": "https://api.github.com/repos/FasterXML/jackson-databind/{archive_format}{/ref}",
        "downloads_url": "https://api.github.com/repos/FasterXML/jackson-databind/downloads",
        "issues_url": "https://api.github.com/repos/FasterXML/jackson-databind/issues{/number}",
        "pulls_url": "https://api.github.com/repos/FasterXML/jackson-databind/pulls{/number}",
        "milestones_url": "https://api.github.com/repos/FasterXML/jackson-databind/milestones{/number}",
        "notifications_url": "https://api.github.com/repos/FasterXML/jackson-databind/notifications{?since,all,participating}",
        "labels_url": "https://api.github.com/repos/FasterXML/jackson-databind/labels{/name}",
        "releases_url": "https://api.github.com/repos/FasterXML/jackson-databind/releases{/id}",
        "deployments_url": "https://api.github.com/repos/FasterXML/jackson-databind/deployments",
        "created_at": "2011-12-23T07:17:41Z",
        "updated_at": "2024-04-30T11:59:00Z",
        "pushed_at": "2024-04-30T04:30:01Z",
        "git_url": "git://github.com/FasterXML/jackson-databind.git",
        "ssh_url": "git@github.com:FasterXML/jackson-databind.git",
        "clone_url": "https://github.com/FasterXML/jackson-databind.git",
        "svn_url": "https://github.com/FasterXML/jackson-databind",
        "homepage": "",
        "size": 77876,
        "stargazers_count": 3457,
        "watchers_count": 3457,
        "language": "Java",
        "has_issues": true,
        "has_projects": true,
        "has_downloads": true,
        "has_wiki": true,
        "has_pages": true,
        "has_discussions": true,
        "forks_count": 1364,
        "mirror_url": null,
        "archived": false,
        "disabled": false,
        "open_issues_count": 508,
        "license": {
            "key": "apache-2.0",
            "name": "Apache License 2.0",
            "spdx_id": "Apache-2.0",
            "url": "https://api.github.com/licenses/apache-2.0",
            "node_id": "MDc6TGljZW5zZTI="
        },
        "allow_forking": true,
        "is_template": false,
        "web_commit_signoff_required": false,
        "topics": [
            "hacktoberfest",
            "jackson",
            "jackson-databind",
            "json"
        ],
        "visibility": "public",
        "forks": 1364,
        "open_issues": 508,
        "watchers": 3457,
        "default_branch": "2.18"
    },
    "source": {
        "id": 3038937,
        "node_id": "MDEwOlJlcG9zaXRvcnkzMDM4OTM3",
        "name": "jackson-databind",
        "full_name": "FasterXML/jackson-databind",
        "private": false,
        "owner": {
            "login": "FasterXML",
            "id": 382692,
            "node_id": "MDEyOk9yZ2FuaXphdGlvbjM4MjY5Mg==",
            "avatar_url": "https://avatars.githubusercontent.com/u/382692?v=4",
            "gravatar_id": "",
            "url": "https://api.github.com/users/FasterXML",
            "html_url": "https://github.com/FasterXML",
            "followers_url": "https://api.github.com/users/FasterXML/followers",
            "following_url": "https://api.github.com/users/FasterXML/following{/other_user}",
            "gists_url": "https://api.github.com/users/FasterXML/gists{/gist_id}",
            "starred_url": "https://api.github.com/users/FasterXML/starred{/owner}{/repo}",
            "subscriptions_url": "https://api.github.com/users/FasterXML/subscriptions",
            "organizations_url": "https://api.github.com/users/FasterXML/orgs",
            "repos_url": "https://api.github.com/users/FasterXML/repos",
            "events_url": "https://api.github.com/users/FasterXML/events{/privacy}",
            "received_events_url": "https://api.github.com/users/FasterXML/received_events",
            "type": "Organization",
            "site_admin": false
        },
        "html_url": "https://github.com/FasterXML/jackson-databind",
        "description": "General data-binding package for Jackson (2.x): works on streaming API (core) implementation(s)",
        "fork": false,
        "url": "https://api.github.com/repos/FasterXML/jackson-databind",
        "forks_url": "https://api.github.com/repos/FasterXML/jackson-databind/forks",
        "keys_url": "https://api.github.com/repos/FasterXML/jackson-databind/keys{/key_id}",
        "collaborators_url": "https://api.github.com/repos/FasterXML/jackson-databind/collaborators{/collaborator}",
        "teams_url": "https://api.github.com/repos/FasterXML/jackson-databind/teams",
        "hooks_url": "https://api.github.com/repos/FasterXML/jackson-databind/hooks",
        "issue_events_url": "https://api.github.com/repos/FasterXML/jackson-databind/issues/events{/number}",
        "events_url": "https://api.github.com/repos/FasterXML/jackson-databind/events",
        "assignees_url": "https://api.github.com/repos/FasterXML/jackson-databind/assignees{/user}",
        "branches_url": "https://api.github.com/repos/FasterXML/jackson-databind/branches{/branch}",
        "tags_url": "https://api.github.com/repos/FasterXML/jackson-databind/tags",
        "blobs_url": "https://api.github.com/repos/FasterXML/jackson-databind/git/blobs{/sha}",
        "git_tags_url": "https://api.github.com/repos/FasterXML/jackson-databind/git/tags{/sha}",
        "git_refs_url": "https://api.github.com/repos/FasterXML/jackson-databind/git/refs{/sha}",
        "trees_url": "https://api.github.com/repos/FasterXML/jackson-databind/git/trees{/sha}",
        "statuses_url": "https://api.github.com/repos/FasterXML/jackson-databind/statuses/{sha}",
        "languages_url": "https://api.github.com/repos/FasterXML/jackson-databind/languages",
        "stargazers_url": "https://api.github.com/repos/FasterXML/jackson-databind/stargazers",
        "contributors_url": "https://api.github.com/repos/FasterXML/jackson-databind/contributors",
        "subscribers_url": "https://api.github.com/repos/FasterXML/jackson-databind/subscribers",
        "subscription_url": "https://api.github.com/repos/FasterXML/jackson-databind/subscription",
        "commits_url": "https://api.github.com/repos/FasterXML/jackson-databind/commits{/sha}",
        "git_commits_url": "https://api.github.com/repos/FasterXML/jackson-databind/git/commits{/sha}",
        "comments_url": "https://api.github.com/repos/FasterXML/jackson-databind/comments{/number}",
        "issue_comment_url": "https://api.github.com/repos/FasterXML/jackson-databind/issues/comments{/number}",
        "contents_url": "https://api.github.com/repos/FasterXML/jackson-databind/contents/{+path}",
        "compare_url": "https://api.github.com/repos/FasterXML/jackson-databind/compare/{base}...{head}",
        "merges_url": "https://api.github.com/repos/FasterXML/jackson-databind/merges",
        "archive_url": "https://api.github.com/repos/FasterXML/jackson-databind/{archive_format}{/ref}",
        "downloads_url": "https://api.github.com/repos/FasterXML/jackson-databind/downloads",
        "issues_url": "https://api.github.com/repos/FasterXML/jackson-databind/issues{/number}",
        "pulls_url": "https://api.github.com/repos/FasterXML/jackson-databind/pulls{/number}",
        "milestones_url": "https://api.github.com/repos/FasterXML/jackson-databind/milestones{/number}",
        "notifications_url": "https://api.github.com/repos/FasterXML/jackson-databind/notifications{?since,all,participating}",
        "labels_url": "https://api.github.com/repos/FasterXML/jackson-databind/labels{/name}",
        "releases_url": "https://api.github.com/repos/FasterXML/jackson-databind/releases{/id}",
        "deployments_url": "https://api.github.com/repos/FasterXML/jackson-databind/deployments",
        "created_at": "2011-12-23T07:17:41Z",
        "updated_at": "2024-04-30T11:59:00Z",
        "pushed_at": "2024-04-30T04:30:01Z",
        "git_url": "git://github.com/FasterXML/jackson-databind.git",
        "ssh_url": "git@github.com:FasterXML/jackson-databind.git",
        "clone_url": "https://github.com/FasterXML/jackson-databind.git",
        "svn_url": "https://github.com/FasterXML/jackson-databind",
        "homepage": "",
        "size": 77876,
        "stargazers_count": 3457,
        "watchers_count": 3457,
        "language": "Java",
        "has_issues": true,
        "has_projects": true,
        "has_downloads": true,
        "has_wiki": true,
        "has_pages": true,
        "has_discussions": true,
        "forks_count": 1364,
        "mirror_url": null,
        "archived": false,
        "disabled": false,
        "open_issues_count": 508,
        "license": {
            "key": "apache-2.0",
            "name": "Apache License 2.0",
            "spdx_id": "Apache-2.0",
            "url": "https://api.github.com/licenses/apache-2.0",
            "node_id": "MDc6TGljZW5zZTI="
        },
        "allow_forking": true,
        "is_template": false,
        "web_commit_signoff_required": false,
        "topics": [
            "hacktoberfest",
            "jackson",
            "jackson-databind",
            "json"
        ],
        "visibility": "public",
        "forks": 1364,
        "open_issues": 508,
        "watchers": 3457,
        "default_branch": "2.18"
    },
    "network_count": 1364,
    "subscribers_count": 0
}