{
    "id": 159888655,
    "node_id": "MDEwOlJlcG9zaXRvcnkxNTk4ODg2NTU=",
    "name": "autopsy",
    "full_name": "wjcsharp/autopsy",
    "private": false,
    "owner": {
        "login": "wjcsharp",
        "id": 1591099,
        "node_id": "MDQ6VXNlcjE1OTEwOTk=",
        "avatar_url": "https://avatars.githubusercontent.com/u/1591099?v=4",
        "gravatar_id": "",
        "url": "https://api.github.com/users/wjcsharp",
        "html_url": "https://github.com/wjcsharp",
        "followers_url": "https://api.github.com/users/wjcsharp/followers",
        "following_url": "https://api.github.com/users/wjcsharp/following{/other_user}",
        "gists_url": "https://api.github.com/users/wjcsharp/gists{/gist_id}",
        "starred_url": "https://api.github.com/users/wjcsharp/starred{/owner}{/repo}",
        "subscriptions_url": "https://api.github.com/users/wjcsharp/subscriptions",
        "organizations_url": "https://api.github.com/users/wjcsharp/orgs",
        "repos_url": "https://api.github.com/users/wjcsharp/repos",
        "events_url": "https://api.github.com/users/wjcsharp/events{/privacy}",
        "received_events_url": "https://api.github.com/users/wjcsharp/received_events",
        "type": "User",
        "site_admin": false
    },
    "html_url": "https://github.com/wjcsharp/autopsy",
    "description": "Autopsy\u00ae is a digital forensics platform and graphical interface to The Sleuth Kit\u00ae and other digital forensics tools. It can be used by law enforcement, military, and corporate examiners to investigate what happened on a computer. You can even use it to recover photos from your camera's memory card. ",
    "fork": true,
    "url": "https://api.github.com/repos/wjcsharp/autopsy",
    "forks_url": "https://api.github.com/repos/wjcsharp/autopsy/forks",
    "keys_url": "https://api.github.com/repos/wjcsharp/autopsy/keys{/key_id}",
    "collaborators_url": "https://api.github.com/repos/wjcsharp/autopsy/collaborators{/collaborator}",
    "teams_url": "https://api.github.com/repos/wjcsharp/autopsy/teams",
    "hooks_url": "https://api.github.com/repos/wjcsharp/autopsy/hooks",
    "issue_events_url": "https://api.github.com/repos/wjcsharp/autopsy/issues/events{/number}",
    "events_url": "https://api.github.com/repos/wjcsharp/autopsy/events",
    "assignees_url": "https://api.github.com/repos/wjcsharp/autopsy/assignees{/user}",
    "branches_url": "https://api.github.com/repos/wjcsharp/autopsy/branches{/branch}",
    "tags_url": "https://api.github.com/repos/wjcsharp/autopsy/tags",
    "blobs_url": "https://api.github.com/repos/wjcsharp/autopsy/git/blobs{/sha}",
    "git_tags_url": "https://api.github.com/repos/wjcsharp/autopsy/git/tags{/sha}",
    "git_refs_url": "https://api.github.com/repos/wjcsharp/autopsy/git/refs{/sha}",
    "trees_url": "https://api.github.com/repos/wjcsharp/autopsy/git/trees{/sha}",
    "statuses_url": "https://api.github.com/repos/wjcsharp/autopsy/statuses/{sha}",
    "languages_url": "https://api.github.com/repos/wjcsharp/autopsy/languages",
    "stargazers_url": "https://api.github.com/repos/wjcsharp/autopsy/stargazers",
    "contributors_url": "https://api.github.com/repos/wjcsharp/autopsy/contributors",
    "subscribers_url": "https://api.github.com/repos/wjcsharp/autopsy/subscribers",
    "subscription_url": "https://api.github.com/repos/wjcsharp/autopsy/subscription",
    "commits_url": "https://api.github.com/repos/wjcsharp/autopsy/commits{/sha}",
    "git_commits_url": "https://api.github.com/repos/wjcsharp/autopsy/git/commits{/sha}",
    "comments_url": "https://api.github.com/repos/wjcsharp/autopsy/comments{/number}",
    "issue_comment_url": "https://api.github.com/repos/wjcsharp/autopsy/issues/comments{/number}",
    "contents_url": "https://api.github.com/repos/wjcsharp/autopsy/contents/{+path}",
    "compare_url": "https://api.github.com/repos/wjcsharp/autopsy/compare/{base}...{head}",
    "merges_url": "https://api.github.com/repos/wjcsharp/autopsy/merges",
    "archive_url": "https://api.github.com/repos/wjcsharp/autopsy/{archive_format}{/ref}",
    "downloads_url": "https://api.github.com/repos/wjcsharp/autopsy/downloads",
    "issues_url": "https://api.github.com/repos/wjcsharp/autopsy/issues{/number}",
    "pulls_url": "https://api.github.com/repos/wjcsharp/autopsy/pulls{/number}",
    "milestones_url": "https://api.github.com/repos/wjcsharp/autopsy/milestones{/number}",
    "notifications_url": "https://api.github.com/repos/wjcsharp/autopsy/notifications{?since,all,participating}",
    "labels_url": "https://api.github.com/repos/wjcsharp/autopsy/labels{/name}",
    "releases_url": "https://api.github.com/repos/wjcsharp/autopsy/releases{/id}",
    "deployments_url": "https://api.github.com/repos/wjcsharp/autopsy/deployments",
    "created_at": "2018-11-30T23:13:26Z",
    "updated_at": "2021-06-27T17:45:12Z",
    "pushed_at": "2018-11-30T21:57:08Z",
    "git_url": "git://github.com/wjcsharp/autopsy.git",
    "ssh_url": "git@github.com:wjcsharp/autopsy.git",
    "clone_url": "https://github.com/wjcsharp/autopsy.git",
    "svn_url": "https://github.com/wjcsharp/autopsy",
    "homepage": "http://www.sleuthkit.org/autopsy/",
    "size": 668644,
    "stargazers_count": 1,
    "watchers_count": 1,
    "language": "Java",
    "has_issues": false,
    "has_projects": true,
    "has_downloads": true,
    "has_wiki": false,
    "has_pages": false,
    "has_discussions": false,
    "forks_count": 0,
    "mirror_url": null,
    "archived": false,
    "disabled": false,
    "open_issues_count": 0,
    "license": null,
    "allow_forking": true,
    "is_template": false,
    "web_commit_signoff_required": false,
    "topics": [],
    "visibility": "public",
    "forks": 0,
    "open_issues": 0,
    "watchers": 1,
    "default_branch": "develop",
    "permissions": {
        "admin": false,
        "maintain": false,
        "push": false,
        "triage": false,
        "pull": true
    },
    "temp_clone_token": "",
    "parent": {
        "id": 2516243,
        "node_id": "MDEwOlJlcG9zaXRvcnkyNTE2MjQz",
        "name": "autopsy",
        "full_name": "sleuthkit/autopsy",
        "private": false,
        "owner": {
            "login": "sleuthkit",
            "id": 866922,
            "node_id": "MDEyOk9yZ2FuaXphdGlvbjg2NjkyMg==",
            "avatar_url": "https://avatars.githubusercontent.com/u/866922?v=4",
            "gravatar_id": "",
            "url": "https://api.github.com/users/sleuthkit",
            "html_url": "https://github.com/sleuthkit",
            "followers_url": "https://api.github.com/users/sleuthkit/followers",
            "following_url": "https://api.github.com/users/sleuthkit/following{/other_user}",
            "gists_url": "https://api.github.com/users/sleuthkit/gists{/gist_id}",
            "starred_url": "https://api.github.com/users/sleuthkit/starred{/owner}{/repo}",
            "subscriptions_url": "https://api.github.com/users/sleuthkit/subscriptions",
            "organizations_url": "https://api.github.com/users/sleuthkit/orgs",
            "repos_url": "https://api.github.com/users/sleuthkit/repos",
            "events_url": "https://api.github.com/users/sleuthkit/events{/privacy}",
            "received_events_url": "https://api.github.com/users/sleuthkit/received_events",
            "type": "Organization",
            "site_admin": false
        },
        "html_url": "https://github.com/sleuthkit/autopsy",
        "description": "Autopsy\u00ae is a digital forensics platform and graphical interface to The Sleuth Kit\u00ae and other digital forensics tools. It can be used by law enforcement, military, and corporate examiners to investigate what happened on a computer. You can even use it to recover photos from your camera's memory card. ",
        "fork": false,
        "url": "https://api.github.com/repos/sleuthkit/autopsy",
        "forks_url": "https://api.github.com/repos/sleuthkit/autopsy/forks",
        "keys_url": "https://api.github.com/repos/sleuthkit/autopsy/keys{/key_id}",
        "collaborators_url": "https://api.github.com/repos/sleuthkit/autopsy/collaborators{/collaborator}",
        "teams_url": "https://api.github.com/repos/sleuthkit/autopsy/teams",
        "hooks_url": "https://api.github.com/repos/sleuthkit/autopsy/hooks",
        "issue_events_url": "https://api.github.com/repos/sleuthkit/autopsy/issues/events{/number}",
        "events_url": "https://api.github.com/repos/sleuthkit/autopsy/events",
        "assignees_url": "https://api.github.com/repos/sleuthkit/autopsy/assignees{/user}",
        "branches_url": "https://api.github.com/repos/sleuthkit/autopsy/branches{/branch}",
        "tags_url": "https://api.github.com/repos/sleuthkit/autopsy/tags",
        "blobs_url": "https://api.github.com/repos/sleuthkit/autopsy/git/blobs{/sha}",
        "git_tags_url": "https://api.github.com/repos/sleuthkit/autopsy/git/tags{/sha}",
        "git_refs_url": "https://api.github.com/repos/sleuthkit/autopsy/git/refs{/sha}",
        "trees_url": "https://api.github.com/repos/sleuthkit/autopsy/git/trees{/sha}",
        "statuses_url": "https://api.github.com/repos/sleuthkit/autopsy/statuses/{sha}",
        "languages_url": "https://api.github.com/repos/sleuthkit/autopsy/languages",
        "stargazers_url": "https://api.github.com/repos/sleuthkit/autopsy/stargazers",
        "contributors_url": "https://api.github.com/repos/sleuthkit/autopsy/contributors",
        "subscribers_url": "https://api.github.com/repos/sleuthkit/autopsy/subscribers",
        "subscription_url": "https://api.github.com/repos/sleuthkit/autopsy/subscription",
        "commits_url": "https://api.github.com/repos/sleuthkit/autopsy/commits{/sha}",
        "git_commits_url": "https://api.github.com/repos/sleuthkit/autopsy/git/commits{/sha}",
        "comments_url": "https://api.github.com/repos/sleuthkit/autopsy/comments{/number}",
        "issue_comment_url": "https://api.github.com/repos/sleuthkit/autopsy/issues/comments{/number}",
        "contents_url": "https://api.github.com/repos/sleuthkit/autopsy/contents/{+path}",
        "compare_url": "https://api.github.com/repos/sleuthkit/autopsy/compare/{base}...{head}",
        "merges_url": "https://api.github.com/repos/sleuthkit/autopsy/merges",
        "archive_url": "https://api.github.com/repos/sleuthkit/autopsy/{archive_format}{/ref}",
        "downloads_url": "https://api.github.com/repos/sleuthkit/autopsy/downloads",
        "issues_url": "https://api.github.com/repos/sleuthkit/autopsy/issues{/number}",
        "pulls_url": "https://api.github.com/repos/sleuthkit/autopsy/pulls{/number}",
        "milestones_url": "https://api.github.com/repos/sleuthkit/autopsy/milestones{/number}",
        "notifications_url": "https://api.github.com/repos/sleuthkit/autopsy/notifications{?since,all,participating}",
        "labels_url": "https://api.github.com/repos/sleuthkit/autopsy/labels{/name}",
        "releases_url": "https://api.github.com/repos/sleuthkit/autopsy/releases{/id}",
        "deployments_url": "https://api.github.com/repos/sleuthkit/autopsy/deployments",
        "created_at": "2011-10-05T02:11:11Z",
        "updated_at": "2024-04-29T03:00:06Z",
        "pushed_at": "2024-04-25T00:32:49Z",
        "git_url": "git://github.com/sleuthkit/autopsy.git",
        "ssh_url": "git@github.com:sleuthkit/autopsy.git",
        "clone_url": "https://github.com/sleuthkit/autopsy.git",
        "svn_url": "https://github.com/sleuthkit/autopsy",
        "homepage": "http://www.sleuthkit.org/autopsy/",
        "size": 2338875,
        "stargazers_count": 2247,
        "watchers_count": 2247,
        "language": "Java",
        "has_issues": true,
        "has_projects": true,
        "has_downloads": true,
        "has_wiki": false,
        "has_pages": false,
        "has_discussions": false,
        "forks_count": 575,
        "mirror_url": null,
        "archived": false,
        "disabled": false,
        "open_issues_count": 349,
        "license": null,
        "allow_forking": true,
        "is_template": false,
        "web_commit_signoff_required": false,
        "topics": [
            "forensics",
            "java"
        ],
        "visibility": "public",
        "forks": 575,
        "open_issues": 349,
        "watchers": 2247,
        "default_branch": "develop"
    },
    "source": {
        "id": 2516243,
        "node_id": "MDEwOlJlcG9zaXRvcnkyNTE2MjQz",
        "name": "autopsy",
        "full_name": "sleuthkit/autopsy",
        "private": false,
        "owner": {
            "login": "sleuthkit",
            "id": 866922,
            "node_id": "MDEyOk9yZ2FuaXphdGlvbjg2NjkyMg==",
            "avatar_url": "https://avatars.githubusercontent.com/u/866922?v=4",
            "gravatar_id": "",
            "url": "https://api.github.com/users/sleuthkit",
            "html_url": "https://github.com/sleuthkit",
            "followers_url": "https://api.github.com/users/sleuthkit/followers",
            "following_url": "https://api.github.com/users/sleuthkit/following{/other_user}",
            "gists_url": "https://api.github.com/users/sleuthkit/gists{/gist_id}",
            "starred_url": "https://api.github.com/users/sleuthkit/starred{/owner}{/repo}",
            "subscriptions_url": "https://api.github.com/users/sleuthkit/subscriptions",
            "organizations_url": "https://api.github.com/users/sleuthkit/orgs",
            "repos_url": "https://api.github.com/users/sleuthkit/repos",
            "events_url": "https://api.github.com/users/sleuthkit/events{/privacy}",
            "received_events_url": "https://api.github.com/users/sleuthkit/received_events",
            "type": "Organization",
            "site_admin": false
        },
        "html_url": "https://github.com/sleuthkit/autopsy",
        "description": "Autopsy\u00ae is a digital forensics platform and graphical interface to The Sleuth Kit\u00ae and other digital forensics tools. It can be used by law enforcement, military, and corporate examiners to investigate what happened on a computer. You can even use it to recover photos from your camera's memory card. ",
        "fork": false,
        "url": "https://api.github.com/repos/sleuthkit/autopsy",
        "forks_url": "https://api.github.com/repos/sleuthkit/autopsy/forks",
        "keys_url": "https://api.github.com/repos/sleuthkit/autopsy/keys{/key_id}",
        "collaborators_url": "https://api.github.com/repos/sleuthkit/autopsy/collaborators{/collaborator}",
        "teams_url": "https://api.github.com/repos/sleuthkit/autopsy/teams",
        "hooks_url": "https://api.github.com/repos/sleuthkit/autopsy/hooks",
        "issue_events_url": "https://api.github.com/repos/sleuthkit/autopsy/issues/events{/number}",
        "events_url": "https://api.github.com/repos/sleuthkit/autopsy/events",
        "assignees_url": "https://api.github.com/repos/sleuthkit/autopsy/assignees{/user}",
        "branches_url": "https://api.github.com/repos/sleuthkit/autopsy/branches{/branch}",
        "tags_url": "https://api.github.com/repos/sleuthkit/autopsy/tags",
        "blobs_url": "https://api.github.com/repos/sleuthkit/autopsy/git/blobs{/sha}",
        "git_tags_url": "https://api.github.com/repos/sleuthkit/autopsy/git/tags{/sha}",
        "git_refs_url": "https://api.github.com/repos/sleuthkit/autopsy/git/refs{/sha}",
        "trees_url": "https://api.github.com/repos/sleuthkit/autopsy/git/trees{/sha}",
        "statuses_url": "https://api.github.com/repos/sleuthkit/autopsy/statuses/{sha}",
        "languages_url": "https://api.github.com/repos/sleuthkit/autopsy/languages",
        "stargazers_url": "https://api.github.com/repos/sleuthkit/autopsy/stargazers",
        "contributors_url": "https://api.github.com/repos/sleuthkit/autopsy/contributors",
        "subscribers_url": "https://api.github.com/repos/sleuthkit/autopsy/subscribers",
        "subscription_url": "https://api.github.com/repos/sleuthkit/autopsy/subscription",
        "commits_url": "https://api.github.com/repos/sleuthkit/autopsy/commits{/sha}",
        "git_commits_url": "https://api.github.com/repos/sleuthkit/autopsy/git/commits{/sha}",
        "comments_url": "https://api.github.com/repos/sleuthkit/autopsy/comments{/number}",
        "issue_comment_url": "https://api.github.com/repos/sleuthkit/autopsy/issues/comments{/number}",
        "contents_url": "https://api.github.com/repos/sleuthkit/autopsy/contents/{+path}",
        "compare_url": "https://api.github.com/repos/sleuthkit/autopsy/compare/{base}...{head}",
        "merges_url": "https://api.github.com/repos/sleuthkit/autopsy/merges",
        "archive_url": "https://api.github.com/repos/sleuthkit/autopsy/{archive_format}{/ref}",
        "downloads_url": "https://api.github.com/repos/sleuthkit/autopsy/downloads",
        "issues_url": "https://api.github.com/repos/sleuthkit/autopsy/issues{/number}",
        "pulls_url": "https://api.github.com/repos/sleuthkit/autopsy/pulls{/number}",
        "milestones_url": "https://api.github.com/repos/sleuthkit/autopsy/milestones{/number}",
        "notifications_url": "https://api.github.com/repos/sleuthkit/autopsy/notifications{?since,all,participating}",
        "labels_url": "https://api.github.com/repos/sleuthkit/autopsy/labels{/name}",
        "releases_url": "https://api.github.com/repos/sleuthkit/autopsy/releases{/id}",
        "deployments_url": "https://api.github.com/repos/sleuthkit/autopsy/deployments",
        "created_at": "2011-10-05T02:11:11Z",
        "updated_at": "2024-04-29T03:00:06Z",
        "pushed_at": "2024-04-25T00:32:49Z",
        "git_url": "git://github.com/sleuthkit/autopsy.git",
        "ssh_url": "git@github.com:sleuthkit/autopsy.git",
        "clone_url": "https://github.com/sleuthkit/autopsy.git",
        "svn_url": "https://github.com/sleuthkit/autopsy",
        "homepage": "http://www.sleuthkit.org/autopsy/",
        "size": 2338875,
        "stargazers_count": 2247,
        "watchers_count": 2247,
        "language": "Java",
        "has_issues": true,
        "has_projects": true,
        "has_downloads": true,
        "has_wiki": false,
        "has_pages": false,
        "has_discussions": false,
        "forks_count": 575,
        "mirror_url": null,
        "archived": false,
        "disabled": false,
        "open_issues_count": 349,
        "license": null,
        "allow_forking": true,
        "is_template": false,
        "web_commit_signoff_required": false,
        "topics": [
            "forensics",
            "java"
        ],
        "visibility": "public",
        "forks": 575,
        "open_issues": 349,
        "watchers": 2247,
        "default_branch": "develop"
    },
    "network_count": 575,
    "subscribers_count": 1
}