{
    "id": 262335530,
    "node_id": "MDEwOlJlcG9zaXRvcnkyNjIzMzU1MzA=",
    "name": "gmall",
    "full_name": "clomanyao/gmall",
    "private": false,
    "owner": {
        "login": "clomanyao",
        "id": 55227707,
        "node_id": "MDQ6VXNlcjU1MjI3NzA3",
        "avatar_url": "https://avatars.githubusercontent.com/u/55227707?v=4",
        "gravatar_id": "",
        "url": "https://api.github.com/users/clomanyao",
        "html_url": "https://github.com/clomanyao",
        "followers_url": "https://api.github.com/users/clomanyao/followers",
        "following_url": "https://api.github.com/users/clomanyao/following{/other_user}",
        "gists_url": "https://api.github.com/users/clomanyao/gists{/gist_id}",
        "starred_url": "https://api.github.com/users/clomanyao/starred{/owner}{/repo}",
        "subscriptions_url": "https://api.github.com/users/clomanyao/subscriptions",
        "organizations_url": "https://api.github.com/users/clomanyao/orgs",
        "repos_url": "https://api.github.com/users/clomanyao/repos",
        "events_url": "https://api.github.com/users/clomanyao/events{/privacy}",
        "received_events_url": "https://api.github.com/users/clomanyao/received_events",
        "type": "User",
        "site_admin": false
    },
    "html_url": "https://github.com/clomanyao/gmall",
    "description": "\u5546\u57ce\u670d\u52a1",
    "fork": false,
    "url": "https://api.github.com/repos/clomanyao/gmall",
    "forks_url": "https://api.github.com/repos/clomanyao/gmall/forks",
    "keys_url": "https://api.github.com/repos/clomanyao/gmall/keys{/key_id}",
    "collaborators_url": "https://api.github.com/repos/clomanyao/gmall/collaborators{/collaborator}",
    "teams_url": "https://api.github.com/repos/clomanyao/gmall/teams",
    "hooks_url": "https://api.github.com/repos/clomanyao/gmall/hooks",
    "issue_events_url": "https://api.github.com/repos/clomanyao/gmall/issues/events{/number}",
    "events_url": "https://api.github.com/repos/clomanyao/gmall/events",
    "assignees_url": "https://api.github.com/repos/clomanyao/gmall/assignees{/user}",
    "branches_url": "https://api.github.com/repos/clomanyao/gmall/branches{/branch}",
    "tags_url": "https://api.github.com/repos/clomanyao/gmall/tags",
    "blobs_url": "https://api.github.com/repos/clomanyao/gmall/git/blobs{/sha}",
    "git_tags_url": "https://api.github.com/repos/clomanyao/gmall/git/tags{/sha}",
    "git_refs_url": "https://api.github.com/repos/clomanyao/gmall/git/refs{/sha}",
    "trees_url": "https://api.github.com/repos/clomanyao/gmall/git/trees{/sha}",
    "statuses_url": "https://api.github.com/repos/clomanyao/gmall/statuses/{sha}",
    "languages_url": "https://api.github.com/repos/clomanyao/gmall/languages",
    "stargazers_url": "https://api.github.com/repos/clomanyao/gmall/stargazers",
    "contributors_url": "https://api.github.com/repos/clomanyao/gmall/contributors",
    "subscribers_url": "https://api.github.com/repos/clomanyao/gmall/subscribers",
    "subscription_url": "https://api.github.com/repos/clomanyao/gmall/subscription",
    "commits_url": "https://api.github.com/repos/clomanyao/gmall/commits{/sha}",
    "git_commits_url": "https://api.github.com/repos/clomanyao/gmall/git/commits{/sha}",
    "comments_url": "https://api.github.com/repos/clomanyao/gmall/comments{/number}",
    "issue_comment_url": "https://api.github.com/repos/clomanyao/gmall/issues/comments{/number}",
    "contents_url": "https://api.github.com/repos/clomanyao/gmall/contents/{+path}",
    "compare_url": "https://api.github.com/repos/clomanyao/gmall/compare/{base}...{head}",
    "merges_url": "https://api.github.com/repos/clomanyao/gmall/merges",
    "archive_url": "https://api.github.com/repos/clomanyao/gmall/{archive_format}{/ref}",
    "downloads_url": "https://api.github.com/repos/clomanyao/gmall/downloads",
    "issues_url": "https://api.github.com/repos/clomanyao/gmall/issues{/number}",
    "pulls_url": "https://api.github.com/repos/clomanyao/gmall/pulls{/number}",
    "milestones_url": "https://api.github.com/repos/clomanyao/gmall/milestones{/number}",
    "notifications_url": "https://api.github.com/repos/clomanyao/gmall/notifications{?since,all,participating}",
    "labels_url": "https://api.github.com/repos/clomanyao/gmall/labels{/name}",
    "releases_url": "https://api.github.com/repos/clomanyao/gmall/releases{/id}",
    "deployments_url": "https://api.github.com/repos/clomanyao/gmall/deployments",
    "created_at": "2020-05-08T13:49:09Z",
    "updated_at": "2021-07-13T05:08:11Z",
    "pushed_at": "2022-07-06T20:51:26Z",
    "git_url": "git://github.com/clomanyao/gmall.git",
    "ssh_url": "git@github.com:clomanyao/gmall.git",
    "clone_url": "https://github.com/clomanyao/gmall.git",
    "svn_url": "https://github.com/clomanyao/gmall",
    "homepage": null,
    "size": 2741,
    "stargazers_count": 0,
    "watchers_count": 0,
    "language": "JavaScript",
    "has_issues": true,
    "has_projects": true,
    "has_downloads": true,
    "has_wiki": true,
    "has_pages": false,
    "has_discussions": false,
    "forks_count": 0,
    "mirror_url": null,
    "archived": false,
    "disabled": false,
    "open_issues_count": 15,
    "license": {
        "key": "apache-2.0",
        "name": "Apache License 2.0",
        "spdx_id": "Apache-2.0",
        "url": "https://api.github.com/licenses/apache-2.0",
        "node_id": "MDc6TGljZW5zZTI="
    },
    "allow_forking": true,
    "is_template": false,
    "web_commit_signoff_required": false,
    "topics": [],
    "visibility": "public",
    "forks": 0,
    "open_issues": 15,
    "watchers": 0,
    "default_branch": "master",
    "permissions": {
        "admin": false,
        "maintain": false,
        "push": false,
        "triage": false,
        "pull": true
    },
    "temp_clone_token": "",
    "network_count": 0,
    "subscribers_count": 0
}