{
    "id": 168513787,
    "node_id": "MDEwOlJlcG9zaXRvcnkxNjg1MTM3ODc=",
    "name": "scribejava",
    "full_name": "oscararias/scribejava",
    "private": false,
    "owner": {
        "login": "oscararias",
        "id": 1755271,
        "node_id": "MDQ6VXNlcjE3NTUyNzE=",
        "avatar_url": "https://avatars.githubusercontent.com/u/1755271?v=4",
        "gravatar_id": "",
        "url": "https://api.github.com/users/oscararias",
        "html_url": "https://github.com/oscararias",
        "followers_url": "https://api.github.com/users/oscararias/followers",
        "following_url": "https://api.github.com/users/oscararias/following{/other_user}",
        "gists_url": "https://api.github.com/users/oscararias/gists{/gist_id}",
        "starred_url": "https://api.github.com/users/oscararias/starred{/owner}{/repo}",
        "subscriptions_url": "https://api.github.com/users/oscararias/subscriptions",
        "organizations_url": "https://api.github.com/users/oscararias/orgs",
        "repos_url": "https://api.github.com/users/oscararias/repos",
        "events_url": "https://api.github.com/users/oscararias/events{/privacy}",
        "received_events_url": "https://api.github.com/users/oscararias/received_events",
        "type": "User",
        "site_admin": false
    },
    "html_url": "https://github.com/oscararias/scribejava",
    "description": "Simple OAuth library for Java",
    "fork": true,
    "url": "https://api.github.com/repos/oscararias/scribejava",
    "forks_url": "https://api.github.com/repos/oscararias/scribejava/forks",
    "keys_url": "https://api.github.com/repos/oscararias/scribejava/keys{/key_id}",
    "collaborators_url": "https://api.github.com/repos/oscararias/scribejava/collaborators{/collaborator}",
    "teams_url": "https://api.github.com/repos/oscararias/scribejava/teams",
    "hooks_url": "https://api.github.com/repos/oscararias/scribejava/hooks",
    "issue_events_url": "https://api.github.com/repos/oscararias/scribejava/issues/events{/number}",
    "events_url": "https://api.github.com/repos/oscararias/scribejava/events",
    "assignees_url": "https://api.github.com/repos/oscararias/scribejava/assignees{/user}",
    "branches_url": "https://api.github.com/repos/oscararias/scribejava/branches{/branch}",
    "tags_url": "https://api.github.com/repos/oscararias/scribejava/tags",
    "blobs_url": "https://api.github.com/repos/oscararias/scribejava/git/blobs{/sha}",
    "git_tags_url": "https://api.github.com/repos/oscararias/scribejava/git/tags{/sha}",
    "git_refs_url": "https://api.github.com/repos/oscararias/scribejava/git/refs{/sha}",
    "trees_url": "https://api.github.com/repos/oscararias/scribejava/git/trees{/sha}",
    "statuses_url": "https://api.github.com/repos/oscararias/scribejava/statuses/{sha}",
    "languages_url": "https://api.github.com/repos/oscararias/scribejava/languages",
    "stargazers_url": "https://api.github.com/repos/oscararias/scribejava/stargazers",
    "contributors_url": "https://api.github.com/repos/oscararias/scribejava/contributors",
    "subscribers_url": "https://api.github.com/repos/oscararias/scribejava/subscribers",
    "subscription_url": "https://api.github.com/repos/oscararias/scribejava/subscription",
    "commits_url": "https://api.github.com/repos/oscararias/scribejava/commits{/sha}",
    "git_commits_url": "https://api.github.com/repos/oscararias/scribejava/git/commits{/sha}",
    "comments_url": "https://api.github.com/repos/oscararias/scribejava/comments{/number}",
    "issue_comment_url": "https://api.github.com/repos/oscararias/scribejava/issues/comments{/number}",
    "contents_url": "https://api.github.com/repos/oscararias/scribejava/contents/{+path}",
    "compare_url": "https://api.github.com/repos/oscararias/scribejava/compare/{base}...{head}",
    "merges_url": "https://api.github.com/repos/oscararias/scribejava/merges",
    "archive_url": "https://api.github.com/repos/oscararias/scribejava/{archive_format}{/ref}",
    "downloads_url": "https://api.github.com/repos/oscararias/scribejava/downloads",
    "issues_url": "https://api.github.com/repos/oscararias/scribejava/issues{/number}",
    "pulls_url": "https://api.github.com/repos/oscararias/scribejava/pulls{/number}",
    "milestones_url": "https://api.github.com/repos/oscararias/scribejava/milestones{/number}",
    "notifications_url": "https://api.github.com/repos/oscararias/scribejava/notifications{?since,all,participating}",
    "labels_url": "https://api.github.com/repos/oscararias/scribejava/labels{/name}",
    "releases_url": "https://api.github.com/repos/oscararias/scribejava/releases{/id}",
    "deployments_url": "https://api.github.com/repos/oscararias/scribejava/deployments",
    "created_at": "2019-01-31T11:24:38Z",
    "updated_at": "2019-01-31T11:24:41Z",
    "pushed_at": "2019-02-01T12:00:49Z",
    "git_url": "git://github.com/oscararias/scribejava.git",
    "ssh_url": "git@github.com:oscararias/scribejava.git",
    "clone_url": "https://github.com/oscararias/scribejava.git",
    "svn_url": "https://github.com/oscararias/scribejava",
    "homepage": "https://github.com/scribejava/scribejava",
    "size": 3115,
    "stargazers_count": 0,
    "watchers_count": 0,
    "language": "Java",
    "has_issues": false,
    "has_projects": true,
    "has_downloads": true,
    "has_wiki": true,
    "has_pages": false,
    "has_discussions": false,
    "forks_count": 0,
    "mirror_url": null,
    "archived": false,
    "disabled": false,
    "open_issues_count": 0,
    "license": {
        "key": "mit",
        "name": "MIT License",
        "spdx_id": "MIT",
        "url": "https://api.github.com/licenses/mit",
        "node_id": "MDc6TGljZW5zZTEz"
    },
    "allow_forking": true,
    "is_template": false,
    "web_commit_signoff_required": false,
    "topics": [],
    "visibility": "public",
    "forks": 0,
    "open_issues": 0,
    "watchers": 0,
    "default_branch": "master",
    "permissions": {
        "admin": false,
        "maintain": false,
        "push": false,
        "triage": false,
        "pull": true
    },
    "temp_clone_token": "",
    "parent": {
        "id": 889932,
        "node_id": "MDEwOlJlcG9zaXRvcnk4ODk5MzI=",
        "name": "scribejava",
        "full_name": "scribejava/scribejava",
        "private": false,
        "owner": {
            "login": "scribejava",
            "id": 15140551,
            "node_id": "MDEyOk9yZ2FuaXphdGlvbjE1MTQwNTUx",
            "avatar_url": "https://avatars.githubusercontent.com/u/15140551?v=4",
            "gravatar_id": "",
            "url": "https://api.github.com/users/scribejava",
            "html_url": "https://github.com/scribejava",
            "followers_url": "https://api.github.com/users/scribejava/followers",
            "following_url": "https://api.github.com/users/scribejava/following{/other_user}",
            "gists_url": "https://api.github.com/users/scribejava/gists{/gist_id}",
            "starred_url": "https://api.github.com/users/scribejava/starred{/owner}{/repo}",
            "subscriptions_url": "https://api.github.com/users/scribejava/subscriptions",
            "organizations_url": "https://api.github.com/users/scribejava/orgs",
            "repos_url": "https://api.github.com/users/scribejava/repos",
            "events_url": "https://api.github.com/users/scribejava/events{/privacy}",
            "received_events_url": "https://api.github.com/users/scribejava/received_events",
            "type": "Organization",
            "site_admin": false
        },
        "html_url": "https://github.com/scribejava/scribejava",
        "description": "Simple OAuth library for Java",
        "fork": false,
        "url": "https://api.github.com/repos/scribejava/scribejava",
        "forks_url": "https://api.github.com/repos/scribejava/scribejava/forks",
        "keys_url": "https://api.github.com/repos/scribejava/scribejava/keys{/key_id}",
        "collaborators_url": "https://api.github.com/repos/scribejava/scribejava/collaborators{/collaborator}",
        "teams_url": "https://api.github.com/repos/scribejava/scribejava/teams",
        "hooks_url": "https://api.github.com/repos/scribejava/scribejava/hooks",
        "issue_events_url": "https://api.github.com/repos/scribejava/scribejava/issues/events{/number}",
        "events_url": "https://api.github.com/repos/scribejava/scribejava/events",
        "assignees_url": "https://api.github.com/repos/scribejava/scribejava/assignees{/user}",
        "branches_url": "https://api.github.com/repos/scribejava/scribejava/branches{/branch}",
        "tags_url": "https://api.github.com/repos/scribejava/scribejava/tags",
        "blobs_url": "https://api.github.com/repos/scribejava/scribejava/git/blobs{/sha}",
        "git_tags_url": "https://api.github.com/repos/scribejava/scribejava/git/tags{/sha}",
        "git_refs_url": "https://api.github.com/repos/scribejava/scribejava/git/refs{/sha}",
        "trees_url": "https://api.github.com/repos/scribejava/scribejava/git/trees{/sha}",
        "statuses_url": "https://api.github.com/repos/scribejava/scribejava/statuses/{sha}",
        "languages_url": "https://api.github.com/repos/scribejava/scribejava/languages",
        "stargazers_url": "https://api.github.com/repos/scribejava/scribejava/stargazers",
        "contributors_url": "https://api.github.com/repos/scribejava/scribejava/contributors",
        "subscribers_url": "https://api.github.com/repos/scribejava/scribejava/subscribers",
        "subscription_url": "https://api.github.com/repos/scribejava/scribejava/subscription",
        "commits_url": "https://api.github.com/repos/scribejava/scribejava/commits{/sha}",
        "git_commits_url": "https://api.github.com/repos/scribejava/scribejava/git/commits{/sha}",
        "comments_url": "https://api.github.com/repos/scribejava/scribejava/comments{/number}",
        "issue_comment_url": "https://api.github.com/repos/scribejava/scribejava/issues/comments{/number}",
        "contents_url": "https://api.github.com/repos/scribejava/scribejava/contents/{+path}",
        "compare_url": "https://api.github.com/repos/scribejava/scribejava/compare/{base}...{head}",
        "merges_url": "https://api.github.com/repos/scribejava/scribejava/merges",
        "archive_url": "https://api.github.com/repos/scribejava/scribejava/{archive_format}{/ref}",
        "downloads_url": "https://api.github.com/repos/scribejava/scribejava/downloads",
        "issues_url": "https://api.github.com/repos/scribejava/scribejava/issues{/number}",
        "pulls_url": "https://api.github.com/repos/scribejava/scribejava/pulls{/number}",
        "milestones_url": "https://api.github.com/repos/scribejava/scribejava/milestones{/number}",
        "notifications_url": "https://api.github.com/repos/scribejava/scribejava/notifications{?since,all,participating}",
        "labels_url": "https://api.github.com/repos/scribejava/scribejava/labels{/name}",
        "releases_url": "https://api.github.com/repos/scribejava/scribejava/releases{/id}",
        "deployments_url": "https://api.github.com/repos/scribejava/scribejava/deployments",
        "created_at": "2010-09-05T19:11:40Z",
        "updated_at": "2024-04-30T02:39:14Z",
        "pushed_at": "2024-04-16T19:41:31Z",
        "git_url": "git://github.com/scribejava/scribejava.git",
        "ssh_url": "git@github.com:scribejava/scribejava.git",
        "clone_url": "https://github.com/scribejava/scribejava.git",
        "svn_url": "https://github.com/scribejava/scribejava",
        "homepage": "https://github.com/scribejava/scribejava",
        "size": 2594,
        "stargazers_count": 5423,
        "watchers_count": 5423,
        "language": "Java",
        "has_issues": true,
        "has_projects": true,
        "has_downloads": true,
        "has_wiki": true,
        "has_pages": false,
        "has_discussions": false,
        "forks_count": 1671,
        "mirror_url": null,
        "archived": false,
        "disabled": false,
        "open_issues_count": 65,
        "license": {
            "key": "mit",
            "name": "MIT License",
            "spdx_id": "MIT",
            "url": "https://api.github.com/licenses/mit",
            "node_id": "MDc6TGljZW5zZTEz"
        },
        "allow_forking": true,
        "is_template": false,
        "web_commit_signoff_required": false,
        "topics": [
            "java",
            "oauth",
            "oauth2",
            "scribe",
            "scribe-java",
            "scribejava",
            "scribejava-httpclient"
        ],
        "visibility": "public",
        "forks": 1671,
        "open_issues": 65,
        "watchers": 5423,
        "default_branch": "master"
    },
    "source": {
        "id": 889932,
        "node_id": "MDEwOlJlcG9zaXRvcnk4ODk5MzI=",
        "name": "scribejava",
        "full_name": "scribejava/scribejava",
        "private": false,
        "owner": {
            "login": "scribejava",
            "id": 15140551,
            "node_id": "MDEyOk9yZ2FuaXphdGlvbjE1MTQwNTUx",
            "avatar_url": "https://avatars.githubusercontent.com/u/15140551?v=4",
            "gravatar_id": "",
            "url": "https://api.github.com/users/scribejava",
            "html_url": "https://github.com/scribejava",
            "followers_url": "https://api.github.com/users/scribejava/followers",
            "following_url": "https://api.github.com/users/scribejava/following{/other_user}",
            "gists_url": "https://api.github.com/users/scribejava/gists{/gist_id}",
            "starred_url": "https://api.github.com/users/scribejava/starred{/owner}{/repo}",
            "subscriptions_url": "https://api.github.com/users/scribejava/subscriptions",
            "organizations_url": "https://api.github.com/users/scribejava/orgs",
            "repos_url": "https://api.github.com/users/scribejava/repos",
            "events_url": "https://api.github.com/users/scribejava/events{/privacy}",
            "received_events_url": "https://api.github.com/users/scribejava/received_events",
            "type": "Organization",
            "site_admin": false
        },
        "html_url": "https://github.com/scribejava/scribejava",
        "description": "Simple OAuth library for Java",
        "fork": false,
        "url": "https://api.github.com/repos/scribejava/scribejava",
        "forks_url": "https://api.github.com/repos/scribejava/scribejava/forks",
        "keys_url": "https://api.github.com/repos/scribejava/scribejava/keys{/key_id}",
        "collaborators_url": "https://api.github.com/repos/scribejava/scribejava/collaborators{/collaborator}",
        "teams_url": "https://api.github.com/repos/scribejava/scribejava/teams",
        "hooks_url": "https://api.github.com/repos/scribejava/scribejava/hooks",
        "issue_events_url": "https://api.github.com/repos/scribejava/scribejava/issues/events{/number}",
        "events_url": "https://api.github.com/repos/scribejava/scribejava/events",
        "assignees_url": "https://api.github.com/repos/scribejava/scribejava/assignees{/user}",
        "branches_url": "https://api.github.com/repos/scribejava/scribejava/branches{/branch}",
        "tags_url": "https://api.github.com/repos/scribejava/scribejava/tags",
        "blobs_url": "https://api.github.com/repos/scribejava/scribejava/git/blobs{/sha}",
        "git_tags_url": "https://api.github.com/repos/scribejava/scribejava/git/tags{/sha}",
        "git_refs_url": "https://api.github.com/repos/scribejava/scribejava/git/refs{/sha}",
        "trees_url": "https://api.github.com/repos/scribejava/scribejava/git/trees{/sha}",
        "statuses_url": "https://api.github.com/repos/scribejava/scribejava/statuses/{sha}",
        "languages_url": "https://api.github.com/repos/scribejava/scribejava/languages",
        "stargazers_url": "https://api.github.com/repos/scribejava/scribejava/stargazers",
        "contributors_url": "https://api.github.com/repos/scribejava/scribejava/contributors",
        "subscribers_url": "https://api.github.com/repos/scribejava/scribejava/subscribers",
        "subscription_url": "https://api.github.com/repos/scribejava/scribejava/subscription",
        "commits_url": "https://api.github.com/repos/scribejava/scribejava/commits{/sha}",
        "git_commits_url": "https://api.github.com/repos/scribejava/scribejava/git/commits{/sha}",
        "comments_url": "https://api.github.com/repos/scribejava/scribejava/comments{/number}",
        "issue_comment_url": "https://api.github.com/repos/scribejava/scribejava/issues/comments{/number}",
        "contents_url": "https://api.github.com/repos/scribejava/scribejava/contents/{+path}",
        "compare_url": "https://api.github.com/repos/scribejava/scribejava/compare/{base}...{head}",
        "merges_url": "https://api.github.com/repos/scribejava/scribejava/merges",
        "archive_url": "https://api.github.com/repos/scribejava/scribejava/{archive_format}{/ref}",
        "downloads_url": "https://api.github.com/repos/scribejava/scribejava/downloads",
        "issues_url": "https://api.github.com/repos/scribejava/scribejava/issues{/number}",
        "pulls_url": "https://api.github.com/repos/scribejava/scribejava/pulls{/number}",
        "milestones_url": "https://api.github.com/repos/scribejava/scribejava/milestones{/number}",
        "notifications_url": "https://api.github.com/repos/scribejava/scribejava/notifications{?since,all,participating}",
        "labels_url": "https://api.github.com/repos/scribejava/scribejava/labels{/name}",
        "releases_url": "https://api.github.com/repos/scribejava/scribejava/releases{/id}",
        "deployments_url": "https://api.github.com/repos/scribejava/scribejava/deployments",
        "created_at": "2010-09-05T19:11:40Z",
        "updated_at": "2024-04-30T02:39:14Z",
        "pushed_at": "2024-04-16T19:41:31Z",
        "git_url": "git://github.com/scribejava/scribejava.git",
        "ssh_url": "git@github.com:scribejava/scribejava.git",
        "clone_url": "https://github.com/scribejava/scribejava.git",
        "svn_url": "https://github.com/scribejava/scribejava",
        "homepage": "https://github.com/scribejava/scribejava",
        "size": 2594,
        "stargazers_count": 5423,
        "watchers_count": 5423,
        "language": "Java",
        "has_issues": true,
        "has_projects": true,
        "has_downloads": true,
        "has_wiki": true,
        "has_pages": false,
        "has_discussions": false,
        "forks_count": 1671,
        "mirror_url": null,
        "archived": false,
        "disabled": false,
        "open_issues_count": 65,
        "license": {
            "key": "mit",
            "name": "MIT License",
            "spdx_id": "MIT",
            "url": "https://api.github.com/licenses/mit",
            "node_id": "MDc6TGljZW5zZTEz"
        },
        "allow_forking": true,
        "is_template": false,
        "web_commit_signoff_required": false,
        "topics": [
            "java",
            "oauth",
            "oauth2",
            "scribe",
            "scribe-java",
            "scribejava",
            "scribejava-httpclient"
        ],
        "visibility": "public",
        "forks": 1671,
        "open_issues": 65,
        "watchers": 5423,
        "default_branch": "master"
    },
    "network_count": 1671,
    "subscribers_count": 1
}