{
    "id": 32622526,
    "node_id": "MDEwOlJlcG9zaXRvcnkzMjYyMjUyNg==",
    "name": "Citelic-742",
    "full_name": "AkaFluffie/Citelic-742",
    "private": false,
    "owner": {
        "login": "AkaFluffie",
        "id": 5051294,
        "node_id": "MDQ6VXNlcjUwNTEyOTQ=",
        "avatar_url": "https://avatars.githubusercontent.com/u/5051294?v=4",
        "gravatar_id": "",
        "url": "https://api.github.com/users/AkaFluffie",
        "html_url": "https://github.com/AkaFluffie",
        "followers_url": "https://api.github.com/users/AkaFluffie/followers",
        "following_url": "https://api.github.com/users/AkaFluffie/following{/other_user}",
        "gists_url": "https://api.github.com/users/AkaFluffie/gists{/gist_id}",
        "starred_url": "https://api.github.com/users/AkaFluffie/starred{/owner}{/repo}",
        "subscriptions_url": "https://api.github.com/users/AkaFluffie/subscriptions",
        "organizations_url": "https://api.github.com/users/AkaFluffie/orgs",
        "repos_url": "https://api.github.com/users/AkaFluffie/repos",
        "events_url": "https://api.github.com/users/AkaFluffie/events{/privacy}",
        "received_events_url": "https://api.github.com/users/AkaFluffie/received_events",
        "type": "User",
        "site_admin": false
    },
    "html_url": "https://github.com/AkaFluffie/Citelic-742",
    "description": "Revolutionary game server.",
    "fork": false,
    "url": "https://api.github.com/repos/AkaFluffie/Citelic-742",
    "forks_url": "https://api.github.com/repos/AkaFluffie/Citelic-742/forks",
    "keys_url": "https://api.github.com/repos/AkaFluffie/Citelic-742/keys{/key_id}",
    "collaborators_url": "https://api.github.com/repos/AkaFluffie/Citelic-742/collaborators{/collaborator}",
    "teams_url": "https://api.github.com/repos/AkaFluffie/Citelic-742/teams",
    "hooks_url": "https://api.github.com/repos/AkaFluffie/Citelic-742/hooks",
    "issue_events_url": "https://api.github.com/repos/AkaFluffie/Citelic-742/issues/events{/number}",
    "events_url": "https://api.github.com/repos/AkaFluffie/Citelic-742/events",
    "assignees_url": "https://api.github.com/repos/AkaFluffie/Citelic-742/assignees{/user}",
    "branches_url": "https://api.github.com/repos/AkaFluffie/Citelic-742/branches{/branch}",
    "tags_url": "https://api.github.com/repos/AkaFluffie/Citelic-742/tags",
    "blobs_url": "https://api.github.com/repos/AkaFluffie/Citelic-742/git/blobs{/sha}",
    "git_tags_url": "https://api.github.com/repos/AkaFluffie/Citelic-742/git/tags{/sha}",
    "git_refs_url": "https://api.github.com/repos/AkaFluffie/Citelic-742/git/refs{/sha}",
    "trees_url": "https://api.github.com/repos/AkaFluffie/Citelic-742/git/trees{/sha}",
    "statuses_url": "https://api.github.com/repos/AkaFluffie/Citelic-742/statuses/{sha}",
    "languages_url": "https://api.github.com/repos/AkaFluffie/Citelic-742/languages",
    "stargazers_url": "https://api.github.com/repos/AkaFluffie/Citelic-742/stargazers",
    "contributors_url": "https://api.github.com/repos/AkaFluffie/Citelic-742/contributors",
    "subscribers_url": "https://api.github.com/repos/AkaFluffie/Citelic-742/subscribers",
    "subscription_url": "https://api.github.com/repos/AkaFluffie/Citelic-742/subscription",
    "commits_url": "https://api.github.com/repos/AkaFluffie/Citelic-742/commits{/sha}",
    "git_commits_url": "https://api.github.com/repos/AkaFluffie/Citelic-742/git/commits{/sha}",
    "comments_url": "https://api.github.com/repos/AkaFluffie/Citelic-742/comments{/number}",
    "issue_comment_url": "https://api.github.com/repos/AkaFluffie/Citelic-742/issues/comments{/number}",
    "contents_url": "https://api.github.com/repos/AkaFluffie/Citelic-742/contents/{+path}",
    "compare_url": "https://api.github.com/repos/AkaFluffie/Citelic-742/compare/{base}...{head}",
    "merges_url": "https://api.github.com/repos/AkaFluffie/Citelic-742/merges",
    "archive_url": "https://api.github.com/repos/AkaFluffie/Citelic-742/{archive_format}{/ref}",
    "downloads_url": "https://api.github.com/repos/AkaFluffie/Citelic-742/downloads",
    "issues_url": "https://api.github.com/repos/AkaFluffie/Citelic-742/issues{/number}",
    "pulls_url": "https://api.github.com/repos/AkaFluffie/Citelic-742/pulls{/number}",
    "milestones_url": "https://api.github.com/repos/AkaFluffie/Citelic-742/milestones{/number}",
    "notifications_url": "https://api.github.com/repos/AkaFluffie/Citelic-742/notifications{?since,all,participating}",
    "labels_url": "https://api.github.com/repos/AkaFluffie/Citelic-742/labels{/name}",
    "releases_url": "https://api.github.com/repos/AkaFluffie/Citelic-742/releases{/id}",
    "deployments_url": "https://api.github.com/repos/AkaFluffie/Citelic-742/deployments",
    "created_at": "2015-03-21T06:28:56Z",
    "updated_at": "2015-03-21T06:28:58Z",
    "pushed_at": "2015-03-11T17:51:58Z",
    "git_url": "git://github.com/AkaFluffie/Citelic-742.git",
    "ssh_url": "git@github.com:AkaFluffie/Citelic-742.git",
    "clone_url": "https://github.com/AkaFluffie/Citelic-742.git",
    "svn_url": "https://github.com/AkaFluffie/Citelic-742",
    "homepage": null,
    "size": 5171,
    "stargazers_count": 0,
    "watchers_count": 0,
    "language": "Java",
    "has_issues": false,
    "has_projects": true,
    "has_downloads": true,
    "has_wiki": true,
    "has_pages": false,
    "has_discussions": false,
    "forks_count": 3,
    "mirror_url": null,
    "archived": false,
    "disabled": false,
    "open_issues_count": 0,
    "license": {
        "key": "mit",
        "name": "MIT License",
        "spdx_id": "MIT",
        "url": "https://api.github.com/licenses/mit",
        "node_id": "MDc6TGljZW5zZTEz"
    },
    "allow_forking": true,
    "is_template": false,
    "web_commit_signoff_required": false,
    "topics": [],
    "visibility": "public",
    "forks": 3,
    "open_issues": 0,
    "watchers": 0,
    "default_branch": "master",
    "permissions": {
        "admin": false,
        "maintain": false,
        "push": false,
        "triage": false,
        "pull": true
    },
    "temp_clone_token": "",
    "network_count": 3,
    "subscribers_count": 2
}