{
    "id": 11394758,
    "node_id": "MDEwOlJlcG9zaXRvcnkxMTM5NDc1OA==",
    "name": "jamod",
    "full_name": "jeick/jamod",
    "private": false,
    "owner": {
        "login": "jeick",
        "id": 2242597,
        "node_id": "MDQ6VXNlcjIyNDI1OTc=",
        "avatar_url": "https://avatars.githubusercontent.com/u/2242597?v=4",
        "gravatar_id": "",
        "url": "https://api.github.com/users/jeick",
        "html_url": "https://github.com/jeick",
        "followers_url": "https://api.github.com/users/jeick/followers",
        "following_url": "https://api.github.com/users/jeick/following{/other_user}",
        "gists_url": "https://api.github.com/users/jeick/gists{/gist_id}",
        "starred_url": "https://api.github.com/users/jeick/starred{/owner}{/repo}",
        "subscriptions_url": "https://api.github.com/users/jeick/subscriptions",
        "organizations_url": "https://api.github.com/users/jeick/orgs",
        "repos_url": "https://api.github.com/users/jeick/repos",
        "events_url": "https://api.github.com/users/jeick/events{/privacy}",
        "received_events_url": "https://api.github.com/users/jeick/received_events",
        "type": "User",
        "site_admin": false
    },
    "html_url": "https://github.com/jeick/jamod",
    "description": "Github page for the Java Modbus Library (jamod) Project on Sourceforge: ",
    "fork": false,
    "url": "https://api.github.com/repos/jeick/jamod",
    "forks_url": "https://api.github.com/repos/jeick/jamod/forks",
    "keys_url": "https://api.github.com/repos/jeick/jamod/keys{/key_id}",
    "collaborators_url": "https://api.github.com/repos/jeick/jamod/collaborators{/collaborator}",
    "teams_url": "https://api.github.com/repos/jeick/jamod/teams",
    "hooks_url": "https://api.github.com/repos/jeick/jamod/hooks",
    "issue_events_url": "https://api.github.com/repos/jeick/jamod/issues/events{/number}",
    "events_url": "https://api.github.com/repos/jeick/jamod/events",
    "assignees_url": "https://api.github.com/repos/jeick/jamod/assignees{/user}",
    "branches_url": "https://api.github.com/repos/jeick/jamod/branches{/branch}",
    "tags_url": "https://api.github.com/repos/jeick/jamod/tags",
    "blobs_url": "https://api.github.com/repos/jeick/jamod/git/blobs{/sha}",
    "git_tags_url": "https://api.github.com/repos/jeick/jamod/git/tags{/sha}",
    "git_refs_url": "https://api.github.com/repos/jeick/jamod/git/refs{/sha}",
    "trees_url": "https://api.github.com/repos/jeick/jamod/git/trees{/sha}",
    "statuses_url": "https://api.github.com/repos/jeick/jamod/statuses/{sha}",
    "languages_url": "https://api.github.com/repos/jeick/jamod/languages",
    "stargazers_url": "https://api.github.com/repos/jeick/jamod/stargazers",
    "contributors_url": "https://api.github.com/repos/jeick/jamod/contributors",
    "subscribers_url": "https://api.github.com/repos/jeick/jamod/subscribers",
    "subscription_url": "https://api.github.com/repos/jeick/jamod/subscription",
    "commits_url": "https://api.github.com/repos/jeick/jamod/commits{/sha}",
    "git_commits_url": "https://api.github.com/repos/jeick/jamod/git/commits{/sha}",
    "comments_url": "https://api.github.com/repos/jeick/jamod/comments{/number}",
    "issue_comment_url": "https://api.github.com/repos/jeick/jamod/issues/comments{/number}",
    "contents_url": "https://api.github.com/repos/jeick/jamod/contents/{+path}",
    "compare_url": "https://api.github.com/repos/jeick/jamod/compare/{base}...{head}",
    "merges_url": "https://api.github.com/repos/jeick/jamod/merges",
    "archive_url": "https://api.github.com/repos/jeick/jamod/{archive_format}{/ref}",
    "downloads_url": "https://api.github.com/repos/jeick/jamod/downloads",
    "issues_url": "https://api.github.com/repos/jeick/jamod/issues{/number}",
    "pulls_url": "https://api.github.com/repos/jeick/jamod/pulls{/number}",
    "milestones_url": "https://api.github.com/repos/jeick/jamod/milestones{/number}",
    "notifications_url": "https://api.github.com/repos/jeick/jamod/notifications{?since,all,participating}",
    "labels_url": "https://api.github.com/repos/jeick/jamod/labels{/name}",
    "releases_url": "https://api.github.com/repos/jeick/jamod/releases{/id}",
    "deployments_url": "https://api.github.com/repos/jeick/jamod/deployments",
    "created_at": "2013-07-13T21:56:45Z",
    "updated_at": "2023-10-11T15:09:48Z",
    "pushed_at": "2013-08-26T04:48:47Z",
    "git_url": "git://github.com/jeick/jamod.git",
    "ssh_url": "git@github.com:jeick/jamod.git",
    "clone_url": "https://github.com/jeick/jamod.git",
    "svn_url": "https://github.com/jeick/jamod",
    "homepage": "http://jamod.sourceforge.net/",
    "size": 1136,
    "stargazers_count": 40,
    "watchers_count": 40,
    "language": "Java",
    "has_issues": true,
    "has_projects": true,
    "has_downloads": true,
    "has_wiki": true,
    "has_pages": false,
    "has_discussions": false,
    "forks_count": 12,
    "mirror_url": null,
    "archived": false,
    "disabled": false,
    "open_issues_count": 6,
    "license": {
        "key": "apache-2.0",
        "name": "Apache License 2.0",
        "spdx_id": "Apache-2.0",
        "url": "https://api.github.com/licenses/apache-2.0",
        "node_id": "MDc6TGljZW5zZTI="
    },
    "allow_forking": true,
    "is_template": false,
    "web_commit_signoff_required": false,
    "topics": [],
    "visibility": "public",
    "forks": 12,
    "open_issues": 6,
    "watchers": 40,
    "default_branch": "master",
    "permissions": {
        "admin": false,
        "maintain": false,
        "push": false,
        "triage": false,
        "pull": true
    },
    "temp_clone_token": "",
    "network_count": 12,
    "subscribers_count": 7
}