{
    "id": 204358854,
    "node_id": "MDEwOlJlcG9zaXRvcnkyMDQzNTg4NTQ=",
    "name": "PolyGlotPDF",
    "full_name": "DraqueT/PolyGlotPDF",
    "private": false,
    "owner": {
        "login": "DraqueT",
        "id": 8284425,
        "node_id": "MDQ6VXNlcjgyODQ0MjU=",
        "avatar_url": "https://avatars.githubusercontent.com/u/8284425?v=4",
        "gravatar_id": "",
        "url": "https://api.github.com/users/DraqueT",
        "html_url": "https://github.com/DraqueT",
        "followers_url": "https://api.github.com/users/DraqueT/followers",
        "following_url": "https://api.github.com/users/DraqueT/following{/other_user}",
        "gists_url": "https://api.github.com/users/DraqueT/gists{/gist_id}",
        "starred_url": "https://api.github.com/users/DraqueT/starred{/owner}{/repo}",
        "subscriptions_url": "https://api.github.com/users/DraqueT/subscriptions",
        "organizations_url": "https://api.github.com/users/DraqueT/orgs",
        "repos_url": "https://api.github.com/users/DraqueT/repos",
        "events_url": "https://api.github.com/users/DraqueT/events{/privacy}",
        "received_events_url": "https://api.github.com/users/DraqueT/received_events",
        "type": "User",
        "site_admin": false
    },
    "html_url": "https://github.com/DraqueT/PolyGlotPDF",
    "description": "This is a module for PolyGlot which allows it to print to PDF via Java 8 non-modular libraries",
    "fork": false,
    "url": "https://api.github.com/repos/DraqueT/PolyGlotPDF",
    "forks_url": "https://api.github.com/repos/DraqueT/PolyGlotPDF/forks",
    "keys_url": "https://api.github.com/repos/DraqueT/PolyGlotPDF/keys{/key_id}",
    "collaborators_url": "https://api.github.com/repos/DraqueT/PolyGlotPDF/collaborators{/collaborator}",
    "teams_url": "https://api.github.com/repos/DraqueT/PolyGlotPDF/teams",
    "hooks_url": "https://api.github.com/repos/DraqueT/PolyGlotPDF/hooks",
    "issue_events_url": "https://api.github.com/repos/DraqueT/PolyGlotPDF/issues/events{/number}",
    "events_url": "https://api.github.com/repos/DraqueT/PolyGlotPDF/events",
    "assignees_url": "https://api.github.com/repos/DraqueT/PolyGlotPDF/assignees{/user}",
    "branches_url": "https://api.github.com/repos/DraqueT/PolyGlotPDF/branches{/branch}",
    "tags_url": "https://api.github.com/repos/DraqueT/PolyGlotPDF/tags",
    "blobs_url": "https://api.github.com/repos/DraqueT/PolyGlotPDF/git/blobs{/sha}",
    "git_tags_url": "https://api.github.com/repos/DraqueT/PolyGlotPDF/git/tags{/sha}",
    "git_refs_url": "https://api.github.com/repos/DraqueT/PolyGlotPDF/git/refs{/sha}",
    "trees_url": "https://api.github.com/repos/DraqueT/PolyGlotPDF/git/trees{/sha}",
    "statuses_url": "https://api.github.com/repos/DraqueT/PolyGlotPDF/statuses/{sha}",
    "languages_url": "https://api.github.com/repos/DraqueT/PolyGlotPDF/languages",
    "stargazers_url": "https://api.github.com/repos/DraqueT/PolyGlotPDF/stargazers",
    "contributors_url": "https://api.github.com/repos/DraqueT/PolyGlotPDF/contributors",
    "subscribers_url": "https://api.github.com/repos/DraqueT/PolyGlotPDF/subscribers",
    "subscription_url": "https://api.github.com/repos/DraqueT/PolyGlotPDF/subscription",
    "commits_url": "https://api.github.com/repos/DraqueT/PolyGlotPDF/commits{/sha}",
    "git_commits_url": "https://api.github.com/repos/DraqueT/PolyGlotPDF/git/commits{/sha}",
    "comments_url": "https://api.github.com/repos/DraqueT/PolyGlotPDF/comments{/number}",
    "issue_comment_url": "https://api.github.com/repos/DraqueT/PolyGlotPDF/issues/comments{/number}",
    "contents_url": "https://api.github.com/repos/DraqueT/PolyGlotPDF/contents/{+path}",
    "compare_url": "https://api.github.com/repos/DraqueT/PolyGlotPDF/compare/{base}...{head}",
    "merges_url": "https://api.github.com/repos/DraqueT/PolyGlotPDF/merges",
    "archive_url": "https://api.github.com/repos/DraqueT/PolyGlotPDF/{archive_format}{/ref}",
    "downloads_url": "https://api.github.com/repos/DraqueT/PolyGlotPDF/downloads",
    "issues_url": "https://api.github.com/repos/DraqueT/PolyGlotPDF/issues{/number}",
    "pulls_url": "https://api.github.com/repos/DraqueT/PolyGlotPDF/pulls{/number}",
    "milestones_url": "https://api.github.com/repos/DraqueT/PolyGlotPDF/milestones{/number}",
    "notifications_url": "https://api.github.com/repos/DraqueT/PolyGlotPDF/notifications{?since,all,participating}",
    "labels_url": "https://api.github.com/repos/DraqueT/PolyGlotPDF/labels{/name}",
    "releases_url": "https://api.github.com/repos/DraqueT/PolyGlotPDF/releases{/id}",
    "deployments_url": "https://api.github.com/repos/DraqueT/PolyGlotPDF/deployments",
    "created_at": "2019-08-25T22:54:01Z",
    "updated_at": "2021-12-15T00:56:05Z",
    "pushed_at": "2023-03-18T23:42:07Z",
    "git_url": "git://github.com/DraqueT/PolyGlotPDF.git",
    "ssh_url": "git@github.com:DraqueT/PolyGlotPDF.git",
    "clone_url": "https://github.com/DraqueT/PolyGlotPDF.git",
    "svn_url": "https://github.com/DraqueT/PolyGlotPDF",
    "homepage": null,
    "size": 89191,
    "stargazers_count": 1,
    "watchers_count": 1,
    "language": "Java",
    "has_issues": true,
    "has_projects": true,
    "has_downloads": true,
    "has_wiki": true,
    "has_pages": false,
    "has_discussions": false,
    "forks_count": 0,
    "mirror_url": null,
    "archived": false,
    "disabled": false,
    "open_issues_count": 0,
    "license": {
        "key": "other",
        "name": "Other",
        "spdx_id": "NOASSERTION",
        "url": null,
        "node_id": "MDc6TGljZW5zZTA="
    },
    "allow_forking": true,
    "is_template": false,
    "web_commit_signoff_required": false,
    "topics": [],
    "visibility": "public",
    "forks": 0,
    "open_issues": 0,
    "watchers": 1,
    "default_branch": "master",
    "permissions": {
        "admin": false,
        "maintain": false,
        "push": false,
        "triage": false,
        "pull": true
    },
    "temp_clone_token": "",
    "network_count": 0,
    "subscribers_count": 2
}