{
    "id": 19286290,
    "node_id": "MDEwOlJlcG9zaXRvcnkxOTI4NjI5MA==",
    "name": "jutility",
    "full_name": "aftenkap/jutility",
    "private": false,
    "owner": {
        "login": "aftenkap",
        "id": 3526670,
        "node_id": "MDQ6VXNlcjM1MjY2NzA=",
        "avatar_url": "https://avatars.githubusercontent.com/u/3526670?v=4",
        "gravatar_id": "",
        "url": "https://api.github.com/users/aftenkap",
        "html_url": "https://github.com/aftenkap",
        "followers_url": "https://api.github.com/users/aftenkap/followers",
        "following_url": "https://api.github.com/users/aftenkap/following{/other_user}",
        "gists_url": "https://api.github.com/users/aftenkap/gists{/gist_id}",
        "starred_url": "https://api.github.com/users/aftenkap/starred{/owner}{/repo}",
        "subscriptions_url": "https://api.github.com/users/aftenkap/subscriptions",
        "organizations_url": "https://api.github.com/users/aftenkap/orgs",
        "repos_url": "https://api.github.com/users/aftenkap/repos",
        "events_url": "https://api.github.com/users/aftenkap/events{/privacy}",
        "received_events_url": "https://api.github.com/users/aftenkap/received_events",
        "type": "User",
        "site_admin": false
    },
    "html_url": "https://github.com/aftenkap/jutility",
    "description": "A utility library for Java",
    "fork": false,
    "url": "https://api.github.com/repos/aftenkap/jutility",
    "forks_url": "https://api.github.com/repos/aftenkap/jutility/forks",
    "keys_url": "https://api.github.com/repos/aftenkap/jutility/keys{/key_id}",
    "collaborators_url": "https://api.github.com/repos/aftenkap/jutility/collaborators{/collaborator}",
    "teams_url": "https://api.github.com/repos/aftenkap/jutility/teams",
    "hooks_url": "https://api.github.com/repos/aftenkap/jutility/hooks",
    "issue_events_url": "https://api.github.com/repos/aftenkap/jutility/issues/events{/number}",
    "events_url": "https://api.github.com/repos/aftenkap/jutility/events",
    "assignees_url": "https://api.github.com/repos/aftenkap/jutility/assignees{/user}",
    "branches_url": "https://api.github.com/repos/aftenkap/jutility/branches{/branch}",
    "tags_url": "https://api.github.com/repos/aftenkap/jutility/tags",
    "blobs_url": "https://api.github.com/repos/aftenkap/jutility/git/blobs{/sha}",
    "git_tags_url": "https://api.github.com/repos/aftenkap/jutility/git/tags{/sha}",
    "git_refs_url": "https://api.github.com/repos/aftenkap/jutility/git/refs{/sha}",
    "trees_url": "https://api.github.com/repos/aftenkap/jutility/git/trees{/sha}",
    "statuses_url": "https://api.github.com/repos/aftenkap/jutility/statuses/{sha}",
    "languages_url": "https://api.github.com/repos/aftenkap/jutility/languages",
    "stargazers_url": "https://api.github.com/repos/aftenkap/jutility/stargazers",
    "contributors_url": "https://api.github.com/repos/aftenkap/jutility/contributors",
    "subscribers_url": "https://api.github.com/repos/aftenkap/jutility/subscribers",
    "subscription_url": "https://api.github.com/repos/aftenkap/jutility/subscription",
    "commits_url": "https://api.github.com/repos/aftenkap/jutility/commits{/sha}",
    "git_commits_url": "https://api.github.com/repos/aftenkap/jutility/git/commits{/sha}",
    "comments_url": "https://api.github.com/repos/aftenkap/jutility/comments{/number}",
    "issue_comment_url": "https://api.github.com/repos/aftenkap/jutility/issues/comments{/number}",
    "contents_url": "https://api.github.com/repos/aftenkap/jutility/contents/{+path}",
    "compare_url": "https://api.github.com/repos/aftenkap/jutility/compare/{base}...{head}",
    "merges_url": "https://api.github.com/repos/aftenkap/jutility/merges",
    "archive_url": "https://api.github.com/repos/aftenkap/jutility/{archive_format}{/ref}",
    "downloads_url": "https://api.github.com/repos/aftenkap/jutility/downloads",
    "issues_url": "https://api.github.com/repos/aftenkap/jutility/issues{/number}",
    "pulls_url": "https://api.github.com/repos/aftenkap/jutility/pulls{/number}",
    "milestones_url": "https://api.github.com/repos/aftenkap/jutility/milestones{/number}",
    "notifications_url": "https://api.github.com/repos/aftenkap/jutility/notifications{?since,all,participating}",
    "labels_url": "https://api.github.com/repos/aftenkap/jutility/labels{/name}",
    "releases_url": "https://api.github.com/repos/aftenkap/jutility/releases{/id}",
    "deployments_url": "https://api.github.com/repos/aftenkap/jutility/deployments",
    "created_at": "2014-04-29T18:01:02Z",
    "updated_at": "2020-03-10T17:34:27Z",
    "pushed_at": "2022-06-21T00:47:46Z",
    "git_url": "git://github.com/aftenkap/jutility.git",
    "ssh_url": "git@github.com:aftenkap/jutility.git",
    "clone_url": "https://github.com/aftenkap/jutility.git",
    "svn_url": "https://github.com/aftenkap/jutility",
    "homepage": null,
    "size": 1172,
    "stargazers_count": 1,
    "watchers_count": 1,
    "language": "Java",
    "has_issues": true,
    "has_projects": true,
    "has_downloads": true,
    "has_wiki": true,
    "has_pages": false,
    "has_discussions": false,
    "forks_count": 1,
    "mirror_url": null,
    "archived": false,
    "disabled": false,
    "open_issues_count": 3,
    "license": {
        "key": "apache-2.0",
        "name": "Apache License 2.0",
        "spdx_id": "Apache-2.0",
        "url": "https://api.github.com/licenses/apache-2.0",
        "node_id": "MDc6TGljZW5zZTI="
    },
    "allow_forking": true,
    "is_template": false,
    "web_commit_signoff_required": false,
    "topics": [],
    "visibility": "public",
    "forks": 1,
    "open_issues": 3,
    "watchers": 1,
    "default_branch": "master",
    "permissions": {
        "admin": false,
        "maintain": false,
        "push": false,
        "triage": false,
        "pull": true
    },
    "temp_clone_token": "",
    "network_count": 1,
    "subscribers_count": 5
}