{
    "id": 28255324,
    "node_id": "MDEwOlJlcG9zaXRvcnkyODI1NTMyNA==",
    "name": "camel",
    "full_name": "shreyaspurohit/camel",
    "private": false,
    "owner": {
        "login": "shreyaspurohit",
        "id": 1802661,
        "node_id": "MDQ6VXNlcjE4MDI2NjE=",
        "avatar_url": "https://avatars.githubusercontent.com/u/1802661?v=4",
        "gravatar_id": "",
        "url": "https://api.github.com/users/shreyaspurohit",
        "html_url": "https://github.com/shreyaspurohit",
        "followers_url": "https://api.github.com/users/shreyaspurohit/followers",
        "following_url": "https://api.github.com/users/shreyaspurohit/following{/other_user}",
        "gists_url": "https://api.github.com/users/shreyaspurohit/gists{/gist_id}",
        "starred_url": "https://api.github.com/users/shreyaspurohit/starred{/owner}{/repo}",
        "subscriptions_url": "https://api.github.com/users/shreyaspurohit/subscriptions",
        "organizations_url": "https://api.github.com/users/shreyaspurohit/orgs",
        "repos_url": "https://api.github.com/users/shreyaspurohit/repos",
        "events_url": "https://api.github.com/users/shreyaspurohit/events{/privacy}",
        "received_events_url": "https://api.github.com/users/shreyaspurohit/received_events",
        "type": "User",
        "site_admin": false
    },
    "html_url": "https://github.com/shreyaspurohit/camel",
    "description": "Mirror of Apache Camel",
    "fork": true,
    "url": "https://api.github.com/repos/shreyaspurohit/camel",
    "forks_url": "https://api.github.com/repos/shreyaspurohit/camel/forks",
    "keys_url": "https://api.github.com/repos/shreyaspurohit/camel/keys{/key_id}",
    "collaborators_url": "https://api.github.com/repos/shreyaspurohit/camel/collaborators{/collaborator}",
    "teams_url": "https://api.github.com/repos/shreyaspurohit/camel/teams",
    "hooks_url": "https://api.github.com/repos/shreyaspurohit/camel/hooks",
    "issue_events_url": "https://api.github.com/repos/shreyaspurohit/camel/issues/events{/number}",
    "events_url": "https://api.github.com/repos/shreyaspurohit/camel/events",
    "assignees_url": "https://api.github.com/repos/shreyaspurohit/camel/assignees{/user}",
    "branches_url": "https://api.github.com/repos/shreyaspurohit/camel/branches{/branch}",
    "tags_url": "https://api.github.com/repos/shreyaspurohit/camel/tags",
    "blobs_url": "https://api.github.com/repos/shreyaspurohit/camel/git/blobs{/sha}",
    "git_tags_url": "https://api.github.com/repos/shreyaspurohit/camel/git/tags{/sha}",
    "git_refs_url": "https://api.github.com/repos/shreyaspurohit/camel/git/refs{/sha}",
    "trees_url": "https://api.github.com/repos/shreyaspurohit/camel/git/trees{/sha}",
    "statuses_url": "https://api.github.com/repos/shreyaspurohit/camel/statuses/{sha}",
    "languages_url": "https://api.github.com/repos/shreyaspurohit/camel/languages",
    "stargazers_url": "https://api.github.com/repos/shreyaspurohit/camel/stargazers",
    "contributors_url": "https://api.github.com/repos/shreyaspurohit/camel/contributors",
    "subscribers_url": "https://api.github.com/repos/shreyaspurohit/camel/subscribers",
    "subscription_url": "https://api.github.com/repos/shreyaspurohit/camel/subscription",
    "commits_url": "https://api.github.com/repos/shreyaspurohit/camel/commits{/sha}",
    "git_commits_url": "https://api.github.com/repos/shreyaspurohit/camel/git/commits{/sha}",
    "comments_url": "https://api.github.com/repos/shreyaspurohit/camel/comments{/number}",
    "issue_comment_url": "https://api.github.com/repos/shreyaspurohit/camel/issues/comments{/number}",
    "contents_url": "https://api.github.com/repos/shreyaspurohit/camel/contents/{+path}",
    "compare_url": "https://api.github.com/repos/shreyaspurohit/camel/compare/{base}...{head}",
    "merges_url": "https://api.github.com/repos/shreyaspurohit/camel/merges",
    "archive_url": "https://api.github.com/repos/shreyaspurohit/camel/{archive_format}{/ref}",
    "downloads_url": "https://api.github.com/repos/shreyaspurohit/camel/downloads",
    "issues_url": "https://api.github.com/repos/shreyaspurohit/camel/issues{/number}",
    "pulls_url": "https://api.github.com/repos/shreyaspurohit/camel/pulls{/number}",
    "milestones_url": "https://api.github.com/repos/shreyaspurohit/camel/milestones{/number}",
    "notifications_url": "https://api.github.com/repos/shreyaspurohit/camel/notifications{?since,all,participating}",
    "labels_url": "https://api.github.com/repos/shreyaspurohit/camel/labels{/name}",
    "releases_url": "https://api.github.com/repos/shreyaspurohit/camel/releases{/id}",
    "deployments_url": "https://api.github.com/repos/shreyaspurohit/camel/deployments",
    "created_at": "2014-12-20T03:20:50Z",
    "updated_at": "2014-12-20T03:21:27Z",
    "pushed_at": "2015-03-03T22:05:48Z",
    "git_url": "git://github.com/shreyaspurohit/camel.git",
    "ssh_url": "git@github.com:shreyaspurohit/camel.git",
    "clone_url": "https://github.com/shreyaspurohit/camel.git",
    "svn_url": "https://github.com/shreyaspurohit/camel",
    "homepage": null,
    "size": 98755,
    "stargazers_count": 0,
    "watchers_count": 0,
    "language": "Java",
    "has_issues": false,
    "has_projects": true,
    "has_downloads": true,
    "has_wiki": false,
    "has_pages": false,
    "has_discussions": false,
    "forks_count": 0,
    "mirror_url": null,
    "archived": false,
    "disabled": false,
    "open_issues_count": 0,
    "license": {
        "key": "apache-2.0",
        "name": "Apache License 2.0",
        "spdx_id": "Apache-2.0",
        "url": "https://api.github.com/licenses/apache-2.0",
        "node_id": "MDc6TGljZW5zZTI="
    },
    "allow_forking": true,
    "is_template": false,
    "web_commit_signoff_required": false,
    "topics": [],
    "visibility": "public",
    "forks": 0,
    "open_issues": 0,
    "watchers": 0,
    "default_branch": "master",
    "permissions": {
        "admin": false,
        "maintain": false,
        "push": false,
        "triage": false,
        "pull": true
    },
    "temp_clone_token": "",
    "parent": {
        "id": 206317,
        "node_id": "MDEwOlJlcG9zaXRvcnkyMDYzMTc=",
        "name": "camel",
        "full_name": "apache/camel",
        "private": false,
        "owner": {
            "login": "apache",
            "id": 47359,
            "node_id": "MDEyOk9yZ2FuaXphdGlvbjQ3MzU5",
            "avatar_url": "https://avatars.githubusercontent.com/u/47359?v=4",
            "gravatar_id": "",
            "url": "https://api.github.com/users/apache",
            "html_url": "https://github.com/apache",
            "followers_url": "https://api.github.com/users/apache/followers",
            "following_url": "https://api.github.com/users/apache/following{/other_user}",
            "gists_url": "https://api.github.com/users/apache/gists{/gist_id}",
            "starred_url": "https://api.github.com/users/apache/starred{/owner}{/repo}",
            "subscriptions_url": "https://api.github.com/users/apache/subscriptions",
            "organizations_url": "https://api.github.com/users/apache/orgs",
            "repos_url": "https://api.github.com/users/apache/repos",
            "events_url": "https://api.github.com/users/apache/events{/privacy}",
            "received_events_url": "https://api.github.com/users/apache/received_events",
            "type": "Organization",
            "site_admin": false
        },
        "html_url": "https://github.com/apache/camel",
        "description": "Apache Camel is an open source integration framework that empowers you to quickly and easily integrate various systems consuming or producing data.",
        "fork": false,
        "url": "https://api.github.com/repos/apache/camel",
        "forks_url": "https://api.github.com/repos/apache/camel/forks",
        "keys_url": "https://api.github.com/repos/apache/camel/keys{/key_id}",
        "collaborators_url": "https://api.github.com/repos/apache/camel/collaborators{/collaborator}",
        "teams_url": "https://api.github.com/repos/apache/camel/teams",
        "hooks_url": "https://api.github.com/repos/apache/camel/hooks",
        "issue_events_url": "https://api.github.com/repos/apache/camel/issues/events{/number}",
        "events_url": "https://api.github.com/repos/apache/camel/events",
        "assignees_url": "https://api.github.com/repos/apache/camel/assignees{/user}",
        "branches_url": "https://api.github.com/repos/apache/camel/branches{/branch}",
        "tags_url": "https://api.github.com/repos/apache/camel/tags",
        "blobs_url": "https://api.github.com/repos/apache/camel/git/blobs{/sha}",
        "git_tags_url": "https://api.github.com/repos/apache/camel/git/tags{/sha}",
        "git_refs_url": "https://api.github.com/repos/apache/camel/git/refs{/sha}",
        "trees_url": "https://api.github.com/repos/apache/camel/git/trees{/sha}",
        "statuses_url": "https://api.github.com/repos/apache/camel/statuses/{sha}",
        "languages_url": "https://api.github.com/repos/apache/camel/languages",
        "stargazers_url": "https://api.github.com/repos/apache/camel/stargazers",
        "contributors_url": "https://api.github.com/repos/apache/camel/contributors",
        "subscribers_url": "https://api.github.com/repos/apache/camel/subscribers",
        "subscription_url": "https://api.github.com/repos/apache/camel/subscription",
        "commits_url": "https://api.github.com/repos/apache/camel/commits{/sha}",
        "git_commits_url": "https://api.github.com/repos/apache/camel/git/commits{/sha}",
        "comments_url": "https://api.github.com/repos/apache/camel/comments{/number}",
        "issue_comment_url": "https://api.github.com/repos/apache/camel/issues/comments{/number}",
        "contents_url": "https://api.github.com/repos/apache/camel/contents/{+path}",
        "compare_url": "https://api.github.com/repos/apache/camel/compare/{base}...{head}",
        "merges_url": "https://api.github.com/repos/apache/camel/merges",
        "archive_url": "https://api.github.com/repos/apache/camel/{archive_format}{/ref}",
        "downloads_url": "https://api.github.com/repos/apache/camel/downloads",
        "issues_url": "https://api.github.com/repos/apache/camel/issues{/number}",
        "pulls_url": "https://api.github.com/repos/apache/camel/pulls{/number}",
        "milestones_url": "https://api.github.com/repos/apache/camel/milestones{/number}",
        "notifications_url": "https://api.github.com/repos/apache/camel/notifications{?since,all,participating}",
        "labels_url": "https://api.github.com/repos/apache/camel/labels{/name}",
        "releases_url": "https://api.github.com/repos/apache/camel/releases{/id}",
        "deployments_url": "https://api.github.com/repos/apache/camel/deployments",
        "created_at": "2009-05-21T00:25:36Z",
        "updated_at": "2024-04-30T13:23:58Z",
        "pushed_at": "2024-04-30T13:29:26Z",
        "git_url": "git://github.com/apache/camel.git",
        "ssh_url": "git@github.com:apache/camel.git",
        "clone_url": "https://github.com/apache/camel.git",
        "svn_url": "https://github.com/apache/camel",
        "homepage": "https://camel.apache.org",
        "size": 897855,
        "stargazers_count": 5319,
        "watchers_count": 5319,
        "language": "Java",
        "has_issues": false,
        "has_projects": true,
        "has_downloads": true,
        "has_wiki": false,
        "has_pages": false,
        "has_discussions": false,
        "forks_count": 4882,
        "mirror_url": null,
        "archived": false,
        "disabled": false,
        "open_issues_count": 7,
        "license": {
            "key": "apache-2.0",
            "name": "Apache License 2.0",
            "spdx_id": "Apache-2.0",
            "url": "https://api.github.com/licenses/apache-2.0",
            "node_id": "MDc6TGljZW5zZTI="
        },
        "allow_forking": true,
        "is_template": false,
        "web_commit_signoff_required": false,
        "topics": [
            "camel",
            "integration",
            "java"
        ],
        "visibility": "public",
        "forks": 4882,
        "open_issues": 7,
        "watchers": 5319,
        "default_branch": "main"
    },
    "source": {
        "id": 206317,
        "node_id": "MDEwOlJlcG9zaXRvcnkyMDYzMTc=",
        "name": "camel",
        "full_name": "apache/camel",
        "private": false,
        "owner": {
            "login": "apache",
            "id": 47359,
            "node_id": "MDEyOk9yZ2FuaXphdGlvbjQ3MzU5",
            "avatar_url": "https://avatars.githubusercontent.com/u/47359?v=4",
            "gravatar_id": "",
            "url": "https://api.github.com/users/apache",
            "html_url": "https://github.com/apache",
            "followers_url": "https://api.github.com/users/apache/followers",
            "following_url": "https://api.github.com/users/apache/following{/other_user}",
            "gists_url": "https://api.github.com/users/apache/gists{/gist_id}",
            "starred_url": "https://api.github.com/users/apache/starred{/owner}{/repo}",
            "subscriptions_url": "https://api.github.com/users/apache/subscriptions",
            "organizations_url": "https://api.github.com/users/apache/orgs",
            "repos_url": "https://api.github.com/users/apache/repos",
            "events_url": "https://api.github.com/users/apache/events{/privacy}",
            "received_events_url": "https://api.github.com/users/apache/received_events",
            "type": "Organization",
            "site_admin": false
        },
        "html_url": "https://github.com/apache/camel",
        "description": "Apache Camel is an open source integration framework that empowers you to quickly and easily integrate various systems consuming or producing data.",
        "fork": false,
        "url": "https://api.github.com/repos/apache/camel",
        "forks_url": "https://api.github.com/repos/apache/camel/forks",
        "keys_url": "https://api.github.com/repos/apache/camel/keys{/key_id}",
        "collaborators_url": "https://api.github.com/repos/apache/camel/collaborators{/collaborator}",
        "teams_url": "https://api.github.com/repos/apache/camel/teams",
        "hooks_url": "https://api.github.com/repos/apache/camel/hooks",
        "issue_events_url": "https://api.github.com/repos/apache/camel/issues/events{/number}",
        "events_url": "https://api.github.com/repos/apache/camel/events",
        "assignees_url": "https://api.github.com/repos/apache/camel/assignees{/user}",
        "branches_url": "https://api.github.com/repos/apache/camel/branches{/branch}",
        "tags_url": "https://api.github.com/repos/apache/camel/tags",
        "blobs_url": "https://api.github.com/repos/apache/camel/git/blobs{/sha}",
        "git_tags_url": "https://api.github.com/repos/apache/camel/git/tags{/sha}",
        "git_refs_url": "https://api.github.com/repos/apache/camel/git/refs{/sha}",
        "trees_url": "https://api.github.com/repos/apache/camel/git/trees{/sha}",
        "statuses_url": "https://api.github.com/repos/apache/camel/statuses/{sha}",
        "languages_url": "https://api.github.com/repos/apache/camel/languages",
        "stargazers_url": "https://api.github.com/repos/apache/camel/stargazers",
        "contributors_url": "https://api.github.com/repos/apache/camel/contributors",
        "subscribers_url": "https://api.github.com/repos/apache/camel/subscribers",
        "subscription_url": "https://api.github.com/repos/apache/camel/subscription",
        "commits_url": "https://api.github.com/repos/apache/camel/commits{/sha}",
        "git_commits_url": "https://api.github.com/repos/apache/camel/git/commits{/sha}",
        "comments_url": "https://api.github.com/repos/apache/camel/comments{/number}",
        "issue_comment_url": "https://api.github.com/repos/apache/camel/issues/comments{/number}",
        "contents_url": "https://api.github.com/repos/apache/camel/contents/{+path}",
        "compare_url": "https://api.github.com/repos/apache/camel/compare/{base}...{head}",
        "merges_url": "https://api.github.com/repos/apache/camel/merges",
        "archive_url": "https://api.github.com/repos/apache/camel/{archive_format}{/ref}",
        "downloads_url": "https://api.github.com/repos/apache/camel/downloads",
        "issues_url": "https://api.github.com/repos/apache/camel/issues{/number}",
        "pulls_url": "https://api.github.com/repos/apache/camel/pulls{/number}",
        "milestones_url": "https://api.github.com/repos/apache/camel/milestones{/number}",
        "notifications_url": "https://api.github.com/repos/apache/camel/notifications{?since,all,participating}",
        "labels_url": "https://api.github.com/repos/apache/camel/labels{/name}",
        "releases_url": "https://api.github.com/repos/apache/camel/releases{/id}",
        "deployments_url": "https://api.github.com/repos/apache/camel/deployments",
        "created_at": "2009-05-21T00:25:36Z",
        "updated_at": "2024-04-30T13:23:58Z",
        "pushed_at": "2024-04-30T13:29:26Z",
        "git_url": "git://github.com/apache/camel.git",
        "ssh_url": "git@github.com:apache/camel.git",
        "clone_url": "https://github.com/apache/camel.git",
        "svn_url": "https://github.com/apache/camel",
        "homepage": "https://camel.apache.org",
        "size": 897855,
        "stargazers_count": 5319,
        "watchers_count": 5319,
        "language": "Java",
        "has_issues": false,
        "has_projects": true,
        "has_downloads": true,
        "has_wiki": false,
        "has_pages": false,
        "has_discussions": false,
        "forks_count": 4882,
        "mirror_url": null,
        "archived": false,
        "disabled": false,
        "open_issues_count": 7,
        "license": {
            "key": "apache-2.0",
            "name": "Apache License 2.0",
            "spdx_id": "Apache-2.0",
            "url": "https://api.github.com/licenses/apache-2.0",
            "node_id": "MDc6TGljZW5zZTI="
        },
        "allow_forking": true,
        "is_template": false,
        "web_commit_signoff_required": false,
        "topics": [
            "camel",
            "integration",
            "java"
        ],
        "visibility": "public",
        "forks": 4882,
        "open_issues": 7,
        "watchers": 5319,
        "default_branch": "main"
    },
    "network_count": 4882,
    "subscribers_count": 2
}