{
    "id": 276796127,
    "node_id": "MDEwOlJlcG9zaXRvcnkyNzY3OTYxMjc=",
    "name": "armeria",
    "full_name": "jyterencekim/armeria",
    "private": false,
    "owner": {
        "login": "jyterencekim",
        "id": 2688259,
        "node_id": "MDQ6VXNlcjI2ODgyNTk=",
        "avatar_url": "https://avatars.githubusercontent.com/u/2688259?v=4",
        "gravatar_id": "",
        "url": "https://api.github.com/users/jyterencekim",
        "html_url": "https://github.com/jyterencekim",
        "followers_url": "https://api.github.com/users/jyterencekim/followers",
        "following_url": "https://api.github.com/users/jyterencekim/following{/other_user}",
        "gists_url": "https://api.github.com/users/jyterencekim/gists{/gist_id}",
        "starred_url": "https://api.github.com/users/jyterencekim/starred{/owner}{/repo}",
        "subscriptions_url": "https://api.github.com/users/jyterencekim/subscriptions",
        "organizations_url": "https://api.github.com/users/jyterencekim/orgs",
        "repos_url": "https://api.github.com/users/jyterencekim/repos",
        "events_url": "https://api.github.com/users/jyterencekim/events{/privacy}",
        "received_events_url": "https://api.github.com/users/jyterencekim/received_events",
        "type": "User",
        "site_admin": false
    },
    "html_url": "https://github.com/jyterencekim/armeria",
    "description": "Your go-to microservice framework for any situation, from the creator of Netty et al. You can build any type of microservice leveraging your favorite technologies,  including gRPC, Thrift, Kotlin, Retrofit, Reactive Streams, Spring Boot and Dropwizard.",
    "fork": true,
    "url": "https://api.github.com/repos/jyterencekim/armeria",
    "forks_url": "https://api.github.com/repos/jyterencekim/armeria/forks",
    "keys_url": "https://api.github.com/repos/jyterencekim/armeria/keys{/key_id}",
    "collaborators_url": "https://api.github.com/repos/jyterencekim/armeria/collaborators{/collaborator}",
    "teams_url": "https://api.github.com/repos/jyterencekim/armeria/teams",
    "hooks_url": "https://api.github.com/repos/jyterencekim/armeria/hooks",
    "issue_events_url": "https://api.github.com/repos/jyterencekim/armeria/issues/events{/number}",
    "events_url": "https://api.github.com/repos/jyterencekim/armeria/events",
    "assignees_url": "https://api.github.com/repos/jyterencekim/armeria/assignees{/user}",
    "branches_url": "https://api.github.com/repos/jyterencekim/armeria/branches{/branch}",
    "tags_url": "https://api.github.com/repos/jyterencekim/armeria/tags",
    "blobs_url": "https://api.github.com/repos/jyterencekim/armeria/git/blobs{/sha}",
    "git_tags_url": "https://api.github.com/repos/jyterencekim/armeria/git/tags{/sha}",
    "git_refs_url": "https://api.github.com/repos/jyterencekim/armeria/git/refs{/sha}",
    "trees_url": "https://api.github.com/repos/jyterencekim/armeria/git/trees{/sha}",
    "statuses_url": "https://api.github.com/repos/jyterencekim/armeria/statuses/{sha}",
    "languages_url": "https://api.github.com/repos/jyterencekim/armeria/languages",
    "stargazers_url": "https://api.github.com/repos/jyterencekim/armeria/stargazers",
    "contributors_url": "https://api.github.com/repos/jyterencekim/armeria/contributors",
    "subscribers_url": "https://api.github.com/repos/jyterencekim/armeria/subscribers",
    "subscription_url": "https://api.github.com/repos/jyterencekim/armeria/subscription",
    "commits_url": "https://api.github.com/repos/jyterencekim/armeria/commits{/sha}",
    "git_commits_url": "https://api.github.com/repos/jyterencekim/armeria/git/commits{/sha}",
    "comments_url": "https://api.github.com/repos/jyterencekim/armeria/comments{/number}",
    "issue_comment_url": "https://api.github.com/repos/jyterencekim/armeria/issues/comments{/number}",
    "contents_url": "https://api.github.com/repos/jyterencekim/armeria/contents/{+path}",
    "compare_url": "https://api.github.com/repos/jyterencekim/armeria/compare/{base}...{head}",
    "merges_url": "https://api.github.com/repos/jyterencekim/armeria/merges",
    "archive_url": "https://api.github.com/repos/jyterencekim/armeria/{archive_format}{/ref}",
    "downloads_url": "https://api.github.com/repos/jyterencekim/armeria/downloads",
    "issues_url": "https://api.github.com/repos/jyterencekim/armeria/issues{/number}",
    "pulls_url": "https://api.github.com/repos/jyterencekim/armeria/pulls{/number}",
    "milestones_url": "https://api.github.com/repos/jyterencekim/armeria/milestones{/number}",
    "notifications_url": "https://api.github.com/repos/jyterencekim/armeria/notifications{?since,all,participating}",
    "labels_url": "https://api.github.com/repos/jyterencekim/armeria/labels{/name}",
    "releases_url": "https://api.github.com/repos/jyterencekim/armeria/releases{/id}",
    "deployments_url": "https://api.github.com/repos/jyterencekim/armeria/deployments",
    "created_at": "2020-07-03T03:12:55Z",
    "updated_at": "2022-08-08T11:03:52Z",
    "pushed_at": "2023-12-02T00:46:26Z",
    "git_url": "git://github.com/jyterencekim/armeria.git",
    "ssh_url": "git@github.com:jyterencekim/armeria.git",
    "clone_url": "https://github.com/jyterencekim/armeria.git",
    "svn_url": "https://github.com/jyterencekim/armeria",
    "homepage": "https://armeria.dev",
    "size": 172247,
    "stargazers_count": 0,
    "watchers_count": 0,
    "language": "Java",
    "has_issues": false,
    "has_projects": true,
    "has_downloads": true,
    "has_wiki": false,
    "has_pages": false,
    "has_discussions": false,
    "forks_count": 0,
    "mirror_url": null,
    "archived": false,
    "disabled": false,
    "open_issues_count": 0,
    "license": {
        "key": "apache-2.0",
        "name": "Apache License 2.0",
        "spdx_id": "Apache-2.0",
        "url": "https://api.github.com/licenses/apache-2.0",
        "node_id": "MDc6TGljZW5zZTI="
    },
    "allow_forking": true,
    "is_template": false,
    "web_commit_signoff_required": false,
    "topics": [],
    "visibility": "public",
    "forks": 0,
    "open_issues": 0,
    "watchers": 0,
    "default_branch": "master",
    "permissions": {
        "admin": false,
        "maintain": false,
        "push": false,
        "triage": false,
        "pull": true
    },
    "temp_clone_token": "",
    "parent": {
        "id": 46251204,
        "node_id": "MDEwOlJlcG9zaXRvcnk0NjI1MTIwNA==",
        "name": "armeria",
        "full_name": "line/armeria",
        "private": false,
        "owner": {
            "login": "line",
            "id": 13128444,
            "node_id": "MDEyOk9yZ2FuaXphdGlvbjEzMTI4NDQ0",
            "avatar_url": "https://avatars.githubusercontent.com/u/13128444?v=4",
            "gravatar_id": "",
            "url": "https://api.github.com/users/line",
            "html_url": "https://github.com/line",
            "followers_url": "https://api.github.com/users/line/followers",
            "following_url": "https://api.github.com/users/line/following{/other_user}",
            "gists_url": "https://api.github.com/users/line/gists{/gist_id}",
            "starred_url": "https://api.github.com/users/line/starred{/owner}{/repo}",
            "subscriptions_url": "https://api.github.com/users/line/subscriptions",
            "organizations_url": "https://api.github.com/users/line/orgs",
            "repos_url": "https://api.github.com/users/line/repos",
            "events_url": "https://api.github.com/users/line/events{/privacy}",
            "received_events_url": "https://api.github.com/users/line/received_events",
            "type": "Organization",
            "site_admin": false
        },
        "html_url": "https://github.com/line/armeria",
        "description": "Your go-to microservice framework for any situation, from the creator of Netty et al. You can build any type of microservice leveraging your favorite technologies,  including gRPC, Thrift, Kotlin, Retrofit, Reactive Streams, Spring Boot and Dropwizard.",
        "fork": false,
        "url": "https://api.github.com/repos/line/armeria",
        "forks_url": "https://api.github.com/repos/line/armeria/forks",
        "keys_url": "https://api.github.com/repos/line/armeria/keys{/key_id}",
        "collaborators_url": "https://api.github.com/repos/line/armeria/collaborators{/collaborator}",
        "teams_url": "https://api.github.com/repos/line/armeria/teams",
        "hooks_url": "https://api.github.com/repos/line/armeria/hooks",
        "issue_events_url": "https://api.github.com/repos/line/armeria/issues/events{/number}",
        "events_url": "https://api.github.com/repos/line/armeria/events",
        "assignees_url": "https://api.github.com/repos/line/armeria/assignees{/user}",
        "branches_url": "https://api.github.com/repos/line/armeria/branches{/branch}",
        "tags_url": "https://api.github.com/repos/line/armeria/tags",
        "blobs_url": "https://api.github.com/repos/line/armeria/git/blobs{/sha}",
        "git_tags_url": "https://api.github.com/repos/line/armeria/git/tags{/sha}",
        "git_refs_url": "https://api.github.com/repos/line/armeria/git/refs{/sha}",
        "trees_url": "https://api.github.com/repos/line/armeria/git/trees{/sha}",
        "statuses_url": "https://api.github.com/repos/line/armeria/statuses/{sha}",
        "languages_url": "https://api.github.com/repos/line/armeria/languages",
        "stargazers_url": "https://api.github.com/repos/line/armeria/stargazers",
        "contributors_url": "https://api.github.com/repos/line/armeria/contributors",
        "subscribers_url": "https://api.github.com/repos/line/armeria/subscribers",
        "subscription_url": "https://api.github.com/repos/line/armeria/subscription",
        "commits_url": "https://api.github.com/repos/line/armeria/commits{/sha}",
        "git_commits_url": "https://api.github.com/repos/line/armeria/git/commits{/sha}",
        "comments_url": "https://api.github.com/repos/line/armeria/comments{/number}",
        "issue_comment_url": "https://api.github.com/repos/line/armeria/issues/comments{/number}",
        "contents_url": "https://api.github.com/repos/line/armeria/contents/{+path}",
        "compare_url": "https://api.github.com/repos/line/armeria/compare/{base}...{head}",
        "merges_url": "https://api.github.com/repos/line/armeria/merges",
        "archive_url": "https://api.github.com/repos/line/armeria/{archive_format}{/ref}",
        "downloads_url": "https://api.github.com/repos/line/armeria/downloads",
        "issues_url": "https://api.github.com/repos/line/armeria/issues{/number}",
        "pulls_url": "https://api.github.com/repos/line/armeria/pulls{/number}",
        "milestones_url": "https://api.github.com/repos/line/armeria/milestones{/number}",
        "notifications_url": "https://api.github.com/repos/line/armeria/notifications{?since,all,participating}",
        "labels_url": "https://api.github.com/repos/line/armeria/labels{/name}",
        "releases_url": "https://api.github.com/repos/line/armeria/releases{/id}",
        "deployments_url": "https://api.github.com/repos/line/armeria/deployments",
        "created_at": "2015-11-16T04:04:01Z",
        "updated_at": "2024-04-29T16:32:23Z",
        "pushed_at": "2024-04-29T14:44:35Z",
        "git_url": "git://github.com/line/armeria.git",
        "ssh_url": "git@github.com:line/armeria.git",
        "clone_url": "https://github.com/line/armeria.git",
        "svn_url": "https://github.com/line/armeria",
        "homepage": "https://armeria.dev",
        "size": 211396,
        "stargazers_count": 4675,
        "watchers_count": 4675,
        "language": "Java",
        "has_issues": true,
        "has_projects": false,
        "has_downloads": true,
        "has_wiki": false,
        "has_pages": true,
        "has_discussions": true,
        "forks_count": 888,
        "mirror_url": null,
        "archived": false,
        "disabled": false,
        "open_issues_count": 666,
        "license": {
            "key": "apache-2.0",
            "name": "Apache License 2.0",
            "spdx_id": "Apache-2.0",
            "url": "https://api.github.com/licenses/apache-2.0",
            "node_id": "MDc6TGljZW5zZTI="
        },
        "allow_forking": true,
        "is_template": false,
        "web_commit_signoff_required": false,
        "topics": [
            "gateway",
            "grpc",
            "grpc-client",
            "grpc-server",
            "hacktoberfest",
            "http",
            "http-client",
            "http-server",
            "http2",
            "micro-framework",
            "microservices",
            "netty",
            "rpc",
            "rpc-client",
            "rpc-framework",
            "rpc-library",
            "rpc-server",
            "thrift",
            "thrift-client",
            "thrift-server"
        ],
        "visibility": "public",
        "forks": 888,
        "open_issues": 666,
        "watchers": 4675,
        "default_branch": "main"
    },
    "source": {
        "id": 46251204,
        "node_id": "MDEwOlJlcG9zaXRvcnk0NjI1MTIwNA==",
        "name": "armeria",
        "full_name": "line/armeria",
        "private": false,
        "owner": {
            "login": "line",
            "id": 13128444,
            "node_id": "MDEyOk9yZ2FuaXphdGlvbjEzMTI4NDQ0",
            "avatar_url": "https://avatars.githubusercontent.com/u/13128444?v=4",
            "gravatar_id": "",
            "url": "https://api.github.com/users/line",
            "html_url": "https://github.com/line",
            "followers_url": "https://api.github.com/users/line/followers",
            "following_url": "https://api.github.com/users/line/following{/other_user}",
            "gists_url": "https://api.github.com/users/line/gists{/gist_id}",
            "starred_url": "https://api.github.com/users/line/starred{/owner}{/repo}",
            "subscriptions_url": "https://api.github.com/users/line/subscriptions",
            "organizations_url": "https://api.github.com/users/line/orgs",
            "repos_url": "https://api.github.com/users/line/repos",
            "events_url": "https://api.github.com/users/line/events{/privacy}",
            "received_events_url": "https://api.github.com/users/line/received_events",
            "type": "Organization",
            "site_admin": false
        },
        "html_url": "https://github.com/line/armeria",
        "description": "Your go-to microservice framework for any situation, from the creator of Netty et al. You can build any type of microservice leveraging your favorite technologies,  including gRPC, Thrift, Kotlin, Retrofit, Reactive Streams, Spring Boot and Dropwizard.",
        "fork": false,
        "url": "https://api.github.com/repos/line/armeria",
        "forks_url": "https://api.github.com/repos/line/armeria/forks",
        "keys_url": "https://api.github.com/repos/line/armeria/keys{/key_id}",
        "collaborators_url": "https://api.github.com/repos/line/armeria/collaborators{/collaborator}",
        "teams_url": "https://api.github.com/repos/line/armeria/teams",
        "hooks_url": "https://api.github.com/repos/line/armeria/hooks",
        "issue_events_url": "https://api.github.com/repos/line/armeria/issues/events{/number}",
        "events_url": "https://api.github.com/repos/line/armeria/events",
        "assignees_url": "https://api.github.com/repos/line/armeria/assignees{/user}",
        "branches_url": "https://api.github.com/repos/line/armeria/branches{/branch}",
        "tags_url": "https://api.github.com/repos/line/armeria/tags",
        "blobs_url": "https://api.github.com/repos/line/armeria/git/blobs{/sha}",
        "git_tags_url": "https://api.github.com/repos/line/armeria/git/tags{/sha}",
        "git_refs_url": "https://api.github.com/repos/line/armeria/git/refs{/sha}",
        "trees_url": "https://api.github.com/repos/line/armeria/git/trees{/sha}",
        "statuses_url": "https://api.github.com/repos/line/armeria/statuses/{sha}",
        "languages_url": "https://api.github.com/repos/line/armeria/languages",
        "stargazers_url": "https://api.github.com/repos/line/armeria/stargazers",
        "contributors_url": "https://api.github.com/repos/line/armeria/contributors",
        "subscribers_url": "https://api.github.com/repos/line/armeria/subscribers",
        "subscription_url": "https://api.github.com/repos/line/armeria/subscription",
        "commits_url": "https://api.github.com/repos/line/armeria/commits{/sha}",
        "git_commits_url": "https://api.github.com/repos/line/armeria/git/commits{/sha}",
        "comments_url": "https://api.github.com/repos/line/armeria/comments{/number}",
        "issue_comment_url": "https://api.github.com/repos/line/armeria/issues/comments{/number}",
        "contents_url": "https://api.github.com/repos/line/armeria/contents/{+path}",
        "compare_url": "https://api.github.com/repos/line/armeria/compare/{base}...{head}",
        "merges_url": "https://api.github.com/repos/line/armeria/merges",
        "archive_url": "https://api.github.com/repos/line/armeria/{archive_format}{/ref}",
        "downloads_url": "https://api.github.com/repos/line/armeria/downloads",
        "issues_url": "https://api.github.com/repos/line/armeria/issues{/number}",
        "pulls_url": "https://api.github.com/repos/line/armeria/pulls{/number}",
        "milestones_url": "https://api.github.com/repos/line/armeria/milestones{/number}",
        "notifications_url": "https://api.github.com/repos/line/armeria/notifications{?since,all,participating}",
        "labels_url": "https://api.github.com/repos/line/armeria/labels{/name}",
        "releases_url": "https://api.github.com/repos/line/armeria/releases{/id}",
        "deployments_url": "https://api.github.com/repos/line/armeria/deployments",
        "created_at": "2015-11-16T04:04:01Z",
        "updated_at": "2024-04-29T16:32:23Z",
        "pushed_at": "2024-04-29T14:44:35Z",
        "git_url": "git://github.com/line/armeria.git",
        "ssh_url": "git@github.com:line/armeria.git",
        "clone_url": "https://github.com/line/armeria.git",
        "svn_url": "https://github.com/line/armeria",
        "homepage": "https://armeria.dev",
        "size": 211396,
        "stargazers_count": 4675,
        "watchers_count": 4675,
        "language": "Java",
        "has_issues": true,
        "has_projects": false,
        "has_downloads": true,
        "has_wiki": false,
        "has_pages": true,
        "has_discussions": true,
        "forks_count": 888,
        "mirror_url": null,
        "archived": false,
        "disabled": false,
        "open_issues_count": 666,
        "license": {
            "key": "apache-2.0",
            "name": "Apache License 2.0",
            "spdx_id": "Apache-2.0",
            "url": "https://api.github.com/licenses/apache-2.0",
            "node_id": "MDc6TGljZW5zZTI="
        },
        "allow_forking": true,
        "is_template": false,
        "web_commit_signoff_required": false,
        "topics": [
            "gateway",
            "grpc",
            "grpc-client",
            "grpc-server",
            "hacktoberfest",
            "http",
            "http-client",
            "http-server",
            "http2",
            "micro-framework",
            "microservices",
            "netty",
            "rpc",
            "rpc-client",
            "rpc-framework",
            "rpc-library",
            "rpc-server",
            "thrift",
            "thrift-client",
            "thrift-server"
        ],
        "visibility": "public",
        "forks": 888,
        "open_issues": 666,
        "watchers": 4675,
        "default_branch": "main"
    },
    "network_count": 888,
    "subscribers_count": 0
}