{
    "id": 273623114,
    "node_id": "MDEwOlJlcG9zaXRvcnkyNzM2MjMxMTQ=",
    "name": "wdk",
    "full_name": "wdk-j/wdk",
    "private": false,
    "owner": {
        "login": "wdk-j",
        "id": 57023844,
        "node_id": "MDQ6VXNlcjU3MDIzODQ0",
        "avatar_url": "https://avatars.githubusercontent.com/u/57023844?v=4",
        "gravatar_id": "",
        "url": "https://api.github.com/users/wdk-j",
        "html_url": "https://github.com/wdk-j",
        "followers_url": "https://api.github.com/users/wdk-j/followers",
        "following_url": "https://api.github.com/users/wdk-j/following{/other_user}",
        "gists_url": "https://api.github.com/users/wdk-j/gists{/gist_id}",
        "starred_url": "https://api.github.com/users/wdk-j/starred{/owner}{/repo}",
        "subscriptions_url": "https://api.github.com/users/wdk-j/subscriptions",
        "organizations_url": "https://api.github.com/users/wdk-j/orgs",
        "repos_url": "https://api.github.com/users/wdk-j/repos",
        "events_url": "https://api.github.com/users/wdk-j/events{/privacy}",
        "received_events_url": "https://api.github.com/users/wdk-j/received_events",
        "type": "User",
        "site_admin": false
    },
    "html_url": "https://github.com/wdk-j/wdk",
    "description": null,
    "fork": false,
    "url": "https://api.github.com/repos/wdk-j/wdk",
    "forks_url": "https://api.github.com/repos/wdk-j/wdk/forks",
    "keys_url": "https://api.github.com/repos/wdk-j/wdk/keys{/key_id}",
    "collaborators_url": "https://api.github.com/repos/wdk-j/wdk/collaborators{/collaborator}",
    "teams_url": "https://api.github.com/repos/wdk-j/wdk/teams",
    "hooks_url": "https://api.github.com/repos/wdk-j/wdk/hooks",
    "issue_events_url": "https://api.github.com/repos/wdk-j/wdk/issues/events{/number}",
    "events_url": "https://api.github.com/repos/wdk-j/wdk/events",
    "assignees_url": "https://api.github.com/repos/wdk-j/wdk/assignees{/user}",
    "branches_url": "https://api.github.com/repos/wdk-j/wdk/branches{/branch}",
    "tags_url": "https://api.github.com/repos/wdk-j/wdk/tags",
    "blobs_url": "https://api.github.com/repos/wdk-j/wdk/git/blobs{/sha}",
    "git_tags_url": "https://api.github.com/repos/wdk-j/wdk/git/tags{/sha}",
    "git_refs_url": "https://api.github.com/repos/wdk-j/wdk/git/refs{/sha}",
    "trees_url": "https://api.github.com/repos/wdk-j/wdk/git/trees{/sha}",
    "statuses_url": "https://api.github.com/repos/wdk-j/wdk/statuses/{sha}",
    "languages_url": "https://api.github.com/repos/wdk-j/wdk/languages",
    "stargazers_url": "https://api.github.com/repos/wdk-j/wdk/stargazers",
    "contributors_url": "https://api.github.com/repos/wdk-j/wdk/contributors",
    "subscribers_url": "https://api.github.com/repos/wdk-j/wdk/subscribers",
    "subscription_url": "https://api.github.com/repos/wdk-j/wdk/subscription",
    "commits_url": "https://api.github.com/repos/wdk-j/wdk/commits{/sha}",
    "git_commits_url": "https://api.github.com/repos/wdk-j/wdk/git/commits{/sha}",
    "comments_url": "https://api.github.com/repos/wdk-j/wdk/comments{/number}",
    "issue_comment_url": "https://api.github.com/repos/wdk-j/wdk/issues/comments{/number}",
    "contents_url": "https://api.github.com/repos/wdk-j/wdk/contents/{+path}",
    "compare_url": "https://api.github.com/repos/wdk-j/wdk/compare/{base}...{head}",
    "merges_url": "https://api.github.com/repos/wdk-j/wdk/merges",
    "archive_url": "https://api.github.com/repos/wdk-j/wdk/{archive_format}{/ref}",
    "downloads_url": "https://api.github.com/repos/wdk-j/wdk/downloads",
    "issues_url": "https://api.github.com/repos/wdk-j/wdk/issues{/number}",
    "pulls_url": "https://api.github.com/repos/wdk-j/wdk/pulls{/number}",
    "milestones_url": "https://api.github.com/repos/wdk-j/wdk/milestones{/number}",
    "notifications_url": "https://api.github.com/repos/wdk-j/wdk/notifications{?since,all,participating}",
    "labels_url": "https://api.github.com/repos/wdk-j/wdk/labels{/name}",
    "releases_url": "https://api.github.com/repos/wdk-j/wdk/releases{/id}",
    "deployments_url": "https://api.github.com/repos/wdk-j/wdk/deployments",
    "created_at": "2020-06-20T02:18:48Z",
    "updated_at": "2020-06-20T02:19:48Z",
    "pushed_at": "2022-06-21T03:42:42Z",
    "git_url": "git://github.com/wdk-j/wdk.git",
    "ssh_url": "git@github.com:wdk-j/wdk.git",
    "clone_url": "https://github.com/wdk-j/wdk.git",
    "svn_url": "https://github.com/wdk-j/wdk",
    "homepage": null,
    "size": 61399,
    "stargazers_count": 0,
    "watchers_count": 0,
    "language": "Java",
    "has_issues": true,
    "has_projects": true,
    "has_downloads": true,
    "has_wiki": true,
    "has_pages": false,
    "has_discussions": false,
    "forks_count": 0,
    "mirror_url": null,
    "archived": false,
    "disabled": false,
    "open_issues_count": 2,
    "license": {
        "key": "apache-2.0",
        "name": "Apache License 2.0",
        "spdx_id": "Apache-2.0",
        "url": "https://api.github.com/licenses/apache-2.0",
        "node_id": "MDc6TGljZW5zZTI="
    },
    "allow_forking": true,
    "is_template": false,
    "web_commit_signoff_required": false,
    "topics": [],
    "visibility": "public",
    "forks": 0,
    "open_issues": 2,
    "watchers": 0,
    "default_branch": "master",
    "permissions": {
        "admin": false,
        "maintain": false,
        "push": false,
        "triage": false,
        "pull": true
    },
    "temp_clone_token": "",
    "network_count": 0,
    "subscribers_count": 1
}