{
    "id": 402711483,
    "node_id": "MDEwOlJlcG9zaXRvcnk0MDI3MTE0ODM=",
    "name": "blog-tutorials",
    "full_name": "hartraft/blog-tutorials",
    "private": false,
    "owner": {
        "login": "hartraft",
        "id": 788583,
        "node_id": "MDQ6VXNlcjc4ODU4Mw==",
        "avatar_url": "https://avatars.githubusercontent.com/u/788583?v=4",
        "gravatar_id": "",
        "url": "https://api.github.com/users/hartraft",
        "html_url": "https://github.com/hartraft",
        "followers_url": "https://api.github.com/users/hartraft/followers",
        "following_url": "https://api.github.com/users/hartraft/following{/other_user}",
        "gists_url": "https://api.github.com/users/hartraft/gists{/gist_id}",
        "starred_url": "https://api.github.com/users/hartraft/starred{/owner}{/repo}",
        "subscriptions_url": "https://api.github.com/users/hartraft/subscriptions",
        "organizations_url": "https://api.github.com/users/hartraft/orgs",
        "repos_url": "https://api.github.com/users/hartraft/repos",
        "events_url": "https://api.github.com/users/hartraft/events{/privacy}",
        "received_events_url": "https://api.github.com/users/hartraft/received_events",
        "type": "User",
        "site_admin": false
    },
    "html_url": "https://github.com/hartraft/blog-tutorials",
    "description": ":star: Codebase for various tutorials  about Java, Spring Boot, AWS, Kotlin, and Testing",
    "fork": true,
    "url": "https://api.github.com/repos/hartraft/blog-tutorials",
    "forks_url": "https://api.github.com/repos/hartraft/blog-tutorials/forks",
    "keys_url": "https://api.github.com/repos/hartraft/blog-tutorials/keys{/key_id}",
    "collaborators_url": "https://api.github.com/repos/hartraft/blog-tutorials/collaborators{/collaborator}",
    "teams_url": "https://api.github.com/repos/hartraft/blog-tutorials/teams",
    "hooks_url": "https://api.github.com/repos/hartraft/blog-tutorials/hooks",
    "issue_events_url": "https://api.github.com/repos/hartraft/blog-tutorials/issues/events{/number}",
    "events_url": "https://api.github.com/repos/hartraft/blog-tutorials/events",
    "assignees_url": "https://api.github.com/repos/hartraft/blog-tutorials/assignees{/user}",
    "branches_url": "https://api.github.com/repos/hartraft/blog-tutorials/branches{/branch}",
    "tags_url": "https://api.github.com/repos/hartraft/blog-tutorials/tags",
    "blobs_url": "https://api.github.com/repos/hartraft/blog-tutorials/git/blobs{/sha}",
    "git_tags_url": "https://api.github.com/repos/hartraft/blog-tutorials/git/tags{/sha}",
    "git_refs_url": "https://api.github.com/repos/hartraft/blog-tutorials/git/refs{/sha}",
    "trees_url": "https://api.github.com/repos/hartraft/blog-tutorials/git/trees{/sha}",
    "statuses_url": "https://api.github.com/repos/hartraft/blog-tutorials/statuses/{sha}",
    "languages_url": "https://api.github.com/repos/hartraft/blog-tutorials/languages",
    "stargazers_url": "https://api.github.com/repos/hartraft/blog-tutorials/stargazers",
    "contributors_url": "https://api.github.com/repos/hartraft/blog-tutorials/contributors",
    "subscribers_url": "https://api.github.com/repos/hartraft/blog-tutorials/subscribers",
    "subscription_url": "https://api.github.com/repos/hartraft/blog-tutorials/subscription",
    "commits_url": "https://api.github.com/repos/hartraft/blog-tutorials/commits{/sha}",
    "git_commits_url": "https://api.github.com/repos/hartraft/blog-tutorials/git/commits{/sha}",
    "comments_url": "https://api.github.com/repos/hartraft/blog-tutorials/comments{/number}",
    "issue_comment_url": "https://api.github.com/repos/hartraft/blog-tutorials/issues/comments{/number}",
    "contents_url": "https://api.github.com/repos/hartraft/blog-tutorials/contents/{+path}",
    "compare_url": "https://api.github.com/repos/hartraft/blog-tutorials/compare/{base}...{head}",
    "merges_url": "https://api.github.com/repos/hartraft/blog-tutorials/merges",
    "archive_url": "https://api.github.com/repos/hartraft/blog-tutorials/{archive_format}{/ref}",
    "downloads_url": "https://api.github.com/repos/hartraft/blog-tutorials/downloads",
    "issues_url": "https://api.github.com/repos/hartraft/blog-tutorials/issues{/number}",
    "pulls_url": "https://api.github.com/repos/hartraft/blog-tutorials/pulls{/number}",
    "milestones_url": "https://api.github.com/repos/hartraft/blog-tutorials/milestones{/number}",
    "notifications_url": "https://api.github.com/repos/hartraft/blog-tutorials/notifications{?since,all,participating}",
    "labels_url": "https://api.github.com/repos/hartraft/blog-tutorials/labels{/name}",
    "releases_url": "https://api.github.com/repos/hartraft/blog-tutorials/releases{/id}",
    "deployments_url": "https://api.github.com/repos/hartraft/blog-tutorials/deployments",
    "created_at": "2021-09-03T09:12:03Z",
    "updated_at": "2021-09-30T19:28:25Z",
    "pushed_at": "2021-09-30T19:28:21Z",
    "git_url": "git://github.com/hartraft/blog-tutorials.git",
    "ssh_url": "git@github.com:hartraft/blog-tutorials.git",
    "clone_url": "https://github.com/hartraft/blog-tutorials.git",
    "svn_url": "https://github.com/hartraft/blog-tutorials",
    "homepage": "https://rieckpil.de/all-posts/",
    "size": 21348,
    "stargazers_count": 0,
    "watchers_count": 0,
    "language": "Java",
    "has_issues": false,
    "has_projects": true,
    "has_downloads": true,
    "has_wiki": true,
    "has_pages": false,
    "has_discussions": false,
    "forks_count": 0,
    "mirror_url": null,
    "archived": false,
    "disabled": false,
    "open_issues_count": 0,
    "license": {
        "key": "mit",
        "name": "MIT License",
        "spdx_id": "MIT",
        "url": "https://api.github.com/licenses/mit",
        "node_id": "MDc6TGljZW5zZTEz"
    },
    "allow_forking": true,
    "is_template": false,
    "web_commit_signoff_required": false,
    "topics": [],
    "visibility": "public",
    "forks": 0,
    "open_issues": 0,
    "watchers": 0,
    "default_branch": "master",
    "permissions": {
        "admin": false,
        "maintain": false,
        "push": false,
        "triage": false,
        "pull": true
    },
    "temp_clone_token": "",
    "parent": {
        "id": 135796936,
        "node_id": "MDEwOlJlcG9zaXRvcnkxMzU3OTY5MzY=",
        "name": "blog-tutorials",
        "full_name": "rieckpil/blog-tutorials",
        "private": false,
        "owner": {
            "login": "rieckpil",
            "id": 14176609,
            "node_id": "MDQ6VXNlcjE0MTc2NjA5",
            "avatar_url": "https://avatars.githubusercontent.com/u/14176609?v=4",
            "gravatar_id": "",
            "url": "https://api.github.com/users/rieckpil",
            "html_url": "https://github.com/rieckpil",
            "followers_url": "https://api.github.com/users/rieckpil/followers",
            "following_url": "https://api.github.com/users/rieckpil/following{/other_user}",
            "gists_url": "https://api.github.com/users/rieckpil/gists{/gist_id}",
            "starred_url": "https://api.github.com/users/rieckpil/starred{/owner}{/repo}",
            "subscriptions_url": "https://api.github.com/users/rieckpil/subscriptions",
            "organizations_url": "https://api.github.com/users/rieckpil/orgs",
            "repos_url": "https://api.github.com/users/rieckpil/repos",
            "events_url": "https://api.github.com/users/rieckpil/events{/privacy}",
            "received_events_url": "https://api.github.com/users/rieckpil/received_events",
            "type": "User",
            "site_admin": false
        },
        "html_url": "https://github.com/rieckpil/blog-tutorials",
        "description": ":star: Codebase for various tutorials  about Java, Spring Boot, AWS, Kotlin, and Testing",
        "fork": false,
        "url": "https://api.github.com/repos/rieckpil/blog-tutorials",
        "forks_url": "https://api.github.com/repos/rieckpil/blog-tutorials/forks",
        "keys_url": "https://api.github.com/repos/rieckpil/blog-tutorials/keys{/key_id}",
        "collaborators_url": "https://api.github.com/repos/rieckpil/blog-tutorials/collaborators{/collaborator}",
        "teams_url": "https://api.github.com/repos/rieckpil/blog-tutorials/teams",
        "hooks_url": "https://api.github.com/repos/rieckpil/blog-tutorials/hooks",
        "issue_events_url": "https://api.github.com/repos/rieckpil/blog-tutorials/issues/events{/number}",
        "events_url": "https://api.github.com/repos/rieckpil/blog-tutorials/events",
        "assignees_url": "https://api.github.com/repos/rieckpil/blog-tutorials/assignees{/user}",
        "branches_url": "https://api.github.com/repos/rieckpil/blog-tutorials/branches{/branch}",
        "tags_url": "https://api.github.com/repos/rieckpil/blog-tutorials/tags",
        "blobs_url": "https://api.github.com/repos/rieckpil/blog-tutorials/git/blobs{/sha}",
        "git_tags_url": "https://api.github.com/repos/rieckpil/blog-tutorials/git/tags{/sha}",
        "git_refs_url": "https://api.github.com/repos/rieckpil/blog-tutorials/git/refs{/sha}",
        "trees_url": "https://api.github.com/repos/rieckpil/blog-tutorials/git/trees{/sha}",
        "statuses_url": "https://api.github.com/repos/rieckpil/blog-tutorials/statuses/{sha}",
        "languages_url": "https://api.github.com/repos/rieckpil/blog-tutorials/languages",
        "stargazers_url": "https://api.github.com/repos/rieckpil/blog-tutorials/stargazers",
        "contributors_url": "https://api.github.com/repos/rieckpil/blog-tutorials/contributors",
        "subscribers_url": "https://api.github.com/repos/rieckpil/blog-tutorials/subscribers",
        "subscription_url": "https://api.github.com/repos/rieckpil/blog-tutorials/subscription",
        "commits_url": "https://api.github.com/repos/rieckpil/blog-tutorials/commits{/sha}",
        "git_commits_url": "https://api.github.com/repos/rieckpil/blog-tutorials/git/commits{/sha}",
        "comments_url": "https://api.github.com/repos/rieckpil/blog-tutorials/comments{/number}",
        "issue_comment_url": "https://api.github.com/repos/rieckpil/blog-tutorials/issues/comments{/number}",
        "contents_url": "https://api.github.com/repos/rieckpil/blog-tutorials/contents/{+path}",
        "compare_url": "https://api.github.com/repos/rieckpil/blog-tutorials/compare/{base}...{head}",
        "merges_url": "https://api.github.com/repos/rieckpil/blog-tutorials/merges",
        "archive_url": "https://api.github.com/repos/rieckpil/blog-tutorials/{archive_format}{/ref}",
        "downloads_url": "https://api.github.com/repos/rieckpil/blog-tutorials/downloads",
        "issues_url": "https://api.github.com/repos/rieckpil/blog-tutorials/issues{/number}",
        "pulls_url": "https://api.github.com/repos/rieckpil/blog-tutorials/pulls{/number}",
        "milestones_url": "https://api.github.com/repos/rieckpil/blog-tutorials/milestones{/number}",
        "notifications_url": "https://api.github.com/repos/rieckpil/blog-tutorials/notifications{?since,all,participating}",
        "labels_url": "https://api.github.com/repos/rieckpil/blog-tutorials/labels{/name}",
        "releases_url": "https://api.github.com/repos/rieckpil/blog-tutorials/releases{/id}",
        "deployments_url": "https://api.github.com/repos/rieckpil/blog-tutorials/deployments",
        "created_at": "2018-06-02T07:25:24Z",
        "updated_at": "2024-04-22T16:07:20Z",
        "pushed_at": "2024-04-25T07:09:28Z",
        "git_url": "git://github.com/rieckpil/blog-tutorials.git",
        "ssh_url": "git@github.com:rieckpil/blog-tutorials.git",
        "clone_url": "https://github.com/rieckpil/blog-tutorials.git",
        "svn_url": "https://github.com/rieckpil/blog-tutorials",
        "homepage": "https://rieckpil.de/",
        "size": 28533,
        "stargazers_count": 752,
        "watchers_count": 752,
        "language": "Java",
        "has_issues": true,
        "has_projects": false,
        "has_downloads": true,
        "has_wiki": false,
        "has_pages": false,
        "has_discussions": false,
        "forks_count": 759,
        "mirror_url": null,
        "archived": false,
        "disabled": false,
        "open_issues_count": 49,
        "license": {
            "key": "mit",
            "name": "MIT License",
            "spdx_id": "MIT",
            "url": "https://api.github.com/licenses/mit",
            "node_id": "MDc6TGljZW5zZTEz"
        },
        "allow_forking": true,
        "is_template": false,
        "web_commit_signoff_required": false,
        "topics": [
            "aws",
            "java",
            "java-ee",
            "jdk",
            "junit",
            "kotlin",
            "maven",
            "microprofile",
            "postgresql",
            "react",
            "spring-boot",
            "spring-framework",
            "spring-security",
            "spring-test",
            "spring-web",
            "spring-webclient",
            "spring-webflux",
            "testcontainers"
        ],
        "visibility": "public",
        "forks": 759,
        "open_issues": 49,
        "watchers": 752,
        "default_branch": "master"
    },
    "source": {
        "id": 135796936,
        "node_id": "MDEwOlJlcG9zaXRvcnkxMzU3OTY5MzY=",
        "name": "blog-tutorials",
        "full_name": "rieckpil/blog-tutorials",
        "private": false,
        "owner": {
            "login": "rieckpil",
            "id": 14176609,
            "node_id": "MDQ6VXNlcjE0MTc2NjA5",
            "avatar_url": "https://avatars.githubusercontent.com/u/14176609?v=4",
            "gravatar_id": "",
            "url": "https://api.github.com/users/rieckpil",
            "html_url": "https://github.com/rieckpil",
            "followers_url": "https://api.github.com/users/rieckpil/followers",
            "following_url": "https://api.github.com/users/rieckpil/following{/other_user}",
            "gists_url": "https://api.github.com/users/rieckpil/gists{/gist_id}",
            "starred_url": "https://api.github.com/users/rieckpil/starred{/owner}{/repo}",
            "subscriptions_url": "https://api.github.com/users/rieckpil/subscriptions",
            "organizations_url": "https://api.github.com/users/rieckpil/orgs",
            "repos_url": "https://api.github.com/users/rieckpil/repos",
            "events_url": "https://api.github.com/users/rieckpil/events{/privacy}",
            "received_events_url": "https://api.github.com/users/rieckpil/received_events",
            "type": "User",
            "site_admin": false
        },
        "html_url": "https://github.com/rieckpil/blog-tutorials",
        "description": ":star: Codebase for various tutorials  about Java, Spring Boot, AWS, Kotlin, and Testing",
        "fork": false,
        "url": "https://api.github.com/repos/rieckpil/blog-tutorials",
        "forks_url": "https://api.github.com/repos/rieckpil/blog-tutorials/forks",
        "keys_url": "https://api.github.com/repos/rieckpil/blog-tutorials/keys{/key_id}",
        "collaborators_url": "https://api.github.com/repos/rieckpil/blog-tutorials/collaborators{/collaborator}",
        "teams_url": "https://api.github.com/repos/rieckpil/blog-tutorials/teams",
        "hooks_url": "https://api.github.com/repos/rieckpil/blog-tutorials/hooks",
        "issue_events_url": "https://api.github.com/repos/rieckpil/blog-tutorials/issues/events{/number}",
        "events_url": "https://api.github.com/repos/rieckpil/blog-tutorials/events",
        "assignees_url": "https://api.github.com/repos/rieckpil/blog-tutorials/assignees{/user}",
        "branches_url": "https://api.github.com/repos/rieckpil/blog-tutorials/branches{/branch}",
        "tags_url": "https://api.github.com/repos/rieckpil/blog-tutorials/tags",
        "blobs_url": "https://api.github.com/repos/rieckpil/blog-tutorials/git/blobs{/sha}",
        "git_tags_url": "https://api.github.com/repos/rieckpil/blog-tutorials/git/tags{/sha}",
        "git_refs_url": "https://api.github.com/repos/rieckpil/blog-tutorials/git/refs{/sha}",
        "trees_url": "https://api.github.com/repos/rieckpil/blog-tutorials/git/trees{/sha}",
        "statuses_url": "https://api.github.com/repos/rieckpil/blog-tutorials/statuses/{sha}",
        "languages_url": "https://api.github.com/repos/rieckpil/blog-tutorials/languages",
        "stargazers_url": "https://api.github.com/repos/rieckpil/blog-tutorials/stargazers",
        "contributors_url": "https://api.github.com/repos/rieckpil/blog-tutorials/contributors",
        "subscribers_url": "https://api.github.com/repos/rieckpil/blog-tutorials/subscribers",
        "subscription_url": "https://api.github.com/repos/rieckpil/blog-tutorials/subscription",
        "commits_url": "https://api.github.com/repos/rieckpil/blog-tutorials/commits{/sha}",
        "git_commits_url": "https://api.github.com/repos/rieckpil/blog-tutorials/git/commits{/sha}",
        "comments_url": "https://api.github.com/repos/rieckpil/blog-tutorials/comments{/number}",
        "issue_comment_url": "https://api.github.com/repos/rieckpil/blog-tutorials/issues/comments{/number}",
        "contents_url": "https://api.github.com/repos/rieckpil/blog-tutorials/contents/{+path}",
        "compare_url": "https://api.github.com/repos/rieckpil/blog-tutorials/compare/{base}...{head}",
        "merges_url": "https://api.github.com/repos/rieckpil/blog-tutorials/merges",
        "archive_url": "https://api.github.com/repos/rieckpil/blog-tutorials/{archive_format}{/ref}",
        "downloads_url": "https://api.github.com/repos/rieckpil/blog-tutorials/downloads",
        "issues_url": "https://api.github.com/repos/rieckpil/blog-tutorials/issues{/number}",
        "pulls_url": "https://api.github.com/repos/rieckpil/blog-tutorials/pulls{/number}",
        "milestones_url": "https://api.github.com/repos/rieckpil/blog-tutorials/milestones{/number}",
        "notifications_url": "https://api.github.com/repos/rieckpil/blog-tutorials/notifications{?since,all,participating}",
        "labels_url": "https://api.github.com/repos/rieckpil/blog-tutorials/labels{/name}",
        "releases_url": "https://api.github.com/repos/rieckpil/blog-tutorials/releases{/id}",
        "deployments_url": "https://api.github.com/repos/rieckpil/blog-tutorials/deployments",
        "created_at": "2018-06-02T07:25:24Z",
        "updated_at": "2024-04-22T16:07:20Z",
        "pushed_at": "2024-04-25T07:09:28Z",
        "git_url": "git://github.com/rieckpil/blog-tutorials.git",
        "ssh_url": "git@github.com:rieckpil/blog-tutorials.git",
        "clone_url": "https://github.com/rieckpil/blog-tutorials.git",
        "svn_url": "https://github.com/rieckpil/blog-tutorials",
        "homepage": "https://rieckpil.de/",
        "size": 28533,
        "stargazers_count": 752,
        "watchers_count": 752,
        "language": "Java",
        "has_issues": true,
        "has_projects": false,
        "has_downloads": true,
        "has_wiki": false,
        "has_pages": false,
        "has_discussions": false,
        "forks_count": 759,
        "mirror_url": null,
        "archived": false,
        "disabled": false,
        "open_issues_count": 49,
        "license": {
            "key": "mit",
            "name": "MIT License",
            "spdx_id": "MIT",
            "url": "https://api.github.com/licenses/mit",
            "node_id": "MDc6TGljZW5zZTEz"
        },
        "allow_forking": true,
        "is_template": false,
        "web_commit_signoff_required": false,
        "topics": [
            "aws",
            "java",
            "java-ee",
            "jdk",
            "junit",
            "kotlin",
            "maven",
            "microprofile",
            "postgresql",
            "react",
            "spring-boot",
            "spring-framework",
            "spring-security",
            "spring-test",
            "spring-web",
            "spring-webclient",
            "spring-webflux",
            "testcontainers"
        ],
        "visibility": "public",
        "forks": 759,
        "open_issues": 49,
        "watchers": 752,
        "default_branch": "master"
    },
    "network_count": 759,
    "subscribers_count": 0
}