{
    "id": 35142500,
    "node_id": "MDEwOlJlcG9zaXRvcnkzNTE0MjUwMA==",
    "name": "bing",
    "full_name": "jdiggy13/bing",
    "private": false,
    "owner": {
        "login": "jdiggy13",
        "id": 12267450,
        "node_id": "MDQ6VXNlcjEyMjY3NDUw",
        "avatar_url": "https://avatars.githubusercontent.com/u/12267450?v=4",
        "gravatar_id": "",
        "url": "https://api.github.com/users/jdiggy13",
        "html_url": "https://github.com/jdiggy13",
        "followers_url": "https://api.github.com/users/jdiggy13/followers",
        "following_url": "https://api.github.com/users/jdiggy13/following{/other_user}",
        "gists_url": "https://api.github.com/users/jdiggy13/gists{/gist_id}",
        "starred_url": "https://api.github.com/users/jdiggy13/starred{/owner}{/repo}",
        "subscriptions_url": "https://api.github.com/users/jdiggy13/subscriptions",
        "organizations_url": "https://api.github.com/users/jdiggy13/orgs",
        "repos_url": "https://api.github.com/users/jdiggy13/repos",
        "events_url": "https://api.github.com/users/jdiggy13/events{/privacy}",
        "received_events_url": "https://api.github.com/users/jdiggy13/received_events",
        "type": "User",
        "site_admin": false
    },
    "html_url": "https://github.com/jdiggy13/bing",
    "description": null,
    "fork": false,
    "url": "https://api.github.com/repos/jdiggy13/bing",
    "forks_url": "https://api.github.com/repos/jdiggy13/bing/forks",
    "keys_url": "https://api.github.com/repos/jdiggy13/bing/keys{/key_id}",
    "collaborators_url": "https://api.github.com/repos/jdiggy13/bing/collaborators{/collaborator}",
    "teams_url": "https://api.github.com/repos/jdiggy13/bing/teams",
    "hooks_url": "https://api.github.com/repos/jdiggy13/bing/hooks",
    "issue_events_url": "https://api.github.com/repos/jdiggy13/bing/issues/events{/number}",
    "events_url": "https://api.github.com/repos/jdiggy13/bing/events",
    "assignees_url": "https://api.github.com/repos/jdiggy13/bing/assignees{/user}",
    "branches_url": "https://api.github.com/repos/jdiggy13/bing/branches{/branch}",
    "tags_url": "https://api.github.com/repos/jdiggy13/bing/tags",
    "blobs_url": "https://api.github.com/repos/jdiggy13/bing/git/blobs{/sha}",
    "git_tags_url": "https://api.github.com/repos/jdiggy13/bing/git/tags{/sha}",
    "git_refs_url": "https://api.github.com/repos/jdiggy13/bing/git/refs{/sha}",
    "trees_url": "https://api.github.com/repos/jdiggy13/bing/git/trees{/sha}",
    "statuses_url": "https://api.github.com/repos/jdiggy13/bing/statuses/{sha}",
    "languages_url": "https://api.github.com/repos/jdiggy13/bing/languages",
    "stargazers_url": "https://api.github.com/repos/jdiggy13/bing/stargazers",
    "contributors_url": "https://api.github.com/repos/jdiggy13/bing/contributors",
    "subscribers_url": "https://api.github.com/repos/jdiggy13/bing/subscribers",
    "subscription_url": "https://api.github.com/repos/jdiggy13/bing/subscription",
    "commits_url": "https://api.github.com/repos/jdiggy13/bing/commits{/sha}",
    "git_commits_url": "https://api.github.com/repos/jdiggy13/bing/git/commits{/sha}",
    "comments_url": "https://api.github.com/repos/jdiggy13/bing/comments{/number}",
    "issue_comment_url": "https://api.github.com/repos/jdiggy13/bing/issues/comments{/number}",
    "contents_url": "https://api.github.com/repos/jdiggy13/bing/contents/{+path}",
    "compare_url": "https://api.github.com/repos/jdiggy13/bing/compare/{base}...{head}",
    "merges_url": "https://api.github.com/repos/jdiggy13/bing/merges",
    "archive_url": "https://api.github.com/repos/jdiggy13/bing/{archive_format}{/ref}",
    "downloads_url": "https://api.github.com/repos/jdiggy13/bing/downloads",
    "issues_url": "https://api.github.com/repos/jdiggy13/bing/issues{/number}",
    "pulls_url": "https://api.github.com/repos/jdiggy13/bing/pulls{/number}",
    "milestones_url": "https://api.github.com/repos/jdiggy13/bing/milestones{/number}",
    "notifications_url": "https://api.github.com/repos/jdiggy13/bing/notifications{?since,all,participating}",
    "labels_url": "https://api.github.com/repos/jdiggy13/bing/labels{/name}",
    "releases_url": "https://api.github.com/repos/jdiggy13/bing/releases{/id}",
    "deployments_url": "https://api.github.com/repos/jdiggy13/bing/deployments",
    "created_at": "2015-05-06T06:13:14Z",
    "updated_at": "2015-05-06T06:15:15Z",
    "pushed_at": "2015-05-06T06:15:14Z",
    "git_url": "git://github.com/jdiggy13/bing.git",
    "ssh_url": "git@github.com:jdiggy13/bing.git",
    "clone_url": "https://github.com/jdiggy13/bing.git",
    "svn_url": "https://github.com/jdiggy13/bing",
    "homepage": null,
    "size": 152,
    "stargazers_count": 0,
    "watchers_count": 0,
    "language": "Java",
    "has_issues": true,
    "has_projects": true,
    "has_downloads": true,
    "has_wiki": true,
    "has_pages": false,
    "has_discussions": false,
    "forks_count": 0,
    "mirror_url": null,
    "archived": false,
    "disabled": false,
    "open_issues_count": 0,
    "license": {
        "key": "apache-2.0",
        "name": "Apache License 2.0",
        "spdx_id": "Apache-2.0",
        "url": "https://api.github.com/licenses/apache-2.0",
        "node_id": "MDc6TGljZW5zZTI="
    },
    "allow_forking": true,
    "is_template": false,
    "web_commit_signoff_required": false,
    "topics": [],
    "visibility": "public",
    "forks": 0,
    "open_issues": 0,
    "watchers": 0,
    "default_branch": "master",
    "permissions": {
        "admin": false,
        "maintain": false,
        "push": false,
        "triage": false,
        "pull": true
    },
    "temp_clone_token": "",
    "network_count": 0,
    "subscribers_count": 1
}