{
    "id": 73994936,
    "node_id": "MDEwOlJlcG9zaXRvcnk3Mzk5NDkzNg==",
    "name": "hive",
    "full_name": "sunyerui/hive",
    "private": false,
    "owner": {
        "login": "sunyerui",
        "id": 12244931,
        "node_id": "MDQ6VXNlcjEyMjQ0OTMx",
        "avatar_url": "https://avatars.githubusercontent.com/u/12244931?v=4",
        "gravatar_id": "",
        "url": "https://api.github.com/users/sunyerui",
        "html_url": "https://github.com/sunyerui",
        "followers_url": "https://api.github.com/users/sunyerui/followers",
        "following_url": "https://api.github.com/users/sunyerui/following{/other_user}",
        "gists_url": "https://api.github.com/users/sunyerui/gists{/gist_id}",
        "starred_url": "https://api.github.com/users/sunyerui/starred{/owner}{/repo}",
        "subscriptions_url": "https://api.github.com/users/sunyerui/subscriptions",
        "organizations_url": "https://api.github.com/users/sunyerui/orgs",
        "repos_url": "https://api.github.com/users/sunyerui/repos",
        "events_url": "https://api.github.com/users/sunyerui/events{/privacy}",
        "received_events_url": "https://api.github.com/users/sunyerui/received_events",
        "type": "User",
        "site_admin": false
    },
    "html_url": "https://github.com/sunyerui/hive",
    "description": "Mirror of Apache Hive",
    "fork": true,
    "url": "https://api.github.com/repos/sunyerui/hive",
    "forks_url": "https://api.github.com/repos/sunyerui/hive/forks",
    "keys_url": "https://api.github.com/repos/sunyerui/hive/keys{/key_id}",
    "collaborators_url": "https://api.github.com/repos/sunyerui/hive/collaborators{/collaborator}",
    "teams_url": "https://api.github.com/repos/sunyerui/hive/teams",
    "hooks_url": "https://api.github.com/repos/sunyerui/hive/hooks",
    "issue_events_url": "https://api.github.com/repos/sunyerui/hive/issues/events{/number}",
    "events_url": "https://api.github.com/repos/sunyerui/hive/events",
    "assignees_url": "https://api.github.com/repos/sunyerui/hive/assignees{/user}",
    "branches_url": "https://api.github.com/repos/sunyerui/hive/branches{/branch}",
    "tags_url": "https://api.github.com/repos/sunyerui/hive/tags",
    "blobs_url": "https://api.github.com/repos/sunyerui/hive/git/blobs{/sha}",
    "git_tags_url": "https://api.github.com/repos/sunyerui/hive/git/tags{/sha}",
    "git_refs_url": "https://api.github.com/repos/sunyerui/hive/git/refs{/sha}",
    "trees_url": "https://api.github.com/repos/sunyerui/hive/git/trees{/sha}",
    "statuses_url": "https://api.github.com/repos/sunyerui/hive/statuses/{sha}",
    "languages_url": "https://api.github.com/repos/sunyerui/hive/languages",
    "stargazers_url": "https://api.github.com/repos/sunyerui/hive/stargazers",
    "contributors_url": "https://api.github.com/repos/sunyerui/hive/contributors",
    "subscribers_url": "https://api.github.com/repos/sunyerui/hive/subscribers",
    "subscription_url": "https://api.github.com/repos/sunyerui/hive/subscription",
    "commits_url": "https://api.github.com/repos/sunyerui/hive/commits{/sha}",
    "git_commits_url": "https://api.github.com/repos/sunyerui/hive/git/commits{/sha}",
    "comments_url": "https://api.github.com/repos/sunyerui/hive/comments{/number}",
    "issue_comment_url": "https://api.github.com/repos/sunyerui/hive/issues/comments{/number}",
    "contents_url": "https://api.github.com/repos/sunyerui/hive/contents/{+path}",
    "compare_url": "https://api.github.com/repos/sunyerui/hive/compare/{base}...{head}",
    "merges_url": "https://api.github.com/repos/sunyerui/hive/merges",
    "archive_url": "https://api.github.com/repos/sunyerui/hive/{archive_format}{/ref}",
    "downloads_url": "https://api.github.com/repos/sunyerui/hive/downloads",
    "issues_url": "https://api.github.com/repos/sunyerui/hive/issues{/number}",
    "pulls_url": "https://api.github.com/repos/sunyerui/hive/pulls{/number}",
    "milestones_url": "https://api.github.com/repos/sunyerui/hive/milestones{/number}",
    "notifications_url": "https://api.github.com/repos/sunyerui/hive/notifications{?since,all,participating}",
    "labels_url": "https://api.github.com/repos/sunyerui/hive/labels{/name}",
    "releases_url": "https://api.github.com/repos/sunyerui/hive/releases{/id}",
    "deployments_url": "https://api.github.com/repos/sunyerui/hive/deployments",
    "created_at": "2016-11-17T05:50:51Z",
    "updated_at": "2016-11-17T05:51:23Z",
    "pushed_at": "2017-03-01T04:15:53Z",
    "git_url": "git://github.com/sunyerui/hive.git",
    "ssh_url": "git@github.com:sunyerui/hive.git",
    "clone_url": "https://github.com/sunyerui/hive.git",
    "svn_url": "https://github.com/sunyerui/hive",
    "homepage": null,
    "size": 125959,
    "stargazers_count": 0,
    "watchers_count": 0,
    "language": "Java",
    "has_issues": false,
    "has_projects": true,
    "has_downloads": true,
    "has_wiki": true,
    "has_pages": false,
    "has_discussions": false,
    "forks_count": 0,
    "mirror_url": null,
    "archived": false,
    "disabled": false,
    "open_issues_count": 0,
    "license": {
        "key": "apache-2.0",
        "name": "Apache License 2.0",
        "spdx_id": "Apache-2.0",
        "url": "https://api.github.com/licenses/apache-2.0",
        "node_id": "MDc6TGljZW5zZTI="
    },
    "allow_forking": true,
    "is_template": false,
    "web_commit_signoff_required": false,
    "topics": [],
    "visibility": "public",
    "forks": 0,
    "open_issues": 0,
    "watchers": 0,
    "default_branch": "cosmos-hive-0.11.0",
    "permissions": {
        "admin": false,
        "maintain": false,
        "push": false,
        "triage": false,
        "pull": true
    },
    "temp_clone_token": "",
    "parent": {
        "id": 7660455,
        "node_id": "MDEwOlJlcG9zaXRvcnk3NjYwNDU1",
        "name": "hive",
        "full_name": "dianping/hive",
        "private": false,
        "owner": {
            "login": "dianping",
            "id": 1539555,
            "node_id": "MDEyOk9yZ2FuaXphdGlvbjE1Mzk1NTU=",
            "avatar_url": "https://avatars.githubusercontent.com/u/1539555?v=4",
            "gravatar_id": "",
            "url": "https://api.github.com/users/dianping",
            "html_url": "https://github.com/dianping",
            "followers_url": "https://api.github.com/users/dianping/followers",
            "following_url": "https://api.github.com/users/dianping/following{/other_user}",
            "gists_url": "https://api.github.com/users/dianping/gists{/gist_id}",
            "starred_url": "https://api.github.com/users/dianping/starred{/owner}{/repo}",
            "subscriptions_url": "https://api.github.com/users/dianping/subscriptions",
            "organizations_url": "https://api.github.com/users/dianping/orgs",
            "repos_url": "https://api.github.com/users/dianping/repos",
            "events_url": "https://api.github.com/users/dianping/events{/privacy}",
            "received_events_url": "https://api.github.com/users/dianping/received_events",
            "type": "Organization",
            "site_admin": false
        },
        "html_url": "https://github.com/dianping/hive",
        "description": "Mirror of Apache Hive",
        "fork": true,
        "url": "https://api.github.com/repos/dianping/hive",
        "forks_url": "https://api.github.com/repos/dianping/hive/forks",
        "keys_url": "https://api.github.com/repos/dianping/hive/keys{/key_id}",
        "collaborators_url": "https://api.github.com/repos/dianping/hive/collaborators{/collaborator}",
        "teams_url": "https://api.github.com/repos/dianping/hive/teams",
        "hooks_url": "https://api.github.com/repos/dianping/hive/hooks",
        "issue_events_url": "https://api.github.com/repos/dianping/hive/issues/events{/number}",
        "events_url": "https://api.github.com/repos/dianping/hive/events",
        "assignees_url": "https://api.github.com/repos/dianping/hive/assignees{/user}",
        "branches_url": "https://api.github.com/repos/dianping/hive/branches{/branch}",
        "tags_url": "https://api.github.com/repos/dianping/hive/tags",
        "blobs_url": "https://api.github.com/repos/dianping/hive/git/blobs{/sha}",
        "git_tags_url": "https://api.github.com/repos/dianping/hive/git/tags{/sha}",
        "git_refs_url": "https://api.github.com/repos/dianping/hive/git/refs{/sha}",
        "trees_url": "https://api.github.com/repos/dianping/hive/git/trees{/sha}",
        "statuses_url": "https://api.github.com/repos/dianping/hive/statuses/{sha}",
        "languages_url": "https://api.github.com/repos/dianping/hive/languages",
        "stargazers_url": "https://api.github.com/repos/dianping/hive/stargazers",
        "contributors_url": "https://api.github.com/repos/dianping/hive/contributors",
        "subscribers_url": "https://api.github.com/repos/dianping/hive/subscribers",
        "subscription_url": "https://api.github.com/repos/dianping/hive/subscription",
        "commits_url": "https://api.github.com/repos/dianping/hive/commits{/sha}",
        "git_commits_url": "https://api.github.com/repos/dianping/hive/git/commits{/sha}",
        "comments_url": "https://api.github.com/repos/dianping/hive/comments{/number}",
        "issue_comment_url": "https://api.github.com/repos/dianping/hive/issues/comments{/number}",
        "contents_url": "https://api.github.com/repos/dianping/hive/contents/{+path}",
        "compare_url": "https://api.github.com/repos/dianping/hive/compare/{base}...{head}",
        "merges_url": "https://api.github.com/repos/dianping/hive/merges",
        "archive_url": "https://api.github.com/repos/dianping/hive/{archive_format}{/ref}",
        "downloads_url": "https://api.github.com/repos/dianping/hive/downloads",
        "issues_url": "https://api.github.com/repos/dianping/hive/issues{/number}",
        "pulls_url": "https://api.github.com/repos/dianping/hive/pulls{/number}",
        "milestones_url": "https://api.github.com/repos/dianping/hive/milestones{/number}",
        "notifications_url": "https://api.github.com/repos/dianping/hive/notifications{?since,all,participating}",
        "labels_url": "https://api.github.com/repos/dianping/hive/labels{/name}",
        "releases_url": "https://api.github.com/repos/dianping/hive/releases{/id}",
        "deployments_url": "https://api.github.com/repos/dianping/hive/deployments",
        "created_at": "2013-01-17T05:32:41Z",
        "updated_at": "2021-06-14T22:26:44Z",
        "pushed_at": "2017-04-14T10:06:47Z",
        "git_url": "git://github.com/dianping/hive.git",
        "ssh_url": "git@github.com:dianping/hive.git",
        "clone_url": "https://github.com/dianping/hive.git",
        "svn_url": "https://github.com/dianping/hive",
        "homepage": null,
        "size": 126018,
        "stargazers_count": 2,
        "watchers_count": 2,
        "language": "Java",
        "has_issues": true,
        "has_projects": true,
        "has_downloads": true,
        "has_wiki": true,
        "has_pages": false,
        "has_discussions": false,
        "forks_count": 20,
        "mirror_url": null,
        "archived": false,
        "disabled": false,
        "open_issues_count": 8,
        "license": {
            "key": "apache-2.0",
            "name": "Apache License 2.0",
            "spdx_id": "Apache-2.0",
            "url": "https://api.github.com/licenses/apache-2.0",
            "node_id": "MDc6TGljZW5zZTI="
        },
        "allow_forking": true,
        "is_template": false,
        "web_commit_signoff_required": false,
        "topics": [],
        "visibility": "public",
        "forks": 20,
        "open_issues": 8,
        "watchers": 2,
        "default_branch": "cosmos-hive-0.11.0"
    },
    "source": {
        "id": 206444,
        "node_id": "MDEwOlJlcG9zaXRvcnkyMDY0NDQ=",
        "name": "hive",
        "full_name": "apache/hive",
        "private": false,
        "owner": {
            "login": "apache",
            "id": 47359,
            "node_id": "MDEyOk9yZ2FuaXphdGlvbjQ3MzU5",
            "avatar_url": "https://avatars.githubusercontent.com/u/47359?v=4",
            "gravatar_id": "",
            "url": "https://api.github.com/users/apache",
            "html_url": "https://github.com/apache",
            "followers_url": "https://api.github.com/users/apache/followers",
            "following_url": "https://api.github.com/users/apache/following{/other_user}",
            "gists_url": "https://api.github.com/users/apache/gists{/gist_id}",
            "starred_url": "https://api.github.com/users/apache/starred{/owner}{/repo}",
            "subscriptions_url": "https://api.github.com/users/apache/subscriptions",
            "organizations_url": "https://api.github.com/users/apache/orgs",
            "repos_url": "https://api.github.com/users/apache/repos",
            "events_url": "https://api.github.com/users/apache/events{/privacy}",
            "received_events_url": "https://api.github.com/users/apache/received_events",
            "type": "Organization",
            "site_admin": false
        },
        "html_url": "https://github.com/apache/hive",
        "description": "Apache Hive",
        "fork": false,
        "url": "https://api.github.com/repos/apache/hive",
        "forks_url": "https://api.github.com/repos/apache/hive/forks",
        "keys_url": "https://api.github.com/repos/apache/hive/keys{/key_id}",
        "collaborators_url": "https://api.github.com/repos/apache/hive/collaborators{/collaborator}",
        "teams_url": "https://api.github.com/repos/apache/hive/teams",
        "hooks_url": "https://api.github.com/repos/apache/hive/hooks",
        "issue_events_url": "https://api.github.com/repos/apache/hive/issues/events{/number}",
        "events_url": "https://api.github.com/repos/apache/hive/events",
        "assignees_url": "https://api.github.com/repos/apache/hive/assignees{/user}",
        "branches_url": "https://api.github.com/repos/apache/hive/branches{/branch}",
        "tags_url": "https://api.github.com/repos/apache/hive/tags",
        "blobs_url": "https://api.github.com/repos/apache/hive/git/blobs{/sha}",
        "git_tags_url": "https://api.github.com/repos/apache/hive/git/tags{/sha}",
        "git_refs_url": "https://api.github.com/repos/apache/hive/git/refs{/sha}",
        "trees_url": "https://api.github.com/repos/apache/hive/git/trees{/sha}",
        "statuses_url": "https://api.github.com/repos/apache/hive/statuses/{sha}",
        "languages_url": "https://api.github.com/repos/apache/hive/languages",
        "stargazers_url": "https://api.github.com/repos/apache/hive/stargazers",
        "contributors_url": "https://api.github.com/repos/apache/hive/contributors",
        "subscribers_url": "https://api.github.com/repos/apache/hive/subscribers",
        "subscription_url": "https://api.github.com/repos/apache/hive/subscription",
        "commits_url": "https://api.github.com/repos/apache/hive/commits{/sha}",
        "git_commits_url": "https://api.github.com/repos/apache/hive/git/commits{/sha}",
        "comments_url": "https://api.github.com/repos/apache/hive/comments{/number}",
        "issue_comment_url": "https://api.github.com/repos/apache/hive/issues/comments{/number}",
        "contents_url": "https://api.github.com/repos/apache/hive/contents/{+path}",
        "compare_url": "https://api.github.com/repos/apache/hive/compare/{base}...{head}",
        "merges_url": "https://api.github.com/repos/apache/hive/merges",
        "archive_url": "https://api.github.com/repos/apache/hive/{archive_format}{/ref}",
        "downloads_url": "https://api.github.com/repos/apache/hive/downloads",
        "issues_url": "https://api.github.com/repos/apache/hive/issues{/number}",
        "pulls_url": "https://api.github.com/repos/apache/hive/pulls{/number}",
        "milestones_url": "https://api.github.com/repos/apache/hive/milestones{/number}",
        "notifications_url": "https://api.github.com/repos/apache/hive/notifications{?since,all,participating}",
        "labels_url": "https://api.github.com/repos/apache/hive/labels{/name}",
        "releases_url": "https://api.github.com/repos/apache/hive/releases{/id}",
        "deployments_url": "https://api.github.com/repos/apache/hive/deployments",
        "created_at": "2009-05-21T02:31:01Z",
        "updated_at": "2024-04-30T00:06:45Z",
        "pushed_at": "2024-04-30T06:12:24Z",
        "git_url": "git://github.com/apache/hive.git",
        "ssh_url": "git@github.com:apache/hive.git",
        "clone_url": "https://github.com/apache/hive.git",
        "svn_url": "https://github.com/apache/hive",
        "homepage": "https://hive.apache.org/",
        "size": 694172,
        "stargazers_count": 5333,
        "watchers_count": 5333,
        "language": "Java",
        "has_issues": false,
        "has_projects": false,
        "has_downloads": true,
        "has_wiki": false,
        "has_pages": false,
        "has_discussions": false,
        "forks_count": 4584,
        "mirror_url": null,
        "archived": false,
        "disabled": false,
        "open_issues_count": 82,
        "license": {
            "key": "apache-2.0",
            "name": "Apache License 2.0",
            "spdx_id": "Apache-2.0",
            "url": "https://api.github.com/licenses/apache-2.0",
            "node_id": "MDc6TGljZW5zZTI="
        },
        "allow_forking": true,
        "is_template": false,
        "web_commit_signoff_required": false,
        "topics": [
            "apache",
            "big-data",
            "database",
            "hadoop",
            "hive",
            "java",
            "sql"
        ],
        "visibility": "public",
        "forks": 4584,
        "open_issues": 82,
        "watchers": 5333,
        "default_branch": "master"
    },
    "network_count": 4584,
    "subscribers_count": 1
}