{
    "id": 54143695,
    "node_id": "MDEwOlJlcG9zaXRvcnk1NDE0MzY5NQ==",
    "name": "DBZCoffeeMud",
    "full_name": "kudos72/DBZCoffeeMud",
    "private": false,
    "owner": {
        "login": "kudos72",
        "id": 13370601,
        "node_id": "MDQ6VXNlcjEzMzcwNjAx",
        "avatar_url": "https://avatars.githubusercontent.com/u/13370601?v=4",
        "gravatar_id": "",
        "url": "https://api.github.com/users/kudos72",
        "html_url": "https://github.com/kudos72",
        "followers_url": "https://api.github.com/users/kudos72/followers",
        "following_url": "https://api.github.com/users/kudos72/following{/other_user}",
        "gists_url": "https://api.github.com/users/kudos72/gists{/gist_id}",
        "starred_url": "https://api.github.com/users/kudos72/starred{/owner}{/repo}",
        "subscriptions_url": "https://api.github.com/users/kudos72/subscriptions",
        "organizations_url": "https://api.github.com/users/kudos72/orgs",
        "repos_url": "https://api.github.com/users/kudos72/repos",
        "events_url": "https://api.github.com/users/kudos72/events{/privacy}",
        "received_events_url": "https://api.github.com/users/kudos72/received_events",
        "type": "User",
        "site_admin": false
    },
    "html_url": "https://github.com/kudos72/DBZCoffeeMud",
    "description": null,
    "fork": false,
    "url": "https://api.github.com/repos/kudos72/DBZCoffeeMud",
    "forks_url": "https://api.github.com/repos/kudos72/DBZCoffeeMud/forks",
    "keys_url": "https://api.github.com/repos/kudos72/DBZCoffeeMud/keys{/key_id}",
    "collaborators_url": "https://api.github.com/repos/kudos72/DBZCoffeeMud/collaborators{/collaborator}",
    "teams_url": "https://api.github.com/repos/kudos72/DBZCoffeeMud/teams",
    "hooks_url": "https://api.github.com/repos/kudos72/DBZCoffeeMud/hooks",
    "issue_events_url": "https://api.github.com/repos/kudos72/DBZCoffeeMud/issues/events{/number}",
    "events_url": "https://api.github.com/repos/kudos72/DBZCoffeeMud/events",
    "assignees_url": "https://api.github.com/repos/kudos72/DBZCoffeeMud/assignees{/user}",
    "branches_url": "https://api.github.com/repos/kudos72/DBZCoffeeMud/branches{/branch}",
    "tags_url": "https://api.github.com/repos/kudos72/DBZCoffeeMud/tags",
    "blobs_url": "https://api.github.com/repos/kudos72/DBZCoffeeMud/git/blobs{/sha}",
    "git_tags_url": "https://api.github.com/repos/kudos72/DBZCoffeeMud/git/tags{/sha}",
    "git_refs_url": "https://api.github.com/repos/kudos72/DBZCoffeeMud/git/refs{/sha}",
    "trees_url": "https://api.github.com/repos/kudos72/DBZCoffeeMud/git/trees{/sha}",
    "statuses_url": "https://api.github.com/repos/kudos72/DBZCoffeeMud/statuses/{sha}",
    "languages_url": "https://api.github.com/repos/kudos72/DBZCoffeeMud/languages",
    "stargazers_url": "https://api.github.com/repos/kudos72/DBZCoffeeMud/stargazers",
    "contributors_url": "https://api.github.com/repos/kudos72/DBZCoffeeMud/contributors",
    "subscribers_url": "https://api.github.com/repos/kudos72/DBZCoffeeMud/subscribers",
    "subscription_url": "https://api.github.com/repos/kudos72/DBZCoffeeMud/subscription",
    "commits_url": "https://api.github.com/repos/kudos72/DBZCoffeeMud/commits{/sha}",
    "git_commits_url": "https://api.github.com/repos/kudos72/DBZCoffeeMud/git/commits{/sha}",
    "comments_url": "https://api.github.com/repos/kudos72/DBZCoffeeMud/comments{/number}",
    "issue_comment_url": "https://api.github.com/repos/kudos72/DBZCoffeeMud/issues/comments{/number}",
    "contents_url": "https://api.github.com/repos/kudos72/DBZCoffeeMud/contents/{+path}",
    "compare_url": "https://api.github.com/repos/kudos72/DBZCoffeeMud/compare/{base}...{head}",
    "merges_url": "https://api.github.com/repos/kudos72/DBZCoffeeMud/merges",
    "archive_url": "https://api.github.com/repos/kudos72/DBZCoffeeMud/{archive_format}{/ref}",
    "downloads_url": "https://api.github.com/repos/kudos72/DBZCoffeeMud/downloads",
    "issues_url": "https://api.github.com/repos/kudos72/DBZCoffeeMud/issues{/number}",
    "pulls_url": "https://api.github.com/repos/kudos72/DBZCoffeeMud/pulls{/number}",
    "milestones_url": "https://api.github.com/repos/kudos72/DBZCoffeeMud/milestones{/number}",
    "notifications_url": "https://api.github.com/repos/kudos72/DBZCoffeeMud/notifications{?since,all,participating}",
    "labels_url": "https://api.github.com/repos/kudos72/DBZCoffeeMud/labels{/name}",
    "releases_url": "https://api.github.com/repos/kudos72/DBZCoffeeMud/releases{/id}",
    "deployments_url": "https://api.github.com/repos/kudos72/DBZCoffeeMud/deployments",
    "created_at": "2016-03-17T18:54:29Z",
    "updated_at": "2016-03-17T19:27:12Z",
    "pushed_at": "2016-03-18T17:38:07Z",
    "git_url": "git://github.com/kudos72/DBZCoffeeMud.git",
    "ssh_url": "git@github.com:kudos72/DBZCoffeeMud.git",
    "clone_url": "https://github.com/kudos72/DBZCoffeeMud.git",
    "svn_url": "https://github.com/kudos72/DBZCoffeeMud",
    "homepage": null,
    "size": 34747,
    "stargazers_count": 0,
    "watchers_count": 0,
    "language": "HTML",
    "has_issues": true,
    "has_projects": true,
    "has_downloads": true,
    "has_wiki": true,
    "has_pages": false,
    "has_discussions": false,
    "forks_count": 0,
    "mirror_url": null,
    "archived": false,
    "disabled": false,
    "open_issues_count": 0,
    "license": {
        "key": "apache-2.0",
        "name": "Apache License 2.0",
        "spdx_id": "Apache-2.0",
        "url": "https://api.github.com/licenses/apache-2.0",
        "node_id": "MDc6TGljZW5zZTI="
    },
    "allow_forking": true,
    "is_template": false,
    "web_commit_signoff_required": false,
    "topics": [],
    "visibility": "public",
    "forks": 0,
    "open_issues": 0,
    "watchers": 0,
    "default_branch": "master",
    "permissions": {
        "admin": false,
        "maintain": false,
        "push": false,
        "triage": false,
        "pull": true
    },
    "temp_clone_token": "",
    "network_count": 0,
    "subscribers_count": 1
}