{
    "id": 178603171,
    "node_id": "MDEwOlJlcG9zaXRvcnkxNzg2MDMxNzE=",
    "name": "Cardinal-Components-API",
    "full_name": "Ladysnake/Cardinal-Components-API",
    "private": false,
    "owner": {
        "login": "Ladysnake",
        "id": 35813026,
        "node_id": "MDEyOk9yZ2FuaXphdGlvbjM1ODEzMDI2",
        "avatar_url": "https://avatars.githubusercontent.com/u/35813026?v=4",
        "gravatar_id": "",
        "url": "https://api.github.com/users/Ladysnake",
        "html_url": "https://github.com/Ladysnake",
        "followers_url": "https://api.github.com/users/Ladysnake/followers",
        "following_url": "https://api.github.com/users/Ladysnake/following{/other_user}",
        "gists_url": "https://api.github.com/users/Ladysnake/gists{/gist_id}",
        "starred_url": "https://api.github.com/users/Ladysnake/starred{/owner}{/repo}",
        "subscriptions_url": "https://api.github.com/users/Ladysnake/subscriptions",
        "organizations_url": "https://api.github.com/users/Ladysnake/orgs",
        "repos_url": "https://api.github.com/users/Ladysnake/repos",
        "events_url": "https://api.github.com/users/Ladysnake/events{/privacy}",
        "received_events_url": "https://api.github.com/users/Ladysnake/received_events",
        "type": "Organization",
        "site_admin": false
    },
    "html_url": "https://github.com/Ladysnake/Cardinal-Components-API",
    "description": "Component API to add external data to objects.",
    "fork": false,
    "url": "https://api.github.com/repos/Ladysnake/Cardinal-Components-API",
    "forks_url": "https://api.github.com/repos/Ladysnake/Cardinal-Components-API/forks",
    "keys_url": "https://api.github.com/repos/Ladysnake/Cardinal-Components-API/keys{/key_id}",
    "collaborators_url": "https://api.github.com/repos/Ladysnake/Cardinal-Components-API/collaborators{/collaborator}",
    "teams_url": "https://api.github.com/repos/Ladysnake/Cardinal-Components-API/teams",
    "hooks_url": "https://api.github.com/repos/Ladysnake/Cardinal-Components-API/hooks",
    "issue_events_url": "https://api.github.com/repos/Ladysnake/Cardinal-Components-API/issues/events{/number}",
    "events_url": "https://api.github.com/repos/Ladysnake/Cardinal-Components-API/events",
    "assignees_url": "https://api.github.com/repos/Ladysnake/Cardinal-Components-API/assignees{/user}",
    "branches_url": "https://api.github.com/repos/Ladysnake/Cardinal-Components-API/branches{/branch}",
    "tags_url": "https://api.github.com/repos/Ladysnake/Cardinal-Components-API/tags",
    "blobs_url": "https://api.github.com/repos/Ladysnake/Cardinal-Components-API/git/blobs{/sha}",
    "git_tags_url": "https://api.github.com/repos/Ladysnake/Cardinal-Components-API/git/tags{/sha}",
    "git_refs_url": "https://api.github.com/repos/Ladysnake/Cardinal-Components-API/git/refs{/sha}",
    "trees_url": "https://api.github.com/repos/Ladysnake/Cardinal-Components-API/git/trees{/sha}",
    "statuses_url": "https://api.github.com/repos/Ladysnake/Cardinal-Components-API/statuses/{sha}",
    "languages_url": "https://api.github.com/repos/Ladysnake/Cardinal-Components-API/languages",
    "stargazers_url": "https://api.github.com/repos/Ladysnake/Cardinal-Components-API/stargazers",
    "contributors_url": "https://api.github.com/repos/Ladysnake/Cardinal-Components-API/contributors",
    "subscribers_url": "https://api.github.com/repos/Ladysnake/Cardinal-Components-API/subscribers",
    "subscription_url": "https://api.github.com/repos/Ladysnake/Cardinal-Components-API/subscription",
    "commits_url": "https://api.github.com/repos/Ladysnake/Cardinal-Components-API/commits{/sha}",
    "git_commits_url": "https://api.github.com/repos/Ladysnake/Cardinal-Components-API/git/commits{/sha}",
    "comments_url": "https://api.github.com/repos/Ladysnake/Cardinal-Components-API/comments{/number}",
    "issue_comment_url": "https://api.github.com/repos/Ladysnake/Cardinal-Components-API/issues/comments{/number}",
    "contents_url": "https://api.github.com/repos/Ladysnake/Cardinal-Components-API/contents/{+path}",
    "compare_url": "https://api.github.com/repos/Ladysnake/Cardinal-Components-API/compare/{base}...{head}",
    "merges_url": "https://api.github.com/repos/Ladysnake/Cardinal-Components-API/merges",
    "archive_url": "https://api.github.com/repos/Ladysnake/Cardinal-Components-API/{archive_format}{/ref}",
    "downloads_url": "https://api.github.com/repos/Ladysnake/Cardinal-Components-API/downloads",
    "issues_url": "https://api.github.com/repos/Ladysnake/Cardinal-Components-API/issues{/number}",
    "pulls_url": "https://api.github.com/repos/Ladysnake/Cardinal-Components-API/pulls{/number}",
    "milestones_url": "https://api.github.com/repos/Ladysnake/Cardinal-Components-API/milestones{/number}",
    "notifications_url": "https://api.github.com/repos/Ladysnake/Cardinal-Components-API/notifications{?since,all,participating}",
    "labels_url": "https://api.github.com/repos/Ladysnake/Cardinal-Components-API/labels{/name}",
    "releases_url": "https://api.github.com/repos/Ladysnake/Cardinal-Components-API/releases{/id}",
    "deployments_url": "https://api.github.com/repos/Ladysnake/Cardinal-Components-API/deployments",
    "created_at": "2019-03-30T19:36:00Z",
    "updated_at": "2024-04-27T09:40:29Z",
    "pushed_at": "2024-04-26T18:35:33Z",
    "git_url": "git://github.com/Ladysnake/Cardinal-Components-API.git",
    "ssh_url": "git@github.com:Ladysnake/Cardinal-Components-API.git",
    "clone_url": "https://github.com/Ladysnake/Cardinal-Components-API.git",
    "svn_url": "https://github.com/Ladysnake/Cardinal-Components-API",
    "homepage": "https://www.curseforge.com/minecraft/mc-mods/cardinal-components",
    "size": 3111,
    "stargazers_count": 154,
    "watchers_count": 154,
    "language": "Java",
    "has_issues": true,
    "has_projects": false,
    "has_downloads": true,
    "has_wiki": true,
    "has_pages": false,
    "has_discussions": true,
    "forks_count": 34,
    "mirror_url": null,
    "archived": false,
    "disabled": false,
    "open_issues_count": 15,
    "license": {
        "key": "mit",
        "name": "MIT License",
        "spdx_id": "MIT",
        "url": "https://api.github.com/licenses/mit",
        "node_id": "MDc6TGljZW5zZTEz"
    },
    "allow_forking": true,
    "is_template": false,
    "web_commit_signoff_required": false,
    "topics": [
        "api",
        "fabric",
        "hacktoberfest",
        "minecraft",
        "minecraft-mod",
        "mod",
        "mods",
        "snapshot",
        "snapshots"
    ],
    "visibility": "public",
    "forks": 34,
    "open_issues": 15,
    "watchers": 154,
    "default_branch": "1.20.5",
    "permissions": {
        "admin": false,
        "maintain": false,
        "push": false,
        "triage": false,
        "pull": true
    },
    "temp_clone_token": "",
    "custom_properties": {},
    "organization": {
        "login": "Ladysnake",
        "id": 35813026,
        "node_id": "MDEyOk9yZ2FuaXphdGlvbjM1ODEzMDI2",
        "avatar_url": "https://avatars.githubusercontent.com/u/35813026?v=4",
        "gravatar_id": "",
        "url": "https://api.github.com/users/Ladysnake",
        "html_url": "https://github.com/Ladysnake",
        "followers_url": "https://api.github.com/users/Ladysnake/followers",
        "following_url": "https://api.github.com/users/Ladysnake/following{/other_user}",
        "gists_url": "https://api.github.com/users/Ladysnake/gists{/gist_id}",
        "starred_url": "https://api.github.com/users/Ladysnake/starred{/owner}{/repo}",
        "subscriptions_url": "https://api.github.com/users/Ladysnake/subscriptions",
        "organizations_url": "https://api.github.com/users/Ladysnake/orgs",
        "repos_url": "https://api.github.com/users/Ladysnake/repos",
        "events_url": "https://api.github.com/users/Ladysnake/events{/privacy}",
        "received_events_url": "https://api.github.com/users/Ladysnake/received_events",
        "type": "Organization",
        "site_admin": false
    },
    "network_count": 34,
    "subscribers_count": 8
}