{
    "id": 313824886,
    "node_id": "MDEwOlJlcG9zaXRvcnkzMTM4MjQ4ODY=",
    "name": "JavaForJangkeda",
    "full_name": "VIOLET-N/JavaForJangkeda",
    "private": false,
    "owner": {
        "login": "VIOLET-N",
        "id": 69731229,
        "node_id": "MDQ6VXNlcjY5NzMxMjI5",
        "avatar_url": "https://avatars.githubusercontent.com/u/69731229?v=4",
        "gravatar_id": "",
        "url": "https://api.github.com/users/VIOLET-N",
        "html_url": "https://github.com/VIOLET-N",
        "followers_url": "https://api.github.com/users/VIOLET-N/followers",
        "following_url": "https://api.github.com/users/VIOLET-N/following{/other_user}",
        "gists_url": "https://api.github.com/users/VIOLET-N/gists{/gist_id}",
        "starred_url": "https://api.github.com/users/VIOLET-N/starred{/owner}{/repo}",
        "subscriptions_url": "https://api.github.com/users/VIOLET-N/subscriptions",
        "organizations_url": "https://api.github.com/users/VIOLET-N/orgs",
        "repos_url": "https://api.github.com/users/VIOLET-N/repos",
        "events_url": "https://api.github.com/users/VIOLET-N/events{/privacy}",
        "received_events_url": "https://api.github.com/users/VIOLET-N/received_events",
        "type": "User",
        "site_admin": false
    },
    "html_url": "https://github.com/VIOLET-N/JavaForJangkeda",
    "description": "\u6c5f\u79d1\u5927Java\u5b9e\u8bad",
    "fork": false,
    "url": "https://api.github.com/repos/VIOLET-N/JavaForJangkeda",
    "forks_url": "https://api.github.com/repos/VIOLET-N/JavaForJangkeda/forks",
    "keys_url": "https://api.github.com/repos/VIOLET-N/JavaForJangkeda/keys{/key_id}",
    "collaborators_url": "https://api.github.com/repos/VIOLET-N/JavaForJangkeda/collaborators{/collaborator}",
    "teams_url": "https://api.github.com/repos/VIOLET-N/JavaForJangkeda/teams",
    "hooks_url": "https://api.github.com/repos/VIOLET-N/JavaForJangkeda/hooks",
    "issue_events_url": "https://api.github.com/repos/VIOLET-N/JavaForJangkeda/issues/events{/number}",
    "events_url": "https://api.github.com/repos/VIOLET-N/JavaForJangkeda/events",
    "assignees_url": "https://api.github.com/repos/VIOLET-N/JavaForJangkeda/assignees{/user}",
    "branches_url": "https://api.github.com/repos/VIOLET-N/JavaForJangkeda/branches{/branch}",
    "tags_url": "https://api.github.com/repos/VIOLET-N/JavaForJangkeda/tags",
    "blobs_url": "https://api.github.com/repos/VIOLET-N/JavaForJangkeda/git/blobs{/sha}",
    "git_tags_url": "https://api.github.com/repos/VIOLET-N/JavaForJangkeda/git/tags{/sha}",
    "git_refs_url": "https://api.github.com/repos/VIOLET-N/JavaForJangkeda/git/refs{/sha}",
    "trees_url": "https://api.github.com/repos/VIOLET-N/JavaForJangkeda/git/trees{/sha}",
    "statuses_url": "https://api.github.com/repos/VIOLET-N/JavaForJangkeda/statuses/{sha}",
    "languages_url": "https://api.github.com/repos/VIOLET-N/JavaForJangkeda/languages",
    "stargazers_url": "https://api.github.com/repos/VIOLET-N/JavaForJangkeda/stargazers",
    "contributors_url": "https://api.github.com/repos/VIOLET-N/JavaForJangkeda/contributors",
    "subscribers_url": "https://api.github.com/repos/VIOLET-N/JavaForJangkeda/subscribers",
    "subscription_url": "https://api.github.com/repos/VIOLET-N/JavaForJangkeda/subscription",
    "commits_url": "https://api.github.com/repos/VIOLET-N/JavaForJangkeda/commits{/sha}",
    "git_commits_url": "https://api.github.com/repos/VIOLET-N/JavaForJangkeda/git/commits{/sha}",
    "comments_url": "https://api.github.com/repos/VIOLET-N/JavaForJangkeda/comments{/number}",
    "issue_comment_url": "https://api.github.com/repos/VIOLET-N/JavaForJangkeda/issues/comments{/number}",
    "contents_url": "https://api.github.com/repos/VIOLET-N/JavaForJangkeda/contents/{+path}",
    "compare_url": "https://api.github.com/repos/VIOLET-N/JavaForJangkeda/compare/{base}...{head}",
    "merges_url": "https://api.github.com/repos/VIOLET-N/JavaForJangkeda/merges",
    "archive_url": "https://api.github.com/repos/VIOLET-N/JavaForJangkeda/{archive_format}{/ref}",
    "downloads_url": "https://api.github.com/repos/VIOLET-N/JavaForJangkeda/downloads",
    "issues_url": "https://api.github.com/repos/VIOLET-N/JavaForJangkeda/issues{/number}",
    "pulls_url": "https://api.github.com/repos/VIOLET-N/JavaForJangkeda/pulls{/number}",
    "milestones_url": "https://api.github.com/repos/VIOLET-N/JavaForJangkeda/milestones{/number}",
    "notifications_url": "https://api.github.com/repos/VIOLET-N/JavaForJangkeda/notifications{?since,all,participating}",
    "labels_url": "https://api.github.com/repos/VIOLET-N/JavaForJangkeda/labels{/name}",
    "releases_url": "https://api.github.com/repos/VIOLET-N/JavaForJangkeda/releases{/id}",
    "deployments_url": "https://api.github.com/repos/VIOLET-N/JavaForJangkeda/deployments",
    "created_at": "2020-11-18T04:42:59Z",
    "updated_at": "2020-12-02T08:34:32Z",
    "pushed_at": "2020-12-02T08:34:30Z",
    "git_url": "git://github.com/VIOLET-N/JavaForJangkeda.git",
    "ssh_url": "git@github.com:VIOLET-N/JavaForJangkeda.git",
    "clone_url": "https://github.com/VIOLET-N/JavaForJangkeda.git",
    "svn_url": "https://github.com/VIOLET-N/JavaForJangkeda",
    "homepage": null,
    "size": 3455,
    "stargazers_count": 0,
    "watchers_count": 0,
    "language": "Java",
    "has_issues": true,
    "has_projects": true,
    "has_downloads": true,
    "has_wiki": true,
    "has_pages": false,
    "has_discussions": false,
    "forks_count": 0,
    "mirror_url": null,
    "archived": false,
    "disabled": false,
    "open_issues_count": 0,
    "license": {
        "key": "apache-2.0",
        "name": "Apache License 2.0",
        "spdx_id": "Apache-2.0",
        "url": "https://api.github.com/licenses/apache-2.0",
        "node_id": "MDc6TGljZW5zZTI="
    },
    "allow_forking": true,
    "is_template": false,
    "web_commit_signoff_required": false,
    "topics": [],
    "visibility": "public",
    "forks": 0,
    "open_issues": 0,
    "watchers": 0,
    "default_branch": "main",
    "permissions": {
        "admin": false,
        "maintain": false,
        "push": false,
        "triage": false,
        "pull": true
    },
    "temp_clone_token": "",
    "network_count": 0,
    "subscribers_count": 1
}