{
    "id": 132950515,
    "node_id": "MDEwOlJlcG9zaXRvcnkxMzI5NTA1MTU=",
    "name": "NewHope",
    "full_name": "halopeter/NewHope",
    "private": false,
    "owner": {
        "login": "halopeter",
        "id": 18696556,
        "node_id": "MDQ6VXNlcjE4Njk2NTU2",
        "avatar_url": "https://avatars.githubusercontent.com/u/18696556?v=4",
        "gravatar_id": "",
        "url": "https://api.github.com/users/halopeter",
        "html_url": "https://github.com/halopeter",
        "followers_url": "https://api.github.com/users/halopeter/followers",
        "following_url": "https://api.github.com/users/halopeter/following{/other_user}",
        "gists_url": "https://api.github.com/users/halopeter/gists{/gist_id}",
        "starred_url": "https://api.github.com/users/halopeter/starred{/owner}{/repo}",
        "subscriptions_url": "https://api.github.com/users/halopeter/subscriptions",
        "organizations_url": "https://api.github.com/users/halopeter/orgs",
        "repos_url": "https://api.github.com/users/halopeter/repos",
        "events_url": "https://api.github.com/users/halopeter/events{/privacy}",
        "received_events_url": "https://api.github.com/users/halopeter/received_events",
        "type": "User",
        "site_admin": false
    },
    "html_url": "https://github.com/halopeter/NewHope",
    "description": null,
    "fork": false,
    "url": "https://api.github.com/repos/halopeter/NewHope",
    "forks_url": "https://api.github.com/repos/halopeter/NewHope/forks",
    "keys_url": "https://api.github.com/repos/halopeter/NewHope/keys{/key_id}",
    "collaborators_url": "https://api.github.com/repos/halopeter/NewHope/collaborators{/collaborator}",
    "teams_url": "https://api.github.com/repos/halopeter/NewHope/teams",
    "hooks_url": "https://api.github.com/repos/halopeter/NewHope/hooks",
    "issue_events_url": "https://api.github.com/repos/halopeter/NewHope/issues/events{/number}",
    "events_url": "https://api.github.com/repos/halopeter/NewHope/events",
    "assignees_url": "https://api.github.com/repos/halopeter/NewHope/assignees{/user}",
    "branches_url": "https://api.github.com/repos/halopeter/NewHope/branches{/branch}",
    "tags_url": "https://api.github.com/repos/halopeter/NewHope/tags",
    "blobs_url": "https://api.github.com/repos/halopeter/NewHope/git/blobs{/sha}",
    "git_tags_url": "https://api.github.com/repos/halopeter/NewHope/git/tags{/sha}",
    "git_refs_url": "https://api.github.com/repos/halopeter/NewHope/git/refs{/sha}",
    "trees_url": "https://api.github.com/repos/halopeter/NewHope/git/trees{/sha}",
    "statuses_url": "https://api.github.com/repos/halopeter/NewHope/statuses/{sha}",
    "languages_url": "https://api.github.com/repos/halopeter/NewHope/languages",
    "stargazers_url": "https://api.github.com/repos/halopeter/NewHope/stargazers",
    "contributors_url": "https://api.github.com/repos/halopeter/NewHope/contributors",
    "subscribers_url": "https://api.github.com/repos/halopeter/NewHope/subscribers",
    "subscription_url": "https://api.github.com/repos/halopeter/NewHope/subscription",
    "commits_url": "https://api.github.com/repos/halopeter/NewHope/commits{/sha}",
    "git_commits_url": "https://api.github.com/repos/halopeter/NewHope/git/commits{/sha}",
    "comments_url": "https://api.github.com/repos/halopeter/NewHope/comments{/number}",
    "issue_comment_url": "https://api.github.com/repos/halopeter/NewHope/issues/comments{/number}",
    "contents_url": "https://api.github.com/repos/halopeter/NewHope/contents/{+path}",
    "compare_url": "https://api.github.com/repos/halopeter/NewHope/compare/{base}...{head}",
    "merges_url": "https://api.github.com/repos/halopeter/NewHope/merges",
    "archive_url": "https://api.github.com/repos/halopeter/NewHope/{archive_format}{/ref}",
    "downloads_url": "https://api.github.com/repos/halopeter/NewHope/downloads",
    "issues_url": "https://api.github.com/repos/halopeter/NewHope/issues{/number}",
    "pulls_url": "https://api.github.com/repos/halopeter/NewHope/pulls{/number}",
    "milestones_url": "https://api.github.com/repos/halopeter/NewHope/milestones{/number}",
    "notifications_url": "https://api.github.com/repos/halopeter/NewHope/notifications{?since,all,participating}",
    "labels_url": "https://api.github.com/repos/halopeter/NewHope/labels{/name}",
    "releases_url": "https://api.github.com/repos/halopeter/NewHope/releases{/id}",
    "deployments_url": "https://api.github.com/repos/halopeter/NewHope/deployments",
    "created_at": "2018-05-10T20:22:54Z",
    "updated_at": "2019-05-16T10:32:01Z",
    "pushed_at": "2019-05-16T10:31:59Z",
    "git_url": "git://github.com/halopeter/NewHope.git",
    "ssh_url": "git@github.com:halopeter/NewHope.git",
    "clone_url": "https://github.com/halopeter/NewHope.git",
    "svn_url": "https://github.com/halopeter/NewHope",
    "homepage": null,
    "size": 14319,
    "stargazers_count": 0,
    "watchers_count": 0,
    "language": "Java",
    "has_issues": true,
    "has_projects": true,
    "has_downloads": true,
    "has_wiki": true,
    "has_pages": false,
    "has_discussions": false,
    "forks_count": 0,
    "mirror_url": null,
    "archived": false,
    "disabled": false,
    "open_issues_count": 0,
    "license": {
        "key": "mit",
        "name": "MIT License",
        "spdx_id": "MIT",
        "url": "https://api.github.com/licenses/mit",
        "node_id": "MDc6TGljZW5zZTEz"
    },
    "allow_forking": true,
    "is_template": false,
    "web_commit_signoff_required": false,
    "topics": [],
    "visibility": "public",
    "forks": 0,
    "open_issues": 0,
    "watchers": 0,
    "default_branch": "master",
    "permissions": {
        "admin": false,
        "maintain": false,
        "push": false,
        "triage": false,
        "pull": true
    },
    "temp_clone_token": "",
    "network_count": 0,
    "subscribers_count": 2
}