{
    "id": 413543986,
    "node_id": "R_kgDOGKYuMg",
    "name": "Cucumber_Project",
    "full_name": "morrisedu/Cucumber_Project",
    "private": false,
    "owner": {
        "login": "morrisedu",
        "id": 88796134,
        "node_id": "MDQ6VXNlcjg4Nzk2MTM0",
        "avatar_url": "https://avatars.githubusercontent.com/u/88796134?v=4",
        "gravatar_id": "",
        "url": "https://api.github.com/users/morrisedu",
        "html_url": "https://github.com/morrisedu",
        "followers_url": "https://api.github.com/users/morrisedu/followers",
        "following_url": "https://api.github.com/users/morrisedu/following{/other_user}",
        "gists_url": "https://api.github.com/users/morrisedu/gists{/gist_id}",
        "starred_url": "https://api.github.com/users/morrisedu/starred{/owner}{/repo}",
        "subscriptions_url": "https://api.github.com/users/morrisedu/subscriptions",
        "organizations_url": "https://api.github.com/users/morrisedu/orgs",
        "repos_url": "https://api.github.com/users/morrisedu/repos",
        "events_url": "https://api.github.com/users/morrisedu/events{/privacy}",
        "received_events_url": "https://api.github.com/users/morrisedu/received_events",
        "type": "User",
        "site_admin": false
    },
    "html_url": "https://github.com/morrisedu/Cucumber_Project",
    "description": "Cucumber Introduction",
    "fork": false,
    "url": "https://api.github.com/repos/morrisedu/Cucumber_Project",
    "forks_url": "https://api.github.com/repos/morrisedu/Cucumber_Project/forks",
    "keys_url": "https://api.github.com/repos/morrisedu/Cucumber_Project/keys{/key_id}",
    "collaborators_url": "https://api.github.com/repos/morrisedu/Cucumber_Project/collaborators{/collaborator}",
    "teams_url": "https://api.github.com/repos/morrisedu/Cucumber_Project/teams",
    "hooks_url": "https://api.github.com/repos/morrisedu/Cucumber_Project/hooks",
    "issue_events_url": "https://api.github.com/repos/morrisedu/Cucumber_Project/issues/events{/number}",
    "events_url": "https://api.github.com/repos/morrisedu/Cucumber_Project/events",
    "assignees_url": "https://api.github.com/repos/morrisedu/Cucumber_Project/assignees{/user}",
    "branches_url": "https://api.github.com/repos/morrisedu/Cucumber_Project/branches{/branch}",
    "tags_url": "https://api.github.com/repos/morrisedu/Cucumber_Project/tags",
    "blobs_url": "https://api.github.com/repos/morrisedu/Cucumber_Project/git/blobs{/sha}",
    "git_tags_url": "https://api.github.com/repos/morrisedu/Cucumber_Project/git/tags{/sha}",
    "git_refs_url": "https://api.github.com/repos/morrisedu/Cucumber_Project/git/refs{/sha}",
    "trees_url": "https://api.github.com/repos/morrisedu/Cucumber_Project/git/trees{/sha}",
    "statuses_url": "https://api.github.com/repos/morrisedu/Cucumber_Project/statuses/{sha}",
    "languages_url": "https://api.github.com/repos/morrisedu/Cucumber_Project/languages",
    "stargazers_url": "https://api.github.com/repos/morrisedu/Cucumber_Project/stargazers",
    "contributors_url": "https://api.github.com/repos/morrisedu/Cucumber_Project/contributors",
    "subscribers_url": "https://api.github.com/repos/morrisedu/Cucumber_Project/subscribers",
    "subscription_url": "https://api.github.com/repos/morrisedu/Cucumber_Project/subscription",
    "commits_url": "https://api.github.com/repos/morrisedu/Cucumber_Project/commits{/sha}",
    "git_commits_url": "https://api.github.com/repos/morrisedu/Cucumber_Project/git/commits{/sha}",
    "comments_url": "https://api.github.com/repos/morrisedu/Cucumber_Project/comments{/number}",
    "issue_comment_url": "https://api.github.com/repos/morrisedu/Cucumber_Project/issues/comments{/number}",
    "contents_url": "https://api.github.com/repos/morrisedu/Cucumber_Project/contents/{+path}",
    "compare_url": "https://api.github.com/repos/morrisedu/Cucumber_Project/compare/{base}...{head}",
    "merges_url": "https://api.github.com/repos/morrisedu/Cucumber_Project/merges",
    "archive_url": "https://api.github.com/repos/morrisedu/Cucumber_Project/{archive_format}{/ref}",
    "downloads_url": "https://api.github.com/repos/morrisedu/Cucumber_Project/downloads",
    "issues_url": "https://api.github.com/repos/morrisedu/Cucumber_Project/issues{/number}",
    "pulls_url": "https://api.github.com/repos/morrisedu/Cucumber_Project/pulls{/number}",
    "milestones_url": "https://api.github.com/repos/morrisedu/Cucumber_Project/milestones{/number}",
    "notifications_url": "https://api.github.com/repos/morrisedu/Cucumber_Project/notifications{?since,all,participating}",
    "labels_url": "https://api.github.com/repos/morrisedu/Cucumber_Project/labels{/name}",
    "releases_url": "https://api.github.com/repos/morrisedu/Cucumber_Project/releases{/id}",
    "deployments_url": "https://api.github.com/repos/morrisedu/Cucumber_Project/deployments",
    "created_at": "2021-10-04T18:43:06Z",
    "updated_at": "2021-10-12T20:54:21Z",
    "pushed_at": "2021-10-18T18:44:53Z",
    "git_url": "git://github.com/morrisedu/Cucumber_Project.git",
    "ssh_url": "git@github.com:morrisedu/Cucumber_Project.git",
    "clone_url": "https://github.com/morrisedu/Cucumber_Project.git",
    "svn_url": "https://github.com/morrisedu/Cucumber_Project",
    "homepage": null,
    "size": 50,
    "stargazers_count": 0,
    "watchers_count": 0,
    "language": "HTML",
    "has_issues": true,
    "has_projects": true,
    "has_downloads": true,
    "has_wiki": true,
    "has_pages": false,
    "has_discussions": false,
    "forks_count": 0,
    "mirror_url": null,
    "archived": false,
    "disabled": false,
    "open_issues_count": 0,
    "license": {
        "key": "mit",
        "name": "MIT License",
        "spdx_id": "MIT",
        "url": "https://api.github.com/licenses/mit",
        "node_id": "MDc6TGljZW5zZTEz"
    },
    "allow_forking": true,
    "is_template": false,
    "web_commit_signoff_required": false,
    "topics": [],
    "visibility": "public",
    "forks": 0,
    "open_issues": 0,
    "watchers": 0,
    "default_branch": "main",
    "permissions": {
        "admin": false,
        "maintain": false,
        "push": false,
        "triage": false,
        "pull": true
    },
    "temp_clone_token": "",
    "network_count": 0,
    "subscribers_count": 1
}