{
    "id": 192836376,
    "node_id": "MDEwOlJlcG9zaXRvcnkxOTI4MzYzNzY=",
    "name": "GeoCamera",
    "full_name": "jonra1993/GeoCamera",
    "private": false,
    "owner": {
        "login": "jonra1993",
        "id": 23468720,
        "node_id": "MDQ6VXNlcjIzNDY4NzIw",
        "avatar_url": "https://avatars.githubusercontent.com/u/23468720?v=4",
        "gravatar_id": "",
        "url": "https://api.github.com/users/jonra1993",
        "html_url": "https://github.com/jonra1993",
        "followers_url": "https://api.github.com/users/jonra1993/followers",
        "following_url": "https://api.github.com/users/jonra1993/following{/other_user}",
        "gists_url": "https://api.github.com/users/jonra1993/gists{/gist_id}",
        "starred_url": "https://api.github.com/users/jonra1993/starred{/owner}{/repo}",
        "subscriptions_url": "https://api.github.com/users/jonra1993/subscriptions",
        "organizations_url": "https://api.github.com/users/jonra1993/orgs",
        "repos_url": "https://api.github.com/users/jonra1993/repos",
        "events_url": "https://api.github.com/users/jonra1993/events{/privacy}",
        "received_events_url": "https://api.github.com/users/jonra1993/received_events",
        "type": "User",
        "site_admin": false
    },
    "html_url": "https://github.com/jonra1993/GeoCamera",
    "description": null,
    "fork": false,
    "url": "https://api.github.com/repos/jonra1993/GeoCamera",
    "forks_url": "https://api.github.com/repos/jonra1993/GeoCamera/forks",
    "keys_url": "https://api.github.com/repos/jonra1993/GeoCamera/keys{/key_id}",
    "collaborators_url": "https://api.github.com/repos/jonra1993/GeoCamera/collaborators{/collaborator}",
    "teams_url": "https://api.github.com/repos/jonra1993/GeoCamera/teams",
    "hooks_url": "https://api.github.com/repos/jonra1993/GeoCamera/hooks",
    "issue_events_url": "https://api.github.com/repos/jonra1993/GeoCamera/issues/events{/number}",
    "events_url": "https://api.github.com/repos/jonra1993/GeoCamera/events",
    "assignees_url": "https://api.github.com/repos/jonra1993/GeoCamera/assignees{/user}",
    "branches_url": "https://api.github.com/repos/jonra1993/GeoCamera/branches{/branch}",
    "tags_url": "https://api.github.com/repos/jonra1993/GeoCamera/tags",
    "blobs_url": "https://api.github.com/repos/jonra1993/GeoCamera/git/blobs{/sha}",
    "git_tags_url": "https://api.github.com/repos/jonra1993/GeoCamera/git/tags{/sha}",
    "git_refs_url": "https://api.github.com/repos/jonra1993/GeoCamera/git/refs{/sha}",
    "trees_url": "https://api.github.com/repos/jonra1993/GeoCamera/git/trees{/sha}",
    "statuses_url": "https://api.github.com/repos/jonra1993/GeoCamera/statuses/{sha}",
    "languages_url": "https://api.github.com/repos/jonra1993/GeoCamera/languages",
    "stargazers_url": "https://api.github.com/repos/jonra1993/GeoCamera/stargazers",
    "contributors_url": "https://api.github.com/repos/jonra1993/GeoCamera/contributors",
    "subscribers_url": "https://api.github.com/repos/jonra1993/GeoCamera/subscribers",
    "subscription_url": "https://api.github.com/repos/jonra1993/GeoCamera/subscription",
    "commits_url": "https://api.github.com/repos/jonra1993/GeoCamera/commits{/sha}",
    "git_commits_url": "https://api.github.com/repos/jonra1993/GeoCamera/git/commits{/sha}",
    "comments_url": "https://api.github.com/repos/jonra1993/GeoCamera/comments{/number}",
    "issue_comment_url": "https://api.github.com/repos/jonra1993/GeoCamera/issues/comments{/number}",
    "contents_url": "https://api.github.com/repos/jonra1993/GeoCamera/contents/{+path}",
    "compare_url": "https://api.github.com/repos/jonra1993/GeoCamera/compare/{base}...{head}",
    "merges_url": "https://api.github.com/repos/jonra1993/GeoCamera/merges",
    "archive_url": "https://api.github.com/repos/jonra1993/GeoCamera/{archive_format}{/ref}",
    "downloads_url": "https://api.github.com/repos/jonra1993/GeoCamera/downloads",
    "issues_url": "https://api.github.com/repos/jonra1993/GeoCamera/issues{/number}",
    "pulls_url": "https://api.github.com/repos/jonra1993/GeoCamera/pulls{/number}",
    "milestones_url": "https://api.github.com/repos/jonra1993/GeoCamera/milestones{/number}",
    "notifications_url": "https://api.github.com/repos/jonra1993/GeoCamera/notifications{?since,all,participating}",
    "labels_url": "https://api.github.com/repos/jonra1993/GeoCamera/labels{/name}",
    "releases_url": "https://api.github.com/repos/jonra1993/GeoCamera/releases{/id}",
    "deployments_url": "https://api.github.com/repos/jonra1993/GeoCamera/deployments",
    "created_at": "2019-06-20T02:42:06Z",
    "updated_at": "2024-03-24T15:04:04Z",
    "pushed_at": "2023-01-04T00:50:18Z",
    "git_url": "git://github.com/jonra1993/GeoCamera.git",
    "ssh_url": "git@github.com:jonra1993/GeoCamera.git",
    "clone_url": "https://github.com/jonra1993/GeoCamera.git",
    "svn_url": "https://github.com/jonra1993/GeoCamera",
    "homepage": null,
    "size": 321877,
    "stargazers_count": 1,
    "watchers_count": 1,
    "language": "Java",
    "has_issues": true,
    "has_projects": true,
    "has_downloads": true,
    "has_wiki": true,
    "has_pages": true,
    "has_discussions": false,
    "forks_count": 0,
    "mirror_url": null,
    "archived": false,
    "disabled": false,
    "open_issues_count": 15,
    "license": {
        "key": "mit",
        "name": "MIT License",
        "spdx_id": "MIT",
        "url": "https://api.github.com/licenses/mit",
        "node_id": "MDc6TGljZW5zZTEz"
    },
    "allow_forking": true,
    "is_template": false,
    "web_commit_signoff_required": false,
    "topics": [],
    "visibility": "public",
    "forks": 0,
    "open_issues": 15,
    "watchers": 1,
    "default_branch": "master",
    "permissions": {
        "admin": false,
        "maintain": false,
        "push": false,
        "triage": false,
        "pull": true
    },
    "temp_clone_token": "",
    "network_count": 0,
    "subscribers_count": 1
}