{
    "id": 175998182,
    "node_id": "MDEwOlJlcG9zaXRvcnkxNzU5OTgxODI=",
    "name": "hypersistence-optimizer",
    "full_name": "vladmihalcea/hypersistence-optimizer",
    "private": false,
    "owner": {
        "login": "vladmihalcea",
        "id": 5571399,
        "node_id": "MDQ6VXNlcjU1NzEzOTk=",
        "avatar_url": "https://avatars.githubusercontent.com/u/5571399?v=4",
        "gravatar_id": "",
        "url": "https://api.github.com/users/vladmihalcea",
        "html_url": "https://github.com/vladmihalcea",
        "followers_url": "https://api.github.com/users/vladmihalcea/followers",
        "following_url": "https://api.github.com/users/vladmihalcea/following{/other_user}",
        "gists_url": "https://api.github.com/users/vladmihalcea/gists{/gist_id}",
        "starred_url": "https://api.github.com/users/vladmihalcea/starred{/owner}{/repo}",
        "subscriptions_url": "https://api.github.com/users/vladmihalcea/subscriptions",
        "organizations_url": "https://api.github.com/users/vladmihalcea/orgs",
        "repos_url": "https://api.github.com/users/vladmihalcea/repos",
        "events_url": "https://api.github.com/users/vladmihalcea/events{/privacy}",
        "received_events_url": "https://api.github.com/users/vladmihalcea/received_events",
        "type": "User",
        "site_admin": false
    },
    "html_url": "https://github.com/vladmihalcea/hypersistence-optimizer",
    "description": "Hypersistence Optimizer allows you to get the most out of JPA and Hibernate. By scanning your application configuration and mappings, Hypersistence Optimizer can tell you what changes you need to do to speed up your data access layer.",
    "fork": false,
    "url": "https://api.github.com/repos/vladmihalcea/hypersistence-optimizer",
    "forks_url": "https://api.github.com/repos/vladmihalcea/hypersistence-optimizer/forks",
    "keys_url": "https://api.github.com/repos/vladmihalcea/hypersistence-optimizer/keys{/key_id}",
    "collaborators_url": "https://api.github.com/repos/vladmihalcea/hypersistence-optimizer/collaborators{/collaborator}",
    "teams_url": "https://api.github.com/repos/vladmihalcea/hypersistence-optimizer/teams",
    "hooks_url": "https://api.github.com/repos/vladmihalcea/hypersistence-optimizer/hooks",
    "issue_events_url": "https://api.github.com/repos/vladmihalcea/hypersistence-optimizer/issues/events{/number}",
    "events_url": "https://api.github.com/repos/vladmihalcea/hypersistence-optimizer/events",
    "assignees_url": "https://api.github.com/repos/vladmihalcea/hypersistence-optimizer/assignees{/user}",
    "branches_url": "https://api.github.com/repos/vladmihalcea/hypersistence-optimizer/branches{/branch}",
    "tags_url": "https://api.github.com/repos/vladmihalcea/hypersistence-optimizer/tags",
    "blobs_url": "https://api.github.com/repos/vladmihalcea/hypersistence-optimizer/git/blobs{/sha}",
    "git_tags_url": "https://api.github.com/repos/vladmihalcea/hypersistence-optimizer/git/tags{/sha}",
    "git_refs_url": "https://api.github.com/repos/vladmihalcea/hypersistence-optimizer/git/refs{/sha}",
    "trees_url": "https://api.github.com/repos/vladmihalcea/hypersistence-optimizer/git/trees{/sha}",
    "statuses_url": "https://api.github.com/repos/vladmihalcea/hypersistence-optimizer/statuses/{sha}",
    "languages_url": "https://api.github.com/repos/vladmihalcea/hypersistence-optimizer/languages",
    "stargazers_url": "https://api.github.com/repos/vladmihalcea/hypersistence-optimizer/stargazers",
    "contributors_url": "https://api.github.com/repos/vladmihalcea/hypersistence-optimizer/contributors",
    "subscribers_url": "https://api.github.com/repos/vladmihalcea/hypersistence-optimizer/subscribers",
    "subscription_url": "https://api.github.com/repos/vladmihalcea/hypersistence-optimizer/subscription",
    "commits_url": "https://api.github.com/repos/vladmihalcea/hypersistence-optimizer/commits{/sha}",
    "git_commits_url": "https://api.github.com/repos/vladmihalcea/hypersistence-optimizer/git/commits{/sha}",
    "comments_url": "https://api.github.com/repos/vladmihalcea/hypersistence-optimizer/comments{/number}",
    "issue_comment_url": "https://api.github.com/repos/vladmihalcea/hypersistence-optimizer/issues/comments{/number}",
    "contents_url": "https://api.github.com/repos/vladmihalcea/hypersistence-optimizer/contents/{+path}",
    "compare_url": "https://api.github.com/repos/vladmihalcea/hypersistence-optimizer/compare/{base}...{head}",
    "merges_url": "https://api.github.com/repos/vladmihalcea/hypersistence-optimizer/merges",
    "archive_url": "https://api.github.com/repos/vladmihalcea/hypersistence-optimizer/{archive_format}{/ref}",
    "downloads_url": "https://api.github.com/repos/vladmihalcea/hypersistence-optimizer/downloads",
    "issues_url": "https://api.github.com/repos/vladmihalcea/hypersistence-optimizer/issues{/number}",
    "pulls_url": "https://api.github.com/repos/vladmihalcea/hypersistence-optimizer/pulls{/number}",
    "milestones_url": "https://api.github.com/repos/vladmihalcea/hypersistence-optimizer/milestones{/number}",
    "notifications_url": "https://api.github.com/repos/vladmihalcea/hypersistence-optimizer/notifications{?since,all,participating}",
    "labels_url": "https://api.github.com/repos/vladmihalcea/hypersistence-optimizer/labels{/name}",
    "releases_url": "https://api.github.com/repos/vladmihalcea/hypersistence-optimizer/releases{/id}",
    "deployments_url": "https://api.github.com/repos/vladmihalcea/hypersistence-optimizer/deployments",
    "created_at": "2019-03-16T16:46:14Z",
    "updated_at": "2024-04-24T10:15:58Z",
    "pushed_at": "2024-02-21T00:11:13Z",
    "git_url": "git://github.com/vladmihalcea/hypersistence-optimizer.git",
    "ssh_url": "git@github.com:vladmihalcea/hypersistence-optimizer.git",
    "clone_url": "https://github.com/vladmihalcea/hypersistence-optimizer.git",
    "svn_url": "https://github.com/vladmihalcea/hypersistence-optimizer",
    "homepage": "https://vladmihalcea.com/hypersistence-optimizer/",
    "size": 239,
    "stargazers_count": 295,
    "watchers_count": 295,
    "language": "Java",
    "has_issues": true,
    "has_projects": true,
    "has_downloads": true,
    "has_wiki": true,
    "has_pages": false,
    "has_discussions": false,
    "forks_count": 41,
    "mirror_url": null,
    "archived": false,
    "disabled": false,
    "open_issues_count": 37,
    "license": {
        "key": "apache-2.0",
        "name": "Apache License 2.0",
        "spdx_id": "Apache-2.0",
        "url": "https://api.github.com/licenses/apache-2.0",
        "node_id": "MDc6TGljZW5zZTI="
    },
    "allow_forking": true,
    "is_template": false,
    "web_commit_signoff_required": false,
    "topics": [],
    "visibility": "public",
    "forks": 41,
    "open_issues": 37,
    "watchers": 295,
    "default_branch": "master",
    "permissions": {
        "admin": false,
        "maintain": false,
        "push": false,
        "triage": false,
        "pull": true
    },
    "temp_clone_token": "",
    "network_count": 41,
    "subscribers_count": 15
}