{
    "id": 215900500,
    "node_id": "MDEwOlJlcG9zaXRvcnkyMTU5MDA1MDA=",
    "name": "sequence-sort",
    "full_name": "falkosch/sequence-sort",
    "private": false,
    "owner": {
        "login": "falkosch",
        "id": 2913295,
        "node_id": "MDQ6VXNlcjI5MTMyOTU=",
        "avatar_url": "https://avatars.githubusercontent.com/u/2913295?v=4",
        "gravatar_id": "",
        "url": "https://api.github.com/users/falkosch",
        "html_url": "https://github.com/falkosch",
        "followers_url": "https://api.github.com/users/falkosch/followers",
        "following_url": "https://api.github.com/users/falkosch/following{/other_user}",
        "gists_url": "https://api.github.com/users/falkosch/gists{/gist_id}",
        "starred_url": "https://api.github.com/users/falkosch/starred{/owner}{/repo}",
        "subscriptions_url": "https://api.github.com/users/falkosch/subscriptions",
        "organizations_url": "https://api.github.com/users/falkosch/orgs",
        "repos_url": "https://api.github.com/users/falkosch/repos",
        "events_url": "https://api.github.com/users/falkosch/events{/privacy}",
        "received_events_url": "https://api.github.com/users/falkosch/received_events",
        "type": "User",
        "site_admin": false
    },
    "html_url": "https://github.com/falkosch/sequence-sort",
    "description": "A very old experiment of mine finding a sorting algorithm with time complexity O(n*sqrt(n)). It finds sorted sub sequences in the input array and zipper-like merges them to a sorted array.",
    "fork": false,
    "url": "https://api.github.com/repos/falkosch/sequence-sort",
    "forks_url": "https://api.github.com/repos/falkosch/sequence-sort/forks",
    "keys_url": "https://api.github.com/repos/falkosch/sequence-sort/keys{/key_id}",
    "collaborators_url": "https://api.github.com/repos/falkosch/sequence-sort/collaborators{/collaborator}",
    "teams_url": "https://api.github.com/repos/falkosch/sequence-sort/teams",
    "hooks_url": "https://api.github.com/repos/falkosch/sequence-sort/hooks",
    "issue_events_url": "https://api.github.com/repos/falkosch/sequence-sort/issues/events{/number}",
    "events_url": "https://api.github.com/repos/falkosch/sequence-sort/events",
    "assignees_url": "https://api.github.com/repos/falkosch/sequence-sort/assignees{/user}",
    "branches_url": "https://api.github.com/repos/falkosch/sequence-sort/branches{/branch}",
    "tags_url": "https://api.github.com/repos/falkosch/sequence-sort/tags",
    "blobs_url": "https://api.github.com/repos/falkosch/sequence-sort/git/blobs{/sha}",
    "git_tags_url": "https://api.github.com/repos/falkosch/sequence-sort/git/tags{/sha}",
    "git_refs_url": "https://api.github.com/repos/falkosch/sequence-sort/git/refs{/sha}",
    "trees_url": "https://api.github.com/repos/falkosch/sequence-sort/git/trees{/sha}",
    "statuses_url": "https://api.github.com/repos/falkosch/sequence-sort/statuses/{sha}",
    "languages_url": "https://api.github.com/repos/falkosch/sequence-sort/languages",
    "stargazers_url": "https://api.github.com/repos/falkosch/sequence-sort/stargazers",
    "contributors_url": "https://api.github.com/repos/falkosch/sequence-sort/contributors",
    "subscribers_url": "https://api.github.com/repos/falkosch/sequence-sort/subscribers",
    "subscription_url": "https://api.github.com/repos/falkosch/sequence-sort/subscription",
    "commits_url": "https://api.github.com/repos/falkosch/sequence-sort/commits{/sha}",
    "git_commits_url": "https://api.github.com/repos/falkosch/sequence-sort/git/commits{/sha}",
    "comments_url": "https://api.github.com/repos/falkosch/sequence-sort/comments{/number}",
    "issue_comment_url": "https://api.github.com/repos/falkosch/sequence-sort/issues/comments{/number}",
    "contents_url": "https://api.github.com/repos/falkosch/sequence-sort/contents/{+path}",
    "compare_url": "https://api.github.com/repos/falkosch/sequence-sort/compare/{base}...{head}",
    "merges_url": "https://api.github.com/repos/falkosch/sequence-sort/merges",
    "archive_url": "https://api.github.com/repos/falkosch/sequence-sort/{archive_format}{/ref}",
    "downloads_url": "https://api.github.com/repos/falkosch/sequence-sort/downloads",
    "issues_url": "https://api.github.com/repos/falkosch/sequence-sort/issues{/number}",
    "pulls_url": "https://api.github.com/repos/falkosch/sequence-sort/pulls{/number}",
    "milestones_url": "https://api.github.com/repos/falkosch/sequence-sort/milestones{/number}",
    "notifications_url": "https://api.github.com/repos/falkosch/sequence-sort/notifications{?since,all,participating}",
    "labels_url": "https://api.github.com/repos/falkosch/sequence-sort/labels{/name}",
    "releases_url": "https://api.github.com/repos/falkosch/sequence-sort/releases{/id}",
    "deployments_url": "https://api.github.com/repos/falkosch/sequence-sort/deployments",
    "created_at": "2019-10-17T23:05:46Z",
    "updated_at": "2020-02-18T18:55:50Z",
    "pushed_at": "2020-02-18T18:55:48Z",
    "git_url": "git://github.com/falkosch/sequence-sort.git",
    "ssh_url": "git@github.com:falkosch/sequence-sort.git",
    "clone_url": "https://github.com/falkosch/sequence-sort.git",
    "svn_url": "https://github.com/falkosch/sequence-sort",
    "homepage": "",
    "size": 171,
    "stargazers_count": 0,
    "watchers_count": 0,
    "language": "Java",
    "has_issues": true,
    "has_projects": true,
    "has_downloads": true,
    "has_wiki": true,
    "has_pages": false,
    "has_discussions": false,
    "forks_count": 0,
    "mirror_url": null,
    "archived": false,
    "disabled": false,
    "open_issues_count": 0,
    "license": {
        "key": "mit",
        "name": "MIT License",
        "spdx_id": "MIT",
        "url": "https://api.github.com/licenses/mit",
        "node_id": "MDc6TGljZW5zZTEz"
    },
    "allow_forking": true,
    "is_template": false,
    "web_commit_signoff_required": false,
    "topics": [
        "learning-exercise",
        "sorting"
    ],
    "visibility": "public",
    "forks": 0,
    "open_issues": 0,
    "watchers": 0,
    "default_branch": "master",
    "permissions": {
        "admin": false,
        "maintain": false,
        "push": false,
        "triage": false,
        "pull": true
    },
    "temp_clone_token": "",
    "network_count": 0,
    "subscribers_count": 2
}