{
    "id": 127624952,
    "node_id": "MDEwOlJlcG9zaXRvcnkxMjc2MjQ5NTI=",
    "name": "popular-movies-android",
    "full_name": "muety/popular-movies-android",
    "private": false,
    "owner": {
        "login": "muety",
        "id": 8978843,
        "node_id": "MDQ6VXNlcjg5Nzg4NDM=",
        "avatar_url": "https://avatars.githubusercontent.com/u/8978843?v=4",
        "gravatar_id": "",
        "url": "https://api.github.com/users/muety",
        "html_url": "https://github.com/muety",
        "followers_url": "https://api.github.com/users/muety/followers",
        "following_url": "https://api.github.com/users/muety/following{/other_user}",
        "gists_url": "https://api.github.com/users/muety/gists{/gist_id}",
        "starred_url": "https://api.github.com/users/muety/starred{/owner}{/repo}",
        "subscriptions_url": "https://api.github.com/users/muety/subscriptions",
        "organizations_url": "https://api.github.com/users/muety/orgs",
        "repos_url": "https://api.github.com/users/muety/repos",
        "events_url": "https://api.github.com/users/muety/events{/privacy}",
        "received_events_url": "https://api.github.com/users/muety/received_events",
        "type": "User",
        "site_admin": false
    },
    "html_url": "https://github.com/muety/popular-movies-android",
    "description": "Project 1 from Udacity Android Developer Nanodegree",
    "fork": false,
    "url": "https://api.github.com/repos/muety/popular-movies-android",
    "forks_url": "https://api.github.com/repos/muety/popular-movies-android/forks",
    "keys_url": "https://api.github.com/repos/muety/popular-movies-android/keys{/key_id}",
    "collaborators_url": "https://api.github.com/repos/muety/popular-movies-android/collaborators{/collaborator}",
    "teams_url": "https://api.github.com/repos/muety/popular-movies-android/teams",
    "hooks_url": "https://api.github.com/repos/muety/popular-movies-android/hooks",
    "issue_events_url": "https://api.github.com/repos/muety/popular-movies-android/issues/events{/number}",
    "events_url": "https://api.github.com/repos/muety/popular-movies-android/events",
    "assignees_url": "https://api.github.com/repos/muety/popular-movies-android/assignees{/user}",
    "branches_url": "https://api.github.com/repos/muety/popular-movies-android/branches{/branch}",
    "tags_url": "https://api.github.com/repos/muety/popular-movies-android/tags",
    "blobs_url": "https://api.github.com/repos/muety/popular-movies-android/git/blobs{/sha}",
    "git_tags_url": "https://api.github.com/repos/muety/popular-movies-android/git/tags{/sha}",
    "git_refs_url": "https://api.github.com/repos/muety/popular-movies-android/git/refs{/sha}",
    "trees_url": "https://api.github.com/repos/muety/popular-movies-android/git/trees{/sha}",
    "statuses_url": "https://api.github.com/repos/muety/popular-movies-android/statuses/{sha}",
    "languages_url": "https://api.github.com/repos/muety/popular-movies-android/languages",
    "stargazers_url": "https://api.github.com/repos/muety/popular-movies-android/stargazers",
    "contributors_url": "https://api.github.com/repos/muety/popular-movies-android/contributors",
    "subscribers_url": "https://api.github.com/repos/muety/popular-movies-android/subscribers",
    "subscription_url": "https://api.github.com/repos/muety/popular-movies-android/subscription",
    "commits_url": "https://api.github.com/repos/muety/popular-movies-android/commits{/sha}",
    "git_commits_url": "https://api.github.com/repos/muety/popular-movies-android/git/commits{/sha}",
    "comments_url": "https://api.github.com/repos/muety/popular-movies-android/comments{/number}",
    "issue_comment_url": "https://api.github.com/repos/muety/popular-movies-android/issues/comments{/number}",
    "contents_url": "https://api.github.com/repos/muety/popular-movies-android/contents/{+path}",
    "compare_url": "https://api.github.com/repos/muety/popular-movies-android/compare/{base}...{head}",
    "merges_url": "https://api.github.com/repos/muety/popular-movies-android/merges",
    "archive_url": "https://api.github.com/repos/muety/popular-movies-android/{archive_format}{/ref}",
    "downloads_url": "https://api.github.com/repos/muety/popular-movies-android/downloads",
    "issues_url": "https://api.github.com/repos/muety/popular-movies-android/issues{/number}",
    "pulls_url": "https://api.github.com/repos/muety/popular-movies-android/pulls{/number}",
    "milestones_url": "https://api.github.com/repos/muety/popular-movies-android/milestones{/number}",
    "notifications_url": "https://api.github.com/repos/muety/popular-movies-android/notifications{?since,all,participating}",
    "labels_url": "https://api.github.com/repos/muety/popular-movies-android/labels{/name}",
    "releases_url": "https://api.github.com/repos/muety/popular-movies-android/releases{/id}",
    "deployments_url": "https://api.github.com/repos/muety/popular-movies-android/deployments",
    "created_at": "2018-04-01T11:56:40Z",
    "updated_at": "2023-09-08T17:38:42Z",
    "pushed_at": "2020-05-21T10:03:29Z",
    "git_url": "git://github.com/muety/popular-movies-android.git",
    "ssh_url": "git@github.com:muety/popular-movies-android.git",
    "clone_url": "https://github.com/muety/popular-movies-android.git",
    "svn_url": "https://github.com/muety/popular-movies-android",
    "homepage": null,
    "size": 544,
    "stargazers_count": 5,
    "watchers_count": 5,
    "language": "Java",
    "has_issues": true,
    "has_projects": true,
    "has_downloads": true,
    "has_wiki": true,
    "has_pages": false,
    "has_discussions": false,
    "forks_count": 0,
    "mirror_url": null,
    "archived": false,
    "disabled": false,
    "open_issues_count": 0,
    "license": {
        "key": "other",
        "name": "Other",
        "spdx_id": "NOASSERTION",
        "url": null,
        "node_id": "MDc6TGljZW5zZTA="
    },
    "allow_forking": true,
    "is_template": false,
    "web_commit_signoff_required": false,
    "topics": [
        "android",
        "udacity-android-nanodegree",
        "udacity-nanodegree"
    ],
    "visibility": "public",
    "forks": 0,
    "open_issues": 0,
    "watchers": 5,
    "default_branch": "master",
    "permissions": {
        "admin": false,
        "maintain": false,
        "push": false,
        "triage": false,
        "pull": true
    },
    "temp_clone_token": "",
    "network_count": 0,
    "subscribers_count": 1
}