{
    "id": 213110227,
    "node_id": "MDEwOlJlcG9zaXRvcnkyMTMxMTAyMjc=",
    "name": "competitive-programming-1",
    "full_name": "anshika581/competitive-programming-1",
    "private": false,
    "owner": {
        "login": "anshika581",
        "id": 52886143,
        "node_id": "MDQ6VXNlcjUyODg2MTQz",
        "avatar_url": "https://avatars.githubusercontent.com/u/52886143?v=4",
        "gravatar_id": "",
        "url": "https://api.github.com/users/anshika581",
        "html_url": "https://github.com/anshika581",
        "followers_url": "https://api.github.com/users/anshika581/followers",
        "following_url": "https://api.github.com/users/anshika581/following{/other_user}",
        "gists_url": "https://api.github.com/users/anshika581/gists{/gist_id}",
        "starred_url": "https://api.github.com/users/anshika581/starred{/owner}{/repo}",
        "subscriptions_url": "https://api.github.com/users/anshika581/subscriptions",
        "organizations_url": "https://api.github.com/users/anshika581/orgs",
        "repos_url": "https://api.github.com/users/anshika581/repos",
        "events_url": "https://api.github.com/users/anshika581/events{/privacy}",
        "received_events_url": "https://api.github.com/users/anshika581/received_events",
        "type": "User",
        "site_admin": false
    },
    "html_url": "https://github.com/anshika581/competitive-programming-1",
    "description": "Compilation of all the programs for practice and contests",
    "fork": true,
    "url": "https://api.github.com/repos/anshika581/competitive-programming-1",
    "forks_url": "https://api.github.com/repos/anshika581/competitive-programming-1/forks",
    "keys_url": "https://api.github.com/repos/anshika581/competitive-programming-1/keys{/key_id}",
    "collaborators_url": "https://api.github.com/repos/anshika581/competitive-programming-1/collaborators{/collaborator}",
    "teams_url": "https://api.github.com/repos/anshika581/competitive-programming-1/teams",
    "hooks_url": "https://api.github.com/repos/anshika581/competitive-programming-1/hooks",
    "issue_events_url": "https://api.github.com/repos/anshika581/competitive-programming-1/issues/events{/number}",
    "events_url": "https://api.github.com/repos/anshika581/competitive-programming-1/events",
    "assignees_url": "https://api.github.com/repos/anshika581/competitive-programming-1/assignees{/user}",
    "branches_url": "https://api.github.com/repos/anshika581/competitive-programming-1/branches{/branch}",
    "tags_url": "https://api.github.com/repos/anshika581/competitive-programming-1/tags",
    "blobs_url": "https://api.github.com/repos/anshika581/competitive-programming-1/git/blobs{/sha}",
    "git_tags_url": "https://api.github.com/repos/anshika581/competitive-programming-1/git/tags{/sha}",
    "git_refs_url": "https://api.github.com/repos/anshika581/competitive-programming-1/git/refs{/sha}",
    "trees_url": "https://api.github.com/repos/anshika581/competitive-programming-1/git/trees{/sha}",
    "statuses_url": "https://api.github.com/repos/anshika581/competitive-programming-1/statuses/{sha}",
    "languages_url": "https://api.github.com/repos/anshika581/competitive-programming-1/languages",
    "stargazers_url": "https://api.github.com/repos/anshika581/competitive-programming-1/stargazers",
    "contributors_url": "https://api.github.com/repos/anshika581/competitive-programming-1/contributors",
    "subscribers_url": "https://api.github.com/repos/anshika581/competitive-programming-1/subscribers",
    "subscription_url": "https://api.github.com/repos/anshika581/competitive-programming-1/subscription",
    "commits_url": "https://api.github.com/repos/anshika581/competitive-programming-1/commits{/sha}",
    "git_commits_url": "https://api.github.com/repos/anshika581/competitive-programming-1/git/commits{/sha}",
    "comments_url": "https://api.github.com/repos/anshika581/competitive-programming-1/comments{/number}",
    "issue_comment_url": "https://api.github.com/repos/anshika581/competitive-programming-1/issues/comments{/number}",
    "contents_url": "https://api.github.com/repos/anshika581/competitive-programming-1/contents/{+path}",
    "compare_url": "https://api.github.com/repos/anshika581/competitive-programming-1/compare/{base}...{head}",
    "merges_url": "https://api.github.com/repos/anshika581/competitive-programming-1/merges",
    "archive_url": "https://api.github.com/repos/anshika581/competitive-programming-1/{archive_format}{/ref}",
    "downloads_url": "https://api.github.com/repos/anshika581/competitive-programming-1/downloads",
    "issues_url": "https://api.github.com/repos/anshika581/competitive-programming-1/issues{/number}",
    "pulls_url": "https://api.github.com/repos/anshika581/competitive-programming-1/pulls{/number}",
    "milestones_url": "https://api.github.com/repos/anshika581/competitive-programming-1/milestones{/number}",
    "notifications_url": "https://api.github.com/repos/anshika581/competitive-programming-1/notifications{?since,all,participating}",
    "labels_url": "https://api.github.com/repos/anshika581/competitive-programming-1/labels{/name}",
    "releases_url": "https://api.github.com/repos/anshika581/competitive-programming-1/releases{/id}",
    "deployments_url": "https://api.github.com/repos/anshika581/competitive-programming-1/deployments",
    "created_at": "2019-10-06T04:48:36Z",
    "updated_at": "2019-10-06T04:51:57Z",
    "pushed_at": "2019-10-06T04:51:56Z",
    "git_url": "git://github.com/anshika581/competitive-programming-1.git",
    "ssh_url": "git@github.com:anshika581/competitive-programming-1.git",
    "clone_url": "https://github.com/anshika581/competitive-programming-1.git",
    "svn_url": "https://github.com/anshika581/competitive-programming-1",
    "homepage": null,
    "size": 17374,
    "stargazers_count": 0,
    "watchers_count": 0,
    "language": "Java",
    "has_issues": false,
    "has_projects": true,
    "has_downloads": true,
    "has_wiki": true,
    "has_pages": false,
    "has_discussions": false,
    "forks_count": 0,
    "mirror_url": null,
    "archived": false,
    "disabled": false,
    "open_issues_count": 0,
    "license": {
        "key": "apache-2.0",
        "name": "Apache License 2.0",
        "spdx_id": "Apache-2.0",
        "url": "https://api.github.com/licenses/apache-2.0",
        "node_id": "MDc6TGljZW5zZTI="
    },
    "allow_forking": true,
    "is_template": false,
    "web_commit_signoff_required": false,
    "topics": [],
    "visibility": "public",
    "forks": 0,
    "open_issues": 0,
    "watchers": 0,
    "default_branch": "master",
    "permissions": {
        "admin": false,
        "maintain": false,
        "push": false,
        "triage": false,
        "pull": true
    },
    "temp_clone_token": "",
    "parent": {
        "id": 40741913,
        "node_id": "MDEwOlJlcG9zaXRvcnk0MDc0MTkxMw==",
        "name": "competitive-programming",
        "full_name": "jeffrey-xiao/competitive-programming",
        "private": false,
        "owner": {
            "login": "jeffrey-xiao",
            "id": 8853434,
            "node_id": "MDQ6VXNlcjg4NTM0MzQ=",
            "avatar_url": "https://avatars.githubusercontent.com/u/8853434?v=4",
            "gravatar_id": "",
            "url": "https://api.github.com/users/jeffrey-xiao",
            "html_url": "https://github.com/jeffrey-xiao",
            "followers_url": "https://api.github.com/users/jeffrey-xiao/followers",
            "following_url": "https://api.github.com/users/jeffrey-xiao/following{/other_user}",
            "gists_url": "https://api.github.com/users/jeffrey-xiao/gists{/gist_id}",
            "starred_url": "https://api.github.com/users/jeffrey-xiao/starred{/owner}{/repo}",
            "subscriptions_url": "https://api.github.com/users/jeffrey-xiao/subscriptions",
            "organizations_url": "https://api.github.com/users/jeffrey-xiao/orgs",
            "repos_url": "https://api.github.com/users/jeffrey-xiao/repos",
            "events_url": "https://api.github.com/users/jeffrey-xiao/events{/privacy}",
            "received_events_url": "https://api.github.com/users/jeffrey-xiao/received_events",
            "type": "User",
            "site_admin": false
        },
        "html_url": "https://github.com/jeffrey-xiao/competitive-programming",
        "description": "Compilation of all the programs for practice and contests",
        "fork": false,
        "url": "https://api.github.com/repos/jeffrey-xiao/competitive-programming",
        "forks_url": "https://api.github.com/repos/jeffrey-xiao/competitive-programming/forks",
        "keys_url": "https://api.github.com/repos/jeffrey-xiao/competitive-programming/keys{/key_id}",
        "collaborators_url": "https://api.github.com/repos/jeffrey-xiao/competitive-programming/collaborators{/collaborator}",
        "teams_url": "https://api.github.com/repos/jeffrey-xiao/competitive-programming/teams",
        "hooks_url": "https://api.github.com/repos/jeffrey-xiao/competitive-programming/hooks",
        "issue_events_url": "https://api.github.com/repos/jeffrey-xiao/competitive-programming/issues/events{/number}",
        "events_url": "https://api.github.com/repos/jeffrey-xiao/competitive-programming/events",
        "assignees_url": "https://api.github.com/repos/jeffrey-xiao/competitive-programming/assignees{/user}",
        "branches_url": "https://api.github.com/repos/jeffrey-xiao/competitive-programming/branches{/branch}",
        "tags_url": "https://api.github.com/repos/jeffrey-xiao/competitive-programming/tags",
        "blobs_url": "https://api.github.com/repos/jeffrey-xiao/competitive-programming/git/blobs{/sha}",
        "git_tags_url": "https://api.github.com/repos/jeffrey-xiao/competitive-programming/git/tags{/sha}",
        "git_refs_url": "https://api.github.com/repos/jeffrey-xiao/competitive-programming/git/refs{/sha}",
        "trees_url": "https://api.github.com/repos/jeffrey-xiao/competitive-programming/git/trees{/sha}",
        "statuses_url": "https://api.github.com/repos/jeffrey-xiao/competitive-programming/statuses/{sha}",
        "languages_url": "https://api.github.com/repos/jeffrey-xiao/competitive-programming/languages",
        "stargazers_url": "https://api.github.com/repos/jeffrey-xiao/competitive-programming/stargazers",
        "contributors_url": "https://api.github.com/repos/jeffrey-xiao/competitive-programming/contributors",
        "subscribers_url": "https://api.github.com/repos/jeffrey-xiao/competitive-programming/subscribers",
        "subscription_url": "https://api.github.com/repos/jeffrey-xiao/competitive-programming/subscription",
        "commits_url": "https://api.github.com/repos/jeffrey-xiao/competitive-programming/commits{/sha}",
        "git_commits_url": "https://api.github.com/repos/jeffrey-xiao/competitive-programming/git/commits{/sha}",
        "comments_url": "https://api.github.com/repos/jeffrey-xiao/competitive-programming/comments{/number}",
        "issue_comment_url": "https://api.github.com/repos/jeffrey-xiao/competitive-programming/issues/comments{/number}",
        "contents_url": "https://api.github.com/repos/jeffrey-xiao/competitive-programming/contents/{+path}",
        "compare_url": "https://api.github.com/repos/jeffrey-xiao/competitive-programming/compare/{base}...{head}",
        "merges_url": "https://api.github.com/repos/jeffrey-xiao/competitive-programming/merges",
        "archive_url": "https://api.github.com/repos/jeffrey-xiao/competitive-programming/{archive_format}{/ref}",
        "downloads_url": "https://api.github.com/repos/jeffrey-xiao/competitive-programming/downloads",
        "issues_url": "https://api.github.com/repos/jeffrey-xiao/competitive-programming/issues{/number}",
        "pulls_url": "https://api.github.com/repos/jeffrey-xiao/competitive-programming/pulls{/number}",
        "milestones_url": "https://api.github.com/repos/jeffrey-xiao/competitive-programming/milestones{/number}",
        "notifications_url": "https://api.github.com/repos/jeffrey-xiao/competitive-programming/notifications{?since,all,participating}",
        "labels_url": "https://api.github.com/repos/jeffrey-xiao/competitive-programming/labels{/name}",
        "releases_url": "https://api.github.com/repos/jeffrey-xiao/competitive-programming/releases{/id}",
        "deployments_url": "https://api.github.com/repos/jeffrey-xiao/competitive-programming/deployments",
        "created_at": "2015-08-15T00:57:23Z",
        "updated_at": "2024-04-26T20:55:20Z",
        "pushed_at": "2021-03-30T19:51:35Z",
        "git_url": "git://github.com/jeffrey-xiao/competitive-programming.git",
        "ssh_url": "git@github.com:jeffrey-xiao/competitive-programming.git",
        "clone_url": "https://github.com/jeffrey-xiao/competitive-programming.git",
        "svn_url": "https://github.com/jeffrey-xiao/competitive-programming",
        "homepage": null,
        "size": 17412,
        "stargazers_count": 130,
        "watchers_count": 130,
        "language": "Java",
        "has_issues": true,
        "has_projects": true,
        "has_downloads": true,
        "has_wiki": true,
        "has_pages": false,
        "has_discussions": false,
        "forks_count": 50,
        "mirror_url": null,
        "archived": false,
        "disabled": false,
        "open_issues_count": 2,
        "license": {
            "key": "apache-2.0",
            "name": "Apache License 2.0",
            "spdx_id": "Apache-2.0",
            "url": "https://api.github.com/licenses/apache-2.0",
            "node_id": "MDc6TGljZW5zZTI="
        },
        "allow_forking": true,
        "is_template": false,
        "web_commit_signoff_required": false,
        "topics": [],
        "visibility": "public",
        "forks": 50,
        "open_issues": 2,
        "watchers": 130,
        "default_branch": "master"
    },
    "source": {
        "id": 40741913,
        "node_id": "MDEwOlJlcG9zaXRvcnk0MDc0MTkxMw==",
        "name": "competitive-programming",
        "full_name": "jeffrey-xiao/competitive-programming",
        "private": false,
        "owner": {
            "login": "jeffrey-xiao",
            "id": 8853434,
            "node_id": "MDQ6VXNlcjg4NTM0MzQ=",
            "avatar_url": "https://avatars.githubusercontent.com/u/8853434?v=4",
            "gravatar_id": "",
            "url": "https://api.github.com/users/jeffrey-xiao",
            "html_url": "https://github.com/jeffrey-xiao",
            "followers_url": "https://api.github.com/users/jeffrey-xiao/followers",
            "following_url": "https://api.github.com/users/jeffrey-xiao/following{/other_user}",
            "gists_url": "https://api.github.com/users/jeffrey-xiao/gists{/gist_id}",
            "starred_url": "https://api.github.com/users/jeffrey-xiao/starred{/owner}{/repo}",
            "subscriptions_url": "https://api.github.com/users/jeffrey-xiao/subscriptions",
            "organizations_url": "https://api.github.com/users/jeffrey-xiao/orgs",
            "repos_url": "https://api.github.com/users/jeffrey-xiao/repos",
            "events_url": "https://api.github.com/users/jeffrey-xiao/events{/privacy}",
            "received_events_url": "https://api.github.com/users/jeffrey-xiao/received_events",
            "type": "User",
            "site_admin": false
        },
        "html_url": "https://github.com/jeffrey-xiao/competitive-programming",
        "description": "Compilation of all the programs for practice and contests",
        "fork": false,
        "url": "https://api.github.com/repos/jeffrey-xiao/competitive-programming",
        "forks_url": "https://api.github.com/repos/jeffrey-xiao/competitive-programming/forks",
        "keys_url": "https://api.github.com/repos/jeffrey-xiao/competitive-programming/keys{/key_id}",
        "collaborators_url": "https://api.github.com/repos/jeffrey-xiao/competitive-programming/collaborators{/collaborator}",
        "teams_url": "https://api.github.com/repos/jeffrey-xiao/competitive-programming/teams",
        "hooks_url": "https://api.github.com/repos/jeffrey-xiao/competitive-programming/hooks",
        "issue_events_url": "https://api.github.com/repos/jeffrey-xiao/competitive-programming/issues/events{/number}",
        "events_url": "https://api.github.com/repos/jeffrey-xiao/competitive-programming/events",
        "assignees_url": "https://api.github.com/repos/jeffrey-xiao/competitive-programming/assignees{/user}",
        "branches_url": "https://api.github.com/repos/jeffrey-xiao/competitive-programming/branches{/branch}",
        "tags_url": "https://api.github.com/repos/jeffrey-xiao/competitive-programming/tags",
        "blobs_url": "https://api.github.com/repos/jeffrey-xiao/competitive-programming/git/blobs{/sha}",
        "git_tags_url": "https://api.github.com/repos/jeffrey-xiao/competitive-programming/git/tags{/sha}",
        "git_refs_url": "https://api.github.com/repos/jeffrey-xiao/competitive-programming/git/refs{/sha}",
        "trees_url": "https://api.github.com/repos/jeffrey-xiao/competitive-programming/git/trees{/sha}",
        "statuses_url": "https://api.github.com/repos/jeffrey-xiao/competitive-programming/statuses/{sha}",
        "languages_url": "https://api.github.com/repos/jeffrey-xiao/competitive-programming/languages",
        "stargazers_url": "https://api.github.com/repos/jeffrey-xiao/competitive-programming/stargazers",
        "contributors_url": "https://api.github.com/repos/jeffrey-xiao/competitive-programming/contributors",
        "subscribers_url": "https://api.github.com/repos/jeffrey-xiao/competitive-programming/subscribers",
        "subscription_url": "https://api.github.com/repos/jeffrey-xiao/competitive-programming/subscription",
        "commits_url": "https://api.github.com/repos/jeffrey-xiao/competitive-programming/commits{/sha}",
        "git_commits_url": "https://api.github.com/repos/jeffrey-xiao/competitive-programming/git/commits{/sha}",
        "comments_url": "https://api.github.com/repos/jeffrey-xiao/competitive-programming/comments{/number}",
        "issue_comment_url": "https://api.github.com/repos/jeffrey-xiao/competitive-programming/issues/comments{/number}",
        "contents_url": "https://api.github.com/repos/jeffrey-xiao/competitive-programming/contents/{+path}",
        "compare_url": "https://api.github.com/repos/jeffrey-xiao/competitive-programming/compare/{base}...{head}",
        "merges_url": "https://api.github.com/repos/jeffrey-xiao/competitive-programming/merges",
        "archive_url": "https://api.github.com/repos/jeffrey-xiao/competitive-programming/{archive_format}{/ref}",
        "downloads_url": "https://api.github.com/repos/jeffrey-xiao/competitive-programming/downloads",
        "issues_url": "https://api.github.com/repos/jeffrey-xiao/competitive-programming/issues{/number}",
        "pulls_url": "https://api.github.com/repos/jeffrey-xiao/competitive-programming/pulls{/number}",
        "milestones_url": "https://api.github.com/repos/jeffrey-xiao/competitive-programming/milestones{/number}",
        "notifications_url": "https://api.github.com/repos/jeffrey-xiao/competitive-programming/notifications{?since,all,participating}",
        "labels_url": "https://api.github.com/repos/jeffrey-xiao/competitive-programming/labels{/name}",
        "releases_url": "https://api.github.com/repos/jeffrey-xiao/competitive-programming/releases{/id}",
        "deployments_url": "https://api.github.com/repos/jeffrey-xiao/competitive-programming/deployments",
        "created_at": "2015-08-15T00:57:23Z",
        "updated_at": "2024-04-26T20:55:20Z",
        "pushed_at": "2021-03-30T19:51:35Z",
        "git_url": "git://github.com/jeffrey-xiao/competitive-programming.git",
        "ssh_url": "git@github.com:jeffrey-xiao/competitive-programming.git",
        "clone_url": "https://github.com/jeffrey-xiao/competitive-programming.git",
        "svn_url": "https://github.com/jeffrey-xiao/competitive-programming",
        "homepage": null,
        "size": 17412,
        "stargazers_count": 130,
        "watchers_count": 130,
        "language": "Java",
        "has_issues": true,
        "has_projects": true,
        "has_downloads": true,
        "has_wiki": true,
        "has_pages": false,
        "has_discussions": false,
        "forks_count": 50,
        "mirror_url": null,
        "archived": false,
        "disabled": false,
        "open_issues_count": 2,
        "license": {
            "key": "apache-2.0",
            "name": "Apache License 2.0",
            "spdx_id": "Apache-2.0",
            "url": "https://api.github.com/licenses/apache-2.0",
            "node_id": "MDc6TGljZW5zZTI="
        },
        "allow_forking": true,
        "is_template": false,
        "web_commit_signoff_required": false,
        "topics": [],
        "visibility": "public",
        "forks": 50,
        "open_issues": 2,
        "watchers": 130,
        "default_branch": "master"
    },
    "network_count": 50,
    "subscribers_count": 1
}