{
    "id": 134504107,
    "node_id": "MDEwOlJlcG9zaXRvcnkxMzQ1MDQxMDc=",
    "name": "house",
    "full_name": "gaoht/house",
    "private": false,
    "owner": {
        "login": "gaoht",
        "id": 3615956,
        "node_id": "MDQ6VXNlcjM2MTU5NTY=",
        "avatar_url": "https://avatars.githubusercontent.com/u/3615956?v=4",
        "gravatar_id": "",
        "url": "https://api.github.com/users/gaoht",
        "html_url": "https://github.com/gaoht",
        "followers_url": "https://api.github.com/users/gaoht/followers",
        "following_url": "https://api.github.com/users/gaoht/following{/other_user}",
        "gists_url": "https://api.github.com/users/gaoht/gists{/gist_id}",
        "starred_url": "https://api.github.com/users/gaoht/starred{/owner}{/repo}",
        "subscriptions_url": "https://api.github.com/users/gaoht/subscriptions",
        "organizations_url": "https://api.github.com/users/gaoht/orgs",
        "repos_url": "https://api.github.com/users/gaoht/repos",
        "events_url": "https://api.github.com/users/gaoht/events{/privacy}",
        "received_events_url": "https://api.github.com/users/gaoht/received_events",
        "type": "User",
        "site_admin": false
    },
    "html_url": "https://github.com/gaoht/house",
    "description": null,
    "fork": false,
    "url": "https://api.github.com/repos/gaoht/house",
    "forks_url": "https://api.github.com/repos/gaoht/house/forks",
    "keys_url": "https://api.github.com/repos/gaoht/house/keys{/key_id}",
    "collaborators_url": "https://api.github.com/repos/gaoht/house/collaborators{/collaborator}",
    "teams_url": "https://api.github.com/repos/gaoht/house/teams",
    "hooks_url": "https://api.github.com/repos/gaoht/house/hooks",
    "issue_events_url": "https://api.github.com/repos/gaoht/house/issues/events{/number}",
    "events_url": "https://api.github.com/repos/gaoht/house/events",
    "assignees_url": "https://api.github.com/repos/gaoht/house/assignees{/user}",
    "branches_url": "https://api.github.com/repos/gaoht/house/branches{/branch}",
    "tags_url": "https://api.github.com/repos/gaoht/house/tags",
    "blobs_url": "https://api.github.com/repos/gaoht/house/git/blobs{/sha}",
    "git_tags_url": "https://api.github.com/repos/gaoht/house/git/tags{/sha}",
    "git_refs_url": "https://api.github.com/repos/gaoht/house/git/refs{/sha}",
    "trees_url": "https://api.github.com/repos/gaoht/house/git/trees{/sha}",
    "statuses_url": "https://api.github.com/repos/gaoht/house/statuses/{sha}",
    "languages_url": "https://api.github.com/repos/gaoht/house/languages",
    "stargazers_url": "https://api.github.com/repos/gaoht/house/stargazers",
    "contributors_url": "https://api.github.com/repos/gaoht/house/contributors",
    "subscribers_url": "https://api.github.com/repos/gaoht/house/subscribers",
    "subscription_url": "https://api.github.com/repos/gaoht/house/subscription",
    "commits_url": "https://api.github.com/repos/gaoht/house/commits{/sha}",
    "git_commits_url": "https://api.github.com/repos/gaoht/house/git/commits{/sha}",
    "comments_url": "https://api.github.com/repos/gaoht/house/comments{/number}",
    "issue_comment_url": "https://api.github.com/repos/gaoht/house/issues/comments{/number}",
    "contents_url": "https://api.github.com/repos/gaoht/house/contents/{+path}",
    "compare_url": "https://api.github.com/repos/gaoht/house/compare/{base}...{head}",
    "merges_url": "https://api.github.com/repos/gaoht/house/merges",
    "archive_url": "https://api.github.com/repos/gaoht/house/{archive_format}{/ref}",
    "downloads_url": "https://api.github.com/repos/gaoht/house/downloads",
    "issues_url": "https://api.github.com/repos/gaoht/house/issues{/number}",
    "pulls_url": "https://api.github.com/repos/gaoht/house/pulls{/number}",
    "milestones_url": "https://api.github.com/repos/gaoht/house/milestones{/number}",
    "notifications_url": "https://api.github.com/repos/gaoht/house/notifications{?since,all,participating}",
    "labels_url": "https://api.github.com/repos/gaoht/house/labels{/name}",
    "releases_url": "https://api.github.com/repos/gaoht/house/releases{/id}",
    "deployments_url": "https://api.github.com/repos/gaoht/house/deployments",
    "created_at": "2018-05-23T02:51:08Z",
    "updated_at": "2020-05-08T05:35:32Z",
    "pushed_at": "2018-06-27T12:43:08Z",
    "git_url": "git://github.com/gaoht/house.git",
    "ssh_url": "git@github.com:gaoht/house.git",
    "clone_url": "https://github.com/gaoht/house.git",
    "svn_url": "https://github.com/gaoht/house",
    "homepage": null,
    "size": 11679,
    "stargazers_count": 1,
    "watchers_count": 1,
    "language": "Java",
    "has_issues": true,
    "has_projects": true,
    "has_downloads": true,
    "has_wiki": true,
    "has_pages": false,
    "has_discussions": false,
    "forks_count": 3,
    "mirror_url": null,
    "archived": false,
    "disabled": false,
    "open_issues_count": 0,
    "license": {
        "key": "apache-2.0",
        "name": "Apache License 2.0",
        "spdx_id": "Apache-2.0",
        "url": "https://api.github.com/licenses/apache-2.0",
        "node_id": "MDc6TGljZW5zZTI="
    },
    "allow_forking": true,
    "is_template": false,
    "web_commit_signoff_required": false,
    "topics": [],
    "visibility": "public",
    "forks": 3,
    "open_issues": 0,
    "watchers": 1,
    "default_branch": "master",
    "permissions": {
        "admin": false,
        "maintain": false,
        "push": false,
        "triage": false,
        "pull": true
    },
    "temp_clone_token": "",
    "network_count": 3,
    "subscribers_count": 1
}