{
    "id": 189107903,
    "node_id": "MDEwOlJlcG9zaXRvcnkxODkxMDc5MDM=",
    "name": "MvpMovieApp",
    "full_name": "surafelmohammed/MvpMovieApp",
    "private": false,
    "owner": {
        "login": "surafelmohammed",
        "id": 40296386,
        "node_id": "MDQ6VXNlcjQwMjk2Mzg2",
        "avatar_url": "https://avatars.githubusercontent.com/u/40296386?v=4",
        "gravatar_id": "",
        "url": "https://api.github.com/users/surafelmohammed",
        "html_url": "https://github.com/surafelmohammed",
        "followers_url": "https://api.github.com/users/surafelmohammed/followers",
        "following_url": "https://api.github.com/users/surafelmohammed/following{/other_user}",
        "gists_url": "https://api.github.com/users/surafelmohammed/gists{/gist_id}",
        "starred_url": "https://api.github.com/users/surafelmohammed/starred{/owner}{/repo}",
        "subscriptions_url": "https://api.github.com/users/surafelmohammed/subscriptions",
        "organizations_url": "https://api.github.com/users/surafelmohammed/orgs",
        "repos_url": "https://api.github.com/users/surafelmohammed/repos",
        "events_url": "https://api.github.com/users/surafelmohammed/events{/privacy}",
        "received_events_url": "https://api.github.com/users/surafelmohammed/received_events",
        "type": "User",
        "site_admin": false
    },
    "html_url": "https://github.com/surafelmohammed/MvpMovieApp",
    "description": null,
    "fork": false,
    "url": "https://api.github.com/repos/surafelmohammed/MvpMovieApp",
    "forks_url": "https://api.github.com/repos/surafelmohammed/MvpMovieApp/forks",
    "keys_url": "https://api.github.com/repos/surafelmohammed/MvpMovieApp/keys{/key_id}",
    "collaborators_url": "https://api.github.com/repos/surafelmohammed/MvpMovieApp/collaborators{/collaborator}",
    "teams_url": "https://api.github.com/repos/surafelmohammed/MvpMovieApp/teams",
    "hooks_url": "https://api.github.com/repos/surafelmohammed/MvpMovieApp/hooks",
    "issue_events_url": "https://api.github.com/repos/surafelmohammed/MvpMovieApp/issues/events{/number}",
    "events_url": "https://api.github.com/repos/surafelmohammed/MvpMovieApp/events",
    "assignees_url": "https://api.github.com/repos/surafelmohammed/MvpMovieApp/assignees{/user}",
    "branches_url": "https://api.github.com/repos/surafelmohammed/MvpMovieApp/branches{/branch}",
    "tags_url": "https://api.github.com/repos/surafelmohammed/MvpMovieApp/tags",
    "blobs_url": "https://api.github.com/repos/surafelmohammed/MvpMovieApp/git/blobs{/sha}",
    "git_tags_url": "https://api.github.com/repos/surafelmohammed/MvpMovieApp/git/tags{/sha}",
    "git_refs_url": "https://api.github.com/repos/surafelmohammed/MvpMovieApp/git/refs{/sha}",
    "trees_url": "https://api.github.com/repos/surafelmohammed/MvpMovieApp/git/trees{/sha}",
    "statuses_url": "https://api.github.com/repos/surafelmohammed/MvpMovieApp/statuses/{sha}",
    "languages_url": "https://api.github.com/repos/surafelmohammed/MvpMovieApp/languages",
    "stargazers_url": "https://api.github.com/repos/surafelmohammed/MvpMovieApp/stargazers",
    "contributors_url": "https://api.github.com/repos/surafelmohammed/MvpMovieApp/contributors",
    "subscribers_url": "https://api.github.com/repos/surafelmohammed/MvpMovieApp/subscribers",
    "subscription_url": "https://api.github.com/repos/surafelmohammed/MvpMovieApp/subscription",
    "commits_url": "https://api.github.com/repos/surafelmohammed/MvpMovieApp/commits{/sha}",
    "git_commits_url": "https://api.github.com/repos/surafelmohammed/MvpMovieApp/git/commits{/sha}",
    "comments_url": "https://api.github.com/repos/surafelmohammed/MvpMovieApp/comments{/number}",
    "issue_comment_url": "https://api.github.com/repos/surafelmohammed/MvpMovieApp/issues/comments{/number}",
    "contents_url": "https://api.github.com/repos/surafelmohammed/MvpMovieApp/contents/{+path}",
    "compare_url": "https://api.github.com/repos/surafelmohammed/MvpMovieApp/compare/{base}...{head}",
    "merges_url": "https://api.github.com/repos/surafelmohammed/MvpMovieApp/merges",
    "archive_url": "https://api.github.com/repos/surafelmohammed/MvpMovieApp/{archive_format}{/ref}",
    "downloads_url": "https://api.github.com/repos/surafelmohammed/MvpMovieApp/downloads",
    "issues_url": "https://api.github.com/repos/surafelmohammed/MvpMovieApp/issues{/number}",
    "pulls_url": "https://api.github.com/repos/surafelmohammed/MvpMovieApp/pulls{/number}",
    "milestones_url": "https://api.github.com/repos/surafelmohammed/MvpMovieApp/milestones{/number}",
    "notifications_url": "https://api.github.com/repos/surafelmohammed/MvpMovieApp/notifications{?since,all,participating}",
    "labels_url": "https://api.github.com/repos/surafelmohammed/MvpMovieApp/labels{/name}",
    "releases_url": "https://api.github.com/repos/surafelmohammed/MvpMovieApp/releases{/id}",
    "deployments_url": "https://api.github.com/repos/surafelmohammed/MvpMovieApp/deployments",
    "created_at": "2019-05-28T21:48:08Z",
    "updated_at": "2019-05-28T22:29:10Z",
    "pushed_at": "2019-05-28T22:29:02Z",
    "git_url": "git://github.com/surafelmohammed/MvpMovieApp.git",
    "ssh_url": "git@github.com:surafelmohammed/MvpMovieApp.git",
    "clone_url": "https://github.com/surafelmohammed/MvpMovieApp.git",
    "svn_url": "https://github.com/surafelmohammed/MvpMovieApp",
    "homepage": null,
    "size": 43059,
    "stargazers_count": 0,
    "watchers_count": 0,
    "language": "Java",
    "has_issues": true,
    "has_projects": true,
    "has_downloads": true,
    "has_wiki": true,
    "has_pages": false,
    "has_discussions": false,
    "forks_count": 0,
    "mirror_url": null,
    "archived": false,
    "disabled": false,
    "open_issues_count": 0,
    "license": null,
    "allow_forking": true,
    "is_template": false,
    "web_commit_signoff_required": false,
    "topics": [],
    "visibility": "public",
    "forks": 0,
    "open_issues": 0,
    "watchers": 0,
    "default_branch": "master",
    "permissions": {
        "admin": false,
        "maintain": false,
        "push": false,
        "triage": false,
        "pull": true
    },
    "temp_clone_token": "",
    "network_count": 0,
    "subscribers_count": 1
}