{
    "id": 299248865,
    "node_id": "MDEwOlJlcG9zaXRvcnkyOTkyNDg4NjU=",
    "name": "Klasse-13-Mitschriebe",
    "full_name": "Paul2708/Klasse-13-Mitschriebe",
    "private": false,
    "owner": {
        "login": "Paul2708",
        "id": 12039677,
        "node_id": "MDQ6VXNlcjEyMDM5Njc3",
        "avatar_url": "https://avatars.githubusercontent.com/u/12039677?v=4",
        "gravatar_id": "",
        "url": "https://api.github.com/users/Paul2708",
        "html_url": "https://github.com/Paul2708",
        "followers_url": "https://api.github.com/users/Paul2708/followers",
        "following_url": "https://api.github.com/users/Paul2708/following{/other_user}",
        "gists_url": "https://api.github.com/users/Paul2708/gists{/gist_id}",
        "starred_url": "https://api.github.com/users/Paul2708/starred{/owner}{/repo}",
        "subscriptions_url": "https://api.github.com/users/Paul2708/subscriptions",
        "organizations_url": "https://api.github.com/users/Paul2708/orgs",
        "repos_url": "https://api.github.com/users/Paul2708/repos",
        "events_url": "https://api.github.com/users/Paul2708/events{/privacy}",
        "received_events_url": "https://api.github.com/users/Paul2708/received_events",
        "type": "User",
        "site_admin": false
    },
    "html_url": "https://github.com/Paul2708/Klasse-13-Mitschriebe",
    "description": null,
    "fork": true,
    "url": "https://api.github.com/repos/Paul2708/Klasse-13-Mitschriebe",
    "forks_url": "https://api.github.com/repos/Paul2708/Klasse-13-Mitschriebe/forks",
    "keys_url": "https://api.github.com/repos/Paul2708/Klasse-13-Mitschriebe/keys{/key_id}",
    "collaborators_url": "https://api.github.com/repos/Paul2708/Klasse-13-Mitschriebe/collaborators{/collaborator}",
    "teams_url": "https://api.github.com/repos/Paul2708/Klasse-13-Mitschriebe/teams",
    "hooks_url": "https://api.github.com/repos/Paul2708/Klasse-13-Mitschriebe/hooks",
    "issue_events_url": "https://api.github.com/repos/Paul2708/Klasse-13-Mitschriebe/issues/events{/number}",
    "events_url": "https://api.github.com/repos/Paul2708/Klasse-13-Mitschriebe/events",
    "assignees_url": "https://api.github.com/repos/Paul2708/Klasse-13-Mitschriebe/assignees{/user}",
    "branches_url": "https://api.github.com/repos/Paul2708/Klasse-13-Mitschriebe/branches{/branch}",
    "tags_url": "https://api.github.com/repos/Paul2708/Klasse-13-Mitschriebe/tags",
    "blobs_url": "https://api.github.com/repos/Paul2708/Klasse-13-Mitschriebe/git/blobs{/sha}",
    "git_tags_url": "https://api.github.com/repos/Paul2708/Klasse-13-Mitschriebe/git/tags{/sha}",
    "git_refs_url": "https://api.github.com/repos/Paul2708/Klasse-13-Mitschriebe/git/refs{/sha}",
    "trees_url": "https://api.github.com/repos/Paul2708/Klasse-13-Mitschriebe/git/trees{/sha}",
    "statuses_url": "https://api.github.com/repos/Paul2708/Klasse-13-Mitschriebe/statuses/{sha}",
    "languages_url": "https://api.github.com/repos/Paul2708/Klasse-13-Mitschriebe/languages",
    "stargazers_url": "https://api.github.com/repos/Paul2708/Klasse-13-Mitschriebe/stargazers",
    "contributors_url": "https://api.github.com/repos/Paul2708/Klasse-13-Mitschriebe/contributors",
    "subscribers_url": "https://api.github.com/repos/Paul2708/Klasse-13-Mitschriebe/subscribers",
    "subscription_url": "https://api.github.com/repos/Paul2708/Klasse-13-Mitschriebe/subscription",
    "commits_url": "https://api.github.com/repos/Paul2708/Klasse-13-Mitschriebe/commits{/sha}",
    "git_commits_url": "https://api.github.com/repos/Paul2708/Klasse-13-Mitschriebe/git/commits{/sha}",
    "comments_url": "https://api.github.com/repos/Paul2708/Klasse-13-Mitschriebe/comments{/number}",
    "issue_comment_url": "https://api.github.com/repos/Paul2708/Klasse-13-Mitschriebe/issues/comments{/number}",
    "contents_url": "https://api.github.com/repos/Paul2708/Klasse-13-Mitschriebe/contents/{+path}",
    "compare_url": "https://api.github.com/repos/Paul2708/Klasse-13-Mitschriebe/compare/{base}...{head}",
    "merges_url": "https://api.github.com/repos/Paul2708/Klasse-13-Mitschriebe/merges",
    "archive_url": "https://api.github.com/repos/Paul2708/Klasse-13-Mitschriebe/{archive_format}{/ref}",
    "downloads_url": "https://api.github.com/repos/Paul2708/Klasse-13-Mitschriebe/downloads",
    "issues_url": "https://api.github.com/repos/Paul2708/Klasse-13-Mitschriebe/issues{/number}",
    "pulls_url": "https://api.github.com/repos/Paul2708/Klasse-13-Mitschriebe/pulls{/number}",
    "milestones_url": "https://api.github.com/repos/Paul2708/Klasse-13-Mitschriebe/milestones{/number}",
    "notifications_url": "https://api.github.com/repos/Paul2708/Klasse-13-Mitschriebe/notifications{?since,all,participating}",
    "labels_url": "https://api.github.com/repos/Paul2708/Klasse-13-Mitschriebe/labels{/name}",
    "releases_url": "https://api.github.com/repos/Paul2708/Klasse-13-Mitschriebe/releases{/id}",
    "deployments_url": "https://api.github.com/repos/Paul2708/Klasse-13-Mitschriebe/deployments",
    "created_at": "2020-09-28T08:56:07Z",
    "updated_at": "2020-09-28T08:56:45Z",
    "pushed_at": "2020-09-28T08:56:43Z",
    "git_url": "git://github.com/Paul2708/Klasse-13-Mitschriebe.git",
    "ssh_url": "git@github.com:Paul2708/Klasse-13-Mitschriebe.git",
    "clone_url": "https://github.com/Paul2708/Klasse-13-Mitschriebe.git",
    "svn_url": "https://github.com/Paul2708/Klasse-13-Mitschriebe",
    "homepage": null,
    "size": 979,
    "stargazers_count": 0,
    "watchers_count": 0,
    "language": "Java",
    "has_issues": false,
    "has_projects": true,
    "has_downloads": true,
    "has_wiki": true,
    "has_pages": false,
    "has_discussions": false,
    "forks_count": 0,
    "mirror_url": null,
    "archived": false,
    "disabled": false,
    "open_issues_count": 0,
    "license": {
        "key": "mit",
        "name": "MIT License",
        "spdx_id": "MIT",
        "url": "https://api.github.com/licenses/mit",
        "node_id": "MDc6TGljZW5zZTEz"
    },
    "allow_forking": true,
    "is_template": false,
    "web_commit_signoff_required": false,
    "topics": [],
    "visibility": "public",
    "forks": 0,
    "open_issues": 0,
    "watchers": 0,
    "default_branch": "master",
    "permissions": {
        "admin": false,
        "maintain": false,
        "push": false,
        "triage": false,
        "pull": true
    },
    "temp_clone_token": "",
    "parent": {
        "id": 299225251,
        "node_id": "MDEwOlJlcG9zaXRvcnkyOTkyMjUyNTE=",
        "name": "Klasse-13-Mitschriebe",
        "full_name": "IceDynamix/Klasse-13-Mitschriebe",
        "private": false,
        "owner": {
            "login": "IceDynamix",
            "id": 22303902,
            "node_id": "MDQ6VXNlcjIyMzAzOTAy",
            "avatar_url": "https://avatars.githubusercontent.com/u/22303902?v=4",
            "gravatar_id": "",
            "url": "https://api.github.com/users/IceDynamix",
            "html_url": "https://github.com/IceDynamix",
            "followers_url": "https://api.github.com/users/IceDynamix/followers",
            "following_url": "https://api.github.com/users/IceDynamix/following{/other_user}",
            "gists_url": "https://api.github.com/users/IceDynamix/gists{/gist_id}",
            "starred_url": "https://api.github.com/users/IceDynamix/starred{/owner}{/repo}",
            "subscriptions_url": "https://api.github.com/users/IceDynamix/subscriptions",
            "organizations_url": "https://api.github.com/users/IceDynamix/orgs",
            "repos_url": "https://api.github.com/users/IceDynamix/repos",
            "events_url": "https://api.github.com/users/IceDynamix/events{/privacy}",
            "received_events_url": "https://api.github.com/users/IceDynamix/received_events",
            "type": "User",
            "site_admin": false
        },
        "html_url": "https://github.com/IceDynamix/Klasse-13-Mitschriebe",
        "description": null,
        "fork": false,
        "url": "https://api.github.com/repos/IceDynamix/Klasse-13-Mitschriebe",
        "forks_url": "https://api.github.com/repos/IceDynamix/Klasse-13-Mitschriebe/forks",
        "keys_url": "https://api.github.com/repos/IceDynamix/Klasse-13-Mitschriebe/keys{/key_id}",
        "collaborators_url": "https://api.github.com/repos/IceDynamix/Klasse-13-Mitschriebe/collaborators{/collaborator}",
        "teams_url": "https://api.github.com/repos/IceDynamix/Klasse-13-Mitschriebe/teams",
        "hooks_url": "https://api.github.com/repos/IceDynamix/Klasse-13-Mitschriebe/hooks",
        "issue_events_url": "https://api.github.com/repos/IceDynamix/Klasse-13-Mitschriebe/issues/events{/number}",
        "events_url": "https://api.github.com/repos/IceDynamix/Klasse-13-Mitschriebe/events",
        "assignees_url": "https://api.github.com/repos/IceDynamix/Klasse-13-Mitschriebe/assignees{/user}",
        "branches_url": "https://api.github.com/repos/IceDynamix/Klasse-13-Mitschriebe/branches{/branch}",
        "tags_url": "https://api.github.com/repos/IceDynamix/Klasse-13-Mitschriebe/tags",
        "blobs_url": "https://api.github.com/repos/IceDynamix/Klasse-13-Mitschriebe/git/blobs{/sha}",
        "git_tags_url": "https://api.github.com/repos/IceDynamix/Klasse-13-Mitschriebe/git/tags{/sha}",
        "git_refs_url": "https://api.github.com/repos/IceDynamix/Klasse-13-Mitschriebe/git/refs{/sha}",
        "trees_url": "https://api.github.com/repos/IceDynamix/Klasse-13-Mitschriebe/git/trees{/sha}",
        "statuses_url": "https://api.github.com/repos/IceDynamix/Klasse-13-Mitschriebe/statuses/{sha}",
        "languages_url": "https://api.github.com/repos/IceDynamix/Klasse-13-Mitschriebe/languages",
        "stargazers_url": "https://api.github.com/repos/IceDynamix/Klasse-13-Mitschriebe/stargazers",
        "contributors_url": "https://api.github.com/repos/IceDynamix/Klasse-13-Mitschriebe/contributors",
        "subscribers_url": "https://api.github.com/repos/IceDynamix/Klasse-13-Mitschriebe/subscribers",
        "subscription_url": "https://api.github.com/repos/IceDynamix/Klasse-13-Mitschriebe/subscription",
        "commits_url": "https://api.github.com/repos/IceDynamix/Klasse-13-Mitschriebe/commits{/sha}",
        "git_commits_url": "https://api.github.com/repos/IceDynamix/Klasse-13-Mitschriebe/git/commits{/sha}",
        "comments_url": "https://api.github.com/repos/IceDynamix/Klasse-13-Mitschriebe/comments{/number}",
        "issue_comment_url": "https://api.github.com/repos/IceDynamix/Klasse-13-Mitschriebe/issues/comments{/number}",
        "contents_url": "https://api.github.com/repos/IceDynamix/Klasse-13-Mitschriebe/contents/{+path}",
        "compare_url": "https://api.github.com/repos/IceDynamix/Klasse-13-Mitschriebe/compare/{base}...{head}",
        "merges_url": "https://api.github.com/repos/IceDynamix/Klasse-13-Mitschriebe/merges",
        "archive_url": "https://api.github.com/repos/IceDynamix/Klasse-13-Mitschriebe/{archive_format}{/ref}",
        "downloads_url": "https://api.github.com/repos/IceDynamix/Klasse-13-Mitschriebe/downloads",
        "issues_url": "https://api.github.com/repos/IceDynamix/Klasse-13-Mitschriebe/issues{/number}",
        "pulls_url": "https://api.github.com/repos/IceDynamix/Klasse-13-Mitschriebe/pulls{/number}",
        "milestones_url": "https://api.github.com/repos/IceDynamix/Klasse-13-Mitschriebe/milestones{/number}",
        "notifications_url": "https://api.github.com/repos/IceDynamix/Klasse-13-Mitschriebe/notifications{?since,all,participating}",
        "labels_url": "https://api.github.com/repos/IceDynamix/Klasse-13-Mitschriebe/labels{/name}",
        "releases_url": "https://api.github.com/repos/IceDynamix/Klasse-13-Mitschriebe/releases{/id}",
        "deployments_url": "https://api.github.com/repos/IceDynamix/Klasse-13-Mitschriebe/deployments",
        "created_at": "2020-09-28T07:28:44Z",
        "updated_at": "2020-12-03T10:51:43Z",
        "pushed_at": "2020-12-03T10:51:41Z",
        "git_url": "git://github.com/IceDynamix/Klasse-13-Mitschriebe.git",
        "ssh_url": "git@github.com:IceDynamix/Klasse-13-Mitschriebe.git",
        "clone_url": "https://github.com/IceDynamix/Klasse-13-Mitschriebe.git",
        "svn_url": "https://github.com/IceDynamix/Klasse-13-Mitschriebe",
        "homepage": null,
        "size": 1769,
        "stargazers_count": 2,
        "watchers_count": 2,
        "language": "Java",
        "has_issues": true,
        "has_projects": true,
        "has_downloads": true,
        "has_wiki": true,
        "has_pages": false,
        "has_discussions": false,
        "forks_count": 1,
        "mirror_url": null,
        "archived": false,
        "disabled": false,
        "open_issues_count": 0,
        "license": {
            "key": "mit",
            "name": "MIT License",
            "spdx_id": "MIT",
            "url": "https://api.github.com/licenses/mit",
            "node_id": "MDc6TGljZW5zZTEz"
        },
        "allow_forking": true,
        "is_template": false,
        "web_commit_signoff_required": false,
        "topics": [],
        "visibility": "public",
        "forks": 1,
        "open_issues": 0,
        "watchers": 2,
        "default_branch": "master"
    },
    "source": {
        "id": 299225251,
        "node_id": "MDEwOlJlcG9zaXRvcnkyOTkyMjUyNTE=",
        "name": "Klasse-13-Mitschriebe",
        "full_name": "IceDynamix/Klasse-13-Mitschriebe",
        "private": false,
        "owner": {
            "login": "IceDynamix",
            "id": 22303902,
            "node_id": "MDQ6VXNlcjIyMzAzOTAy",
            "avatar_url": "https://avatars.githubusercontent.com/u/22303902?v=4",
            "gravatar_id": "",
            "url": "https://api.github.com/users/IceDynamix",
            "html_url": "https://github.com/IceDynamix",
            "followers_url": "https://api.github.com/users/IceDynamix/followers",
            "following_url": "https://api.github.com/users/IceDynamix/following{/other_user}",
            "gists_url": "https://api.github.com/users/IceDynamix/gists{/gist_id}",
            "starred_url": "https://api.github.com/users/IceDynamix/starred{/owner}{/repo}",
            "subscriptions_url": "https://api.github.com/users/IceDynamix/subscriptions",
            "organizations_url": "https://api.github.com/users/IceDynamix/orgs",
            "repos_url": "https://api.github.com/users/IceDynamix/repos",
            "events_url": "https://api.github.com/users/IceDynamix/events{/privacy}",
            "received_events_url": "https://api.github.com/users/IceDynamix/received_events",
            "type": "User",
            "site_admin": false
        },
        "html_url": "https://github.com/IceDynamix/Klasse-13-Mitschriebe",
        "description": null,
        "fork": false,
        "url": "https://api.github.com/repos/IceDynamix/Klasse-13-Mitschriebe",
        "forks_url": "https://api.github.com/repos/IceDynamix/Klasse-13-Mitschriebe/forks",
        "keys_url": "https://api.github.com/repos/IceDynamix/Klasse-13-Mitschriebe/keys{/key_id}",
        "collaborators_url": "https://api.github.com/repos/IceDynamix/Klasse-13-Mitschriebe/collaborators{/collaborator}",
        "teams_url": "https://api.github.com/repos/IceDynamix/Klasse-13-Mitschriebe/teams",
        "hooks_url": "https://api.github.com/repos/IceDynamix/Klasse-13-Mitschriebe/hooks",
        "issue_events_url": "https://api.github.com/repos/IceDynamix/Klasse-13-Mitschriebe/issues/events{/number}",
        "events_url": "https://api.github.com/repos/IceDynamix/Klasse-13-Mitschriebe/events",
        "assignees_url": "https://api.github.com/repos/IceDynamix/Klasse-13-Mitschriebe/assignees{/user}",
        "branches_url": "https://api.github.com/repos/IceDynamix/Klasse-13-Mitschriebe/branches{/branch}",
        "tags_url": "https://api.github.com/repos/IceDynamix/Klasse-13-Mitschriebe/tags",
        "blobs_url": "https://api.github.com/repos/IceDynamix/Klasse-13-Mitschriebe/git/blobs{/sha}",
        "git_tags_url": "https://api.github.com/repos/IceDynamix/Klasse-13-Mitschriebe/git/tags{/sha}",
        "git_refs_url": "https://api.github.com/repos/IceDynamix/Klasse-13-Mitschriebe/git/refs{/sha}",
        "trees_url": "https://api.github.com/repos/IceDynamix/Klasse-13-Mitschriebe/git/trees{/sha}",
        "statuses_url": "https://api.github.com/repos/IceDynamix/Klasse-13-Mitschriebe/statuses/{sha}",
        "languages_url": "https://api.github.com/repos/IceDynamix/Klasse-13-Mitschriebe/languages",
        "stargazers_url": "https://api.github.com/repos/IceDynamix/Klasse-13-Mitschriebe/stargazers",
        "contributors_url": "https://api.github.com/repos/IceDynamix/Klasse-13-Mitschriebe/contributors",
        "subscribers_url": "https://api.github.com/repos/IceDynamix/Klasse-13-Mitschriebe/subscribers",
        "subscription_url": "https://api.github.com/repos/IceDynamix/Klasse-13-Mitschriebe/subscription",
        "commits_url": "https://api.github.com/repos/IceDynamix/Klasse-13-Mitschriebe/commits{/sha}",
        "git_commits_url": "https://api.github.com/repos/IceDynamix/Klasse-13-Mitschriebe/git/commits{/sha}",
        "comments_url": "https://api.github.com/repos/IceDynamix/Klasse-13-Mitschriebe/comments{/number}",
        "issue_comment_url": "https://api.github.com/repos/IceDynamix/Klasse-13-Mitschriebe/issues/comments{/number}",
        "contents_url": "https://api.github.com/repos/IceDynamix/Klasse-13-Mitschriebe/contents/{+path}",
        "compare_url": "https://api.github.com/repos/IceDynamix/Klasse-13-Mitschriebe/compare/{base}...{head}",
        "merges_url": "https://api.github.com/repos/IceDynamix/Klasse-13-Mitschriebe/merges",
        "archive_url": "https://api.github.com/repos/IceDynamix/Klasse-13-Mitschriebe/{archive_format}{/ref}",
        "downloads_url": "https://api.github.com/repos/IceDynamix/Klasse-13-Mitschriebe/downloads",
        "issues_url": "https://api.github.com/repos/IceDynamix/Klasse-13-Mitschriebe/issues{/number}",
        "pulls_url": "https://api.github.com/repos/IceDynamix/Klasse-13-Mitschriebe/pulls{/number}",
        "milestones_url": "https://api.github.com/repos/IceDynamix/Klasse-13-Mitschriebe/milestones{/number}",
        "notifications_url": "https://api.github.com/repos/IceDynamix/Klasse-13-Mitschriebe/notifications{?since,all,participating}",
        "labels_url": "https://api.github.com/repos/IceDynamix/Klasse-13-Mitschriebe/labels{/name}",
        "releases_url": "https://api.github.com/repos/IceDynamix/Klasse-13-Mitschriebe/releases{/id}",
        "deployments_url": "https://api.github.com/repos/IceDynamix/Klasse-13-Mitschriebe/deployments",
        "created_at": "2020-09-28T07:28:44Z",
        "updated_at": "2020-12-03T10:51:43Z",
        "pushed_at": "2020-12-03T10:51:41Z",
        "git_url": "git://github.com/IceDynamix/Klasse-13-Mitschriebe.git",
        "ssh_url": "git@github.com:IceDynamix/Klasse-13-Mitschriebe.git",
        "clone_url": "https://github.com/IceDynamix/Klasse-13-Mitschriebe.git",
        "svn_url": "https://github.com/IceDynamix/Klasse-13-Mitschriebe",
        "homepage": null,
        "size": 1769,
        "stargazers_count": 2,
        "watchers_count": 2,
        "language": "Java",
        "has_issues": true,
        "has_projects": true,
        "has_downloads": true,
        "has_wiki": true,
        "has_pages": false,
        "has_discussions": false,
        "forks_count": 1,
        "mirror_url": null,
        "archived": false,
        "disabled": false,
        "open_issues_count": 0,
        "license": {
            "key": "mit",
            "name": "MIT License",
            "spdx_id": "MIT",
            "url": "https://api.github.com/licenses/mit",
            "node_id": "MDc6TGljZW5zZTEz"
        },
        "allow_forking": true,
        "is_template": false,
        "web_commit_signoff_required": false,
        "topics": [],
        "visibility": "public",
        "forks": 1,
        "open_issues": 0,
        "watchers": 2,
        "default_branch": "master"
    },
    "network_count": 1,
    "subscribers_count": 0
}