{
    "id": 222013084,
    "node_id": "MDEwOlJlcG9zaXRvcnkyMjIwMTMwODQ=",
    "name": "Backend",
    "full_name": "Build-Week-Lendr/Backend",
    "private": false,
    "owner": {
        "login": "Build-Week-Lendr",
        "id": 57816151,
        "node_id": "MDEyOk9yZ2FuaXphdGlvbjU3ODE2MTUx",
        "avatar_url": "https://avatars.githubusercontent.com/u/57816151?v=4",
        "gravatar_id": "",
        "url": "https://api.github.com/users/Build-Week-Lendr",
        "html_url": "https://github.com/Build-Week-Lendr",
        "followers_url": "https://api.github.com/users/Build-Week-Lendr/followers",
        "following_url": "https://api.github.com/users/Build-Week-Lendr/following{/other_user}",
        "gists_url": "https://api.github.com/users/Build-Week-Lendr/gists{/gist_id}",
        "starred_url": "https://api.github.com/users/Build-Week-Lendr/starred{/owner}{/repo}",
        "subscriptions_url": "https://api.github.com/users/Build-Week-Lendr/subscriptions",
        "organizations_url": "https://api.github.com/users/Build-Week-Lendr/orgs",
        "repos_url": "https://api.github.com/users/Build-Week-Lendr/repos",
        "events_url": "https://api.github.com/users/Build-Week-Lendr/events{/privacy}",
        "received_events_url": "https://api.github.com/users/Build-Week-Lendr/received_events",
        "type": "Organization",
        "site_admin": false
    },
    "html_url": "https://github.com/Build-Week-Lendr/Backend",
    "description": null,
    "fork": false,
    "url": "https://api.github.com/repos/Build-Week-Lendr/Backend",
    "forks_url": "https://api.github.com/repos/Build-Week-Lendr/Backend/forks",
    "keys_url": "https://api.github.com/repos/Build-Week-Lendr/Backend/keys{/key_id}",
    "collaborators_url": "https://api.github.com/repos/Build-Week-Lendr/Backend/collaborators{/collaborator}",
    "teams_url": "https://api.github.com/repos/Build-Week-Lendr/Backend/teams",
    "hooks_url": "https://api.github.com/repos/Build-Week-Lendr/Backend/hooks",
    "issue_events_url": "https://api.github.com/repos/Build-Week-Lendr/Backend/issues/events{/number}",
    "events_url": "https://api.github.com/repos/Build-Week-Lendr/Backend/events",
    "assignees_url": "https://api.github.com/repos/Build-Week-Lendr/Backend/assignees{/user}",
    "branches_url": "https://api.github.com/repos/Build-Week-Lendr/Backend/branches{/branch}",
    "tags_url": "https://api.github.com/repos/Build-Week-Lendr/Backend/tags",
    "blobs_url": "https://api.github.com/repos/Build-Week-Lendr/Backend/git/blobs{/sha}",
    "git_tags_url": "https://api.github.com/repos/Build-Week-Lendr/Backend/git/tags{/sha}",
    "git_refs_url": "https://api.github.com/repos/Build-Week-Lendr/Backend/git/refs{/sha}",
    "trees_url": "https://api.github.com/repos/Build-Week-Lendr/Backend/git/trees{/sha}",
    "statuses_url": "https://api.github.com/repos/Build-Week-Lendr/Backend/statuses/{sha}",
    "languages_url": "https://api.github.com/repos/Build-Week-Lendr/Backend/languages",
    "stargazers_url": "https://api.github.com/repos/Build-Week-Lendr/Backend/stargazers",
    "contributors_url": "https://api.github.com/repos/Build-Week-Lendr/Backend/contributors",
    "subscribers_url": "https://api.github.com/repos/Build-Week-Lendr/Backend/subscribers",
    "subscription_url": "https://api.github.com/repos/Build-Week-Lendr/Backend/subscription",
    "commits_url": "https://api.github.com/repos/Build-Week-Lendr/Backend/commits{/sha}",
    "git_commits_url": "https://api.github.com/repos/Build-Week-Lendr/Backend/git/commits{/sha}",
    "comments_url": "https://api.github.com/repos/Build-Week-Lendr/Backend/comments{/number}",
    "issue_comment_url": "https://api.github.com/repos/Build-Week-Lendr/Backend/issues/comments{/number}",
    "contents_url": "https://api.github.com/repos/Build-Week-Lendr/Backend/contents/{+path}",
    "compare_url": "https://api.github.com/repos/Build-Week-Lendr/Backend/compare/{base}...{head}",
    "merges_url": "https://api.github.com/repos/Build-Week-Lendr/Backend/merges",
    "archive_url": "https://api.github.com/repos/Build-Week-Lendr/Backend/{archive_format}{/ref}",
    "downloads_url": "https://api.github.com/repos/Build-Week-Lendr/Backend/downloads",
    "issues_url": "https://api.github.com/repos/Build-Week-Lendr/Backend/issues{/number}",
    "pulls_url": "https://api.github.com/repos/Build-Week-Lendr/Backend/pulls{/number}",
    "milestones_url": "https://api.github.com/repos/Build-Week-Lendr/Backend/milestones{/number}",
    "notifications_url": "https://api.github.com/repos/Build-Week-Lendr/Backend/notifications{?since,all,participating}",
    "labels_url": "https://api.github.com/repos/Build-Week-Lendr/Backend/labels{/name}",
    "releases_url": "https://api.github.com/repos/Build-Week-Lendr/Backend/releases{/id}",
    "deployments_url": "https://api.github.com/repos/Build-Week-Lendr/Backend/deployments",
    "created_at": "2019-11-15T22:25:31Z",
    "updated_at": "2019-11-22T18:11:35Z",
    "pushed_at": "2019-11-22T18:17:29Z",
    "git_url": "git://github.com/Build-Week-Lendr/Backend.git",
    "ssh_url": "git@github.com:Build-Week-Lendr/Backend.git",
    "clone_url": "https://github.com/Build-Week-Lendr/Backend.git",
    "svn_url": "https://github.com/Build-Week-Lendr/Backend",
    "homepage": null,
    "size": 176,
    "stargazers_count": 0,
    "watchers_count": 0,
    "language": "Java",
    "has_issues": true,
    "has_projects": true,
    "has_downloads": true,
    "has_wiki": true,
    "has_pages": false,
    "has_discussions": false,
    "forks_count": 0,
    "mirror_url": null,
    "archived": false,
    "disabled": false,
    "open_issues_count": 0,
    "license": {
        "key": "mit",
        "name": "MIT License",
        "spdx_id": "MIT",
        "url": "https://api.github.com/licenses/mit",
        "node_id": "MDc6TGljZW5zZTEz"
    },
    "allow_forking": true,
    "is_template": false,
    "web_commit_signoff_required": false,
    "topics": [],
    "visibility": "public",
    "forks": 0,
    "open_issues": 0,
    "watchers": 0,
    "default_branch": "master",
    "permissions": {
        "admin": false,
        "maintain": false,
        "push": false,
        "triage": false,
        "pull": true
    },
    "temp_clone_token": "",
    "custom_properties": {},
    "organization": {
        "login": "Build-Week-Lendr",
        "id": 57816151,
        "node_id": "MDEyOk9yZ2FuaXphdGlvbjU3ODE2MTUx",
        "avatar_url": "https://avatars.githubusercontent.com/u/57816151?v=4",
        "gravatar_id": "",
        "url": "https://api.github.com/users/Build-Week-Lendr",
        "html_url": "https://github.com/Build-Week-Lendr",
        "followers_url": "https://api.github.com/users/Build-Week-Lendr/followers",
        "following_url": "https://api.github.com/users/Build-Week-Lendr/following{/other_user}",
        "gists_url": "https://api.github.com/users/Build-Week-Lendr/gists{/gist_id}",
        "starred_url": "https://api.github.com/users/Build-Week-Lendr/starred{/owner}{/repo}",
        "subscriptions_url": "https://api.github.com/users/Build-Week-Lendr/subscriptions",
        "organizations_url": "https://api.github.com/users/Build-Week-Lendr/orgs",
        "repos_url": "https://api.github.com/users/Build-Week-Lendr/repos",
        "events_url": "https://api.github.com/users/Build-Week-Lendr/events{/privacy}",
        "received_events_url": "https://api.github.com/users/Build-Week-Lendr/received_events",
        "type": "Organization",
        "site_admin": false
    },
    "network_count": 0,
    "subscribers_count": 1
}