{
    "id": 313634857,
    "node_id": "MDEwOlJlcG9zaXRvcnkzMTM2MzQ4NTc=",
    "name": "IllumiEngine",
    "full_name": "FScociety/IllumiEngine",
    "private": false,
    "owner": {
        "login": "FScociety",
        "id": 40910944,
        "node_id": "MDQ6VXNlcjQwOTEwOTQ0",
        "avatar_url": "https://avatars.githubusercontent.com/u/40910944?v=4",
        "gravatar_id": "",
        "url": "https://api.github.com/users/FScociety",
        "html_url": "https://github.com/FScociety",
        "followers_url": "https://api.github.com/users/FScociety/followers",
        "following_url": "https://api.github.com/users/FScociety/following{/other_user}",
        "gists_url": "https://api.github.com/users/FScociety/gists{/gist_id}",
        "starred_url": "https://api.github.com/users/FScociety/starred{/owner}{/repo}",
        "subscriptions_url": "https://api.github.com/users/FScociety/subscriptions",
        "organizations_url": "https://api.github.com/users/FScociety/orgs",
        "repos_url": "https://api.github.com/users/FScociety/repos",
        "events_url": "https://api.github.com/users/FScociety/events{/privacy}",
        "received_events_url": "https://api.github.com/users/FScociety/received_events",
        "type": "User",
        "site_admin": false
    },
    "html_url": "https://github.com/FScociety/IllumiEngine",
    "description": "Small 2D-Game-Engine for Java using Graphics2D and Swing",
    "fork": false,
    "url": "https://api.github.com/repos/FScociety/IllumiEngine",
    "forks_url": "https://api.github.com/repos/FScociety/IllumiEngine/forks",
    "keys_url": "https://api.github.com/repos/FScociety/IllumiEngine/keys{/key_id}",
    "collaborators_url": "https://api.github.com/repos/FScociety/IllumiEngine/collaborators{/collaborator}",
    "teams_url": "https://api.github.com/repos/FScociety/IllumiEngine/teams",
    "hooks_url": "https://api.github.com/repos/FScociety/IllumiEngine/hooks",
    "issue_events_url": "https://api.github.com/repos/FScociety/IllumiEngine/issues/events{/number}",
    "events_url": "https://api.github.com/repos/FScociety/IllumiEngine/events",
    "assignees_url": "https://api.github.com/repos/FScociety/IllumiEngine/assignees{/user}",
    "branches_url": "https://api.github.com/repos/FScociety/IllumiEngine/branches{/branch}",
    "tags_url": "https://api.github.com/repos/FScociety/IllumiEngine/tags",
    "blobs_url": "https://api.github.com/repos/FScociety/IllumiEngine/git/blobs{/sha}",
    "git_tags_url": "https://api.github.com/repos/FScociety/IllumiEngine/git/tags{/sha}",
    "git_refs_url": "https://api.github.com/repos/FScociety/IllumiEngine/git/refs{/sha}",
    "trees_url": "https://api.github.com/repos/FScociety/IllumiEngine/git/trees{/sha}",
    "statuses_url": "https://api.github.com/repos/FScociety/IllumiEngine/statuses/{sha}",
    "languages_url": "https://api.github.com/repos/FScociety/IllumiEngine/languages",
    "stargazers_url": "https://api.github.com/repos/FScociety/IllumiEngine/stargazers",
    "contributors_url": "https://api.github.com/repos/FScociety/IllumiEngine/contributors",
    "subscribers_url": "https://api.github.com/repos/FScociety/IllumiEngine/subscribers",
    "subscription_url": "https://api.github.com/repos/FScociety/IllumiEngine/subscription",
    "commits_url": "https://api.github.com/repos/FScociety/IllumiEngine/commits{/sha}",
    "git_commits_url": "https://api.github.com/repos/FScociety/IllumiEngine/git/commits{/sha}",
    "comments_url": "https://api.github.com/repos/FScociety/IllumiEngine/comments{/number}",
    "issue_comment_url": "https://api.github.com/repos/FScociety/IllumiEngine/issues/comments{/number}",
    "contents_url": "https://api.github.com/repos/FScociety/IllumiEngine/contents/{+path}",
    "compare_url": "https://api.github.com/repos/FScociety/IllumiEngine/compare/{base}...{head}",
    "merges_url": "https://api.github.com/repos/FScociety/IllumiEngine/merges",
    "archive_url": "https://api.github.com/repos/FScociety/IllumiEngine/{archive_format}{/ref}",
    "downloads_url": "https://api.github.com/repos/FScociety/IllumiEngine/downloads",
    "issues_url": "https://api.github.com/repos/FScociety/IllumiEngine/issues{/number}",
    "pulls_url": "https://api.github.com/repos/FScociety/IllumiEngine/pulls{/number}",
    "milestones_url": "https://api.github.com/repos/FScociety/IllumiEngine/milestones{/number}",
    "notifications_url": "https://api.github.com/repos/FScociety/IllumiEngine/notifications{?since,all,participating}",
    "labels_url": "https://api.github.com/repos/FScociety/IllumiEngine/labels{/name}",
    "releases_url": "https://api.github.com/repos/FScociety/IllumiEngine/releases{/id}",
    "deployments_url": "https://api.github.com/repos/FScociety/IllumiEngine/deployments",
    "created_at": "2020-11-17T13:52:33Z",
    "updated_at": "2023-03-14T02:20:27Z",
    "pushed_at": "2021-06-17T13:53:31Z",
    "git_url": "git://github.com/FScociety/IllumiEngine.git",
    "ssh_url": "git@github.com:FScociety/IllumiEngine.git",
    "clone_url": "https://github.com/FScociety/IllumiEngine.git",
    "svn_url": "https://github.com/FScociety/IllumiEngine",
    "homepage": "",
    "size": 417,
    "stargazers_count": 3,
    "watchers_count": 3,
    "language": "Java",
    "has_issues": true,
    "has_projects": true,
    "has_downloads": true,
    "has_wiki": true,
    "has_pages": false,
    "has_discussions": false,
    "forks_count": 0,
    "mirror_url": null,
    "archived": false,
    "disabled": false,
    "open_issues_count": 4,
    "license": {
        "key": "mit",
        "name": "MIT License",
        "spdx_id": "MIT",
        "url": "https://api.github.com/licenses/mit",
        "node_id": "MDc6TGljZW5zZTEz"
    },
    "allow_forking": true,
    "is_template": false,
    "web_commit_signoff_required": false,
    "topics": [
        "2d",
        "2d-game-engine",
        "java2d"
    ],
    "visibility": "public",
    "forks": 0,
    "open_issues": 4,
    "watchers": 3,
    "default_branch": "master",
    "permissions": {
        "admin": false,
        "maintain": false,
        "push": false,
        "triage": false,
        "pull": true
    },
    "temp_clone_token": "",
    "network_count": 0,
    "subscribers_count": 1
}