{
    "id": 335992037,
    "node_id": "MDEwOlJlcG9zaXRvcnkzMzU5OTIwMzc=",
    "name": "Turbo-Shit-Extreme",
    "full_name": "xp710/Turbo-Shit-Extreme",
    "private": false,
    "owner": {
        "login": "xp710",
        "id": 66922387,
        "node_id": "MDQ6VXNlcjY2OTIyMzg3",
        "avatar_url": "https://avatars.githubusercontent.com/u/66922387?v=4",
        "gravatar_id": "",
        "url": "https://api.github.com/users/xp710",
        "html_url": "https://github.com/xp710",
        "followers_url": "https://api.github.com/users/xp710/followers",
        "following_url": "https://api.github.com/users/xp710/following{/other_user}",
        "gists_url": "https://api.github.com/users/xp710/gists{/gist_id}",
        "starred_url": "https://api.github.com/users/xp710/starred{/owner}{/repo}",
        "subscriptions_url": "https://api.github.com/users/xp710/subscriptions",
        "organizations_url": "https://api.github.com/users/xp710/orgs",
        "repos_url": "https://api.github.com/users/xp710/repos",
        "events_url": "https://api.github.com/users/xp710/events{/privacy}",
        "received_events_url": "https://api.github.com/users/xp710/received_events",
        "type": "User",
        "site_admin": false
    },
    "html_url": "https://github.com/xp710/Turbo-Shit-Extreme",
    "description": "A mod of Starlorn. Starlorn at https://github.com/Hypersonic/Starlorn",
    "fork": false,
    "url": "https://api.github.com/repos/xp710/Turbo-Shit-Extreme",
    "forks_url": "https://api.github.com/repos/xp710/Turbo-Shit-Extreme/forks",
    "keys_url": "https://api.github.com/repos/xp710/Turbo-Shit-Extreme/keys{/key_id}",
    "collaborators_url": "https://api.github.com/repos/xp710/Turbo-Shit-Extreme/collaborators{/collaborator}",
    "teams_url": "https://api.github.com/repos/xp710/Turbo-Shit-Extreme/teams",
    "hooks_url": "https://api.github.com/repos/xp710/Turbo-Shit-Extreme/hooks",
    "issue_events_url": "https://api.github.com/repos/xp710/Turbo-Shit-Extreme/issues/events{/number}",
    "events_url": "https://api.github.com/repos/xp710/Turbo-Shit-Extreme/events",
    "assignees_url": "https://api.github.com/repos/xp710/Turbo-Shit-Extreme/assignees{/user}",
    "branches_url": "https://api.github.com/repos/xp710/Turbo-Shit-Extreme/branches{/branch}",
    "tags_url": "https://api.github.com/repos/xp710/Turbo-Shit-Extreme/tags",
    "blobs_url": "https://api.github.com/repos/xp710/Turbo-Shit-Extreme/git/blobs{/sha}",
    "git_tags_url": "https://api.github.com/repos/xp710/Turbo-Shit-Extreme/git/tags{/sha}",
    "git_refs_url": "https://api.github.com/repos/xp710/Turbo-Shit-Extreme/git/refs{/sha}",
    "trees_url": "https://api.github.com/repos/xp710/Turbo-Shit-Extreme/git/trees{/sha}",
    "statuses_url": "https://api.github.com/repos/xp710/Turbo-Shit-Extreme/statuses/{sha}",
    "languages_url": "https://api.github.com/repos/xp710/Turbo-Shit-Extreme/languages",
    "stargazers_url": "https://api.github.com/repos/xp710/Turbo-Shit-Extreme/stargazers",
    "contributors_url": "https://api.github.com/repos/xp710/Turbo-Shit-Extreme/contributors",
    "subscribers_url": "https://api.github.com/repos/xp710/Turbo-Shit-Extreme/subscribers",
    "subscription_url": "https://api.github.com/repos/xp710/Turbo-Shit-Extreme/subscription",
    "commits_url": "https://api.github.com/repos/xp710/Turbo-Shit-Extreme/commits{/sha}",
    "git_commits_url": "https://api.github.com/repos/xp710/Turbo-Shit-Extreme/git/commits{/sha}",
    "comments_url": "https://api.github.com/repos/xp710/Turbo-Shit-Extreme/comments{/number}",
    "issue_comment_url": "https://api.github.com/repos/xp710/Turbo-Shit-Extreme/issues/comments{/number}",
    "contents_url": "https://api.github.com/repos/xp710/Turbo-Shit-Extreme/contents/{+path}",
    "compare_url": "https://api.github.com/repos/xp710/Turbo-Shit-Extreme/compare/{base}...{head}",
    "merges_url": "https://api.github.com/repos/xp710/Turbo-Shit-Extreme/merges",
    "archive_url": "https://api.github.com/repos/xp710/Turbo-Shit-Extreme/{archive_format}{/ref}",
    "downloads_url": "https://api.github.com/repos/xp710/Turbo-Shit-Extreme/downloads",
    "issues_url": "https://api.github.com/repos/xp710/Turbo-Shit-Extreme/issues{/number}",
    "pulls_url": "https://api.github.com/repos/xp710/Turbo-Shit-Extreme/pulls{/number}",
    "milestones_url": "https://api.github.com/repos/xp710/Turbo-Shit-Extreme/milestones{/number}",
    "notifications_url": "https://api.github.com/repos/xp710/Turbo-Shit-Extreme/notifications{?since,all,participating}",
    "labels_url": "https://api.github.com/repos/xp710/Turbo-Shit-Extreme/labels{/name}",
    "releases_url": "https://api.github.com/repos/xp710/Turbo-Shit-Extreme/releases{/id}",
    "deployments_url": "https://api.github.com/repos/xp710/Turbo-Shit-Extreme/deployments",
    "created_at": "2021-02-04T15:12:37Z",
    "updated_at": "2021-02-04T17:20:43Z",
    "pushed_at": "2021-02-04T17:20:40Z",
    "git_url": "git://github.com/xp710/Turbo-Shit-Extreme.git",
    "ssh_url": "git@github.com:xp710/Turbo-Shit-Extreme.git",
    "clone_url": "https://github.com/xp710/Turbo-Shit-Extreme.git",
    "svn_url": "https://github.com/xp710/Turbo-Shit-Extreme",
    "homepage": null,
    "size": 690,
    "stargazers_count": 0,
    "watchers_count": 0,
    "language": "Java",
    "has_issues": true,
    "has_projects": true,
    "has_downloads": true,
    "has_wiki": true,
    "has_pages": false,
    "has_discussions": false,
    "forks_count": 0,
    "mirror_url": null,
    "archived": false,
    "disabled": false,
    "open_issues_count": 0,
    "license": {
        "key": "mit",
        "name": "MIT License",
        "spdx_id": "MIT",
        "url": "https://api.github.com/licenses/mit",
        "node_id": "MDc6TGljZW5zZTEz"
    },
    "allow_forking": true,
    "is_template": false,
    "web_commit_signoff_required": false,
    "topics": [],
    "visibility": "public",
    "forks": 0,
    "open_issues": 0,
    "watchers": 0,
    "default_branch": "main",
    "permissions": {
        "admin": false,
        "maintain": false,
        "push": false,
        "triage": false,
        "pull": true
    },
    "temp_clone_token": "",
    "network_count": 0,
    "subscribers_count": 1
}