{
    "id": 142602527,
    "node_id": "MDEwOlJlcG9zaXRvcnkxNDI2MDI1Mjc=",
    "name": "MoltenJSON",
    "full_name": "moltenjson/MoltenJSON",
    "private": false,
    "owner": {
        "login": "moltenjson",
        "id": 52723127,
        "node_id": "MDEyOk9yZ2FuaXphdGlvbjUyNzIzMTI3",
        "avatar_url": "https://avatars.githubusercontent.com/u/52723127?v=4",
        "gravatar_id": "",
        "url": "https://api.github.com/users/moltenjson",
        "html_url": "https://github.com/moltenjson",
        "followers_url": "https://api.github.com/users/moltenjson/followers",
        "following_url": "https://api.github.com/users/moltenjson/following{/other_user}",
        "gists_url": "https://api.github.com/users/moltenjson/gists{/gist_id}",
        "starred_url": "https://api.github.com/users/moltenjson/starred{/owner}{/repo}",
        "subscriptions_url": "https://api.github.com/users/moltenjson/subscriptions",
        "organizations_url": "https://api.github.com/users/moltenjson/orgs",
        "repos_url": "https://api.github.com/users/moltenjson/repos",
        "events_url": "https://api.github.com/users/moltenjson/events{/privacy}",
        "received_events_url": "https://api.github.com/users/moltenjson/received_events",
        "type": "Organization",
        "site_admin": false
    },
    "html_url": "https://github.com/moltenjson/MoltenJSON",
    "description": "An efficient gson-based library which widely allows maintaining JSON in many different ways, locally and remotely!",
    "fork": false,
    "url": "https://api.github.com/repos/moltenjson/MoltenJSON",
    "forks_url": "https://api.github.com/repos/moltenjson/MoltenJSON/forks",
    "keys_url": "https://api.github.com/repos/moltenjson/MoltenJSON/keys{/key_id}",
    "collaborators_url": "https://api.github.com/repos/moltenjson/MoltenJSON/collaborators{/collaborator}",
    "teams_url": "https://api.github.com/repos/moltenjson/MoltenJSON/teams",
    "hooks_url": "https://api.github.com/repos/moltenjson/MoltenJSON/hooks",
    "issue_events_url": "https://api.github.com/repos/moltenjson/MoltenJSON/issues/events{/number}",
    "events_url": "https://api.github.com/repos/moltenjson/MoltenJSON/events",
    "assignees_url": "https://api.github.com/repos/moltenjson/MoltenJSON/assignees{/user}",
    "branches_url": "https://api.github.com/repos/moltenjson/MoltenJSON/branches{/branch}",
    "tags_url": "https://api.github.com/repos/moltenjson/MoltenJSON/tags",
    "blobs_url": "https://api.github.com/repos/moltenjson/MoltenJSON/git/blobs{/sha}",
    "git_tags_url": "https://api.github.com/repos/moltenjson/MoltenJSON/git/tags{/sha}",
    "git_refs_url": "https://api.github.com/repos/moltenjson/MoltenJSON/git/refs{/sha}",
    "trees_url": "https://api.github.com/repos/moltenjson/MoltenJSON/git/trees{/sha}",
    "statuses_url": "https://api.github.com/repos/moltenjson/MoltenJSON/statuses/{sha}",
    "languages_url": "https://api.github.com/repos/moltenjson/MoltenJSON/languages",
    "stargazers_url": "https://api.github.com/repos/moltenjson/MoltenJSON/stargazers",
    "contributors_url": "https://api.github.com/repos/moltenjson/MoltenJSON/contributors",
    "subscribers_url": "https://api.github.com/repos/moltenjson/MoltenJSON/subscribers",
    "subscription_url": "https://api.github.com/repos/moltenjson/MoltenJSON/subscription",
    "commits_url": "https://api.github.com/repos/moltenjson/MoltenJSON/commits{/sha}",
    "git_commits_url": "https://api.github.com/repos/moltenjson/MoltenJSON/git/commits{/sha}",
    "comments_url": "https://api.github.com/repos/moltenjson/MoltenJSON/comments{/number}",
    "issue_comment_url": "https://api.github.com/repos/moltenjson/MoltenJSON/issues/comments{/number}",
    "contents_url": "https://api.github.com/repos/moltenjson/MoltenJSON/contents/{+path}",
    "compare_url": "https://api.github.com/repos/moltenjson/MoltenJSON/compare/{base}...{head}",
    "merges_url": "https://api.github.com/repos/moltenjson/MoltenJSON/merges",
    "archive_url": "https://api.github.com/repos/moltenjson/MoltenJSON/{archive_format}{/ref}",
    "downloads_url": "https://api.github.com/repos/moltenjson/MoltenJSON/downloads",
    "issues_url": "https://api.github.com/repos/moltenjson/MoltenJSON/issues{/number}",
    "pulls_url": "https://api.github.com/repos/moltenjson/MoltenJSON/pulls{/number}",
    "milestones_url": "https://api.github.com/repos/moltenjson/MoltenJSON/milestones{/number}",
    "notifications_url": "https://api.github.com/repos/moltenjson/MoltenJSON/notifications{?since,all,participating}",
    "labels_url": "https://api.github.com/repos/moltenjson/MoltenJSON/labels{/name}",
    "releases_url": "https://api.github.com/repos/moltenjson/MoltenJSON/releases{/id}",
    "deployments_url": "https://api.github.com/repos/moltenjson/MoltenJSON/deployments",
    "created_at": "2018-07-27T16:52:48Z",
    "updated_at": "2022-06-30T14:59:27Z",
    "pushed_at": "2019-12-08T18:09:57Z",
    "git_url": "git://github.com/moltenjson/MoltenJSON.git",
    "ssh_url": "git@github.com:moltenjson/MoltenJSON.git",
    "clone_url": "https://github.com/moltenjson/MoltenJSON.git",
    "svn_url": "https://github.com/moltenjson/MoltenJSON",
    "homepage": "",
    "size": 355,
    "stargazers_count": 9,
    "watchers_count": 9,
    "language": "Java",
    "has_issues": true,
    "has_projects": true,
    "has_downloads": true,
    "has_wiki": true,
    "has_pages": false,
    "has_discussions": false,
    "forks_count": 0,
    "mirror_url": null,
    "archived": false,
    "disabled": false,
    "open_issues_count": 0,
    "license": {
        "key": "apache-2.0",
        "name": "Apache License 2.0",
        "spdx_id": "Apache-2.0",
        "url": "https://api.github.com/licenses/apache-2.0",
        "node_id": "MDc6TGljZW5zZTI="
    },
    "allow_forking": true,
    "is_template": false,
    "web_commit_signoff_required": false,
    "topics": [],
    "visibility": "public",
    "forks": 0,
    "open_issues": 0,
    "watchers": 9,
    "default_branch": "master",
    "permissions": {
        "admin": false,
        "maintain": false,
        "push": false,
        "triage": false,
        "pull": true
    },
    "temp_clone_token": "",
    "custom_properties": {},
    "organization": {
        "login": "moltenjson",
        "id": 52723127,
        "node_id": "MDEyOk9yZ2FuaXphdGlvbjUyNzIzMTI3",
        "avatar_url": "https://avatars.githubusercontent.com/u/52723127?v=4",
        "gravatar_id": "",
        "url": "https://api.github.com/users/moltenjson",
        "html_url": "https://github.com/moltenjson",
        "followers_url": "https://api.github.com/users/moltenjson/followers",
        "following_url": "https://api.github.com/users/moltenjson/following{/other_user}",
        "gists_url": "https://api.github.com/users/moltenjson/gists{/gist_id}",
        "starred_url": "https://api.github.com/users/moltenjson/starred{/owner}{/repo}",
        "subscriptions_url": "https://api.github.com/users/moltenjson/subscriptions",
        "organizations_url": "https://api.github.com/users/moltenjson/orgs",
        "repos_url": "https://api.github.com/users/moltenjson/repos",
        "events_url": "https://api.github.com/users/moltenjson/events{/privacy}",
        "received_events_url": "https://api.github.com/users/moltenjson/received_events",
        "type": "Organization",
        "site_admin": false
    },
    "network_count": 0,
    "subscribers_count": 1
}