{
    "id": 392483353,
    "node_id": "MDEwOlJlcG9zaXRvcnkzOTI0ODMzNTM=",
    "name": "fairy",
    "full_name": "terminalsin/fairy",
    "private": false,
    "owner": {
        "login": "terminalsin",
        "id": 30368557,
        "node_id": "MDQ6VXNlcjMwMzY4NTU3",
        "avatar_url": "https://avatars.githubusercontent.com/u/30368557?v=4",
        "gravatar_id": "",
        "url": "https://api.github.com/users/terminalsin",
        "html_url": "https://github.com/terminalsin",
        "followers_url": "https://api.github.com/users/terminalsin/followers",
        "following_url": "https://api.github.com/users/terminalsin/following{/other_user}",
        "gists_url": "https://api.github.com/users/terminalsin/gists{/gist_id}",
        "starred_url": "https://api.github.com/users/terminalsin/starred{/owner}{/repo}",
        "subscriptions_url": "https://api.github.com/users/terminalsin/subscriptions",
        "organizations_url": "https://api.github.com/users/terminalsin/orgs",
        "repos_url": "https://api.github.com/users/terminalsin/repos",
        "events_url": "https://api.github.com/users/terminalsin/events{/privacy}",
        "received_events_url": "https://api.github.com/users/terminalsin/received_events",
        "type": "User",
        "site_admin": false
    },
    "html_url": "https://github.com/terminalsin/fairy",
    "description": "Fairy is a compat & open-sourced Framework made with love <3",
    "fork": true,
    "url": "https://api.github.com/repos/terminalsin/fairy",
    "forks_url": "https://api.github.com/repos/terminalsin/fairy/forks",
    "keys_url": "https://api.github.com/repos/terminalsin/fairy/keys{/key_id}",
    "collaborators_url": "https://api.github.com/repos/terminalsin/fairy/collaborators{/collaborator}",
    "teams_url": "https://api.github.com/repos/terminalsin/fairy/teams",
    "hooks_url": "https://api.github.com/repos/terminalsin/fairy/hooks",
    "issue_events_url": "https://api.github.com/repos/terminalsin/fairy/issues/events{/number}",
    "events_url": "https://api.github.com/repos/terminalsin/fairy/events",
    "assignees_url": "https://api.github.com/repos/terminalsin/fairy/assignees{/user}",
    "branches_url": "https://api.github.com/repos/terminalsin/fairy/branches{/branch}",
    "tags_url": "https://api.github.com/repos/terminalsin/fairy/tags",
    "blobs_url": "https://api.github.com/repos/terminalsin/fairy/git/blobs{/sha}",
    "git_tags_url": "https://api.github.com/repos/terminalsin/fairy/git/tags{/sha}",
    "git_refs_url": "https://api.github.com/repos/terminalsin/fairy/git/refs{/sha}",
    "trees_url": "https://api.github.com/repos/terminalsin/fairy/git/trees{/sha}",
    "statuses_url": "https://api.github.com/repos/terminalsin/fairy/statuses/{sha}",
    "languages_url": "https://api.github.com/repos/terminalsin/fairy/languages",
    "stargazers_url": "https://api.github.com/repos/terminalsin/fairy/stargazers",
    "contributors_url": "https://api.github.com/repos/terminalsin/fairy/contributors",
    "subscribers_url": "https://api.github.com/repos/terminalsin/fairy/subscribers",
    "subscription_url": "https://api.github.com/repos/terminalsin/fairy/subscription",
    "commits_url": "https://api.github.com/repos/terminalsin/fairy/commits{/sha}",
    "git_commits_url": "https://api.github.com/repos/terminalsin/fairy/git/commits{/sha}",
    "comments_url": "https://api.github.com/repos/terminalsin/fairy/comments{/number}",
    "issue_comment_url": "https://api.github.com/repos/terminalsin/fairy/issues/comments{/number}",
    "contents_url": "https://api.github.com/repos/terminalsin/fairy/contents/{+path}",
    "compare_url": "https://api.github.com/repos/terminalsin/fairy/compare/{base}...{head}",
    "merges_url": "https://api.github.com/repos/terminalsin/fairy/merges",
    "archive_url": "https://api.github.com/repos/terminalsin/fairy/{archive_format}{/ref}",
    "downloads_url": "https://api.github.com/repos/terminalsin/fairy/downloads",
    "issues_url": "https://api.github.com/repos/terminalsin/fairy/issues{/number}",
    "pulls_url": "https://api.github.com/repos/terminalsin/fairy/pulls{/number}",
    "milestones_url": "https://api.github.com/repos/terminalsin/fairy/milestones{/number}",
    "notifications_url": "https://api.github.com/repos/terminalsin/fairy/notifications{?since,all,participating}",
    "labels_url": "https://api.github.com/repos/terminalsin/fairy/labels{/name}",
    "releases_url": "https://api.github.com/repos/terminalsin/fairy/releases{/id}",
    "deployments_url": "https://api.github.com/repos/terminalsin/fairy/deployments",
    "created_at": "2021-08-03T23:22:22Z",
    "updated_at": "2021-12-22T00:51:48Z",
    "pushed_at": "2022-03-06T13:41:24Z",
    "git_url": "git://github.com/terminalsin/fairy.git",
    "ssh_url": "git@github.com:terminalsin/fairy.git",
    "clone_url": "https://github.com/terminalsin/fairy.git",
    "svn_url": "https://github.com/terminalsin/fairy",
    "homepage": null,
    "size": 4986,
    "stargazers_count": 0,
    "watchers_count": 0,
    "language": "Java",
    "has_issues": false,
    "has_projects": true,
    "has_downloads": true,
    "has_wiki": true,
    "has_pages": false,
    "has_discussions": false,
    "forks_count": 0,
    "mirror_url": null,
    "archived": false,
    "disabled": false,
    "open_issues_count": 0,
    "license": {
        "key": "mit",
        "name": "MIT License",
        "spdx_id": "MIT",
        "url": "https://api.github.com/licenses/mit",
        "node_id": "MDc6TGljZW5zZTEz"
    },
    "allow_forking": true,
    "is_template": false,
    "web_commit_signoff_required": false,
    "topics": [],
    "visibility": "public",
    "forks": 0,
    "open_issues": 0,
    "watchers": 0,
    "default_branch": "master",
    "permissions": {
        "admin": false,
        "maintain": false,
        "push": false,
        "triage": false,
        "pull": true
    },
    "temp_clone_token": "",
    "parent": {
        "id": 382788581,
        "node_id": "MDEwOlJlcG9zaXRvcnkzODI3ODg1ODE=",
        "name": "fairy",
        "full_name": "FairyProject/fairy",
        "private": false,
        "owner": {
            "login": "FairyProject",
            "id": 79714468,
            "node_id": "MDEyOk9yZ2FuaXphdGlvbjc5NzE0NDY4",
            "avatar_url": "https://avatars.githubusercontent.com/u/79714468?v=4",
            "gravatar_id": "",
            "url": "https://api.github.com/users/FairyProject",
            "html_url": "https://github.com/FairyProject",
            "followers_url": "https://api.github.com/users/FairyProject/followers",
            "following_url": "https://api.github.com/users/FairyProject/following{/other_user}",
            "gists_url": "https://api.github.com/users/FairyProject/gists{/gist_id}",
            "starred_url": "https://api.github.com/users/FairyProject/starred{/owner}{/repo}",
            "subscriptions_url": "https://api.github.com/users/FairyProject/subscriptions",
            "organizations_url": "https://api.github.com/users/FairyProject/orgs",
            "repos_url": "https://api.github.com/users/FairyProject/repos",
            "events_url": "https://api.github.com/users/FairyProject/events{/privacy}",
            "received_events_url": "https://api.github.com/users/FairyProject/received_events",
            "type": "Organization",
            "site_admin": false
        },
        "html_url": "https://github.com/FairyProject/fairy",
        "description": "Fairy is a compat & open-sourced Framework made with love <3",
        "fork": false,
        "url": "https://api.github.com/repos/FairyProject/fairy",
        "forks_url": "https://api.github.com/repos/FairyProject/fairy/forks",
        "keys_url": "https://api.github.com/repos/FairyProject/fairy/keys{/key_id}",
        "collaborators_url": "https://api.github.com/repos/FairyProject/fairy/collaborators{/collaborator}",
        "teams_url": "https://api.github.com/repos/FairyProject/fairy/teams",
        "hooks_url": "https://api.github.com/repos/FairyProject/fairy/hooks",
        "issue_events_url": "https://api.github.com/repos/FairyProject/fairy/issues/events{/number}",
        "events_url": "https://api.github.com/repos/FairyProject/fairy/events",
        "assignees_url": "https://api.github.com/repos/FairyProject/fairy/assignees{/user}",
        "branches_url": "https://api.github.com/repos/FairyProject/fairy/branches{/branch}",
        "tags_url": "https://api.github.com/repos/FairyProject/fairy/tags",
        "blobs_url": "https://api.github.com/repos/FairyProject/fairy/git/blobs{/sha}",
        "git_tags_url": "https://api.github.com/repos/FairyProject/fairy/git/tags{/sha}",
        "git_refs_url": "https://api.github.com/repos/FairyProject/fairy/git/refs{/sha}",
        "trees_url": "https://api.github.com/repos/FairyProject/fairy/git/trees{/sha}",
        "statuses_url": "https://api.github.com/repos/FairyProject/fairy/statuses/{sha}",
        "languages_url": "https://api.github.com/repos/FairyProject/fairy/languages",
        "stargazers_url": "https://api.github.com/repos/FairyProject/fairy/stargazers",
        "contributors_url": "https://api.github.com/repos/FairyProject/fairy/contributors",
        "subscribers_url": "https://api.github.com/repos/FairyProject/fairy/subscribers",
        "subscription_url": "https://api.github.com/repos/FairyProject/fairy/subscription",
        "commits_url": "https://api.github.com/repos/FairyProject/fairy/commits{/sha}",
        "git_commits_url": "https://api.github.com/repos/FairyProject/fairy/git/commits{/sha}",
        "comments_url": "https://api.github.com/repos/FairyProject/fairy/comments{/number}",
        "issue_comment_url": "https://api.github.com/repos/FairyProject/fairy/issues/comments{/number}",
        "contents_url": "https://api.github.com/repos/FairyProject/fairy/contents/{+path}",
        "compare_url": "https://api.github.com/repos/FairyProject/fairy/compare/{base}...{head}",
        "merges_url": "https://api.github.com/repos/FairyProject/fairy/merges",
        "archive_url": "https://api.github.com/repos/FairyProject/fairy/{archive_format}{/ref}",
        "downloads_url": "https://api.github.com/repos/FairyProject/fairy/downloads",
        "issues_url": "https://api.github.com/repos/FairyProject/fairy/issues{/number}",
        "pulls_url": "https://api.github.com/repos/FairyProject/fairy/pulls{/number}",
        "milestones_url": "https://api.github.com/repos/FairyProject/fairy/milestones{/number}",
        "notifications_url": "https://api.github.com/repos/FairyProject/fairy/notifications{?since,all,participating}",
        "labels_url": "https://api.github.com/repos/FairyProject/fairy/labels{/name}",
        "releases_url": "https://api.github.com/repos/FairyProject/fairy/releases{/id}",
        "deployments_url": "https://api.github.com/repos/FairyProject/fairy/deployments",
        "created_at": "2021-07-04T07:17:21Z",
        "updated_at": "2024-04-25T05:36:11Z",
        "pushed_at": "2024-04-25T17:31:15Z",
        "git_url": "git://github.com/FairyProject/fairy.git",
        "ssh_url": "git@github.com:FairyProject/fairy.git",
        "clone_url": "https://github.com/FairyProject/fairy.git",
        "svn_url": "https://github.com/FairyProject/fairy",
        "homepage": null,
        "size": 4781,
        "stargazers_count": 40,
        "watchers_count": 40,
        "language": "Java",
        "has_issues": true,
        "has_projects": true,
        "has_downloads": true,
        "has_wiki": true,
        "has_pages": false,
        "has_discussions": true,
        "forks_count": 9,
        "mirror_url": null,
        "archived": false,
        "disabled": false,
        "open_issues_count": 17,
        "license": {
            "key": "mit",
            "name": "MIT License",
            "spdx_id": "MIT",
            "url": "https://api.github.com/licenses/mit",
            "node_id": "MDc6TGljZW5zZTEz"
        },
        "allow_forking": true,
        "is_template": false,
        "web_commit_signoff_required": false,
        "topics": [],
        "visibility": "public",
        "forks": 9,
        "open_issues": 17,
        "watchers": 40,
        "default_branch": "v0.7"
    },
    "source": {
        "id": 382788581,
        "node_id": "MDEwOlJlcG9zaXRvcnkzODI3ODg1ODE=",
        "name": "fairy",
        "full_name": "FairyProject/fairy",
        "private": false,
        "owner": {
            "login": "FairyProject",
            "id": 79714468,
            "node_id": "MDEyOk9yZ2FuaXphdGlvbjc5NzE0NDY4",
            "avatar_url": "https://avatars.githubusercontent.com/u/79714468?v=4",
            "gravatar_id": "",
            "url": "https://api.github.com/users/FairyProject",
            "html_url": "https://github.com/FairyProject",
            "followers_url": "https://api.github.com/users/FairyProject/followers",
            "following_url": "https://api.github.com/users/FairyProject/following{/other_user}",
            "gists_url": "https://api.github.com/users/FairyProject/gists{/gist_id}",
            "starred_url": "https://api.github.com/users/FairyProject/starred{/owner}{/repo}",
            "subscriptions_url": "https://api.github.com/users/FairyProject/subscriptions",
            "organizations_url": "https://api.github.com/users/FairyProject/orgs",
            "repos_url": "https://api.github.com/users/FairyProject/repos",
            "events_url": "https://api.github.com/users/FairyProject/events{/privacy}",
            "received_events_url": "https://api.github.com/users/FairyProject/received_events",
            "type": "Organization",
            "site_admin": false
        },
        "html_url": "https://github.com/FairyProject/fairy",
        "description": "Fairy is a compat & open-sourced Framework made with love <3",
        "fork": false,
        "url": "https://api.github.com/repos/FairyProject/fairy",
        "forks_url": "https://api.github.com/repos/FairyProject/fairy/forks",
        "keys_url": "https://api.github.com/repos/FairyProject/fairy/keys{/key_id}",
        "collaborators_url": "https://api.github.com/repos/FairyProject/fairy/collaborators{/collaborator}",
        "teams_url": "https://api.github.com/repos/FairyProject/fairy/teams",
        "hooks_url": "https://api.github.com/repos/FairyProject/fairy/hooks",
        "issue_events_url": "https://api.github.com/repos/FairyProject/fairy/issues/events{/number}",
        "events_url": "https://api.github.com/repos/FairyProject/fairy/events",
        "assignees_url": "https://api.github.com/repos/FairyProject/fairy/assignees{/user}",
        "branches_url": "https://api.github.com/repos/FairyProject/fairy/branches{/branch}",
        "tags_url": "https://api.github.com/repos/FairyProject/fairy/tags",
        "blobs_url": "https://api.github.com/repos/FairyProject/fairy/git/blobs{/sha}",
        "git_tags_url": "https://api.github.com/repos/FairyProject/fairy/git/tags{/sha}",
        "git_refs_url": "https://api.github.com/repos/FairyProject/fairy/git/refs{/sha}",
        "trees_url": "https://api.github.com/repos/FairyProject/fairy/git/trees{/sha}",
        "statuses_url": "https://api.github.com/repos/FairyProject/fairy/statuses/{sha}",
        "languages_url": "https://api.github.com/repos/FairyProject/fairy/languages",
        "stargazers_url": "https://api.github.com/repos/FairyProject/fairy/stargazers",
        "contributors_url": "https://api.github.com/repos/FairyProject/fairy/contributors",
        "subscribers_url": "https://api.github.com/repos/FairyProject/fairy/subscribers",
        "subscription_url": "https://api.github.com/repos/FairyProject/fairy/subscription",
        "commits_url": "https://api.github.com/repos/FairyProject/fairy/commits{/sha}",
        "git_commits_url": "https://api.github.com/repos/FairyProject/fairy/git/commits{/sha}",
        "comments_url": "https://api.github.com/repos/FairyProject/fairy/comments{/number}",
        "issue_comment_url": "https://api.github.com/repos/FairyProject/fairy/issues/comments{/number}",
        "contents_url": "https://api.github.com/repos/FairyProject/fairy/contents/{+path}",
        "compare_url": "https://api.github.com/repos/FairyProject/fairy/compare/{base}...{head}",
        "merges_url": "https://api.github.com/repos/FairyProject/fairy/merges",
        "archive_url": "https://api.github.com/repos/FairyProject/fairy/{archive_format}{/ref}",
        "downloads_url": "https://api.github.com/repos/FairyProject/fairy/downloads",
        "issues_url": "https://api.github.com/repos/FairyProject/fairy/issues{/number}",
        "pulls_url": "https://api.github.com/repos/FairyProject/fairy/pulls{/number}",
        "milestones_url": "https://api.github.com/repos/FairyProject/fairy/milestones{/number}",
        "notifications_url": "https://api.github.com/repos/FairyProject/fairy/notifications{?since,all,participating}",
        "labels_url": "https://api.github.com/repos/FairyProject/fairy/labels{/name}",
        "releases_url": "https://api.github.com/repos/FairyProject/fairy/releases{/id}",
        "deployments_url": "https://api.github.com/repos/FairyProject/fairy/deployments",
        "created_at": "2021-07-04T07:17:21Z",
        "updated_at": "2024-04-25T05:36:11Z",
        "pushed_at": "2024-04-25T17:31:15Z",
        "git_url": "git://github.com/FairyProject/fairy.git",
        "ssh_url": "git@github.com:FairyProject/fairy.git",
        "clone_url": "https://github.com/FairyProject/fairy.git",
        "svn_url": "https://github.com/FairyProject/fairy",
        "homepage": null,
        "size": 4781,
        "stargazers_count": 40,
        "watchers_count": 40,
        "language": "Java",
        "has_issues": true,
        "has_projects": true,
        "has_downloads": true,
        "has_wiki": true,
        "has_pages": false,
        "has_discussions": true,
        "forks_count": 9,
        "mirror_url": null,
        "archived": false,
        "disabled": false,
        "open_issues_count": 17,
        "license": {
            "key": "mit",
            "name": "MIT License",
            "spdx_id": "MIT",
            "url": "https://api.github.com/licenses/mit",
            "node_id": "MDc6TGljZW5zZTEz"
        },
        "allow_forking": true,
        "is_template": false,
        "web_commit_signoff_required": false,
        "topics": [],
        "visibility": "public",
        "forks": 9,
        "open_issues": 17,
        "watchers": 40,
        "default_branch": "v0.7"
    },
    "network_count": 9,
    "subscribers_count": 0
}