{
    "id": 192587573,
    "node_id": "MDEwOlJlcG9zaXRvcnkxOTI1ODc1NzM=",
    "name": "emall",
    "full_name": "jasonrale/emall",
    "private": false,
    "owner": {
        "login": "jasonrale",
        "id": 32949831,
        "node_id": "MDQ6VXNlcjMyOTQ5ODMx",
        "avatar_url": "https://avatars.githubusercontent.com/u/32949831?v=4",
        "gravatar_id": "",
        "url": "https://api.github.com/users/jasonrale",
        "html_url": "https://github.com/jasonrale",
        "followers_url": "https://api.github.com/users/jasonrale/followers",
        "following_url": "https://api.github.com/users/jasonrale/following{/other_user}",
        "gists_url": "https://api.github.com/users/jasonrale/gists{/gist_id}",
        "starred_url": "https://api.github.com/users/jasonrale/starred{/owner}{/repo}",
        "subscriptions_url": "https://api.github.com/users/jasonrale/subscriptions",
        "organizations_url": "https://api.github.com/users/jasonrale/orgs",
        "repos_url": "https://api.github.com/users/jasonrale/repos",
        "events_url": "https://api.github.com/users/jasonrale/events{/privacy}",
        "received_events_url": "https://api.github.com/users/jasonrale/received_events",
        "type": "User",
        "site_admin": false
    },
    "html_url": "https://github.com/jasonrale/emall",
    "description": "Emall for graduaction project.",
    "fork": false,
    "url": "https://api.github.com/repos/jasonrale/emall",
    "forks_url": "https://api.github.com/repos/jasonrale/emall/forks",
    "keys_url": "https://api.github.com/repos/jasonrale/emall/keys{/key_id}",
    "collaborators_url": "https://api.github.com/repos/jasonrale/emall/collaborators{/collaborator}",
    "teams_url": "https://api.github.com/repos/jasonrale/emall/teams",
    "hooks_url": "https://api.github.com/repos/jasonrale/emall/hooks",
    "issue_events_url": "https://api.github.com/repos/jasonrale/emall/issues/events{/number}",
    "events_url": "https://api.github.com/repos/jasonrale/emall/events",
    "assignees_url": "https://api.github.com/repos/jasonrale/emall/assignees{/user}",
    "branches_url": "https://api.github.com/repos/jasonrale/emall/branches{/branch}",
    "tags_url": "https://api.github.com/repos/jasonrale/emall/tags",
    "blobs_url": "https://api.github.com/repos/jasonrale/emall/git/blobs{/sha}",
    "git_tags_url": "https://api.github.com/repos/jasonrale/emall/git/tags{/sha}",
    "git_refs_url": "https://api.github.com/repos/jasonrale/emall/git/refs{/sha}",
    "trees_url": "https://api.github.com/repos/jasonrale/emall/git/trees{/sha}",
    "statuses_url": "https://api.github.com/repos/jasonrale/emall/statuses/{sha}",
    "languages_url": "https://api.github.com/repos/jasonrale/emall/languages",
    "stargazers_url": "https://api.github.com/repos/jasonrale/emall/stargazers",
    "contributors_url": "https://api.github.com/repos/jasonrale/emall/contributors",
    "subscribers_url": "https://api.github.com/repos/jasonrale/emall/subscribers",
    "subscription_url": "https://api.github.com/repos/jasonrale/emall/subscription",
    "commits_url": "https://api.github.com/repos/jasonrale/emall/commits{/sha}",
    "git_commits_url": "https://api.github.com/repos/jasonrale/emall/git/commits{/sha}",
    "comments_url": "https://api.github.com/repos/jasonrale/emall/comments{/number}",
    "issue_comment_url": "https://api.github.com/repos/jasonrale/emall/issues/comments{/number}",
    "contents_url": "https://api.github.com/repos/jasonrale/emall/contents/{+path}",
    "compare_url": "https://api.github.com/repos/jasonrale/emall/compare/{base}...{head}",
    "merges_url": "https://api.github.com/repos/jasonrale/emall/merges",
    "archive_url": "https://api.github.com/repos/jasonrale/emall/{archive_format}{/ref}",
    "downloads_url": "https://api.github.com/repos/jasonrale/emall/downloads",
    "issues_url": "https://api.github.com/repos/jasonrale/emall/issues{/number}",
    "pulls_url": "https://api.github.com/repos/jasonrale/emall/pulls{/number}",
    "milestones_url": "https://api.github.com/repos/jasonrale/emall/milestones{/number}",
    "notifications_url": "https://api.github.com/repos/jasonrale/emall/notifications{?since,all,participating}",
    "labels_url": "https://api.github.com/repos/jasonrale/emall/labels{/name}",
    "releases_url": "https://api.github.com/repos/jasonrale/emall/releases{/id}",
    "deployments_url": "https://api.github.com/repos/jasonrale/emall/deployments",
    "created_at": "2019-06-18T17:48:31Z",
    "updated_at": "2023-06-19T19:12:56Z",
    "pushed_at": "2023-02-22T08:14:51Z",
    "git_url": "git://github.com/jasonrale/emall.git",
    "ssh_url": "git@github.com:jasonrale/emall.git",
    "clone_url": "https://github.com/jasonrale/emall.git",
    "svn_url": "https://github.com/jasonrale/emall",
    "homepage": null,
    "size": 1612,
    "stargazers_count": 2,
    "watchers_count": 2,
    "language": "Java",
    "has_issues": true,
    "has_projects": true,
    "has_downloads": true,
    "has_wiki": true,
    "has_pages": false,
    "has_discussions": false,
    "forks_count": 0,
    "mirror_url": null,
    "archived": false,
    "disabled": false,
    "open_issues_count": 3,
    "license": {
        "key": "apache-2.0",
        "name": "Apache License 2.0",
        "spdx_id": "Apache-2.0",
        "url": "https://api.github.com/licenses/apache-2.0",
        "node_id": "MDc6TGljZW5zZTI="
    },
    "allow_forking": true,
    "is_template": false,
    "web_commit_signoff_required": false,
    "topics": [
        "emall",
        "java"
    ],
    "visibility": "public",
    "forks": 0,
    "open_issues": 3,
    "watchers": 2,
    "default_branch": "master",
    "permissions": {
        "admin": false,
        "maintain": false,
        "push": false,
        "triage": false,
        "pull": true
    },
    "temp_clone_token": "",
    "network_count": 0,
    "subscribers_count": 0
}