{
    "id": 289686900,
    "node_id": "MDEwOlJlcG9zaXRvcnkyODk2ODY5MDA=",
    "name": "Travel-Guide-AndroidApp",
    "full_name": "ShazidHasanRiam/Travel-Guide-AndroidApp",
    "private": false,
    "owner": {
        "login": "ShazidHasanRiam",
        "id": 28888397,
        "node_id": "MDQ6VXNlcjI4ODg4Mzk3",
        "avatar_url": "https://avatars.githubusercontent.com/u/28888397?v=4",
        "gravatar_id": "",
        "url": "https://api.github.com/users/ShazidHasanRiam",
        "html_url": "https://github.com/ShazidHasanRiam",
        "followers_url": "https://api.github.com/users/ShazidHasanRiam/followers",
        "following_url": "https://api.github.com/users/ShazidHasanRiam/following{/other_user}",
        "gists_url": "https://api.github.com/users/ShazidHasanRiam/gists{/gist_id}",
        "starred_url": "https://api.github.com/users/ShazidHasanRiam/starred{/owner}{/repo}",
        "subscriptions_url": "https://api.github.com/users/ShazidHasanRiam/subscriptions",
        "organizations_url": "https://api.github.com/users/ShazidHasanRiam/orgs",
        "repos_url": "https://api.github.com/users/ShazidHasanRiam/repos",
        "events_url": "https://api.github.com/users/ShazidHasanRiam/events{/privacy}",
        "received_events_url": "https://api.github.com/users/ShazidHasanRiam/received_events",
        "type": "User",
        "site_admin": false
    },
    "html_url": "https://github.com/ShazidHasanRiam/Travel-Guide-AndroidApp",
    "description": "Android App for my Junior Design Course.",
    "fork": false,
    "url": "https://api.github.com/repos/ShazidHasanRiam/Travel-Guide-AndroidApp",
    "forks_url": "https://api.github.com/repos/ShazidHasanRiam/Travel-Guide-AndroidApp/forks",
    "keys_url": "https://api.github.com/repos/ShazidHasanRiam/Travel-Guide-AndroidApp/keys{/key_id}",
    "collaborators_url": "https://api.github.com/repos/ShazidHasanRiam/Travel-Guide-AndroidApp/collaborators{/collaborator}",
    "teams_url": "https://api.github.com/repos/ShazidHasanRiam/Travel-Guide-AndroidApp/teams",
    "hooks_url": "https://api.github.com/repos/ShazidHasanRiam/Travel-Guide-AndroidApp/hooks",
    "issue_events_url": "https://api.github.com/repos/ShazidHasanRiam/Travel-Guide-AndroidApp/issues/events{/number}",
    "events_url": "https://api.github.com/repos/ShazidHasanRiam/Travel-Guide-AndroidApp/events",
    "assignees_url": "https://api.github.com/repos/ShazidHasanRiam/Travel-Guide-AndroidApp/assignees{/user}",
    "branches_url": "https://api.github.com/repos/ShazidHasanRiam/Travel-Guide-AndroidApp/branches{/branch}",
    "tags_url": "https://api.github.com/repos/ShazidHasanRiam/Travel-Guide-AndroidApp/tags",
    "blobs_url": "https://api.github.com/repos/ShazidHasanRiam/Travel-Guide-AndroidApp/git/blobs{/sha}",
    "git_tags_url": "https://api.github.com/repos/ShazidHasanRiam/Travel-Guide-AndroidApp/git/tags{/sha}",
    "git_refs_url": "https://api.github.com/repos/ShazidHasanRiam/Travel-Guide-AndroidApp/git/refs{/sha}",
    "trees_url": "https://api.github.com/repos/ShazidHasanRiam/Travel-Guide-AndroidApp/git/trees{/sha}",
    "statuses_url": "https://api.github.com/repos/ShazidHasanRiam/Travel-Guide-AndroidApp/statuses/{sha}",
    "languages_url": "https://api.github.com/repos/ShazidHasanRiam/Travel-Guide-AndroidApp/languages",
    "stargazers_url": "https://api.github.com/repos/ShazidHasanRiam/Travel-Guide-AndroidApp/stargazers",
    "contributors_url": "https://api.github.com/repos/ShazidHasanRiam/Travel-Guide-AndroidApp/contributors",
    "subscribers_url": "https://api.github.com/repos/ShazidHasanRiam/Travel-Guide-AndroidApp/subscribers",
    "subscription_url": "https://api.github.com/repos/ShazidHasanRiam/Travel-Guide-AndroidApp/subscription",
    "commits_url": "https://api.github.com/repos/ShazidHasanRiam/Travel-Guide-AndroidApp/commits{/sha}",
    "git_commits_url": "https://api.github.com/repos/ShazidHasanRiam/Travel-Guide-AndroidApp/git/commits{/sha}",
    "comments_url": "https://api.github.com/repos/ShazidHasanRiam/Travel-Guide-AndroidApp/comments{/number}",
    "issue_comment_url": "https://api.github.com/repos/ShazidHasanRiam/Travel-Guide-AndroidApp/issues/comments{/number}",
    "contents_url": "https://api.github.com/repos/ShazidHasanRiam/Travel-Guide-AndroidApp/contents/{+path}",
    "compare_url": "https://api.github.com/repos/ShazidHasanRiam/Travel-Guide-AndroidApp/compare/{base}...{head}",
    "merges_url": "https://api.github.com/repos/ShazidHasanRiam/Travel-Guide-AndroidApp/merges",
    "archive_url": "https://api.github.com/repos/ShazidHasanRiam/Travel-Guide-AndroidApp/{archive_format}{/ref}",
    "downloads_url": "https://api.github.com/repos/ShazidHasanRiam/Travel-Guide-AndroidApp/downloads",
    "issues_url": "https://api.github.com/repos/ShazidHasanRiam/Travel-Guide-AndroidApp/issues{/number}",
    "pulls_url": "https://api.github.com/repos/ShazidHasanRiam/Travel-Guide-AndroidApp/pulls{/number}",
    "milestones_url": "https://api.github.com/repos/ShazidHasanRiam/Travel-Guide-AndroidApp/milestones{/number}",
    "notifications_url": "https://api.github.com/repos/ShazidHasanRiam/Travel-Guide-AndroidApp/notifications{?since,all,participating}",
    "labels_url": "https://api.github.com/repos/ShazidHasanRiam/Travel-Guide-AndroidApp/labels{/name}",
    "releases_url": "https://api.github.com/repos/ShazidHasanRiam/Travel-Guide-AndroidApp/releases{/id}",
    "deployments_url": "https://api.github.com/repos/ShazidHasanRiam/Travel-Guide-AndroidApp/deployments",
    "created_at": "2020-08-23T13:01:11Z",
    "updated_at": "2021-11-17T14:09:34Z",
    "pushed_at": "2020-10-01T03:34:28Z",
    "git_url": "git://github.com/ShazidHasanRiam/Travel-Guide-AndroidApp.git",
    "ssh_url": "git@github.com:ShazidHasanRiam/Travel-Guide-AndroidApp.git",
    "clone_url": "https://github.com/ShazidHasanRiam/Travel-Guide-AndroidApp.git",
    "svn_url": "https://github.com/ShazidHasanRiam/Travel-Guide-AndroidApp",
    "homepage": "",
    "size": 24000,
    "stargazers_count": 0,
    "watchers_count": 0,
    "language": "Java",
    "has_issues": true,
    "has_projects": true,
    "has_downloads": true,
    "has_wiki": true,
    "has_pages": false,
    "has_discussions": false,
    "forks_count": 0,
    "mirror_url": null,
    "archived": false,
    "disabled": false,
    "open_issues_count": 0,
    "license": {
        "key": "mit",
        "name": "MIT License",
        "spdx_id": "MIT",
        "url": "https://api.github.com/licenses/mit",
        "node_id": "MDc6TGljZW5zZTEz"
    },
    "allow_forking": true,
    "is_template": false,
    "web_commit_signoff_required": false,
    "topics": [
        "android",
        "android-app",
        "android-application",
        "android-studio"
    ],
    "visibility": "public",
    "forks": 0,
    "open_issues": 0,
    "watchers": 0,
    "default_branch": "master",
    "permissions": {
        "admin": false,
        "maintain": false,
        "push": false,
        "triage": false,
        "pull": true
    },
    "temp_clone_token": "",
    "network_count": 0,
    "subscribers_count": 1
}