{
    "id": 137133867,
    "node_id": "MDEwOlJlcG9zaXRvcnkxMzcxMzM4Njc=",
    "name": "portmapper",
    "full_name": "deaguirp/portmapper",
    "private": false,
    "owner": {
        "login": "deaguirp",
        "id": 17885893,
        "node_id": "MDQ6VXNlcjE3ODg1ODkz",
        "avatar_url": "https://avatars.githubusercontent.com/u/17885893?v=4",
        "gravatar_id": "",
        "url": "https://api.github.com/users/deaguirp",
        "html_url": "https://github.com/deaguirp",
        "followers_url": "https://api.github.com/users/deaguirp/followers",
        "following_url": "https://api.github.com/users/deaguirp/following{/other_user}",
        "gists_url": "https://api.github.com/users/deaguirp/gists{/gist_id}",
        "starred_url": "https://api.github.com/users/deaguirp/starred{/owner}{/repo}",
        "subscriptions_url": "https://api.github.com/users/deaguirp/subscriptions",
        "organizations_url": "https://api.github.com/users/deaguirp/orgs",
        "repos_url": "https://api.github.com/users/deaguirp/repos",
        "events_url": "https://api.github.com/users/deaguirp/events{/privacy}",
        "received_events_url": "https://api.github.com/users/deaguirp/received_events",
        "type": "User",
        "site_admin": false
    },
    "html_url": "https://github.com/deaguirp/portmapper",
    "description": null,
    "fork": false,
    "url": "https://api.github.com/repos/deaguirp/portmapper",
    "forks_url": "https://api.github.com/repos/deaguirp/portmapper/forks",
    "keys_url": "https://api.github.com/repos/deaguirp/portmapper/keys{/key_id}",
    "collaborators_url": "https://api.github.com/repos/deaguirp/portmapper/collaborators{/collaborator}",
    "teams_url": "https://api.github.com/repos/deaguirp/portmapper/teams",
    "hooks_url": "https://api.github.com/repos/deaguirp/portmapper/hooks",
    "issue_events_url": "https://api.github.com/repos/deaguirp/portmapper/issues/events{/number}",
    "events_url": "https://api.github.com/repos/deaguirp/portmapper/events",
    "assignees_url": "https://api.github.com/repos/deaguirp/portmapper/assignees{/user}",
    "branches_url": "https://api.github.com/repos/deaguirp/portmapper/branches{/branch}",
    "tags_url": "https://api.github.com/repos/deaguirp/portmapper/tags",
    "blobs_url": "https://api.github.com/repos/deaguirp/portmapper/git/blobs{/sha}",
    "git_tags_url": "https://api.github.com/repos/deaguirp/portmapper/git/tags{/sha}",
    "git_refs_url": "https://api.github.com/repos/deaguirp/portmapper/git/refs{/sha}",
    "trees_url": "https://api.github.com/repos/deaguirp/portmapper/git/trees{/sha}",
    "statuses_url": "https://api.github.com/repos/deaguirp/portmapper/statuses/{sha}",
    "languages_url": "https://api.github.com/repos/deaguirp/portmapper/languages",
    "stargazers_url": "https://api.github.com/repos/deaguirp/portmapper/stargazers",
    "contributors_url": "https://api.github.com/repos/deaguirp/portmapper/contributors",
    "subscribers_url": "https://api.github.com/repos/deaguirp/portmapper/subscribers",
    "subscription_url": "https://api.github.com/repos/deaguirp/portmapper/subscription",
    "commits_url": "https://api.github.com/repos/deaguirp/portmapper/commits{/sha}",
    "git_commits_url": "https://api.github.com/repos/deaguirp/portmapper/git/commits{/sha}",
    "comments_url": "https://api.github.com/repos/deaguirp/portmapper/comments{/number}",
    "issue_comment_url": "https://api.github.com/repos/deaguirp/portmapper/issues/comments{/number}",
    "contents_url": "https://api.github.com/repos/deaguirp/portmapper/contents/{+path}",
    "compare_url": "https://api.github.com/repos/deaguirp/portmapper/compare/{base}...{head}",
    "merges_url": "https://api.github.com/repos/deaguirp/portmapper/merges",
    "archive_url": "https://api.github.com/repos/deaguirp/portmapper/{archive_format}{/ref}",
    "downloads_url": "https://api.github.com/repos/deaguirp/portmapper/downloads",
    "issues_url": "https://api.github.com/repos/deaguirp/portmapper/issues{/number}",
    "pulls_url": "https://api.github.com/repos/deaguirp/portmapper/pulls{/number}",
    "milestones_url": "https://api.github.com/repos/deaguirp/portmapper/milestones{/number}",
    "notifications_url": "https://api.github.com/repos/deaguirp/portmapper/notifications{?since,all,participating}",
    "labels_url": "https://api.github.com/repos/deaguirp/portmapper/labels{/name}",
    "releases_url": "https://api.github.com/repos/deaguirp/portmapper/releases{/id}",
    "deployments_url": "https://api.github.com/repos/deaguirp/portmapper/deployments",
    "created_at": "2018-06-12T22:21:43Z",
    "updated_at": "2018-06-12T22:27:05Z",
    "pushed_at": "2018-06-12T22:26:37Z",
    "git_url": "git://github.com/deaguirp/portmapper.git",
    "ssh_url": "git@github.com:deaguirp/portmapper.git",
    "clone_url": "https://github.com/deaguirp/portmapper.git",
    "svn_url": "https://github.com/deaguirp/portmapper",
    "homepage": null,
    "size": 904,
    "stargazers_count": 0,
    "watchers_count": 0,
    "language": "Java",
    "has_issues": true,
    "has_projects": true,
    "has_downloads": true,
    "has_wiki": true,
    "has_pages": false,
    "has_discussions": false,
    "forks_count": 0,
    "mirror_url": null,
    "archived": false,
    "disabled": false,
    "open_issues_count": 0,
    "license": {
        "key": "apache-2.0",
        "name": "Apache License 2.0",
        "spdx_id": "Apache-2.0",
        "url": "https://api.github.com/licenses/apache-2.0",
        "node_id": "MDc6TGljZW5zZTI="
    },
    "allow_forking": true,
    "is_template": false,
    "web_commit_signoff_required": false,
    "topics": [],
    "visibility": "public",
    "forks": 0,
    "open_issues": 0,
    "watchers": 0,
    "default_branch": "master",
    "permissions": {
        "admin": false,
        "maintain": false,
        "push": false,
        "triage": false,
        "pull": true
    },
    "temp_clone_token": "",
    "network_count": 0,
    "subscribers_count": 2
}