{
    "id": 239674001,
    "node_id": "MDEwOlJlcG9zaXRvcnkyMzk2NzQwMDE=",
    "name": "cougar",
    "full_name": "JLLeitschuh/cougar",
    "private": false,
    "owner": {
        "login": "JLLeitschuh",
        "id": 1323708,
        "node_id": "MDQ6VXNlcjEzMjM3MDg=",
        "avatar_url": "https://avatars.githubusercontent.com/u/1323708?v=4",
        "gravatar_id": "",
        "url": "https://api.github.com/users/JLLeitschuh",
        "html_url": "https://github.com/JLLeitschuh",
        "followers_url": "https://api.github.com/users/JLLeitschuh/followers",
        "following_url": "https://api.github.com/users/JLLeitschuh/following{/other_user}",
        "gists_url": "https://api.github.com/users/JLLeitschuh/gists{/gist_id}",
        "starred_url": "https://api.github.com/users/JLLeitschuh/starred{/owner}{/repo}",
        "subscriptions_url": "https://api.github.com/users/JLLeitschuh/subscriptions",
        "organizations_url": "https://api.github.com/users/JLLeitschuh/orgs",
        "repos_url": "https://api.github.com/users/JLLeitschuh/repos",
        "events_url": "https://api.github.com/users/JLLeitschuh/events{/privacy}",
        "received_events_url": "https://api.github.com/users/JLLeitschuh/received_events",
        "type": "User",
        "site_admin": false
    },
    "html_url": "https://github.com/JLLeitschuh/cougar",
    "description": "Cougar is a framework for making building network exposed service interfaces easy.",
    "fork": true,
    "url": "https://api.github.com/repos/JLLeitschuh/cougar",
    "forks_url": "https://api.github.com/repos/JLLeitschuh/cougar/forks",
    "keys_url": "https://api.github.com/repos/JLLeitschuh/cougar/keys{/key_id}",
    "collaborators_url": "https://api.github.com/repos/JLLeitschuh/cougar/collaborators{/collaborator}",
    "teams_url": "https://api.github.com/repos/JLLeitschuh/cougar/teams",
    "hooks_url": "https://api.github.com/repos/JLLeitschuh/cougar/hooks",
    "issue_events_url": "https://api.github.com/repos/JLLeitschuh/cougar/issues/events{/number}",
    "events_url": "https://api.github.com/repos/JLLeitschuh/cougar/events",
    "assignees_url": "https://api.github.com/repos/JLLeitschuh/cougar/assignees{/user}",
    "branches_url": "https://api.github.com/repos/JLLeitschuh/cougar/branches{/branch}",
    "tags_url": "https://api.github.com/repos/JLLeitschuh/cougar/tags",
    "blobs_url": "https://api.github.com/repos/JLLeitschuh/cougar/git/blobs{/sha}",
    "git_tags_url": "https://api.github.com/repos/JLLeitschuh/cougar/git/tags{/sha}",
    "git_refs_url": "https://api.github.com/repos/JLLeitschuh/cougar/git/refs{/sha}",
    "trees_url": "https://api.github.com/repos/JLLeitschuh/cougar/git/trees{/sha}",
    "statuses_url": "https://api.github.com/repos/JLLeitschuh/cougar/statuses/{sha}",
    "languages_url": "https://api.github.com/repos/JLLeitschuh/cougar/languages",
    "stargazers_url": "https://api.github.com/repos/JLLeitschuh/cougar/stargazers",
    "contributors_url": "https://api.github.com/repos/JLLeitschuh/cougar/contributors",
    "subscribers_url": "https://api.github.com/repos/JLLeitschuh/cougar/subscribers",
    "subscription_url": "https://api.github.com/repos/JLLeitschuh/cougar/subscription",
    "commits_url": "https://api.github.com/repos/JLLeitschuh/cougar/commits{/sha}",
    "git_commits_url": "https://api.github.com/repos/JLLeitschuh/cougar/git/commits{/sha}",
    "comments_url": "https://api.github.com/repos/JLLeitschuh/cougar/comments{/number}",
    "issue_comment_url": "https://api.github.com/repos/JLLeitschuh/cougar/issues/comments{/number}",
    "contents_url": "https://api.github.com/repos/JLLeitschuh/cougar/contents/{+path}",
    "compare_url": "https://api.github.com/repos/JLLeitschuh/cougar/compare/{base}...{head}",
    "merges_url": "https://api.github.com/repos/JLLeitschuh/cougar/merges",
    "archive_url": "https://api.github.com/repos/JLLeitschuh/cougar/{archive_format}{/ref}",
    "downloads_url": "https://api.github.com/repos/JLLeitschuh/cougar/downloads",
    "issues_url": "https://api.github.com/repos/JLLeitschuh/cougar/issues{/number}",
    "pulls_url": "https://api.github.com/repos/JLLeitschuh/cougar/pulls{/number}",
    "milestones_url": "https://api.github.com/repos/JLLeitschuh/cougar/milestones{/number}",
    "notifications_url": "https://api.github.com/repos/JLLeitschuh/cougar/notifications{?since,all,participating}",
    "labels_url": "https://api.github.com/repos/JLLeitschuh/cougar/labels{/name}",
    "releases_url": "https://api.github.com/repos/JLLeitschuh/cougar/releases{/id}",
    "deployments_url": "https://api.github.com/repos/JLLeitschuh/cougar/deployments",
    "created_at": "2020-02-11T04:15:32Z",
    "updated_at": "2020-02-11T04:15:35Z",
    "pushed_at": "2020-11-17T17:25:05Z",
    "git_url": "git://github.com/JLLeitschuh/cougar.git",
    "ssh_url": "git@github.com:JLLeitschuh/cougar.git",
    "clone_url": "https://github.com/JLLeitschuh/cougar.git",
    "svn_url": "https://github.com/JLLeitschuh/cougar",
    "homepage": "http://betfair.github.io/cougar",
    "size": 49073,
    "stargazers_count": 0,
    "watchers_count": 0,
    "language": null,
    "has_issues": false,
    "has_projects": true,
    "has_downloads": true,
    "has_wiki": true,
    "has_pages": false,
    "has_discussions": false,
    "forks_count": 0,
    "mirror_url": null,
    "archived": false,
    "disabled": false,
    "open_issues_count": 5,
    "license": {
        "key": "apache-2.0",
        "name": "Apache License 2.0",
        "spdx_id": "Apache-2.0",
        "url": "https://api.github.com/licenses/apache-2.0",
        "node_id": "MDc6TGljZW5zZTI="
    },
    "allow_forking": true,
    "is_template": false,
    "web_commit_signoff_required": false,
    "topics": [],
    "visibility": "public",
    "forks": 0,
    "open_issues": 5,
    "watchers": 0,
    "default_branch": "master",
    "permissions": {
        "admin": false,
        "maintain": false,
        "push": false,
        "triage": false,
        "pull": true
    },
    "temp_clone_token": "",
    "parent": {
        "id": 13865967,
        "node_id": "MDEwOlJlcG9zaXRvcnkxMzg2NTk2Nw==",
        "name": "cougar",
        "full_name": "betfair/cougar",
        "private": false,
        "owner": {
            "login": "betfair",
            "id": 1446226,
            "node_id": "MDEyOk9yZ2FuaXphdGlvbjE0NDYyMjY=",
            "avatar_url": "https://avatars.githubusercontent.com/u/1446226?v=4",
            "gravatar_id": "",
            "url": "https://api.github.com/users/betfair",
            "html_url": "https://github.com/betfair",
            "followers_url": "https://api.github.com/users/betfair/followers",
            "following_url": "https://api.github.com/users/betfair/following{/other_user}",
            "gists_url": "https://api.github.com/users/betfair/gists{/gist_id}",
            "starred_url": "https://api.github.com/users/betfair/starred{/owner}{/repo}",
            "subscriptions_url": "https://api.github.com/users/betfair/subscriptions",
            "organizations_url": "https://api.github.com/users/betfair/orgs",
            "repos_url": "https://api.github.com/users/betfair/repos",
            "events_url": "https://api.github.com/users/betfair/events{/privacy}",
            "received_events_url": "https://api.github.com/users/betfair/received_events",
            "type": "Organization",
            "site_admin": false
        },
        "html_url": "https://github.com/betfair/cougar",
        "description": "Cougar is a framework for making building network exposed service interfaces easy.",
        "fork": false,
        "url": "https://api.github.com/repos/betfair/cougar",
        "forks_url": "https://api.github.com/repos/betfair/cougar/forks",
        "keys_url": "https://api.github.com/repos/betfair/cougar/keys{/key_id}",
        "collaborators_url": "https://api.github.com/repos/betfair/cougar/collaborators{/collaborator}",
        "teams_url": "https://api.github.com/repos/betfair/cougar/teams",
        "hooks_url": "https://api.github.com/repos/betfair/cougar/hooks",
        "issue_events_url": "https://api.github.com/repos/betfair/cougar/issues/events{/number}",
        "events_url": "https://api.github.com/repos/betfair/cougar/events",
        "assignees_url": "https://api.github.com/repos/betfair/cougar/assignees{/user}",
        "branches_url": "https://api.github.com/repos/betfair/cougar/branches{/branch}",
        "tags_url": "https://api.github.com/repos/betfair/cougar/tags",
        "blobs_url": "https://api.github.com/repos/betfair/cougar/git/blobs{/sha}",
        "git_tags_url": "https://api.github.com/repos/betfair/cougar/git/tags{/sha}",
        "git_refs_url": "https://api.github.com/repos/betfair/cougar/git/refs{/sha}",
        "trees_url": "https://api.github.com/repos/betfair/cougar/git/trees{/sha}",
        "statuses_url": "https://api.github.com/repos/betfair/cougar/statuses/{sha}",
        "languages_url": "https://api.github.com/repos/betfair/cougar/languages",
        "stargazers_url": "https://api.github.com/repos/betfair/cougar/stargazers",
        "contributors_url": "https://api.github.com/repos/betfair/cougar/contributors",
        "subscribers_url": "https://api.github.com/repos/betfair/cougar/subscribers",
        "subscription_url": "https://api.github.com/repos/betfair/cougar/subscription",
        "commits_url": "https://api.github.com/repos/betfair/cougar/commits{/sha}",
        "git_commits_url": "https://api.github.com/repos/betfair/cougar/git/commits{/sha}",
        "comments_url": "https://api.github.com/repos/betfair/cougar/comments{/number}",
        "issue_comment_url": "https://api.github.com/repos/betfair/cougar/issues/comments{/number}",
        "contents_url": "https://api.github.com/repos/betfair/cougar/contents/{+path}",
        "compare_url": "https://api.github.com/repos/betfair/cougar/compare/{base}...{head}",
        "merges_url": "https://api.github.com/repos/betfair/cougar/merges",
        "archive_url": "https://api.github.com/repos/betfair/cougar/{archive_format}{/ref}",
        "downloads_url": "https://api.github.com/repos/betfair/cougar/downloads",
        "issues_url": "https://api.github.com/repos/betfair/cougar/issues{/number}",
        "pulls_url": "https://api.github.com/repos/betfair/cougar/pulls{/number}",
        "milestones_url": "https://api.github.com/repos/betfair/cougar/milestones{/number}",
        "notifications_url": "https://api.github.com/repos/betfair/cougar/notifications{?since,all,participating}",
        "labels_url": "https://api.github.com/repos/betfair/cougar/labels{/name}",
        "releases_url": "https://api.github.com/repos/betfair/cougar/releases{/id}",
        "deployments_url": "https://api.github.com/repos/betfair/cougar/deployments",
        "created_at": "2013-10-25T16:30:18Z",
        "updated_at": "2024-03-31T14:14:11Z",
        "pushed_at": "2023-12-17T03:32:17Z",
        "git_url": "git://github.com/betfair/cougar.git",
        "ssh_url": "git@github.com:betfair/cougar.git",
        "clone_url": "https://github.com/betfair/cougar.git",
        "svn_url": "https://github.com/betfair/cougar",
        "homepage": "http://betfair.github.io/cougar",
        "size": 49594,
        "stargazers_count": 27,
        "watchers_count": 27,
        "language": "Java",
        "has_issues": true,
        "has_projects": true,
        "has_downloads": true,
        "has_wiki": true,
        "has_pages": true,
        "has_discussions": false,
        "forks_count": 18,
        "mirror_url": null,
        "archived": false,
        "disabled": false,
        "open_issues_count": 41,
        "license": {
            "key": "apache-2.0",
            "name": "Apache License 2.0",
            "spdx_id": "Apache-2.0",
            "url": "https://api.github.com/licenses/apache-2.0",
            "node_id": "MDc6TGljZW5zZTI="
        },
        "allow_forking": true,
        "is_template": false,
        "web_commit_signoff_required": false,
        "topics": [],
        "visibility": "public",
        "forks": 18,
        "open_issues": 41,
        "watchers": 27,
        "default_branch": "master"
    },
    "source": {
        "id": 13865967,
        "node_id": "MDEwOlJlcG9zaXRvcnkxMzg2NTk2Nw==",
        "name": "cougar",
        "full_name": "betfair/cougar",
        "private": false,
        "owner": {
            "login": "betfair",
            "id": 1446226,
            "node_id": "MDEyOk9yZ2FuaXphdGlvbjE0NDYyMjY=",
            "avatar_url": "https://avatars.githubusercontent.com/u/1446226?v=4",
            "gravatar_id": "",
            "url": "https://api.github.com/users/betfair",
            "html_url": "https://github.com/betfair",
            "followers_url": "https://api.github.com/users/betfair/followers",
            "following_url": "https://api.github.com/users/betfair/following{/other_user}",
            "gists_url": "https://api.github.com/users/betfair/gists{/gist_id}",
            "starred_url": "https://api.github.com/users/betfair/starred{/owner}{/repo}",
            "subscriptions_url": "https://api.github.com/users/betfair/subscriptions",
            "organizations_url": "https://api.github.com/users/betfair/orgs",
            "repos_url": "https://api.github.com/users/betfair/repos",
            "events_url": "https://api.github.com/users/betfair/events{/privacy}",
            "received_events_url": "https://api.github.com/users/betfair/received_events",
            "type": "Organization",
            "site_admin": false
        },
        "html_url": "https://github.com/betfair/cougar",
        "description": "Cougar is a framework for making building network exposed service interfaces easy.",
        "fork": false,
        "url": "https://api.github.com/repos/betfair/cougar",
        "forks_url": "https://api.github.com/repos/betfair/cougar/forks",
        "keys_url": "https://api.github.com/repos/betfair/cougar/keys{/key_id}",
        "collaborators_url": "https://api.github.com/repos/betfair/cougar/collaborators{/collaborator}",
        "teams_url": "https://api.github.com/repos/betfair/cougar/teams",
        "hooks_url": "https://api.github.com/repos/betfair/cougar/hooks",
        "issue_events_url": "https://api.github.com/repos/betfair/cougar/issues/events{/number}",
        "events_url": "https://api.github.com/repos/betfair/cougar/events",
        "assignees_url": "https://api.github.com/repos/betfair/cougar/assignees{/user}",
        "branches_url": "https://api.github.com/repos/betfair/cougar/branches{/branch}",
        "tags_url": "https://api.github.com/repos/betfair/cougar/tags",
        "blobs_url": "https://api.github.com/repos/betfair/cougar/git/blobs{/sha}",
        "git_tags_url": "https://api.github.com/repos/betfair/cougar/git/tags{/sha}",
        "git_refs_url": "https://api.github.com/repos/betfair/cougar/git/refs{/sha}",
        "trees_url": "https://api.github.com/repos/betfair/cougar/git/trees{/sha}",
        "statuses_url": "https://api.github.com/repos/betfair/cougar/statuses/{sha}",
        "languages_url": "https://api.github.com/repos/betfair/cougar/languages",
        "stargazers_url": "https://api.github.com/repos/betfair/cougar/stargazers",
        "contributors_url": "https://api.github.com/repos/betfair/cougar/contributors",
        "subscribers_url": "https://api.github.com/repos/betfair/cougar/subscribers",
        "subscription_url": "https://api.github.com/repos/betfair/cougar/subscription",
        "commits_url": "https://api.github.com/repos/betfair/cougar/commits{/sha}",
        "git_commits_url": "https://api.github.com/repos/betfair/cougar/git/commits{/sha}",
        "comments_url": "https://api.github.com/repos/betfair/cougar/comments{/number}",
        "issue_comment_url": "https://api.github.com/repos/betfair/cougar/issues/comments{/number}",
        "contents_url": "https://api.github.com/repos/betfair/cougar/contents/{+path}",
        "compare_url": "https://api.github.com/repos/betfair/cougar/compare/{base}...{head}",
        "merges_url": "https://api.github.com/repos/betfair/cougar/merges",
        "archive_url": "https://api.github.com/repos/betfair/cougar/{archive_format}{/ref}",
        "downloads_url": "https://api.github.com/repos/betfair/cougar/downloads",
        "issues_url": "https://api.github.com/repos/betfair/cougar/issues{/number}",
        "pulls_url": "https://api.github.com/repos/betfair/cougar/pulls{/number}",
        "milestones_url": "https://api.github.com/repos/betfair/cougar/milestones{/number}",
        "notifications_url": "https://api.github.com/repos/betfair/cougar/notifications{?since,all,participating}",
        "labels_url": "https://api.github.com/repos/betfair/cougar/labels{/name}",
        "releases_url": "https://api.github.com/repos/betfair/cougar/releases{/id}",
        "deployments_url": "https://api.github.com/repos/betfair/cougar/deployments",
        "created_at": "2013-10-25T16:30:18Z",
        "updated_at": "2024-03-31T14:14:11Z",
        "pushed_at": "2023-12-17T03:32:17Z",
        "git_url": "git://github.com/betfair/cougar.git",
        "ssh_url": "git@github.com:betfair/cougar.git",
        "clone_url": "https://github.com/betfair/cougar.git",
        "svn_url": "https://github.com/betfair/cougar",
        "homepage": "http://betfair.github.io/cougar",
        "size": 49594,
        "stargazers_count": 27,
        "watchers_count": 27,
        "language": "Java",
        "has_issues": true,
        "has_projects": true,
        "has_downloads": true,
        "has_wiki": true,
        "has_pages": true,
        "has_discussions": false,
        "forks_count": 18,
        "mirror_url": null,
        "archived": false,
        "disabled": false,
        "open_issues_count": 41,
        "license": {
            "key": "apache-2.0",
            "name": "Apache License 2.0",
            "spdx_id": "Apache-2.0",
            "url": "https://api.github.com/licenses/apache-2.0",
            "node_id": "MDc6TGljZW5zZTI="
        },
        "allow_forking": true,
        "is_template": false,
        "web_commit_signoff_required": false,
        "topics": [],
        "visibility": "public",
        "forks": 18,
        "open_issues": 41,
        "watchers": 27,
        "default_branch": "master"
    },
    "network_count": 18,
    "subscribers_count": 2
}