{
    "id": 239801400,
    "node_id": "MDEwOlJlcG9zaXRvcnkyMzk4MDE0MDA=",
    "name": "nb-nodejs",
    "full_name": "JLLeitschuh/nb-nodejs",
    "private": false,
    "owner": {
        "login": "JLLeitschuh",
        "id": 1323708,
        "node_id": "MDQ6VXNlcjEzMjM3MDg=",
        "avatar_url": "https://avatars.githubusercontent.com/u/1323708?v=4",
        "gravatar_id": "",
        "url": "https://api.github.com/users/JLLeitschuh",
        "html_url": "https://github.com/JLLeitschuh",
        "followers_url": "https://api.github.com/users/JLLeitschuh/followers",
        "following_url": "https://api.github.com/users/JLLeitschuh/following{/other_user}",
        "gists_url": "https://api.github.com/users/JLLeitschuh/gists{/gist_id}",
        "starred_url": "https://api.github.com/users/JLLeitschuh/starred{/owner}{/repo}",
        "subscriptions_url": "https://api.github.com/users/JLLeitschuh/subscriptions",
        "organizations_url": "https://api.github.com/users/JLLeitschuh/orgs",
        "repos_url": "https://api.github.com/users/JLLeitschuh/repos",
        "events_url": "https://api.github.com/users/JLLeitschuh/events{/privacy}",
        "received_events_url": "https://api.github.com/users/JLLeitschuh/received_events",
        "type": "User",
        "site_admin": false
    },
    "html_url": "https://github.com/JLLeitschuh/nb-nodejs",
    "description": "NodeJS support for NetBeans, originally hosted on netbeans.org",
    "fork": true,
    "url": "https://api.github.com/repos/JLLeitschuh/nb-nodejs",
    "forks_url": "https://api.github.com/repos/JLLeitschuh/nb-nodejs/forks",
    "keys_url": "https://api.github.com/repos/JLLeitschuh/nb-nodejs/keys{/key_id}",
    "collaborators_url": "https://api.github.com/repos/JLLeitschuh/nb-nodejs/collaborators{/collaborator}",
    "teams_url": "https://api.github.com/repos/JLLeitschuh/nb-nodejs/teams",
    "hooks_url": "https://api.github.com/repos/JLLeitschuh/nb-nodejs/hooks",
    "issue_events_url": "https://api.github.com/repos/JLLeitschuh/nb-nodejs/issues/events{/number}",
    "events_url": "https://api.github.com/repos/JLLeitschuh/nb-nodejs/events",
    "assignees_url": "https://api.github.com/repos/JLLeitschuh/nb-nodejs/assignees{/user}",
    "branches_url": "https://api.github.com/repos/JLLeitschuh/nb-nodejs/branches{/branch}",
    "tags_url": "https://api.github.com/repos/JLLeitschuh/nb-nodejs/tags",
    "blobs_url": "https://api.github.com/repos/JLLeitschuh/nb-nodejs/git/blobs{/sha}",
    "git_tags_url": "https://api.github.com/repos/JLLeitschuh/nb-nodejs/git/tags{/sha}",
    "git_refs_url": "https://api.github.com/repos/JLLeitschuh/nb-nodejs/git/refs{/sha}",
    "trees_url": "https://api.github.com/repos/JLLeitschuh/nb-nodejs/git/trees{/sha}",
    "statuses_url": "https://api.github.com/repos/JLLeitschuh/nb-nodejs/statuses/{sha}",
    "languages_url": "https://api.github.com/repos/JLLeitschuh/nb-nodejs/languages",
    "stargazers_url": "https://api.github.com/repos/JLLeitschuh/nb-nodejs/stargazers",
    "contributors_url": "https://api.github.com/repos/JLLeitschuh/nb-nodejs/contributors",
    "subscribers_url": "https://api.github.com/repos/JLLeitschuh/nb-nodejs/subscribers",
    "subscription_url": "https://api.github.com/repos/JLLeitschuh/nb-nodejs/subscription",
    "commits_url": "https://api.github.com/repos/JLLeitschuh/nb-nodejs/commits{/sha}",
    "git_commits_url": "https://api.github.com/repos/JLLeitschuh/nb-nodejs/git/commits{/sha}",
    "comments_url": "https://api.github.com/repos/JLLeitschuh/nb-nodejs/comments{/number}",
    "issue_comment_url": "https://api.github.com/repos/JLLeitschuh/nb-nodejs/issues/comments{/number}",
    "contents_url": "https://api.github.com/repos/JLLeitschuh/nb-nodejs/contents/{+path}",
    "compare_url": "https://api.github.com/repos/JLLeitschuh/nb-nodejs/compare/{base}...{head}",
    "merges_url": "https://api.github.com/repos/JLLeitschuh/nb-nodejs/merges",
    "archive_url": "https://api.github.com/repos/JLLeitschuh/nb-nodejs/{archive_format}{/ref}",
    "downloads_url": "https://api.github.com/repos/JLLeitschuh/nb-nodejs/downloads",
    "issues_url": "https://api.github.com/repos/JLLeitschuh/nb-nodejs/issues{/number}",
    "pulls_url": "https://api.github.com/repos/JLLeitschuh/nb-nodejs/pulls{/number}",
    "milestones_url": "https://api.github.com/repos/JLLeitschuh/nb-nodejs/milestones{/number}",
    "notifications_url": "https://api.github.com/repos/JLLeitschuh/nb-nodejs/notifications{?since,all,participating}",
    "labels_url": "https://api.github.com/repos/JLLeitschuh/nb-nodejs/labels{/name}",
    "releases_url": "https://api.github.com/repos/JLLeitschuh/nb-nodejs/releases{/id}",
    "deployments_url": "https://api.github.com/repos/JLLeitschuh/nb-nodejs/deployments",
    "created_at": "2020-02-11T15:51:03Z",
    "updated_at": "2020-02-11T15:51:05Z",
    "pushed_at": "2020-11-17T18:51:55Z",
    "git_url": "git://github.com/JLLeitschuh/nb-nodejs.git",
    "ssh_url": "git@github.com:JLLeitschuh/nb-nodejs.git",
    "clone_url": "https://github.com/JLLeitschuh/nb-nodejs.git",
    "svn_url": "https://github.com/JLLeitschuh/nb-nodejs",
    "homepage": null,
    "size": 664,
    "stargazers_count": 0,
    "watchers_count": 0,
    "language": null,
    "has_issues": false,
    "has_projects": true,
    "has_downloads": true,
    "has_wiki": true,
    "has_pages": false,
    "has_discussions": false,
    "forks_count": 0,
    "mirror_url": null,
    "archived": false,
    "disabled": false,
    "open_issues_count": 2,
    "license": {
        "key": "mit",
        "name": "MIT License",
        "spdx_id": "MIT",
        "url": "https://api.github.com/licenses/mit",
        "node_id": "MDc6TGljZW5zZTEz"
    },
    "allow_forking": true,
    "is_template": false,
    "web_commit_signoff_required": false,
    "topics": [],
    "visibility": "public",
    "forks": 0,
    "open_issues": 2,
    "watchers": 0,
    "default_branch": "master",
    "permissions": {
        "admin": false,
        "maintain": false,
        "push": false,
        "triage": false,
        "pull": true
    },
    "temp_clone_token": "",
    "parent": {
        "id": 6963527,
        "node_id": "MDEwOlJlcG9zaXRvcnk2OTYzNTI3",
        "name": "nb-nodejs",
        "full_name": "timboudreau/nb-nodejs",
        "private": false,
        "owner": {
            "login": "timboudreau",
            "id": 1901175,
            "node_id": "MDQ6VXNlcjE5MDExNzU=",
            "avatar_url": "https://avatars.githubusercontent.com/u/1901175?v=4",
            "gravatar_id": "",
            "url": "https://api.github.com/users/timboudreau",
            "html_url": "https://github.com/timboudreau",
            "followers_url": "https://api.github.com/users/timboudreau/followers",
            "following_url": "https://api.github.com/users/timboudreau/following{/other_user}",
            "gists_url": "https://api.github.com/users/timboudreau/gists{/gist_id}",
            "starred_url": "https://api.github.com/users/timboudreau/starred{/owner}{/repo}",
            "subscriptions_url": "https://api.github.com/users/timboudreau/subscriptions",
            "organizations_url": "https://api.github.com/users/timboudreau/orgs",
            "repos_url": "https://api.github.com/users/timboudreau/repos",
            "events_url": "https://api.github.com/users/timboudreau/events{/privacy}",
            "received_events_url": "https://api.github.com/users/timboudreau/received_events",
            "type": "User",
            "site_admin": false
        },
        "html_url": "https://github.com/timboudreau/nb-nodejs",
        "description": "NodeJS support for NetBeans, originally hosted on netbeans.org",
        "fork": false,
        "url": "https://api.github.com/repos/timboudreau/nb-nodejs",
        "forks_url": "https://api.github.com/repos/timboudreau/nb-nodejs/forks",
        "keys_url": "https://api.github.com/repos/timboudreau/nb-nodejs/keys{/key_id}",
        "collaborators_url": "https://api.github.com/repos/timboudreau/nb-nodejs/collaborators{/collaborator}",
        "teams_url": "https://api.github.com/repos/timboudreau/nb-nodejs/teams",
        "hooks_url": "https://api.github.com/repos/timboudreau/nb-nodejs/hooks",
        "issue_events_url": "https://api.github.com/repos/timboudreau/nb-nodejs/issues/events{/number}",
        "events_url": "https://api.github.com/repos/timboudreau/nb-nodejs/events",
        "assignees_url": "https://api.github.com/repos/timboudreau/nb-nodejs/assignees{/user}",
        "branches_url": "https://api.github.com/repos/timboudreau/nb-nodejs/branches{/branch}",
        "tags_url": "https://api.github.com/repos/timboudreau/nb-nodejs/tags",
        "blobs_url": "https://api.github.com/repos/timboudreau/nb-nodejs/git/blobs{/sha}",
        "git_tags_url": "https://api.github.com/repos/timboudreau/nb-nodejs/git/tags{/sha}",
        "git_refs_url": "https://api.github.com/repos/timboudreau/nb-nodejs/git/refs{/sha}",
        "trees_url": "https://api.github.com/repos/timboudreau/nb-nodejs/git/trees{/sha}",
        "statuses_url": "https://api.github.com/repos/timboudreau/nb-nodejs/statuses/{sha}",
        "languages_url": "https://api.github.com/repos/timboudreau/nb-nodejs/languages",
        "stargazers_url": "https://api.github.com/repos/timboudreau/nb-nodejs/stargazers",
        "contributors_url": "https://api.github.com/repos/timboudreau/nb-nodejs/contributors",
        "subscribers_url": "https://api.github.com/repos/timboudreau/nb-nodejs/subscribers",
        "subscription_url": "https://api.github.com/repos/timboudreau/nb-nodejs/subscription",
        "commits_url": "https://api.github.com/repos/timboudreau/nb-nodejs/commits{/sha}",
        "git_commits_url": "https://api.github.com/repos/timboudreau/nb-nodejs/git/commits{/sha}",
        "comments_url": "https://api.github.com/repos/timboudreau/nb-nodejs/comments{/number}",
        "issue_comment_url": "https://api.github.com/repos/timboudreau/nb-nodejs/issues/comments{/number}",
        "contents_url": "https://api.github.com/repos/timboudreau/nb-nodejs/contents/{+path}",
        "compare_url": "https://api.github.com/repos/timboudreau/nb-nodejs/compare/{base}...{head}",
        "merges_url": "https://api.github.com/repos/timboudreau/nb-nodejs/merges",
        "archive_url": "https://api.github.com/repos/timboudreau/nb-nodejs/{archive_format}{/ref}",
        "downloads_url": "https://api.github.com/repos/timboudreau/nb-nodejs/downloads",
        "issues_url": "https://api.github.com/repos/timboudreau/nb-nodejs/issues{/number}",
        "pulls_url": "https://api.github.com/repos/timboudreau/nb-nodejs/pulls{/number}",
        "milestones_url": "https://api.github.com/repos/timboudreau/nb-nodejs/milestones{/number}",
        "notifications_url": "https://api.github.com/repos/timboudreau/nb-nodejs/notifications{?since,all,participating}",
        "labels_url": "https://api.github.com/repos/timboudreau/nb-nodejs/labels{/name}",
        "releases_url": "https://api.github.com/repos/timboudreau/nb-nodejs/releases{/id}",
        "deployments_url": "https://api.github.com/repos/timboudreau/nb-nodejs/deployments",
        "created_at": "2012-12-02T05:23:29Z",
        "updated_at": "2024-03-31T14:13:14Z",
        "pushed_at": "2023-06-12T03:47:45Z",
        "git_url": "git://github.com/timboudreau/nb-nodejs.git",
        "ssh_url": "git@github.com:timboudreau/nb-nodejs.git",
        "clone_url": "https://github.com/timboudreau/nb-nodejs.git",
        "svn_url": "https://github.com/timboudreau/nb-nodejs",
        "homepage": null,
        "size": 664,
        "stargazers_count": 91,
        "watchers_count": 91,
        "language": "Java",
        "has_issues": true,
        "has_projects": true,
        "has_downloads": true,
        "has_wiki": true,
        "has_pages": false,
        "has_discussions": false,
        "forks_count": 12,
        "mirror_url": null,
        "archived": false,
        "disabled": false,
        "open_issues_count": 16,
        "license": {
            "key": "mit",
            "name": "MIT License",
            "spdx_id": "MIT",
            "url": "https://api.github.com/licenses/mit",
            "node_id": "MDc6TGljZW5zZTEz"
        },
        "allow_forking": true,
        "is_template": false,
        "web_commit_signoff_required": false,
        "topics": [
            "netbeans",
            "nodejs",
            "plugin"
        ],
        "visibility": "public",
        "forks": 12,
        "open_issues": 16,
        "watchers": 91,
        "default_branch": "master"
    },
    "source": {
        "id": 6963527,
        "node_id": "MDEwOlJlcG9zaXRvcnk2OTYzNTI3",
        "name": "nb-nodejs",
        "full_name": "timboudreau/nb-nodejs",
        "private": false,
        "owner": {
            "login": "timboudreau",
            "id": 1901175,
            "node_id": "MDQ6VXNlcjE5MDExNzU=",
            "avatar_url": "https://avatars.githubusercontent.com/u/1901175?v=4",
            "gravatar_id": "",
            "url": "https://api.github.com/users/timboudreau",
            "html_url": "https://github.com/timboudreau",
            "followers_url": "https://api.github.com/users/timboudreau/followers",
            "following_url": "https://api.github.com/users/timboudreau/following{/other_user}",
            "gists_url": "https://api.github.com/users/timboudreau/gists{/gist_id}",
            "starred_url": "https://api.github.com/users/timboudreau/starred{/owner}{/repo}",
            "subscriptions_url": "https://api.github.com/users/timboudreau/subscriptions",
            "organizations_url": "https://api.github.com/users/timboudreau/orgs",
            "repos_url": "https://api.github.com/users/timboudreau/repos",
            "events_url": "https://api.github.com/users/timboudreau/events{/privacy}",
            "received_events_url": "https://api.github.com/users/timboudreau/received_events",
            "type": "User",
            "site_admin": false
        },
        "html_url": "https://github.com/timboudreau/nb-nodejs",
        "description": "NodeJS support for NetBeans, originally hosted on netbeans.org",
        "fork": false,
        "url": "https://api.github.com/repos/timboudreau/nb-nodejs",
        "forks_url": "https://api.github.com/repos/timboudreau/nb-nodejs/forks",
        "keys_url": "https://api.github.com/repos/timboudreau/nb-nodejs/keys{/key_id}",
        "collaborators_url": "https://api.github.com/repos/timboudreau/nb-nodejs/collaborators{/collaborator}",
        "teams_url": "https://api.github.com/repos/timboudreau/nb-nodejs/teams",
        "hooks_url": "https://api.github.com/repos/timboudreau/nb-nodejs/hooks",
        "issue_events_url": "https://api.github.com/repos/timboudreau/nb-nodejs/issues/events{/number}",
        "events_url": "https://api.github.com/repos/timboudreau/nb-nodejs/events",
        "assignees_url": "https://api.github.com/repos/timboudreau/nb-nodejs/assignees{/user}",
        "branches_url": "https://api.github.com/repos/timboudreau/nb-nodejs/branches{/branch}",
        "tags_url": "https://api.github.com/repos/timboudreau/nb-nodejs/tags",
        "blobs_url": "https://api.github.com/repos/timboudreau/nb-nodejs/git/blobs{/sha}",
        "git_tags_url": "https://api.github.com/repos/timboudreau/nb-nodejs/git/tags{/sha}",
        "git_refs_url": "https://api.github.com/repos/timboudreau/nb-nodejs/git/refs{/sha}",
        "trees_url": "https://api.github.com/repos/timboudreau/nb-nodejs/git/trees{/sha}",
        "statuses_url": "https://api.github.com/repos/timboudreau/nb-nodejs/statuses/{sha}",
        "languages_url": "https://api.github.com/repos/timboudreau/nb-nodejs/languages",
        "stargazers_url": "https://api.github.com/repos/timboudreau/nb-nodejs/stargazers",
        "contributors_url": "https://api.github.com/repos/timboudreau/nb-nodejs/contributors",
        "subscribers_url": "https://api.github.com/repos/timboudreau/nb-nodejs/subscribers",
        "subscription_url": "https://api.github.com/repos/timboudreau/nb-nodejs/subscription",
        "commits_url": "https://api.github.com/repos/timboudreau/nb-nodejs/commits{/sha}",
        "git_commits_url": "https://api.github.com/repos/timboudreau/nb-nodejs/git/commits{/sha}",
        "comments_url": "https://api.github.com/repos/timboudreau/nb-nodejs/comments{/number}",
        "issue_comment_url": "https://api.github.com/repos/timboudreau/nb-nodejs/issues/comments{/number}",
        "contents_url": "https://api.github.com/repos/timboudreau/nb-nodejs/contents/{+path}",
        "compare_url": "https://api.github.com/repos/timboudreau/nb-nodejs/compare/{base}...{head}",
        "merges_url": "https://api.github.com/repos/timboudreau/nb-nodejs/merges",
        "archive_url": "https://api.github.com/repos/timboudreau/nb-nodejs/{archive_format}{/ref}",
        "downloads_url": "https://api.github.com/repos/timboudreau/nb-nodejs/downloads",
        "issues_url": "https://api.github.com/repos/timboudreau/nb-nodejs/issues{/number}",
        "pulls_url": "https://api.github.com/repos/timboudreau/nb-nodejs/pulls{/number}",
        "milestones_url": "https://api.github.com/repos/timboudreau/nb-nodejs/milestones{/number}",
        "notifications_url": "https://api.github.com/repos/timboudreau/nb-nodejs/notifications{?since,all,participating}",
        "labels_url": "https://api.github.com/repos/timboudreau/nb-nodejs/labels{/name}",
        "releases_url": "https://api.github.com/repos/timboudreau/nb-nodejs/releases{/id}",
        "deployments_url": "https://api.github.com/repos/timboudreau/nb-nodejs/deployments",
        "created_at": "2012-12-02T05:23:29Z",
        "updated_at": "2024-03-31T14:13:14Z",
        "pushed_at": "2023-06-12T03:47:45Z",
        "git_url": "git://github.com/timboudreau/nb-nodejs.git",
        "ssh_url": "git@github.com:timboudreau/nb-nodejs.git",
        "clone_url": "https://github.com/timboudreau/nb-nodejs.git",
        "svn_url": "https://github.com/timboudreau/nb-nodejs",
        "homepage": null,
        "size": 664,
        "stargazers_count": 91,
        "watchers_count": 91,
        "language": "Java",
        "has_issues": true,
        "has_projects": true,
        "has_downloads": true,
        "has_wiki": true,
        "has_pages": false,
        "has_discussions": false,
        "forks_count": 12,
        "mirror_url": null,
        "archived": false,
        "disabled": false,
        "open_issues_count": 16,
        "license": {
            "key": "mit",
            "name": "MIT License",
            "spdx_id": "MIT",
            "url": "https://api.github.com/licenses/mit",
            "node_id": "MDc6TGljZW5zZTEz"
        },
        "allow_forking": true,
        "is_template": false,
        "web_commit_signoff_required": false,
        "topics": [
            "netbeans",
            "nodejs",
            "plugin"
        ],
        "visibility": "public",
        "forks": 12,
        "open_issues": 16,
        "watchers": 91,
        "default_branch": "master"
    },
    "network_count": 12,
    "subscribers_count": 2
}