{
    "id": 239659811,
    "node_id": "MDEwOlJlcG9zaXRvcnkyMzk2NTk4MTE=",
    "name": "OpenSensorSearch",
    "full_name": "JLLeitschuh/OpenSensorSearch",
    "private": false,
    "owner": {
        "login": "JLLeitschuh",
        "id": 1323708,
        "node_id": "MDQ6VXNlcjEzMjM3MDg=",
        "avatar_url": "https://avatars.githubusercontent.com/u/1323708?v=4",
        "gravatar_id": "",
        "url": "https://api.github.com/users/JLLeitschuh",
        "html_url": "https://github.com/JLLeitschuh",
        "followers_url": "https://api.github.com/users/JLLeitschuh/followers",
        "following_url": "https://api.github.com/users/JLLeitschuh/following{/other_user}",
        "gists_url": "https://api.github.com/users/JLLeitschuh/gists{/gist_id}",
        "starred_url": "https://api.github.com/users/JLLeitschuh/starred{/owner}{/repo}",
        "subscriptions_url": "https://api.github.com/users/JLLeitschuh/subscriptions",
        "organizations_url": "https://api.github.com/users/JLLeitschuh/orgs",
        "repos_url": "https://api.github.com/users/JLLeitschuh/repos",
        "events_url": "https://api.github.com/users/JLLeitschuh/events{/privacy}",
        "received_events_url": "https://api.github.com/users/JLLeitschuh/received_events",
        "type": "User",
        "site_admin": false
    },
    "html_url": "https://github.com/JLLeitschuh/OpenSensorSearch",
    "description": "Open Sensor Search is a platform for sensor discovery across all sensor web supporting major specifications (OGC SWE) and popular IoT websites (Xively, Thingspeak, ...).",
    "fork": true,
    "url": "https://api.github.com/repos/JLLeitschuh/OpenSensorSearch",
    "forks_url": "https://api.github.com/repos/JLLeitschuh/OpenSensorSearch/forks",
    "keys_url": "https://api.github.com/repos/JLLeitschuh/OpenSensorSearch/keys{/key_id}",
    "collaborators_url": "https://api.github.com/repos/JLLeitschuh/OpenSensorSearch/collaborators{/collaborator}",
    "teams_url": "https://api.github.com/repos/JLLeitschuh/OpenSensorSearch/teams",
    "hooks_url": "https://api.github.com/repos/JLLeitschuh/OpenSensorSearch/hooks",
    "issue_events_url": "https://api.github.com/repos/JLLeitschuh/OpenSensorSearch/issues/events{/number}",
    "events_url": "https://api.github.com/repos/JLLeitschuh/OpenSensorSearch/events",
    "assignees_url": "https://api.github.com/repos/JLLeitschuh/OpenSensorSearch/assignees{/user}",
    "branches_url": "https://api.github.com/repos/JLLeitschuh/OpenSensorSearch/branches{/branch}",
    "tags_url": "https://api.github.com/repos/JLLeitschuh/OpenSensorSearch/tags",
    "blobs_url": "https://api.github.com/repos/JLLeitschuh/OpenSensorSearch/git/blobs{/sha}",
    "git_tags_url": "https://api.github.com/repos/JLLeitschuh/OpenSensorSearch/git/tags{/sha}",
    "git_refs_url": "https://api.github.com/repos/JLLeitschuh/OpenSensorSearch/git/refs{/sha}",
    "trees_url": "https://api.github.com/repos/JLLeitschuh/OpenSensorSearch/git/trees{/sha}",
    "statuses_url": "https://api.github.com/repos/JLLeitschuh/OpenSensorSearch/statuses/{sha}",
    "languages_url": "https://api.github.com/repos/JLLeitschuh/OpenSensorSearch/languages",
    "stargazers_url": "https://api.github.com/repos/JLLeitschuh/OpenSensorSearch/stargazers",
    "contributors_url": "https://api.github.com/repos/JLLeitschuh/OpenSensorSearch/contributors",
    "subscribers_url": "https://api.github.com/repos/JLLeitschuh/OpenSensorSearch/subscribers",
    "subscription_url": "https://api.github.com/repos/JLLeitschuh/OpenSensorSearch/subscription",
    "commits_url": "https://api.github.com/repos/JLLeitschuh/OpenSensorSearch/commits{/sha}",
    "git_commits_url": "https://api.github.com/repos/JLLeitschuh/OpenSensorSearch/git/commits{/sha}",
    "comments_url": "https://api.github.com/repos/JLLeitschuh/OpenSensorSearch/comments{/number}",
    "issue_comment_url": "https://api.github.com/repos/JLLeitschuh/OpenSensorSearch/issues/comments{/number}",
    "contents_url": "https://api.github.com/repos/JLLeitschuh/OpenSensorSearch/contents/{+path}",
    "compare_url": "https://api.github.com/repos/JLLeitschuh/OpenSensorSearch/compare/{base}...{head}",
    "merges_url": "https://api.github.com/repos/JLLeitschuh/OpenSensorSearch/merges",
    "archive_url": "https://api.github.com/repos/JLLeitschuh/OpenSensorSearch/{archive_format}{/ref}",
    "downloads_url": "https://api.github.com/repos/JLLeitschuh/OpenSensorSearch/downloads",
    "issues_url": "https://api.github.com/repos/JLLeitschuh/OpenSensorSearch/issues{/number}",
    "pulls_url": "https://api.github.com/repos/JLLeitschuh/OpenSensorSearch/pulls{/number}",
    "milestones_url": "https://api.github.com/repos/JLLeitschuh/OpenSensorSearch/milestones{/number}",
    "notifications_url": "https://api.github.com/repos/JLLeitschuh/OpenSensorSearch/notifications{?since,all,participating}",
    "labels_url": "https://api.github.com/repos/JLLeitschuh/OpenSensorSearch/labels{/name}",
    "releases_url": "https://api.github.com/repos/JLLeitschuh/OpenSensorSearch/releases{/id}",
    "deployments_url": "https://api.github.com/repos/JLLeitschuh/OpenSensorSearch/deployments",
    "created_at": "2020-02-11T02:35:11Z",
    "updated_at": "2020-02-11T02:35:13Z",
    "pushed_at": "2020-11-17T05:51:15Z",
    "git_url": "git://github.com/JLLeitschuh/OpenSensorSearch.git",
    "ssh_url": "git@github.com:JLLeitschuh/OpenSensorSearch.git",
    "clone_url": "https://github.com/JLLeitschuh/OpenSensorSearch.git",
    "svn_url": "https://github.com/JLLeitschuh/OpenSensorSearch",
    "homepage": null,
    "size": 15648,
    "stargazers_count": 0,
    "watchers_count": 0,
    "language": null,
    "has_issues": false,
    "has_projects": true,
    "has_downloads": true,
    "has_wiki": false,
    "has_pages": false,
    "has_discussions": false,
    "forks_count": 0,
    "mirror_url": null,
    "archived": false,
    "disabled": false,
    "open_issues_count": 1,
    "license": {
        "key": "apache-2.0",
        "name": "Apache License 2.0",
        "spdx_id": "Apache-2.0",
        "url": "https://api.github.com/licenses/apache-2.0",
        "node_id": "MDc6TGljZW5zZTI="
    },
    "allow_forking": true,
    "is_template": false,
    "web_commit_signoff_required": false,
    "topics": [],
    "visibility": "public",
    "forks": 0,
    "open_issues": 1,
    "watchers": 0,
    "default_branch": "master",
    "permissions": {
        "admin": false,
        "maintain": false,
        "push": false,
        "triage": false,
        "pull": true
    },
    "temp_clone_token": "",
    "parent": {
        "id": 10719877,
        "node_id": "MDEwOlJlcG9zaXRvcnkxMDcxOTg3Nw==",
        "name": "OpenSensorSearch",
        "full_name": "52North/OpenSensorSearch",
        "private": false,
        "owner": {
            "login": "52North",
            "id": 3714494,
            "node_id": "MDEyOk9yZ2FuaXphdGlvbjM3MTQ0OTQ=",
            "avatar_url": "https://avatars.githubusercontent.com/u/3714494?v=4",
            "gravatar_id": "",
            "url": "https://api.github.com/users/52North",
            "html_url": "https://github.com/52North",
            "followers_url": "https://api.github.com/users/52North/followers",
            "following_url": "https://api.github.com/users/52North/following{/other_user}",
            "gists_url": "https://api.github.com/users/52North/gists{/gist_id}",
            "starred_url": "https://api.github.com/users/52North/starred{/owner}{/repo}",
            "subscriptions_url": "https://api.github.com/users/52North/subscriptions",
            "organizations_url": "https://api.github.com/users/52North/orgs",
            "repos_url": "https://api.github.com/users/52North/repos",
            "events_url": "https://api.github.com/users/52North/events{/privacy}",
            "received_events_url": "https://api.github.com/users/52North/received_events",
            "type": "Organization",
            "site_admin": false
        },
        "html_url": "https://github.com/52North/OpenSensorSearch",
        "description": "Open Sensor Search is a platform for sensor discovery across all sensor web supporting major specifications (OGC SWE) and popular IoT websites (Xively, Thingspeak, ...).",
        "fork": false,
        "url": "https://api.github.com/repos/52North/OpenSensorSearch",
        "forks_url": "https://api.github.com/repos/52North/OpenSensorSearch/forks",
        "keys_url": "https://api.github.com/repos/52North/OpenSensorSearch/keys{/key_id}",
        "collaborators_url": "https://api.github.com/repos/52North/OpenSensorSearch/collaborators{/collaborator}",
        "teams_url": "https://api.github.com/repos/52North/OpenSensorSearch/teams",
        "hooks_url": "https://api.github.com/repos/52North/OpenSensorSearch/hooks",
        "issue_events_url": "https://api.github.com/repos/52North/OpenSensorSearch/issues/events{/number}",
        "events_url": "https://api.github.com/repos/52North/OpenSensorSearch/events",
        "assignees_url": "https://api.github.com/repos/52North/OpenSensorSearch/assignees{/user}",
        "branches_url": "https://api.github.com/repos/52North/OpenSensorSearch/branches{/branch}",
        "tags_url": "https://api.github.com/repos/52North/OpenSensorSearch/tags",
        "blobs_url": "https://api.github.com/repos/52North/OpenSensorSearch/git/blobs{/sha}",
        "git_tags_url": "https://api.github.com/repos/52North/OpenSensorSearch/git/tags{/sha}",
        "git_refs_url": "https://api.github.com/repos/52North/OpenSensorSearch/git/refs{/sha}",
        "trees_url": "https://api.github.com/repos/52North/OpenSensorSearch/git/trees{/sha}",
        "statuses_url": "https://api.github.com/repos/52North/OpenSensorSearch/statuses/{sha}",
        "languages_url": "https://api.github.com/repos/52North/OpenSensorSearch/languages",
        "stargazers_url": "https://api.github.com/repos/52North/OpenSensorSearch/stargazers",
        "contributors_url": "https://api.github.com/repos/52North/OpenSensorSearch/contributors",
        "subscribers_url": "https://api.github.com/repos/52North/OpenSensorSearch/subscribers",
        "subscription_url": "https://api.github.com/repos/52North/OpenSensorSearch/subscription",
        "commits_url": "https://api.github.com/repos/52North/OpenSensorSearch/commits{/sha}",
        "git_commits_url": "https://api.github.com/repos/52North/OpenSensorSearch/git/commits{/sha}",
        "comments_url": "https://api.github.com/repos/52North/OpenSensorSearch/comments{/number}",
        "issue_comment_url": "https://api.github.com/repos/52North/OpenSensorSearch/issues/comments{/number}",
        "contents_url": "https://api.github.com/repos/52North/OpenSensorSearch/contents/{+path}",
        "compare_url": "https://api.github.com/repos/52North/OpenSensorSearch/compare/{base}...{head}",
        "merges_url": "https://api.github.com/repos/52North/OpenSensorSearch/merges",
        "archive_url": "https://api.github.com/repos/52North/OpenSensorSearch/{archive_format}{/ref}",
        "downloads_url": "https://api.github.com/repos/52North/OpenSensorSearch/downloads",
        "issues_url": "https://api.github.com/repos/52North/OpenSensorSearch/issues{/number}",
        "pulls_url": "https://api.github.com/repos/52North/OpenSensorSearch/pulls{/number}",
        "milestones_url": "https://api.github.com/repos/52North/OpenSensorSearch/milestones{/number}",
        "notifications_url": "https://api.github.com/repos/52North/OpenSensorSearch/notifications{?since,all,participating}",
        "labels_url": "https://api.github.com/repos/52North/OpenSensorSearch/labels{/name}",
        "releases_url": "https://api.github.com/repos/52North/OpenSensorSearch/releases{/id}",
        "deployments_url": "https://api.github.com/repos/52North/OpenSensorSearch/deployments",
        "created_at": "2013-06-16T12:36:07Z",
        "updated_at": "2020-08-10T15:39:33Z",
        "pushed_at": "2023-12-16T06:20:12Z",
        "git_url": "git://github.com/52North/OpenSensorSearch.git",
        "ssh_url": "git@github.com:52North/OpenSensorSearch.git",
        "clone_url": "https://github.com/52North/OpenSensorSearch.git",
        "svn_url": "https://github.com/52North/OpenSensorSearch",
        "homepage": null,
        "size": 15645,
        "stargazers_count": 13,
        "watchers_count": 13,
        "language": "JavaScript",
        "has_issues": true,
        "has_projects": true,
        "has_downloads": true,
        "has_wiki": false,
        "has_pages": false,
        "has_discussions": false,
        "forks_count": 12,
        "mirror_url": null,
        "archived": false,
        "disabled": false,
        "open_issues_count": 44,
        "license": {
            "key": "apache-2.0",
            "name": "Apache License 2.0",
            "spdx_id": "Apache-2.0",
            "url": "https://api.github.com/licenses/apache-2.0",
            "node_id": "MDc6TGljZW5zZTI="
        },
        "allow_forking": true,
        "is_template": false,
        "web_commit_signoff_required": false,
        "topics": [],
        "visibility": "public",
        "forks": 12,
        "open_issues": 44,
        "watchers": 13,
        "default_branch": "master"
    },
    "source": {
        "id": 10719877,
        "node_id": "MDEwOlJlcG9zaXRvcnkxMDcxOTg3Nw==",
        "name": "OpenSensorSearch",
        "full_name": "52North/OpenSensorSearch",
        "private": false,
        "owner": {
            "login": "52North",
            "id": 3714494,
            "node_id": "MDEyOk9yZ2FuaXphdGlvbjM3MTQ0OTQ=",
            "avatar_url": "https://avatars.githubusercontent.com/u/3714494?v=4",
            "gravatar_id": "",
            "url": "https://api.github.com/users/52North",
            "html_url": "https://github.com/52North",
            "followers_url": "https://api.github.com/users/52North/followers",
            "following_url": "https://api.github.com/users/52North/following{/other_user}",
            "gists_url": "https://api.github.com/users/52North/gists{/gist_id}",
            "starred_url": "https://api.github.com/users/52North/starred{/owner}{/repo}",
            "subscriptions_url": "https://api.github.com/users/52North/subscriptions",
            "organizations_url": "https://api.github.com/users/52North/orgs",
            "repos_url": "https://api.github.com/users/52North/repos",
            "events_url": "https://api.github.com/users/52North/events{/privacy}",
            "received_events_url": "https://api.github.com/users/52North/received_events",
            "type": "Organization",
            "site_admin": false
        },
        "html_url": "https://github.com/52North/OpenSensorSearch",
        "description": "Open Sensor Search is a platform for sensor discovery across all sensor web supporting major specifications (OGC SWE) and popular IoT websites (Xively, Thingspeak, ...).",
        "fork": false,
        "url": "https://api.github.com/repos/52North/OpenSensorSearch",
        "forks_url": "https://api.github.com/repos/52North/OpenSensorSearch/forks",
        "keys_url": "https://api.github.com/repos/52North/OpenSensorSearch/keys{/key_id}",
        "collaborators_url": "https://api.github.com/repos/52North/OpenSensorSearch/collaborators{/collaborator}",
        "teams_url": "https://api.github.com/repos/52North/OpenSensorSearch/teams",
        "hooks_url": "https://api.github.com/repos/52North/OpenSensorSearch/hooks",
        "issue_events_url": "https://api.github.com/repos/52North/OpenSensorSearch/issues/events{/number}",
        "events_url": "https://api.github.com/repos/52North/OpenSensorSearch/events",
        "assignees_url": "https://api.github.com/repos/52North/OpenSensorSearch/assignees{/user}",
        "branches_url": "https://api.github.com/repos/52North/OpenSensorSearch/branches{/branch}",
        "tags_url": "https://api.github.com/repos/52North/OpenSensorSearch/tags",
        "blobs_url": "https://api.github.com/repos/52North/OpenSensorSearch/git/blobs{/sha}",
        "git_tags_url": "https://api.github.com/repos/52North/OpenSensorSearch/git/tags{/sha}",
        "git_refs_url": "https://api.github.com/repos/52North/OpenSensorSearch/git/refs{/sha}",
        "trees_url": "https://api.github.com/repos/52North/OpenSensorSearch/git/trees{/sha}",
        "statuses_url": "https://api.github.com/repos/52North/OpenSensorSearch/statuses/{sha}",
        "languages_url": "https://api.github.com/repos/52North/OpenSensorSearch/languages",
        "stargazers_url": "https://api.github.com/repos/52North/OpenSensorSearch/stargazers",
        "contributors_url": "https://api.github.com/repos/52North/OpenSensorSearch/contributors",
        "subscribers_url": "https://api.github.com/repos/52North/OpenSensorSearch/subscribers",
        "subscription_url": "https://api.github.com/repos/52North/OpenSensorSearch/subscription",
        "commits_url": "https://api.github.com/repos/52North/OpenSensorSearch/commits{/sha}",
        "git_commits_url": "https://api.github.com/repos/52North/OpenSensorSearch/git/commits{/sha}",
        "comments_url": "https://api.github.com/repos/52North/OpenSensorSearch/comments{/number}",
        "issue_comment_url": "https://api.github.com/repos/52North/OpenSensorSearch/issues/comments{/number}",
        "contents_url": "https://api.github.com/repos/52North/OpenSensorSearch/contents/{+path}",
        "compare_url": "https://api.github.com/repos/52North/OpenSensorSearch/compare/{base}...{head}",
        "merges_url": "https://api.github.com/repos/52North/OpenSensorSearch/merges",
        "archive_url": "https://api.github.com/repos/52North/OpenSensorSearch/{archive_format}{/ref}",
        "downloads_url": "https://api.github.com/repos/52North/OpenSensorSearch/downloads",
        "issues_url": "https://api.github.com/repos/52North/OpenSensorSearch/issues{/number}",
        "pulls_url": "https://api.github.com/repos/52North/OpenSensorSearch/pulls{/number}",
        "milestones_url": "https://api.github.com/repos/52North/OpenSensorSearch/milestones{/number}",
        "notifications_url": "https://api.github.com/repos/52North/OpenSensorSearch/notifications{?since,all,participating}",
        "labels_url": "https://api.github.com/repos/52North/OpenSensorSearch/labels{/name}",
        "releases_url": "https://api.github.com/repos/52North/OpenSensorSearch/releases{/id}",
        "deployments_url": "https://api.github.com/repos/52North/OpenSensorSearch/deployments",
        "created_at": "2013-06-16T12:36:07Z",
        "updated_at": "2020-08-10T15:39:33Z",
        "pushed_at": "2023-12-16T06:20:12Z",
        "git_url": "git://github.com/52North/OpenSensorSearch.git",
        "ssh_url": "git@github.com:52North/OpenSensorSearch.git",
        "clone_url": "https://github.com/52North/OpenSensorSearch.git",
        "svn_url": "https://github.com/52North/OpenSensorSearch",
        "homepage": null,
        "size": 15645,
        "stargazers_count": 13,
        "watchers_count": 13,
        "language": "JavaScript",
        "has_issues": true,
        "has_projects": true,
        "has_downloads": true,
        "has_wiki": false,
        "has_pages": false,
        "has_discussions": false,
        "forks_count": 12,
        "mirror_url": null,
        "archived": false,
        "disabled": false,
        "open_issues_count": 44,
        "license": {
            "key": "apache-2.0",
            "name": "Apache License 2.0",
            "spdx_id": "Apache-2.0",
            "url": "https://api.github.com/licenses/apache-2.0",
            "node_id": "MDc6TGljZW5zZTI="
        },
        "allow_forking": true,
        "is_template": false,
        "web_commit_signoff_required": false,
        "topics": [],
        "visibility": "public",
        "forks": 12,
        "open_issues": 44,
        "watchers": 13,
        "default_branch": "master"
    },
    "network_count": 12,
    "subscribers_count": 2
}