{
    "id": 239800573,
    "node_id": "MDEwOlJlcG9zaXRvcnkyMzk4MDA1NzM=",
    "name": "UrbanCode__terraform",
    "full_name": "JLLeitschuh/UrbanCode__terraform",
    "private": false,
    "owner": {
        "login": "JLLeitschuh",
        "id": 1323708,
        "node_id": "MDQ6VXNlcjEzMjM3MDg=",
        "avatar_url": "https://avatars.githubusercontent.com/u/1323708?v=4",
        "gravatar_id": "",
        "url": "https://api.github.com/users/JLLeitschuh",
        "html_url": "https://github.com/JLLeitschuh",
        "followers_url": "https://api.github.com/users/JLLeitschuh/followers",
        "following_url": "https://api.github.com/users/JLLeitschuh/following{/other_user}",
        "gists_url": "https://api.github.com/users/JLLeitschuh/gists{/gist_id}",
        "starred_url": "https://api.github.com/users/JLLeitschuh/starred{/owner}{/repo}",
        "subscriptions_url": "https://api.github.com/users/JLLeitschuh/subscriptions",
        "organizations_url": "https://api.github.com/users/JLLeitschuh/orgs",
        "repos_url": "https://api.github.com/users/JLLeitschuh/repos",
        "events_url": "https://api.github.com/users/JLLeitschuh/events{/privacy}",
        "received_events_url": "https://api.github.com/users/JLLeitschuh/received_events",
        "type": "User",
        "site_admin": false
    },
    "html_url": "https://github.com/JLLeitschuh/UrbanCode__terraform",
    "description": "Terraform is a flexible tool that makes it easy to define, create, and manage environments. Terraform integrates with existing cloud providers. Today, Amazon EC2, VMWare vSphere, Windows Azure, and Rackspace Next Gen Cloud Servers are supported. With Terraform it's easy to spin up a collection of virtual machines in their own virtual network. Available under the Apache 2.0 license.",
    "fork": true,
    "url": "https://api.github.com/repos/JLLeitschuh/UrbanCode__terraform",
    "forks_url": "https://api.github.com/repos/JLLeitschuh/UrbanCode__terraform/forks",
    "keys_url": "https://api.github.com/repos/JLLeitschuh/UrbanCode__terraform/keys{/key_id}",
    "collaborators_url": "https://api.github.com/repos/JLLeitschuh/UrbanCode__terraform/collaborators{/collaborator}",
    "teams_url": "https://api.github.com/repos/JLLeitschuh/UrbanCode__terraform/teams",
    "hooks_url": "https://api.github.com/repos/JLLeitschuh/UrbanCode__terraform/hooks",
    "issue_events_url": "https://api.github.com/repos/JLLeitschuh/UrbanCode__terraform/issues/events{/number}",
    "events_url": "https://api.github.com/repos/JLLeitschuh/UrbanCode__terraform/events",
    "assignees_url": "https://api.github.com/repos/JLLeitschuh/UrbanCode__terraform/assignees{/user}",
    "branches_url": "https://api.github.com/repos/JLLeitschuh/UrbanCode__terraform/branches{/branch}",
    "tags_url": "https://api.github.com/repos/JLLeitschuh/UrbanCode__terraform/tags",
    "blobs_url": "https://api.github.com/repos/JLLeitschuh/UrbanCode__terraform/git/blobs{/sha}",
    "git_tags_url": "https://api.github.com/repos/JLLeitschuh/UrbanCode__terraform/git/tags{/sha}",
    "git_refs_url": "https://api.github.com/repos/JLLeitschuh/UrbanCode__terraform/git/refs{/sha}",
    "trees_url": "https://api.github.com/repos/JLLeitschuh/UrbanCode__terraform/git/trees{/sha}",
    "statuses_url": "https://api.github.com/repos/JLLeitschuh/UrbanCode__terraform/statuses/{sha}",
    "languages_url": "https://api.github.com/repos/JLLeitschuh/UrbanCode__terraform/languages",
    "stargazers_url": "https://api.github.com/repos/JLLeitschuh/UrbanCode__terraform/stargazers",
    "contributors_url": "https://api.github.com/repos/JLLeitschuh/UrbanCode__terraform/contributors",
    "subscribers_url": "https://api.github.com/repos/JLLeitschuh/UrbanCode__terraform/subscribers",
    "subscription_url": "https://api.github.com/repos/JLLeitschuh/UrbanCode__terraform/subscription",
    "commits_url": "https://api.github.com/repos/JLLeitschuh/UrbanCode__terraform/commits{/sha}",
    "git_commits_url": "https://api.github.com/repos/JLLeitschuh/UrbanCode__terraform/git/commits{/sha}",
    "comments_url": "https://api.github.com/repos/JLLeitschuh/UrbanCode__terraform/comments{/number}",
    "issue_comment_url": "https://api.github.com/repos/JLLeitschuh/UrbanCode__terraform/issues/comments{/number}",
    "contents_url": "https://api.github.com/repos/JLLeitschuh/UrbanCode__terraform/contents/{+path}",
    "compare_url": "https://api.github.com/repos/JLLeitschuh/UrbanCode__terraform/compare/{base}...{head}",
    "merges_url": "https://api.github.com/repos/JLLeitschuh/UrbanCode__terraform/merges",
    "archive_url": "https://api.github.com/repos/JLLeitschuh/UrbanCode__terraform/{archive_format}{/ref}",
    "downloads_url": "https://api.github.com/repos/JLLeitschuh/UrbanCode__terraform/downloads",
    "issues_url": "https://api.github.com/repos/JLLeitschuh/UrbanCode__terraform/issues{/number}",
    "pulls_url": "https://api.github.com/repos/JLLeitschuh/UrbanCode__terraform/pulls{/number}",
    "milestones_url": "https://api.github.com/repos/JLLeitschuh/UrbanCode__terraform/milestones{/number}",
    "notifications_url": "https://api.github.com/repos/JLLeitschuh/UrbanCode__terraform/notifications{?since,all,participating}",
    "labels_url": "https://api.github.com/repos/JLLeitschuh/UrbanCode__terraform/labels{/name}",
    "releases_url": "https://api.github.com/repos/JLLeitschuh/UrbanCode__terraform/releases{/id}",
    "deployments_url": "https://api.github.com/repos/JLLeitschuh/UrbanCode__terraform/deployments",
    "created_at": "2020-02-11T15:47:49Z",
    "updated_at": "2022-07-01T20:49:46Z",
    "pushed_at": "2022-07-08T18:26:47Z",
    "git_url": "git://github.com/JLLeitschuh/UrbanCode__terraform.git",
    "ssh_url": "git@github.com:JLLeitschuh/UrbanCode__terraform.git",
    "clone_url": "https://github.com/JLLeitschuh/UrbanCode__terraform.git",
    "svn_url": "https://github.com/JLLeitschuh/UrbanCode__terraform",
    "homepage": "",
    "size": 1016,
    "stargazers_count": 0,
    "watchers_count": 0,
    "language": null,
    "has_issues": false,
    "has_projects": true,
    "has_downloads": true,
    "has_wiki": true,
    "has_pages": false,
    "has_discussions": false,
    "forks_count": 0,
    "mirror_url": null,
    "archived": false,
    "disabled": false,
    "open_issues_count": 3,
    "license": {
        "key": "other",
        "name": "Other",
        "spdx_id": "NOASSERTION",
        "url": null,
        "node_id": "MDc6TGljZW5zZTA="
    },
    "allow_forking": true,
    "is_template": false,
    "web_commit_signoff_required": false,
    "topics": [],
    "visibility": "public",
    "forks": 0,
    "open_issues": 3,
    "watchers": 0,
    "default_branch": "master",
    "permissions": {
        "admin": false,
        "maintain": false,
        "push": false,
        "triage": false,
        "pull": true
    },
    "temp_clone_token": "",
    "parent": {
        "id": 4876092,
        "node_id": "MDEwOlJlcG9zaXRvcnk0ODc2MDky",
        "name": "terraform",
        "full_name": "UrbanCode/terraform",
        "private": false,
        "owner": {
            "login": "UrbanCode",
            "id": 18315773,
            "node_id": "MDEyOk9yZ2FuaXphdGlvbjE4MzE1Nzcz",
            "avatar_url": "https://avatars.githubusercontent.com/u/18315773?v=4",
            "gravatar_id": "",
            "url": "https://api.github.com/users/UrbanCode",
            "html_url": "https://github.com/UrbanCode",
            "followers_url": "https://api.github.com/users/UrbanCode/followers",
            "following_url": "https://api.github.com/users/UrbanCode/following{/other_user}",
            "gists_url": "https://api.github.com/users/UrbanCode/gists{/gist_id}",
            "starred_url": "https://api.github.com/users/UrbanCode/starred{/owner}{/repo}",
            "subscriptions_url": "https://api.github.com/users/UrbanCode/subscriptions",
            "organizations_url": "https://api.github.com/users/UrbanCode/orgs",
            "repos_url": "https://api.github.com/users/UrbanCode/repos",
            "events_url": "https://api.github.com/users/UrbanCode/events{/privacy}",
            "received_events_url": "https://api.github.com/users/UrbanCode/received_events",
            "type": "Organization",
            "site_admin": false
        },
        "html_url": "https://github.com/UrbanCode/terraform",
        "description": "Terraform is a flexible tool that makes it easy to define, create, and manage environments. Terraform integrates with existing cloud providers. Today, Amazon EC2, VMWare vSphere, Windows Azure, and Rackspace Next Gen Cloud Servers are supported. With Terraform it's easy to spin up a collection of virtual machines in their own virtual network. Available under the Apache 2.0 license.",
        "fork": false,
        "url": "https://api.github.com/repos/UrbanCode/terraform",
        "forks_url": "https://api.github.com/repos/UrbanCode/terraform/forks",
        "keys_url": "https://api.github.com/repos/UrbanCode/terraform/keys{/key_id}",
        "collaborators_url": "https://api.github.com/repos/UrbanCode/terraform/collaborators{/collaborator}",
        "teams_url": "https://api.github.com/repos/UrbanCode/terraform/teams",
        "hooks_url": "https://api.github.com/repos/UrbanCode/terraform/hooks",
        "issue_events_url": "https://api.github.com/repos/UrbanCode/terraform/issues/events{/number}",
        "events_url": "https://api.github.com/repos/UrbanCode/terraform/events",
        "assignees_url": "https://api.github.com/repos/UrbanCode/terraform/assignees{/user}",
        "branches_url": "https://api.github.com/repos/UrbanCode/terraform/branches{/branch}",
        "tags_url": "https://api.github.com/repos/UrbanCode/terraform/tags",
        "blobs_url": "https://api.github.com/repos/UrbanCode/terraform/git/blobs{/sha}",
        "git_tags_url": "https://api.github.com/repos/UrbanCode/terraform/git/tags{/sha}",
        "git_refs_url": "https://api.github.com/repos/UrbanCode/terraform/git/refs{/sha}",
        "trees_url": "https://api.github.com/repos/UrbanCode/terraform/git/trees{/sha}",
        "statuses_url": "https://api.github.com/repos/UrbanCode/terraform/statuses/{sha}",
        "languages_url": "https://api.github.com/repos/UrbanCode/terraform/languages",
        "stargazers_url": "https://api.github.com/repos/UrbanCode/terraform/stargazers",
        "contributors_url": "https://api.github.com/repos/UrbanCode/terraform/contributors",
        "subscribers_url": "https://api.github.com/repos/UrbanCode/terraform/subscribers",
        "subscription_url": "https://api.github.com/repos/UrbanCode/terraform/subscription",
        "commits_url": "https://api.github.com/repos/UrbanCode/terraform/commits{/sha}",
        "git_commits_url": "https://api.github.com/repos/UrbanCode/terraform/git/commits{/sha}",
        "comments_url": "https://api.github.com/repos/UrbanCode/terraform/comments{/number}",
        "issue_comment_url": "https://api.github.com/repos/UrbanCode/terraform/issues/comments{/number}",
        "contents_url": "https://api.github.com/repos/UrbanCode/terraform/contents/{+path}",
        "compare_url": "https://api.github.com/repos/UrbanCode/terraform/compare/{base}...{head}",
        "merges_url": "https://api.github.com/repos/UrbanCode/terraform/merges",
        "archive_url": "https://api.github.com/repos/UrbanCode/terraform/{archive_format}{/ref}",
        "downloads_url": "https://api.github.com/repos/UrbanCode/terraform/downloads",
        "issues_url": "https://api.github.com/repos/UrbanCode/terraform/issues{/number}",
        "pulls_url": "https://api.github.com/repos/UrbanCode/terraform/pulls{/number}",
        "milestones_url": "https://api.github.com/repos/UrbanCode/terraform/milestones{/number}",
        "notifications_url": "https://api.github.com/repos/UrbanCode/terraform/notifications{?since,all,participating}",
        "labels_url": "https://api.github.com/repos/UrbanCode/terraform/labels{/name}",
        "releases_url": "https://api.github.com/repos/UrbanCode/terraform/releases{/id}",
        "deployments_url": "https://api.github.com/repos/UrbanCode/terraform/deployments",
        "created_at": "2012-07-03T18:55:50Z",
        "updated_at": "2022-07-13T03:36:01Z",
        "pushed_at": "2023-12-16T19:18:25Z",
        "git_url": "git://github.com/UrbanCode/terraform.git",
        "ssh_url": "git@github.com:UrbanCode/terraform.git",
        "clone_url": "https://github.com/UrbanCode/terraform.git",
        "svn_url": "https://github.com/UrbanCode/terraform",
        "homepage": "",
        "size": 1022,
        "stargazers_count": 41,
        "watchers_count": 41,
        "language": "Java",
        "has_issues": true,
        "has_projects": true,
        "has_downloads": true,
        "has_wiki": true,
        "has_pages": false,
        "has_discussions": false,
        "forks_count": 21,
        "mirror_url": null,
        "archived": false,
        "disabled": false,
        "open_issues_count": 10,
        "license": {
            "key": "other",
            "name": "Other",
            "spdx_id": "NOASSERTION",
            "url": null,
            "node_id": "MDc6TGljZW5zZTA="
        },
        "allow_forking": true,
        "is_template": false,
        "web_commit_signoff_required": false,
        "topics": [],
        "visibility": "public",
        "forks": 21,
        "open_issues": 10,
        "watchers": 41,
        "default_branch": "master"
    },
    "source": {
        "id": 4876092,
        "node_id": "MDEwOlJlcG9zaXRvcnk0ODc2MDky",
        "name": "terraform",
        "full_name": "UrbanCode/terraform",
        "private": false,
        "owner": {
            "login": "UrbanCode",
            "id": 18315773,
            "node_id": "MDEyOk9yZ2FuaXphdGlvbjE4MzE1Nzcz",
            "avatar_url": "https://avatars.githubusercontent.com/u/18315773?v=4",
            "gravatar_id": "",
            "url": "https://api.github.com/users/UrbanCode",
            "html_url": "https://github.com/UrbanCode",
            "followers_url": "https://api.github.com/users/UrbanCode/followers",
            "following_url": "https://api.github.com/users/UrbanCode/following{/other_user}",
            "gists_url": "https://api.github.com/users/UrbanCode/gists{/gist_id}",
            "starred_url": "https://api.github.com/users/UrbanCode/starred{/owner}{/repo}",
            "subscriptions_url": "https://api.github.com/users/UrbanCode/subscriptions",
            "organizations_url": "https://api.github.com/users/UrbanCode/orgs",
            "repos_url": "https://api.github.com/users/UrbanCode/repos",
            "events_url": "https://api.github.com/users/UrbanCode/events{/privacy}",
            "received_events_url": "https://api.github.com/users/UrbanCode/received_events",
            "type": "Organization",
            "site_admin": false
        },
        "html_url": "https://github.com/UrbanCode/terraform",
        "description": "Terraform is a flexible tool that makes it easy to define, create, and manage environments. Terraform integrates with existing cloud providers. Today, Amazon EC2, VMWare vSphere, Windows Azure, and Rackspace Next Gen Cloud Servers are supported. With Terraform it's easy to spin up a collection of virtual machines in their own virtual network. Available under the Apache 2.0 license.",
        "fork": false,
        "url": "https://api.github.com/repos/UrbanCode/terraform",
        "forks_url": "https://api.github.com/repos/UrbanCode/terraform/forks",
        "keys_url": "https://api.github.com/repos/UrbanCode/terraform/keys{/key_id}",
        "collaborators_url": "https://api.github.com/repos/UrbanCode/terraform/collaborators{/collaborator}",
        "teams_url": "https://api.github.com/repos/UrbanCode/terraform/teams",
        "hooks_url": "https://api.github.com/repos/UrbanCode/terraform/hooks",
        "issue_events_url": "https://api.github.com/repos/UrbanCode/terraform/issues/events{/number}",
        "events_url": "https://api.github.com/repos/UrbanCode/terraform/events",
        "assignees_url": "https://api.github.com/repos/UrbanCode/terraform/assignees{/user}",
        "branches_url": "https://api.github.com/repos/UrbanCode/terraform/branches{/branch}",
        "tags_url": "https://api.github.com/repos/UrbanCode/terraform/tags",
        "blobs_url": "https://api.github.com/repos/UrbanCode/terraform/git/blobs{/sha}",
        "git_tags_url": "https://api.github.com/repos/UrbanCode/terraform/git/tags{/sha}",
        "git_refs_url": "https://api.github.com/repos/UrbanCode/terraform/git/refs{/sha}",
        "trees_url": "https://api.github.com/repos/UrbanCode/terraform/git/trees{/sha}",
        "statuses_url": "https://api.github.com/repos/UrbanCode/terraform/statuses/{sha}",
        "languages_url": "https://api.github.com/repos/UrbanCode/terraform/languages",
        "stargazers_url": "https://api.github.com/repos/UrbanCode/terraform/stargazers",
        "contributors_url": "https://api.github.com/repos/UrbanCode/terraform/contributors",
        "subscribers_url": "https://api.github.com/repos/UrbanCode/terraform/subscribers",
        "subscription_url": "https://api.github.com/repos/UrbanCode/terraform/subscription",
        "commits_url": "https://api.github.com/repos/UrbanCode/terraform/commits{/sha}",
        "git_commits_url": "https://api.github.com/repos/UrbanCode/terraform/git/commits{/sha}",
        "comments_url": "https://api.github.com/repos/UrbanCode/terraform/comments{/number}",
        "issue_comment_url": "https://api.github.com/repos/UrbanCode/terraform/issues/comments{/number}",
        "contents_url": "https://api.github.com/repos/UrbanCode/terraform/contents/{+path}",
        "compare_url": "https://api.github.com/repos/UrbanCode/terraform/compare/{base}...{head}",
        "merges_url": "https://api.github.com/repos/UrbanCode/terraform/merges",
        "archive_url": "https://api.github.com/repos/UrbanCode/terraform/{archive_format}{/ref}",
        "downloads_url": "https://api.github.com/repos/UrbanCode/terraform/downloads",
        "issues_url": "https://api.github.com/repos/UrbanCode/terraform/issues{/number}",
        "pulls_url": "https://api.github.com/repos/UrbanCode/terraform/pulls{/number}",
        "milestones_url": "https://api.github.com/repos/UrbanCode/terraform/milestones{/number}",
        "notifications_url": "https://api.github.com/repos/UrbanCode/terraform/notifications{?since,all,participating}",
        "labels_url": "https://api.github.com/repos/UrbanCode/terraform/labels{/name}",
        "releases_url": "https://api.github.com/repos/UrbanCode/terraform/releases{/id}",
        "deployments_url": "https://api.github.com/repos/UrbanCode/terraform/deployments",
        "created_at": "2012-07-03T18:55:50Z",
        "updated_at": "2022-07-13T03:36:01Z",
        "pushed_at": "2023-12-16T19:18:25Z",
        "git_url": "git://github.com/UrbanCode/terraform.git",
        "ssh_url": "git@github.com:UrbanCode/terraform.git",
        "clone_url": "https://github.com/UrbanCode/terraform.git",
        "svn_url": "https://github.com/UrbanCode/terraform",
        "homepage": "",
        "size": 1022,
        "stargazers_count": 41,
        "watchers_count": 41,
        "language": "Java",
        "has_issues": true,
        "has_projects": true,
        "has_downloads": true,
        "has_wiki": true,
        "has_pages": false,
        "has_discussions": false,
        "forks_count": 21,
        "mirror_url": null,
        "archived": false,
        "disabled": false,
        "open_issues_count": 10,
        "license": {
            "key": "other",
            "name": "Other",
            "spdx_id": "NOASSERTION",
            "url": null,
            "node_id": "MDc6TGljZW5zZTA="
        },
        "allow_forking": true,
        "is_template": false,
        "web_commit_signoff_required": false,
        "topics": [],
        "visibility": "public",
        "forks": 21,
        "open_issues": 10,
        "watchers": 41,
        "default_branch": "master"
    },
    "network_count": 21,
    "subscribers_count": 2
}