{
    "id": 239791094,
    "node_id": "MDEwOlJlcG9zaXRvcnkyMzk3OTEwOTQ=",
    "name": "trident-ml",
    "full_name": "JLLeitschuh/trident-ml",
    "private": false,
    "owner": {
        "login": "JLLeitschuh",
        "id": 1323708,
        "node_id": "MDQ6VXNlcjEzMjM3MDg=",
        "avatar_url": "https://avatars.githubusercontent.com/u/1323708?v=4",
        "gravatar_id": "",
        "url": "https://api.github.com/users/JLLeitschuh",
        "html_url": "https://github.com/JLLeitschuh",
        "followers_url": "https://api.github.com/users/JLLeitschuh/followers",
        "following_url": "https://api.github.com/users/JLLeitschuh/following{/other_user}",
        "gists_url": "https://api.github.com/users/JLLeitschuh/gists{/gist_id}",
        "starred_url": "https://api.github.com/users/JLLeitschuh/starred{/owner}{/repo}",
        "subscriptions_url": "https://api.github.com/users/JLLeitschuh/subscriptions",
        "organizations_url": "https://api.github.com/users/JLLeitschuh/orgs",
        "repos_url": "https://api.github.com/users/JLLeitschuh/repos",
        "events_url": "https://api.github.com/users/JLLeitschuh/events{/privacy}",
        "received_events_url": "https://api.github.com/users/JLLeitschuh/received_events",
        "type": "User",
        "site_admin": false
    },
    "html_url": "https://github.com/JLLeitschuh/trident-ml",
    "description": "Trident-ML : A realtime online machine learning library",
    "fork": true,
    "url": "https://api.github.com/repos/JLLeitschuh/trident-ml",
    "forks_url": "https://api.github.com/repos/JLLeitschuh/trident-ml/forks",
    "keys_url": "https://api.github.com/repos/JLLeitschuh/trident-ml/keys{/key_id}",
    "collaborators_url": "https://api.github.com/repos/JLLeitschuh/trident-ml/collaborators{/collaborator}",
    "teams_url": "https://api.github.com/repos/JLLeitschuh/trident-ml/teams",
    "hooks_url": "https://api.github.com/repos/JLLeitschuh/trident-ml/hooks",
    "issue_events_url": "https://api.github.com/repos/JLLeitschuh/trident-ml/issues/events{/number}",
    "events_url": "https://api.github.com/repos/JLLeitschuh/trident-ml/events",
    "assignees_url": "https://api.github.com/repos/JLLeitschuh/trident-ml/assignees{/user}",
    "branches_url": "https://api.github.com/repos/JLLeitschuh/trident-ml/branches{/branch}",
    "tags_url": "https://api.github.com/repos/JLLeitschuh/trident-ml/tags",
    "blobs_url": "https://api.github.com/repos/JLLeitschuh/trident-ml/git/blobs{/sha}",
    "git_tags_url": "https://api.github.com/repos/JLLeitschuh/trident-ml/git/tags{/sha}",
    "git_refs_url": "https://api.github.com/repos/JLLeitschuh/trident-ml/git/refs{/sha}",
    "trees_url": "https://api.github.com/repos/JLLeitschuh/trident-ml/git/trees{/sha}",
    "statuses_url": "https://api.github.com/repos/JLLeitschuh/trident-ml/statuses/{sha}",
    "languages_url": "https://api.github.com/repos/JLLeitschuh/trident-ml/languages",
    "stargazers_url": "https://api.github.com/repos/JLLeitschuh/trident-ml/stargazers",
    "contributors_url": "https://api.github.com/repos/JLLeitschuh/trident-ml/contributors",
    "subscribers_url": "https://api.github.com/repos/JLLeitschuh/trident-ml/subscribers",
    "subscription_url": "https://api.github.com/repos/JLLeitschuh/trident-ml/subscription",
    "commits_url": "https://api.github.com/repos/JLLeitschuh/trident-ml/commits{/sha}",
    "git_commits_url": "https://api.github.com/repos/JLLeitschuh/trident-ml/git/commits{/sha}",
    "comments_url": "https://api.github.com/repos/JLLeitschuh/trident-ml/comments{/number}",
    "issue_comment_url": "https://api.github.com/repos/JLLeitschuh/trident-ml/issues/comments{/number}",
    "contents_url": "https://api.github.com/repos/JLLeitschuh/trident-ml/contents/{+path}",
    "compare_url": "https://api.github.com/repos/JLLeitschuh/trident-ml/compare/{base}...{head}",
    "merges_url": "https://api.github.com/repos/JLLeitschuh/trident-ml/merges",
    "archive_url": "https://api.github.com/repos/JLLeitschuh/trident-ml/{archive_format}{/ref}",
    "downloads_url": "https://api.github.com/repos/JLLeitschuh/trident-ml/downloads",
    "issues_url": "https://api.github.com/repos/JLLeitschuh/trident-ml/issues{/number}",
    "pulls_url": "https://api.github.com/repos/JLLeitschuh/trident-ml/pulls{/number}",
    "milestones_url": "https://api.github.com/repos/JLLeitschuh/trident-ml/milestones{/number}",
    "notifications_url": "https://api.github.com/repos/JLLeitschuh/trident-ml/notifications{?since,all,participating}",
    "labels_url": "https://api.github.com/repos/JLLeitschuh/trident-ml/labels{/name}",
    "releases_url": "https://api.github.com/repos/JLLeitschuh/trident-ml/releases{/id}",
    "deployments_url": "https://api.github.com/repos/JLLeitschuh/trident-ml/deployments",
    "created_at": "2020-02-11T15:07:25Z",
    "updated_at": "2020-02-11T15:07:27Z",
    "pushed_at": "2020-11-17T18:58:43Z",
    "git_url": "git://github.com/JLLeitschuh/trident-ml.git",
    "ssh_url": "git@github.com:JLLeitschuh/trident-ml.git",
    "clone_url": "https://github.com/JLLeitschuh/trident-ml.git",
    "svn_url": "https://github.com/JLLeitschuh/trident-ml",
    "homepage": "",
    "size": 13344,
    "stargazers_count": 0,
    "watchers_count": 0,
    "language": null,
    "has_issues": false,
    "has_projects": true,
    "has_downloads": true,
    "has_wiki": true,
    "has_pages": false,
    "has_discussions": false,
    "forks_count": 0,
    "mirror_url": null,
    "archived": false,
    "disabled": false,
    "open_issues_count": 1,
    "license": null,
    "allow_forking": true,
    "is_template": false,
    "web_commit_signoff_required": false,
    "topics": [],
    "visibility": "public",
    "forks": 0,
    "open_issues": 1,
    "watchers": 0,
    "default_branch": "master",
    "permissions": {
        "admin": false,
        "maintain": false,
        "push": false,
        "triage": false,
        "pull": true
    },
    "temp_clone_token": "",
    "parent": {
        "id": 8956674,
        "node_id": "MDEwOlJlcG9zaXRvcnk4OTU2Njc0",
        "name": "trident-ml",
        "full_name": "pmerienne/trident-ml",
        "private": false,
        "owner": {
            "login": "pmerienne",
            "id": 739495,
            "node_id": "MDQ6VXNlcjczOTQ5NQ==",
            "avatar_url": "https://avatars.githubusercontent.com/u/739495?v=4",
            "gravatar_id": "",
            "url": "https://api.github.com/users/pmerienne",
            "html_url": "https://github.com/pmerienne",
            "followers_url": "https://api.github.com/users/pmerienne/followers",
            "following_url": "https://api.github.com/users/pmerienne/following{/other_user}",
            "gists_url": "https://api.github.com/users/pmerienne/gists{/gist_id}",
            "starred_url": "https://api.github.com/users/pmerienne/starred{/owner}{/repo}",
            "subscriptions_url": "https://api.github.com/users/pmerienne/subscriptions",
            "organizations_url": "https://api.github.com/users/pmerienne/orgs",
            "repos_url": "https://api.github.com/users/pmerienne/repos",
            "events_url": "https://api.github.com/users/pmerienne/events{/privacy}",
            "received_events_url": "https://api.github.com/users/pmerienne/received_events",
            "type": "User",
            "site_admin": false
        },
        "html_url": "https://github.com/pmerienne/trident-ml",
        "description": "Trident-ML : A realtime online machine learning library",
        "fork": false,
        "url": "https://api.github.com/repos/pmerienne/trident-ml",
        "forks_url": "https://api.github.com/repos/pmerienne/trident-ml/forks",
        "keys_url": "https://api.github.com/repos/pmerienne/trident-ml/keys{/key_id}",
        "collaborators_url": "https://api.github.com/repos/pmerienne/trident-ml/collaborators{/collaborator}",
        "teams_url": "https://api.github.com/repos/pmerienne/trident-ml/teams",
        "hooks_url": "https://api.github.com/repos/pmerienne/trident-ml/hooks",
        "issue_events_url": "https://api.github.com/repos/pmerienne/trident-ml/issues/events{/number}",
        "events_url": "https://api.github.com/repos/pmerienne/trident-ml/events",
        "assignees_url": "https://api.github.com/repos/pmerienne/trident-ml/assignees{/user}",
        "branches_url": "https://api.github.com/repos/pmerienne/trident-ml/branches{/branch}",
        "tags_url": "https://api.github.com/repos/pmerienne/trident-ml/tags",
        "blobs_url": "https://api.github.com/repos/pmerienne/trident-ml/git/blobs{/sha}",
        "git_tags_url": "https://api.github.com/repos/pmerienne/trident-ml/git/tags{/sha}",
        "git_refs_url": "https://api.github.com/repos/pmerienne/trident-ml/git/refs{/sha}",
        "trees_url": "https://api.github.com/repos/pmerienne/trident-ml/git/trees{/sha}",
        "statuses_url": "https://api.github.com/repos/pmerienne/trident-ml/statuses/{sha}",
        "languages_url": "https://api.github.com/repos/pmerienne/trident-ml/languages",
        "stargazers_url": "https://api.github.com/repos/pmerienne/trident-ml/stargazers",
        "contributors_url": "https://api.github.com/repos/pmerienne/trident-ml/contributors",
        "subscribers_url": "https://api.github.com/repos/pmerienne/trident-ml/subscribers",
        "subscription_url": "https://api.github.com/repos/pmerienne/trident-ml/subscription",
        "commits_url": "https://api.github.com/repos/pmerienne/trident-ml/commits{/sha}",
        "git_commits_url": "https://api.github.com/repos/pmerienne/trident-ml/git/commits{/sha}",
        "comments_url": "https://api.github.com/repos/pmerienne/trident-ml/comments{/number}",
        "issue_comment_url": "https://api.github.com/repos/pmerienne/trident-ml/issues/comments{/number}",
        "contents_url": "https://api.github.com/repos/pmerienne/trident-ml/contents/{+path}",
        "compare_url": "https://api.github.com/repos/pmerienne/trident-ml/compare/{base}...{head}",
        "merges_url": "https://api.github.com/repos/pmerienne/trident-ml/merges",
        "archive_url": "https://api.github.com/repos/pmerienne/trident-ml/{archive_format}{/ref}",
        "downloads_url": "https://api.github.com/repos/pmerienne/trident-ml/downloads",
        "issues_url": "https://api.github.com/repos/pmerienne/trident-ml/issues{/number}",
        "pulls_url": "https://api.github.com/repos/pmerienne/trident-ml/pulls{/number}",
        "milestones_url": "https://api.github.com/repos/pmerienne/trident-ml/milestones{/number}",
        "notifications_url": "https://api.github.com/repos/pmerienne/trident-ml/notifications{?since,all,participating}",
        "labels_url": "https://api.github.com/repos/pmerienne/trident-ml/labels{/name}",
        "releases_url": "https://api.github.com/repos/pmerienne/trident-ml/releases{/id}",
        "deployments_url": "https://api.github.com/repos/pmerienne/trident-ml/deployments",
        "created_at": "2013-03-22T17:01:40Z",
        "updated_at": "2024-03-31T14:13:33Z",
        "pushed_at": "2023-12-16T17:19:15Z",
        "git_url": "git://github.com/pmerienne/trident-ml.git",
        "ssh_url": "git@github.com:pmerienne/trident-ml.git",
        "clone_url": "https://github.com/pmerienne/trident-ml.git",
        "svn_url": "https://github.com/pmerienne/trident-ml",
        "homepage": "",
        "size": 13815,
        "stargazers_count": 381,
        "watchers_count": 381,
        "language": "Java",
        "has_issues": true,
        "has_projects": true,
        "has_downloads": true,
        "has_wiki": true,
        "has_pages": false,
        "has_discussions": false,
        "forks_count": 87,
        "mirror_url": null,
        "archived": false,
        "disabled": false,
        "open_issues_count": 3,
        "license": null,
        "allow_forking": true,
        "is_template": false,
        "web_commit_signoff_required": false,
        "topics": [],
        "visibility": "public",
        "forks": 87,
        "open_issues": 3,
        "watchers": 381,
        "default_branch": "master"
    },
    "source": {
        "id": 8956674,
        "node_id": "MDEwOlJlcG9zaXRvcnk4OTU2Njc0",
        "name": "trident-ml",
        "full_name": "pmerienne/trident-ml",
        "private": false,
        "owner": {
            "login": "pmerienne",
            "id": 739495,
            "node_id": "MDQ6VXNlcjczOTQ5NQ==",
            "avatar_url": "https://avatars.githubusercontent.com/u/739495?v=4",
            "gravatar_id": "",
            "url": "https://api.github.com/users/pmerienne",
            "html_url": "https://github.com/pmerienne",
            "followers_url": "https://api.github.com/users/pmerienne/followers",
            "following_url": "https://api.github.com/users/pmerienne/following{/other_user}",
            "gists_url": "https://api.github.com/users/pmerienne/gists{/gist_id}",
            "starred_url": "https://api.github.com/users/pmerienne/starred{/owner}{/repo}",
            "subscriptions_url": "https://api.github.com/users/pmerienne/subscriptions",
            "organizations_url": "https://api.github.com/users/pmerienne/orgs",
            "repos_url": "https://api.github.com/users/pmerienne/repos",
            "events_url": "https://api.github.com/users/pmerienne/events{/privacy}",
            "received_events_url": "https://api.github.com/users/pmerienne/received_events",
            "type": "User",
            "site_admin": false
        },
        "html_url": "https://github.com/pmerienne/trident-ml",
        "description": "Trident-ML : A realtime online machine learning library",
        "fork": false,
        "url": "https://api.github.com/repos/pmerienne/trident-ml",
        "forks_url": "https://api.github.com/repos/pmerienne/trident-ml/forks",
        "keys_url": "https://api.github.com/repos/pmerienne/trident-ml/keys{/key_id}",
        "collaborators_url": "https://api.github.com/repos/pmerienne/trident-ml/collaborators{/collaborator}",
        "teams_url": "https://api.github.com/repos/pmerienne/trident-ml/teams",
        "hooks_url": "https://api.github.com/repos/pmerienne/trident-ml/hooks",
        "issue_events_url": "https://api.github.com/repos/pmerienne/trident-ml/issues/events{/number}",
        "events_url": "https://api.github.com/repos/pmerienne/trident-ml/events",
        "assignees_url": "https://api.github.com/repos/pmerienne/trident-ml/assignees{/user}",
        "branches_url": "https://api.github.com/repos/pmerienne/trident-ml/branches{/branch}",
        "tags_url": "https://api.github.com/repos/pmerienne/trident-ml/tags",
        "blobs_url": "https://api.github.com/repos/pmerienne/trident-ml/git/blobs{/sha}",
        "git_tags_url": "https://api.github.com/repos/pmerienne/trident-ml/git/tags{/sha}",
        "git_refs_url": "https://api.github.com/repos/pmerienne/trident-ml/git/refs{/sha}",
        "trees_url": "https://api.github.com/repos/pmerienne/trident-ml/git/trees{/sha}",
        "statuses_url": "https://api.github.com/repos/pmerienne/trident-ml/statuses/{sha}",
        "languages_url": "https://api.github.com/repos/pmerienne/trident-ml/languages",
        "stargazers_url": "https://api.github.com/repos/pmerienne/trident-ml/stargazers",
        "contributors_url": "https://api.github.com/repos/pmerienne/trident-ml/contributors",
        "subscribers_url": "https://api.github.com/repos/pmerienne/trident-ml/subscribers",
        "subscription_url": "https://api.github.com/repos/pmerienne/trident-ml/subscription",
        "commits_url": "https://api.github.com/repos/pmerienne/trident-ml/commits{/sha}",
        "git_commits_url": "https://api.github.com/repos/pmerienne/trident-ml/git/commits{/sha}",
        "comments_url": "https://api.github.com/repos/pmerienne/trident-ml/comments{/number}",
        "issue_comment_url": "https://api.github.com/repos/pmerienne/trident-ml/issues/comments{/number}",
        "contents_url": "https://api.github.com/repos/pmerienne/trident-ml/contents/{+path}",
        "compare_url": "https://api.github.com/repos/pmerienne/trident-ml/compare/{base}...{head}",
        "merges_url": "https://api.github.com/repos/pmerienne/trident-ml/merges",
        "archive_url": "https://api.github.com/repos/pmerienne/trident-ml/{archive_format}{/ref}",
        "downloads_url": "https://api.github.com/repos/pmerienne/trident-ml/downloads",
        "issues_url": "https://api.github.com/repos/pmerienne/trident-ml/issues{/number}",
        "pulls_url": "https://api.github.com/repos/pmerienne/trident-ml/pulls{/number}",
        "milestones_url": "https://api.github.com/repos/pmerienne/trident-ml/milestones{/number}",
        "notifications_url": "https://api.github.com/repos/pmerienne/trident-ml/notifications{?since,all,participating}",
        "labels_url": "https://api.github.com/repos/pmerienne/trident-ml/labels{/name}",
        "releases_url": "https://api.github.com/repos/pmerienne/trident-ml/releases{/id}",
        "deployments_url": "https://api.github.com/repos/pmerienne/trident-ml/deployments",
        "created_at": "2013-03-22T17:01:40Z",
        "updated_at": "2024-03-31T14:13:33Z",
        "pushed_at": "2023-12-16T17:19:15Z",
        "git_url": "git://github.com/pmerienne/trident-ml.git",
        "ssh_url": "git@github.com:pmerienne/trident-ml.git",
        "clone_url": "https://github.com/pmerienne/trident-ml.git",
        "svn_url": "https://github.com/pmerienne/trident-ml",
        "homepage": "",
        "size": 13815,
        "stargazers_count": 381,
        "watchers_count": 381,
        "language": "Java",
        "has_issues": true,
        "has_projects": true,
        "has_downloads": true,
        "has_wiki": true,
        "has_pages": false,
        "has_discussions": false,
        "forks_count": 87,
        "mirror_url": null,
        "archived": false,
        "disabled": false,
        "open_issues_count": 3,
        "license": null,
        "allow_forking": true,
        "is_template": false,
        "web_commit_signoff_required": false,
        "topics": [],
        "visibility": "public",
        "forks": 87,
        "open_issues": 3,
        "watchers": 381,
        "default_branch": "master"
    },
    "network_count": 87,
    "subscribers_count": 2
}