{
    "id": 96887946,
    "node_id": "MDEwOlJlcG9zaXRvcnk5Njg4Nzk0Ng==",
    "name": "dotwebstack-framework",
    "full_name": "dotwebstack/dotwebstack-framework",
    "private": false,
    "owner": {
        "login": "dotwebstack",
        "id": 29657251,
        "node_id": "MDEyOk9yZ2FuaXphdGlvbjI5NjU3MjUx",
        "avatar_url": "https://avatars.githubusercontent.com/u/29657251?v=4",
        "gravatar_id": "",
        "url": "https://api.github.com/users/dotwebstack",
        "html_url": "https://github.com/dotwebstack",
        "followers_url": "https://api.github.com/users/dotwebstack/followers",
        "following_url": "https://api.github.com/users/dotwebstack/following{/other_user}",
        "gists_url": "https://api.github.com/users/dotwebstack/gists{/gist_id}",
        "starred_url": "https://api.github.com/users/dotwebstack/starred{/owner}{/repo}",
        "subscriptions_url": "https://api.github.com/users/dotwebstack/subscriptions",
        "organizations_url": "https://api.github.com/users/dotwebstack/orgs",
        "repos_url": "https://api.github.com/users/dotwebstack/repos",
        "events_url": "https://api.github.com/users/dotwebstack/events{/privacy}",
        "received_events_url": "https://api.github.com/users/dotwebstack/received_events",
        "type": "Organization",
        "site_admin": false
    },
    "html_url": "https://github.com/dotwebstack/dotwebstack-framework",
    "description": "Framework for publishing rich data services.",
    "fork": false,
    "url": "https://api.github.com/repos/dotwebstack/dotwebstack-framework",
    "forks_url": "https://api.github.com/repos/dotwebstack/dotwebstack-framework/forks",
    "keys_url": "https://api.github.com/repos/dotwebstack/dotwebstack-framework/keys{/key_id}",
    "collaborators_url": "https://api.github.com/repos/dotwebstack/dotwebstack-framework/collaborators{/collaborator}",
    "teams_url": "https://api.github.com/repos/dotwebstack/dotwebstack-framework/teams",
    "hooks_url": "https://api.github.com/repos/dotwebstack/dotwebstack-framework/hooks",
    "issue_events_url": "https://api.github.com/repos/dotwebstack/dotwebstack-framework/issues/events{/number}",
    "events_url": "https://api.github.com/repos/dotwebstack/dotwebstack-framework/events",
    "assignees_url": "https://api.github.com/repos/dotwebstack/dotwebstack-framework/assignees{/user}",
    "branches_url": "https://api.github.com/repos/dotwebstack/dotwebstack-framework/branches{/branch}",
    "tags_url": "https://api.github.com/repos/dotwebstack/dotwebstack-framework/tags",
    "blobs_url": "https://api.github.com/repos/dotwebstack/dotwebstack-framework/git/blobs{/sha}",
    "git_tags_url": "https://api.github.com/repos/dotwebstack/dotwebstack-framework/git/tags{/sha}",
    "git_refs_url": "https://api.github.com/repos/dotwebstack/dotwebstack-framework/git/refs{/sha}",
    "trees_url": "https://api.github.com/repos/dotwebstack/dotwebstack-framework/git/trees{/sha}",
    "statuses_url": "https://api.github.com/repos/dotwebstack/dotwebstack-framework/statuses/{sha}",
    "languages_url": "https://api.github.com/repos/dotwebstack/dotwebstack-framework/languages",
    "stargazers_url": "https://api.github.com/repos/dotwebstack/dotwebstack-framework/stargazers",
    "contributors_url": "https://api.github.com/repos/dotwebstack/dotwebstack-framework/contributors",
    "subscribers_url": "https://api.github.com/repos/dotwebstack/dotwebstack-framework/subscribers",
    "subscription_url": "https://api.github.com/repos/dotwebstack/dotwebstack-framework/subscription",
    "commits_url": "https://api.github.com/repos/dotwebstack/dotwebstack-framework/commits{/sha}",
    "git_commits_url": "https://api.github.com/repos/dotwebstack/dotwebstack-framework/git/commits{/sha}",
    "comments_url": "https://api.github.com/repos/dotwebstack/dotwebstack-framework/comments{/number}",
    "issue_comment_url": "https://api.github.com/repos/dotwebstack/dotwebstack-framework/issues/comments{/number}",
    "contents_url": "https://api.github.com/repos/dotwebstack/dotwebstack-framework/contents/{+path}",
    "compare_url": "https://api.github.com/repos/dotwebstack/dotwebstack-framework/compare/{base}...{head}",
    "merges_url": "https://api.github.com/repos/dotwebstack/dotwebstack-framework/merges",
    "archive_url": "https://api.github.com/repos/dotwebstack/dotwebstack-framework/{archive_format}{/ref}",
    "downloads_url": "https://api.github.com/repos/dotwebstack/dotwebstack-framework/downloads",
    "issues_url": "https://api.github.com/repos/dotwebstack/dotwebstack-framework/issues{/number}",
    "pulls_url": "https://api.github.com/repos/dotwebstack/dotwebstack-framework/pulls{/number}",
    "milestones_url": "https://api.github.com/repos/dotwebstack/dotwebstack-framework/milestones{/number}",
    "notifications_url": "https://api.github.com/repos/dotwebstack/dotwebstack-framework/notifications{?since,all,participating}",
    "labels_url": "https://api.github.com/repos/dotwebstack/dotwebstack-framework/labels{/name}",
    "releases_url": "https://api.github.com/repos/dotwebstack/dotwebstack-framework/releases{/id}",
    "deployments_url": "https://api.github.com/repos/dotwebstack/dotwebstack-framework/deployments",
    "created_at": "2017-07-11T11:55:18Z",
    "updated_at": "2024-03-31T14:19:41Z",
    "pushed_at": "2024-04-29T13:41:22Z",
    "git_url": "git://github.com/dotwebstack/dotwebstack-framework.git",
    "ssh_url": "git@github.com:dotwebstack/dotwebstack-framework.git",
    "clone_url": "https://github.com/dotwebstack/dotwebstack-framework.git",
    "svn_url": "https://github.com/dotwebstack/dotwebstack-framework",
    "homepage": "https://dotwebstack.org/dotwebstack-framework/",
    "size": 7816,
    "stargazers_count": 12,
    "watchers_count": 12,
    "language": "Java",
    "has_issues": true,
    "has_projects": false,
    "has_downloads": true,
    "has_wiki": false,
    "has_pages": true,
    "has_discussions": false,
    "forks_count": 8,
    "mirror_url": null,
    "archived": false,
    "disabled": false,
    "open_issues_count": 8,
    "license": {
        "key": "mit",
        "name": "MIT License",
        "spdx_id": "MIT",
        "url": "https://api.github.com/licenses/mit",
        "node_id": "MDc6TGljZW5zZTEz"
    },
    "allow_forking": true,
    "is_template": false,
    "web_commit_signoff_required": false,
    "topics": [],
    "visibility": "public",
    "forks": 8,
    "open_issues": 8,
    "watchers": 12,
    "default_branch": "v0.4",
    "permissions": {
        "admin": false,
        "maintain": false,
        "push": false,
        "triage": false,
        "pull": true
    },
    "temp_clone_token": "",
    "custom_properties": {},
    "organization": {
        "login": "dotwebstack",
        "id": 29657251,
        "node_id": "MDEyOk9yZ2FuaXphdGlvbjI5NjU3MjUx",
        "avatar_url": "https://avatars.githubusercontent.com/u/29657251?v=4",
        "gravatar_id": "",
        "url": "https://api.github.com/users/dotwebstack",
        "html_url": "https://github.com/dotwebstack",
        "followers_url": "https://api.github.com/users/dotwebstack/followers",
        "following_url": "https://api.github.com/users/dotwebstack/following{/other_user}",
        "gists_url": "https://api.github.com/users/dotwebstack/gists{/gist_id}",
        "starred_url": "https://api.github.com/users/dotwebstack/starred{/owner}{/repo}",
        "subscriptions_url": "https://api.github.com/users/dotwebstack/subscriptions",
        "organizations_url": "https://api.github.com/users/dotwebstack/orgs",
        "repos_url": "https://api.github.com/users/dotwebstack/repos",
        "events_url": "https://api.github.com/users/dotwebstack/events{/privacy}",
        "received_events_url": "https://api.github.com/users/dotwebstack/received_events",
        "type": "Organization",
        "site_admin": false
    },
    "network_count": 8,
    "subscribers_count": 10
}