{
    "id": 150049710,
    "node_id": "MDEwOlJlcG9zaXRvcnkxNTAwNDk3MTA=",
    "name": "aplikasi-akademik",
    "full_name": "mwildansoleh/aplikasi-akademik",
    "private": false,
    "owner": {
        "login": "mwildansoleh",
        "id": 40971384,
        "node_id": "MDQ6VXNlcjQwOTcxMzg0",
        "avatar_url": "https://avatars.githubusercontent.com/u/40971384?v=4",
        "gravatar_id": "",
        "url": "https://api.github.com/users/mwildansoleh",
        "html_url": "https://github.com/mwildansoleh",
        "followers_url": "https://api.github.com/users/mwildansoleh/followers",
        "following_url": "https://api.github.com/users/mwildansoleh/following{/other_user}",
        "gists_url": "https://api.github.com/users/mwildansoleh/gists{/gist_id}",
        "starred_url": "https://api.github.com/users/mwildansoleh/starred{/owner}{/repo}",
        "subscriptions_url": "https://api.github.com/users/mwildansoleh/subscriptions",
        "organizations_url": "https://api.github.com/users/mwildansoleh/orgs",
        "repos_url": "https://api.github.com/users/mwildansoleh/repos",
        "events_url": "https://api.github.com/users/mwildansoleh/events{/privacy}",
        "received_events_url": "https://api.github.com/users/mwildansoleh/received_events",
        "type": "User",
        "site_admin": false
    },
    "html_url": "https://github.com/mwildansoleh/aplikasi-akademik",
    "description": null,
    "fork": true,
    "url": "https://api.github.com/repos/mwildansoleh/aplikasi-akademik",
    "forks_url": "https://api.github.com/repos/mwildansoleh/aplikasi-akademik/forks",
    "keys_url": "https://api.github.com/repos/mwildansoleh/aplikasi-akademik/keys{/key_id}",
    "collaborators_url": "https://api.github.com/repos/mwildansoleh/aplikasi-akademik/collaborators{/collaborator}",
    "teams_url": "https://api.github.com/repos/mwildansoleh/aplikasi-akademik/teams",
    "hooks_url": "https://api.github.com/repos/mwildansoleh/aplikasi-akademik/hooks",
    "issue_events_url": "https://api.github.com/repos/mwildansoleh/aplikasi-akademik/issues/events{/number}",
    "events_url": "https://api.github.com/repos/mwildansoleh/aplikasi-akademik/events",
    "assignees_url": "https://api.github.com/repos/mwildansoleh/aplikasi-akademik/assignees{/user}",
    "branches_url": "https://api.github.com/repos/mwildansoleh/aplikasi-akademik/branches{/branch}",
    "tags_url": "https://api.github.com/repos/mwildansoleh/aplikasi-akademik/tags",
    "blobs_url": "https://api.github.com/repos/mwildansoleh/aplikasi-akademik/git/blobs{/sha}",
    "git_tags_url": "https://api.github.com/repos/mwildansoleh/aplikasi-akademik/git/tags{/sha}",
    "git_refs_url": "https://api.github.com/repos/mwildansoleh/aplikasi-akademik/git/refs{/sha}",
    "trees_url": "https://api.github.com/repos/mwildansoleh/aplikasi-akademik/git/trees{/sha}",
    "statuses_url": "https://api.github.com/repos/mwildansoleh/aplikasi-akademik/statuses/{sha}",
    "languages_url": "https://api.github.com/repos/mwildansoleh/aplikasi-akademik/languages",
    "stargazers_url": "https://api.github.com/repos/mwildansoleh/aplikasi-akademik/stargazers",
    "contributors_url": "https://api.github.com/repos/mwildansoleh/aplikasi-akademik/contributors",
    "subscribers_url": "https://api.github.com/repos/mwildansoleh/aplikasi-akademik/subscribers",
    "subscription_url": "https://api.github.com/repos/mwildansoleh/aplikasi-akademik/subscription",
    "commits_url": "https://api.github.com/repos/mwildansoleh/aplikasi-akademik/commits{/sha}",
    "git_commits_url": "https://api.github.com/repos/mwildansoleh/aplikasi-akademik/git/commits{/sha}",
    "comments_url": "https://api.github.com/repos/mwildansoleh/aplikasi-akademik/comments{/number}",
    "issue_comment_url": "https://api.github.com/repos/mwildansoleh/aplikasi-akademik/issues/comments{/number}",
    "contents_url": "https://api.github.com/repos/mwildansoleh/aplikasi-akademik/contents/{+path}",
    "compare_url": "https://api.github.com/repos/mwildansoleh/aplikasi-akademik/compare/{base}...{head}",
    "merges_url": "https://api.github.com/repos/mwildansoleh/aplikasi-akademik/merges",
    "archive_url": "https://api.github.com/repos/mwildansoleh/aplikasi-akademik/{archive_format}{/ref}",
    "downloads_url": "https://api.github.com/repos/mwildansoleh/aplikasi-akademik/downloads",
    "issues_url": "https://api.github.com/repos/mwildansoleh/aplikasi-akademik/issues{/number}",
    "pulls_url": "https://api.github.com/repos/mwildansoleh/aplikasi-akademik/pulls{/number}",
    "milestones_url": "https://api.github.com/repos/mwildansoleh/aplikasi-akademik/milestones{/number}",
    "notifications_url": "https://api.github.com/repos/mwildansoleh/aplikasi-akademik/notifications{?since,all,participating}",
    "labels_url": "https://api.github.com/repos/mwildansoleh/aplikasi-akademik/labels{/name}",
    "releases_url": "https://api.github.com/repos/mwildansoleh/aplikasi-akademik/releases{/id}",
    "deployments_url": "https://api.github.com/repos/mwildansoleh/aplikasi-akademik/deployments",
    "created_at": "2018-09-24T03:30:18Z",
    "updated_at": "2018-09-24T03:30:21Z",
    "pushed_at": "2018-09-24T03:29:08Z",
    "git_url": "git://github.com/mwildansoleh/aplikasi-akademik.git",
    "ssh_url": "git@github.com:mwildansoleh/aplikasi-akademik.git",
    "clone_url": "https://github.com/mwildansoleh/aplikasi-akademik.git",
    "svn_url": "https://github.com/mwildansoleh/aplikasi-akademik",
    "homepage": null,
    "size": 21480,
    "stargazers_count": 0,
    "watchers_count": 0,
    "language": "HTML",
    "has_issues": false,
    "has_projects": true,
    "has_downloads": true,
    "has_wiki": true,
    "has_pages": false,
    "has_discussions": false,
    "forks_count": 0,
    "mirror_url": null,
    "archived": false,
    "disabled": false,
    "open_issues_count": 0,
    "license": {
        "key": "apache-2.0",
        "name": "Apache License 2.0",
        "spdx_id": "Apache-2.0",
        "url": "https://api.github.com/licenses/apache-2.0",
        "node_id": "MDc6TGljZW5zZTI="
    },
    "allow_forking": true,
    "is_template": false,
    "web_commit_signoff_required": false,
    "topics": [],
    "visibility": "public",
    "forks": 0,
    "open_issues": 0,
    "watchers": 0,
    "default_branch": "master",
    "permissions": {
        "admin": false,
        "maintain": false,
        "push": false,
        "triage": false,
        "pull": true
    },
    "temp_clone_token": "",
    "parent": {
        "id": 126960117,
        "node_id": "MDEwOlJlcG9zaXRvcnkxMjY5NjAxMTc=",
        "name": "aplikasi-akademik",
        "full_name": "idtazkia/aplikasi-akademik",
        "private": false,
        "owner": {
            "login": "idtazkia",
            "id": 26292682,
            "node_id": "MDEyOk9yZ2FuaXphdGlvbjI2MjkyNjgy",
            "avatar_url": "https://avatars.githubusercontent.com/u/26292682?v=4",
            "gravatar_id": "",
            "url": "https://api.github.com/users/idtazkia",
            "html_url": "https://github.com/idtazkia",
            "followers_url": "https://api.github.com/users/idtazkia/followers",
            "following_url": "https://api.github.com/users/idtazkia/following{/other_user}",
            "gists_url": "https://api.github.com/users/idtazkia/gists{/gist_id}",
            "starred_url": "https://api.github.com/users/idtazkia/starred{/owner}{/repo}",
            "subscriptions_url": "https://api.github.com/users/idtazkia/subscriptions",
            "organizations_url": "https://api.github.com/users/idtazkia/orgs",
            "repos_url": "https://api.github.com/users/idtazkia/repos",
            "events_url": "https://api.github.com/users/idtazkia/events{/privacy}",
            "received_events_url": "https://api.github.com/users/idtazkia/received_events",
            "type": "Organization",
            "site_admin": false
        },
        "html_url": "https://github.com/idtazkia/aplikasi-akademik",
        "description": null,
        "fork": false,
        "url": "https://api.github.com/repos/idtazkia/aplikasi-akademik",
        "forks_url": "https://api.github.com/repos/idtazkia/aplikasi-akademik/forks",
        "keys_url": "https://api.github.com/repos/idtazkia/aplikasi-akademik/keys{/key_id}",
        "collaborators_url": "https://api.github.com/repos/idtazkia/aplikasi-akademik/collaborators{/collaborator}",
        "teams_url": "https://api.github.com/repos/idtazkia/aplikasi-akademik/teams",
        "hooks_url": "https://api.github.com/repos/idtazkia/aplikasi-akademik/hooks",
        "issue_events_url": "https://api.github.com/repos/idtazkia/aplikasi-akademik/issues/events{/number}",
        "events_url": "https://api.github.com/repos/idtazkia/aplikasi-akademik/events",
        "assignees_url": "https://api.github.com/repos/idtazkia/aplikasi-akademik/assignees{/user}",
        "branches_url": "https://api.github.com/repos/idtazkia/aplikasi-akademik/branches{/branch}",
        "tags_url": "https://api.github.com/repos/idtazkia/aplikasi-akademik/tags",
        "blobs_url": "https://api.github.com/repos/idtazkia/aplikasi-akademik/git/blobs{/sha}",
        "git_tags_url": "https://api.github.com/repos/idtazkia/aplikasi-akademik/git/tags{/sha}",
        "git_refs_url": "https://api.github.com/repos/idtazkia/aplikasi-akademik/git/refs{/sha}",
        "trees_url": "https://api.github.com/repos/idtazkia/aplikasi-akademik/git/trees{/sha}",
        "statuses_url": "https://api.github.com/repos/idtazkia/aplikasi-akademik/statuses/{sha}",
        "languages_url": "https://api.github.com/repos/idtazkia/aplikasi-akademik/languages",
        "stargazers_url": "https://api.github.com/repos/idtazkia/aplikasi-akademik/stargazers",
        "contributors_url": "https://api.github.com/repos/idtazkia/aplikasi-akademik/contributors",
        "subscribers_url": "https://api.github.com/repos/idtazkia/aplikasi-akademik/subscribers",
        "subscription_url": "https://api.github.com/repos/idtazkia/aplikasi-akademik/subscription",
        "commits_url": "https://api.github.com/repos/idtazkia/aplikasi-akademik/commits{/sha}",
        "git_commits_url": "https://api.github.com/repos/idtazkia/aplikasi-akademik/git/commits{/sha}",
        "comments_url": "https://api.github.com/repos/idtazkia/aplikasi-akademik/comments{/number}",
        "issue_comment_url": "https://api.github.com/repos/idtazkia/aplikasi-akademik/issues/comments{/number}",
        "contents_url": "https://api.github.com/repos/idtazkia/aplikasi-akademik/contents/{+path}",
        "compare_url": "https://api.github.com/repos/idtazkia/aplikasi-akademik/compare/{base}...{head}",
        "merges_url": "https://api.github.com/repos/idtazkia/aplikasi-akademik/merges",
        "archive_url": "https://api.github.com/repos/idtazkia/aplikasi-akademik/{archive_format}{/ref}",
        "downloads_url": "https://api.github.com/repos/idtazkia/aplikasi-akademik/downloads",
        "issues_url": "https://api.github.com/repos/idtazkia/aplikasi-akademik/issues{/number}",
        "pulls_url": "https://api.github.com/repos/idtazkia/aplikasi-akademik/pulls{/number}",
        "milestones_url": "https://api.github.com/repos/idtazkia/aplikasi-akademik/milestones{/number}",
        "notifications_url": "https://api.github.com/repos/idtazkia/aplikasi-akademik/notifications{?since,all,participating}",
        "labels_url": "https://api.github.com/repos/idtazkia/aplikasi-akademik/labels{/name}",
        "releases_url": "https://api.github.com/repos/idtazkia/aplikasi-akademik/releases{/id}",
        "deployments_url": "https://api.github.com/repos/idtazkia/aplikasi-akademik/deployments",
        "created_at": "2018-03-27T09:12:26Z",
        "updated_at": "2022-10-12T03:49:40Z",
        "pushed_at": "2022-10-12T03:48:33Z",
        "git_url": "git://github.com/idtazkia/aplikasi-akademik.git",
        "ssh_url": "git@github.com:idtazkia/aplikasi-akademik.git",
        "clone_url": "https://github.com/idtazkia/aplikasi-akademik.git",
        "svn_url": "https://github.com/idtazkia/aplikasi-akademik",
        "homepage": null,
        "size": 39956,
        "stargazers_count": 3,
        "watchers_count": 3,
        "language": "HTML",
        "has_issues": true,
        "has_projects": true,
        "has_downloads": true,
        "has_wiki": true,
        "has_pages": false,
        "has_discussions": false,
        "forks_count": 16,
        "mirror_url": null,
        "archived": false,
        "disabled": false,
        "open_issues_count": 3,
        "license": {
            "key": "apache-2.0",
            "name": "Apache License 2.0",
            "spdx_id": "Apache-2.0",
            "url": "https://api.github.com/licenses/apache-2.0",
            "node_id": "MDc6TGljZW5zZTI="
        },
        "allow_forking": true,
        "is_template": false,
        "web_commit_signoff_required": false,
        "topics": [],
        "visibility": "public",
        "forks": 16,
        "open_issues": 3,
        "watchers": 3,
        "default_branch": "master"
    },
    "source": {
        "id": 126960117,
        "node_id": "MDEwOlJlcG9zaXRvcnkxMjY5NjAxMTc=",
        "name": "aplikasi-akademik",
        "full_name": "idtazkia/aplikasi-akademik",
        "private": false,
        "owner": {
            "login": "idtazkia",
            "id": 26292682,
            "node_id": "MDEyOk9yZ2FuaXphdGlvbjI2MjkyNjgy",
            "avatar_url": "https://avatars.githubusercontent.com/u/26292682?v=4",
            "gravatar_id": "",
            "url": "https://api.github.com/users/idtazkia",
            "html_url": "https://github.com/idtazkia",
            "followers_url": "https://api.github.com/users/idtazkia/followers",
            "following_url": "https://api.github.com/users/idtazkia/following{/other_user}",
            "gists_url": "https://api.github.com/users/idtazkia/gists{/gist_id}",
            "starred_url": "https://api.github.com/users/idtazkia/starred{/owner}{/repo}",
            "subscriptions_url": "https://api.github.com/users/idtazkia/subscriptions",
            "organizations_url": "https://api.github.com/users/idtazkia/orgs",
            "repos_url": "https://api.github.com/users/idtazkia/repos",
            "events_url": "https://api.github.com/users/idtazkia/events{/privacy}",
            "received_events_url": "https://api.github.com/users/idtazkia/received_events",
            "type": "Organization",
            "site_admin": false
        },
        "html_url": "https://github.com/idtazkia/aplikasi-akademik",
        "description": null,
        "fork": false,
        "url": "https://api.github.com/repos/idtazkia/aplikasi-akademik",
        "forks_url": "https://api.github.com/repos/idtazkia/aplikasi-akademik/forks",
        "keys_url": "https://api.github.com/repos/idtazkia/aplikasi-akademik/keys{/key_id}",
        "collaborators_url": "https://api.github.com/repos/idtazkia/aplikasi-akademik/collaborators{/collaborator}",
        "teams_url": "https://api.github.com/repos/idtazkia/aplikasi-akademik/teams",
        "hooks_url": "https://api.github.com/repos/idtazkia/aplikasi-akademik/hooks",
        "issue_events_url": "https://api.github.com/repos/idtazkia/aplikasi-akademik/issues/events{/number}",
        "events_url": "https://api.github.com/repos/idtazkia/aplikasi-akademik/events",
        "assignees_url": "https://api.github.com/repos/idtazkia/aplikasi-akademik/assignees{/user}",
        "branches_url": "https://api.github.com/repos/idtazkia/aplikasi-akademik/branches{/branch}",
        "tags_url": "https://api.github.com/repos/idtazkia/aplikasi-akademik/tags",
        "blobs_url": "https://api.github.com/repos/idtazkia/aplikasi-akademik/git/blobs{/sha}",
        "git_tags_url": "https://api.github.com/repos/idtazkia/aplikasi-akademik/git/tags{/sha}",
        "git_refs_url": "https://api.github.com/repos/idtazkia/aplikasi-akademik/git/refs{/sha}",
        "trees_url": "https://api.github.com/repos/idtazkia/aplikasi-akademik/git/trees{/sha}",
        "statuses_url": "https://api.github.com/repos/idtazkia/aplikasi-akademik/statuses/{sha}",
        "languages_url": "https://api.github.com/repos/idtazkia/aplikasi-akademik/languages",
        "stargazers_url": "https://api.github.com/repos/idtazkia/aplikasi-akademik/stargazers",
        "contributors_url": "https://api.github.com/repos/idtazkia/aplikasi-akademik/contributors",
        "subscribers_url": "https://api.github.com/repos/idtazkia/aplikasi-akademik/subscribers",
        "subscription_url": "https://api.github.com/repos/idtazkia/aplikasi-akademik/subscription",
        "commits_url": "https://api.github.com/repos/idtazkia/aplikasi-akademik/commits{/sha}",
        "git_commits_url": "https://api.github.com/repos/idtazkia/aplikasi-akademik/git/commits{/sha}",
        "comments_url": "https://api.github.com/repos/idtazkia/aplikasi-akademik/comments{/number}",
        "issue_comment_url": "https://api.github.com/repos/idtazkia/aplikasi-akademik/issues/comments{/number}",
        "contents_url": "https://api.github.com/repos/idtazkia/aplikasi-akademik/contents/{+path}",
        "compare_url": "https://api.github.com/repos/idtazkia/aplikasi-akademik/compare/{base}...{head}",
        "merges_url": "https://api.github.com/repos/idtazkia/aplikasi-akademik/merges",
        "archive_url": "https://api.github.com/repos/idtazkia/aplikasi-akademik/{archive_format}{/ref}",
        "downloads_url": "https://api.github.com/repos/idtazkia/aplikasi-akademik/downloads",
        "issues_url": "https://api.github.com/repos/idtazkia/aplikasi-akademik/issues{/number}",
        "pulls_url": "https://api.github.com/repos/idtazkia/aplikasi-akademik/pulls{/number}",
        "milestones_url": "https://api.github.com/repos/idtazkia/aplikasi-akademik/milestones{/number}",
        "notifications_url": "https://api.github.com/repos/idtazkia/aplikasi-akademik/notifications{?since,all,participating}",
        "labels_url": "https://api.github.com/repos/idtazkia/aplikasi-akademik/labels{/name}",
        "releases_url": "https://api.github.com/repos/idtazkia/aplikasi-akademik/releases{/id}",
        "deployments_url": "https://api.github.com/repos/idtazkia/aplikasi-akademik/deployments",
        "created_at": "2018-03-27T09:12:26Z",
        "updated_at": "2022-10-12T03:49:40Z",
        "pushed_at": "2022-10-12T03:48:33Z",
        "git_url": "git://github.com/idtazkia/aplikasi-akademik.git",
        "ssh_url": "git@github.com:idtazkia/aplikasi-akademik.git",
        "clone_url": "https://github.com/idtazkia/aplikasi-akademik.git",
        "svn_url": "https://github.com/idtazkia/aplikasi-akademik",
        "homepage": null,
        "size": 39956,
        "stargazers_count": 3,
        "watchers_count": 3,
        "language": "HTML",
        "has_issues": true,
        "has_projects": true,
        "has_downloads": true,
        "has_wiki": true,
        "has_pages": false,
        "has_discussions": false,
        "forks_count": 16,
        "mirror_url": null,
        "archived": false,
        "disabled": false,
        "open_issues_count": 3,
        "license": {
            "key": "apache-2.0",
            "name": "Apache License 2.0",
            "spdx_id": "Apache-2.0",
            "url": "https://api.github.com/licenses/apache-2.0",
            "node_id": "MDc6TGljZW5zZTI="
        },
        "allow_forking": true,
        "is_template": false,
        "web_commit_signoff_required": false,
        "topics": [],
        "visibility": "public",
        "forks": 16,
        "open_issues": 3,
        "watchers": 3,
        "default_branch": "master"
    },
    "network_count": 16,
    "subscribers_count": 0
}