{
    "id": 108494789,
    "node_id": "MDEwOlJlcG9zaXRvcnkxMDg0OTQ3ODk=",
    "name": "AsterixDB",
    "full_name": "sri-desai/AsterixDB",
    "private": false,
    "owner": {
        "login": "sri-desai",
        "id": 20850584,
        "node_id": "MDQ6VXNlcjIwODUwNTg0",
        "avatar_url": "https://avatars.githubusercontent.com/u/20850584?v=4",
        "gravatar_id": "",
        "url": "https://api.github.com/users/sri-desai",
        "html_url": "https://github.com/sri-desai",
        "followers_url": "https://api.github.com/users/sri-desai/followers",
        "following_url": "https://api.github.com/users/sri-desai/following{/other_user}",
        "gists_url": "https://api.github.com/users/sri-desai/gists{/gist_id}",
        "starred_url": "https://api.github.com/users/sri-desai/starred{/owner}{/repo}",
        "subscriptions_url": "https://api.github.com/users/sri-desai/subscriptions",
        "organizations_url": "https://api.github.com/users/sri-desai/orgs",
        "repos_url": "https://api.github.com/users/sri-desai/repos",
        "events_url": "https://api.github.com/users/sri-desai/events{/privacy}",
        "received_events_url": "https://api.github.com/users/sri-desai/received_events",
        "type": "User",
        "site_admin": false
    },
    "html_url": "https://github.com/sri-desai/AsterixDB",
    "description": null,
    "fork": false,
    "url": "https://api.github.com/repos/sri-desai/AsterixDB",
    "forks_url": "https://api.github.com/repos/sri-desai/AsterixDB/forks",
    "keys_url": "https://api.github.com/repos/sri-desai/AsterixDB/keys{/key_id}",
    "collaborators_url": "https://api.github.com/repos/sri-desai/AsterixDB/collaborators{/collaborator}",
    "teams_url": "https://api.github.com/repos/sri-desai/AsterixDB/teams",
    "hooks_url": "https://api.github.com/repos/sri-desai/AsterixDB/hooks",
    "issue_events_url": "https://api.github.com/repos/sri-desai/AsterixDB/issues/events{/number}",
    "events_url": "https://api.github.com/repos/sri-desai/AsterixDB/events",
    "assignees_url": "https://api.github.com/repos/sri-desai/AsterixDB/assignees{/user}",
    "branches_url": "https://api.github.com/repos/sri-desai/AsterixDB/branches{/branch}",
    "tags_url": "https://api.github.com/repos/sri-desai/AsterixDB/tags",
    "blobs_url": "https://api.github.com/repos/sri-desai/AsterixDB/git/blobs{/sha}",
    "git_tags_url": "https://api.github.com/repos/sri-desai/AsterixDB/git/tags{/sha}",
    "git_refs_url": "https://api.github.com/repos/sri-desai/AsterixDB/git/refs{/sha}",
    "trees_url": "https://api.github.com/repos/sri-desai/AsterixDB/git/trees{/sha}",
    "statuses_url": "https://api.github.com/repos/sri-desai/AsterixDB/statuses/{sha}",
    "languages_url": "https://api.github.com/repos/sri-desai/AsterixDB/languages",
    "stargazers_url": "https://api.github.com/repos/sri-desai/AsterixDB/stargazers",
    "contributors_url": "https://api.github.com/repos/sri-desai/AsterixDB/contributors",
    "subscribers_url": "https://api.github.com/repos/sri-desai/AsterixDB/subscribers",
    "subscription_url": "https://api.github.com/repos/sri-desai/AsterixDB/subscription",
    "commits_url": "https://api.github.com/repos/sri-desai/AsterixDB/commits{/sha}",
    "git_commits_url": "https://api.github.com/repos/sri-desai/AsterixDB/git/commits{/sha}",
    "comments_url": "https://api.github.com/repos/sri-desai/AsterixDB/comments{/number}",
    "issue_comment_url": "https://api.github.com/repos/sri-desai/AsterixDB/issues/comments{/number}",
    "contents_url": "https://api.github.com/repos/sri-desai/AsterixDB/contents/{+path}",
    "compare_url": "https://api.github.com/repos/sri-desai/AsterixDB/compare/{base}...{head}",
    "merges_url": "https://api.github.com/repos/sri-desai/AsterixDB/merges",
    "archive_url": "https://api.github.com/repos/sri-desai/AsterixDB/{archive_format}{/ref}",
    "downloads_url": "https://api.github.com/repos/sri-desai/AsterixDB/downloads",
    "issues_url": "https://api.github.com/repos/sri-desai/AsterixDB/issues{/number}",
    "pulls_url": "https://api.github.com/repos/sri-desai/AsterixDB/pulls{/number}",
    "milestones_url": "https://api.github.com/repos/sri-desai/AsterixDB/milestones{/number}",
    "notifications_url": "https://api.github.com/repos/sri-desai/AsterixDB/notifications{?since,all,participating}",
    "labels_url": "https://api.github.com/repos/sri-desai/AsterixDB/labels{/name}",
    "releases_url": "https://api.github.com/repos/sri-desai/AsterixDB/releases{/id}",
    "deployments_url": "https://api.github.com/repos/sri-desai/AsterixDB/deployments",
    "created_at": "2017-10-27T03:26:07Z",
    "updated_at": "2017-10-27T05:51:17Z",
    "pushed_at": "2017-10-27T05:57:37Z",
    "git_url": "git://github.com/sri-desai/AsterixDB.git",
    "ssh_url": "git@github.com:sri-desai/AsterixDB.git",
    "clone_url": "https://github.com/sri-desai/AsterixDB.git",
    "svn_url": "https://github.com/sri-desai/AsterixDB",
    "homepage": null,
    "size": 38282,
    "stargazers_count": 0,
    "watchers_count": 0,
    "language": "Java",
    "has_issues": true,
    "has_projects": true,
    "has_downloads": true,
    "has_wiki": true,
    "has_pages": false,
    "has_discussions": false,
    "forks_count": 0,
    "mirror_url": null,
    "archived": false,
    "disabled": false,
    "open_issues_count": 0,
    "license": null,
    "allow_forking": true,
    "is_template": false,
    "web_commit_signoff_required": false,
    "topics": [],
    "visibility": "public",
    "forks": 0,
    "open_issues": 0,
    "watchers": 0,
    "default_branch": "master",
    "permissions": {
        "admin": false,
        "maintain": false,
        "push": false,
        "triage": false,
        "pull": true
    },
    "temp_clone_token": "",
    "network_count": 0,
    "subscribers_count": 2
}