{
    "id": 75056721,
    "node_id": "MDEwOlJlcG9zaXRvcnk3NTA1NjcyMQ==",
    "name": "MusiQuiz",
    "full_name": "ikbalkazar/MusiQuiz",
    "private": false,
    "owner": {
        "login": "ikbalkazar",
        "id": 8257340,
        "node_id": "MDQ6VXNlcjgyNTczNDA=",
        "avatar_url": "https://avatars.githubusercontent.com/u/8257340?v=4",
        "gravatar_id": "",
        "url": "https://api.github.com/users/ikbalkazar",
        "html_url": "https://github.com/ikbalkazar",
        "followers_url": "https://api.github.com/users/ikbalkazar/followers",
        "following_url": "https://api.github.com/users/ikbalkazar/following{/other_user}",
        "gists_url": "https://api.github.com/users/ikbalkazar/gists{/gist_id}",
        "starred_url": "https://api.github.com/users/ikbalkazar/starred{/owner}{/repo}",
        "subscriptions_url": "https://api.github.com/users/ikbalkazar/subscriptions",
        "organizations_url": "https://api.github.com/users/ikbalkazar/orgs",
        "repos_url": "https://api.github.com/users/ikbalkazar/repos",
        "events_url": "https://api.github.com/users/ikbalkazar/events{/privacy}",
        "received_events_url": "https://api.github.com/users/ikbalkazar/received_events",
        "type": "User",
        "site_admin": false
    },
    "html_url": "https://github.com/ikbalkazar/MusiQuiz",
    "description": null,
    "fork": false,
    "url": "https://api.github.com/repos/ikbalkazar/MusiQuiz",
    "forks_url": "https://api.github.com/repos/ikbalkazar/MusiQuiz/forks",
    "keys_url": "https://api.github.com/repos/ikbalkazar/MusiQuiz/keys{/key_id}",
    "collaborators_url": "https://api.github.com/repos/ikbalkazar/MusiQuiz/collaborators{/collaborator}",
    "teams_url": "https://api.github.com/repos/ikbalkazar/MusiQuiz/teams",
    "hooks_url": "https://api.github.com/repos/ikbalkazar/MusiQuiz/hooks",
    "issue_events_url": "https://api.github.com/repos/ikbalkazar/MusiQuiz/issues/events{/number}",
    "events_url": "https://api.github.com/repos/ikbalkazar/MusiQuiz/events",
    "assignees_url": "https://api.github.com/repos/ikbalkazar/MusiQuiz/assignees{/user}",
    "branches_url": "https://api.github.com/repos/ikbalkazar/MusiQuiz/branches{/branch}",
    "tags_url": "https://api.github.com/repos/ikbalkazar/MusiQuiz/tags",
    "blobs_url": "https://api.github.com/repos/ikbalkazar/MusiQuiz/git/blobs{/sha}",
    "git_tags_url": "https://api.github.com/repos/ikbalkazar/MusiQuiz/git/tags{/sha}",
    "git_refs_url": "https://api.github.com/repos/ikbalkazar/MusiQuiz/git/refs{/sha}",
    "trees_url": "https://api.github.com/repos/ikbalkazar/MusiQuiz/git/trees{/sha}",
    "statuses_url": "https://api.github.com/repos/ikbalkazar/MusiQuiz/statuses/{sha}",
    "languages_url": "https://api.github.com/repos/ikbalkazar/MusiQuiz/languages",
    "stargazers_url": "https://api.github.com/repos/ikbalkazar/MusiQuiz/stargazers",
    "contributors_url": "https://api.github.com/repos/ikbalkazar/MusiQuiz/contributors",
    "subscribers_url": "https://api.github.com/repos/ikbalkazar/MusiQuiz/subscribers",
    "subscription_url": "https://api.github.com/repos/ikbalkazar/MusiQuiz/subscription",
    "commits_url": "https://api.github.com/repos/ikbalkazar/MusiQuiz/commits{/sha}",
    "git_commits_url": "https://api.github.com/repos/ikbalkazar/MusiQuiz/git/commits{/sha}",
    "comments_url": "https://api.github.com/repos/ikbalkazar/MusiQuiz/comments{/number}",
    "issue_comment_url": "https://api.github.com/repos/ikbalkazar/MusiQuiz/issues/comments{/number}",
    "contents_url": "https://api.github.com/repos/ikbalkazar/MusiQuiz/contents/{+path}",
    "compare_url": "https://api.github.com/repos/ikbalkazar/MusiQuiz/compare/{base}...{head}",
    "merges_url": "https://api.github.com/repos/ikbalkazar/MusiQuiz/merges",
    "archive_url": "https://api.github.com/repos/ikbalkazar/MusiQuiz/{archive_format}{/ref}",
    "downloads_url": "https://api.github.com/repos/ikbalkazar/MusiQuiz/downloads",
    "issues_url": "https://api.github.com/repos/ikbalkazar/MusiQuiz/issues{/number}",
    "pulls_url": "https://api.github.com/repos/ikbalkazar/MusiQuiz/pulls{/number}",
    "milestones_url": "https://api.github.com/repos/ikbalkazar/MusiQuiz/milestones{/number}",
    "notifications_url": "https://api.github.com/repos/ikbalkazar/MusiQuiz/notifications{?since,all,participating}",
    "labels_url": "https://api.github.com/repos/ikbalkazar/MusiQuiz/labels{/name}",
    "releases_url": "https://api.github.com/repos/ikbalkazar/MusiQuiz/releases{/id}",
    "deployments_url": "https://api.github.com/repos/ikbalkazar/MusiQuiz/deployments",
    "created_at": "2016-11-29T07:51:20Z",
    "updated_at": "2018-11-04T01:35:22Z",
    "pushed_at": "2016-12-28T17:14:02Z",
    "git_url": "git://github.com/ikbalkazar/MusiQuiz.git",
    "ssh_url": "git@github.com:ikbalkazar/MusiQuiz.git",
    "clone_url": "https://github.com/ikbalkazar/MusiQuiz.git",
    "svn_url": "https://github.com/ikbalkazar/MusiQuiz",
    "homepage": null,
    "size": 57,
    "stargazers_count": 1,
    "watchers_count": 1,
    "language": "Java",
    "has_issues": true,
    "has_projects": true,
    "has_downloads": true,
    "has_wiki": true,
    "has_pages": false,
    "has_discussions": false,
    "forks_count": 0,
    "mirror_url": null,
    "archived": false,
    "disabled": false,
    "open_issues_count": 0,
    "license": {
        "key": "mit",
        "name": "MIT License",
        "spdx_id": "MIT",
        "url": "https://api.github.com/licenses/mit",
        "node_id": "MDc6TGljZW5zZTEz"
    },
    "allow_forking": true,
    "is_template": false,
    "web_commit_signoff_required": false,
    "topics": [],
    "visibility": "public",
    "forks": 0,
    "open_issues": 0,
    "watchers": 1,
    "default_branch": "master",
    "permissions": {
        "admin": false,
        "maintain": false,
        "push": false,
        "triage": false,
        "pull": true
    },
    "temp_clone_token": "",
    "network_count": 0,
    "subscribers_count": 2
}