{
    "id": 169859772,
    "node_id": "MDEwOlJlcG9zaXRvcnkxNjk4NTk3NzI=",
    "name": "java-training-zone",
    "full_name": "immess/java-training-zone",
    "private": false,
    "owner": {
        "login": "immess",
        "id": 46302055,
        "node_id": "MDQ6VXNlcjQ2MzAyMDU1",
        "avatar_url": "https://avatars.githubusercontent.com/u/46302055?v=4",
        "gravatar_id": "",
        "url": "https://api.github.com/users/immess",
        "html_url": "https://github.com/immess",
        "followers_url": "https://api.github.com/users/immess/followers",
        "following_url": "https://api.github.com/users/immess/following{/other_user}",
        "gists_url": "https://api.github.com/users/immess/gists{/gist_id}",
        "starred_url": "https://api.github.com/users/immess/starred{/owner}{/repo}",
        "subscriptions_url": "https://api.github.com/users/immess/subscriptions",
        "organizations_url": "https://api.github.com/users/immess/orgs",
        "repos_url": "https://api.github.com/users/immess/repos",
        "events_url": "https://api.github.com/users/immess/events{/privacy}",
        "received_events_url": "https://api.github.com/users/immess/received_events",
        "type": "User",
        "site_admin": false
    },
    "html_url": "https://github.com/immess/java-training-zone",
    "description": null,
    "fork": false,
    "url": "https://api.github.com/repos/immess/java-training-zone",
    "forks_url": "https://api.github.com/repos/immess/java-training-zone/forks",
    "keys_url": "https://api.github.com/repos/immess/java-training-zone/keys{/key_id}",
    "collaborators_url": "https://api.github.com/repos/immess/java-training-zone/collaborators{/collaborator}",
    "teams_url": "https://api.github.com/repos/immess/java-training-zone/teams",
    "hooks_url": "https://api.github.com/repos/immess/java-training-zone/hooks",
    "issue_events_url": "https://api.github.com/repos/immess/java-training-zone/issues/events{/number}",
    "events_url": "https://api.github.com/repos/immess/java-training-zone/events",
    "assignees_url": "https://api.github.com/repos/immess/java-training-zone/assignees{/user}",
    "branches_url": "https://api.github.com/repos/immess/java-training-zone/branches{/branch}",
    "tags_url": "https://api.github.com/repos/immess/java-training-zone/tags",
    "blobs_url": "https://api.github.com/repos/immess/java-training-zone/git/blobs{/sha}",
    "git_tags_url": "https://api.github.com/repos/immess/java-training-zone/git/tags{/sha}",
    "git_refs_url": "https://api.github.com/repos/immess/java-training-zone/git/refs{/sha}",
    "trees_url": "https://api.github.com/repos/immess/java-training-zone/git/trees{/sha}",
    "statuses_url": "https://api.github.com/repos/immess/java-training-zone/statuses/{sha}",
    "languages_url": "https://api.github.com/repos/immess/java-training-zone/languages",
    "stargazers_url": "https://api.github.com/repos/immess/java-training-zone/stargazers",
    "contributors_url": "https://api.github.com/repos/immess/java-training-zone/contributors",
    "subscribers_url": "https://api.github.com/repos/immess/java-training-zone/subscribers",
    "subscription_url": "https://api.github.com/repos/immess/java-training-zone/subscription",
    "commits_url": "https://api.github.com/repos/immess/java-training-zone/commits{/sha}",
    "git_commits_url": "https://api.github.com/repos/immess/java-training-zone/git/commits{/sha}",
    "comments_url": "https://api.github.com/repos/immess/java-training-zone/comments{/number}",
    "issue_comment_url": "https://api.github.com/repos/immess/java-training-zone/issues/comments{/number}",
    "contents_url": "https://api.github.com/repos/immess/java-training-zone/contents/{+path}",
    "compare_url": "https://api.github.com/repos/immess/java-training-zone/compare/{base}...{head}",
    "merges_url": "https://api.github.com/repos/immess/java-training-zone/merges",
    "archive_url": "https://api.github.com/repos/immess/java-training-zone/{archive_format}{/ref}",
    "downloads_url": "https://api.github.com/repos/immess/java-training-zone/downloads",
    "issues_url": "https://api.github.com/repos/immess/java-training-zone/issues{/number}",
    "pulls_url": "https://api.github.com/repos/immess/java-training-zone/pulls{/number}",
    "milestones_url": "https://api.github.com/repos/immess/java-training-zone/milestones{/number}",
    "notifications_url": "https://api.github.com/repos/immess/java-training-zone/notifications{?since,all,participating}",
    "labels_url": "https://api.github.com/repos/immess/java-training-zone/labels{/name}",
    "releases_url": "https://api.github.com/repos/immess/java-training-zone/releases{/id}",
    "deployments_url": "https://api.github.com/repos/immess/java-training-zone/deployments",
    "created_at": "2019-02-09T11:25:37Z",
    "updated_at": "2019-07-14T19:07:28Z",
    "pushed_at": "2022-01-21T23:23:40Z",
    "git_url": "git://github.com/immess/java-training-zone.git",
    "ssh_url": "git@github.com:immess/java-training-zone.git",
    "clone_url": "https://github.com/immess/java-training-zone.git",
    "svn_url": "https://github.com/immess/java-training-zone",
    "homepage": null,
    "size": 65,
    "stargazers_count": 0,
    "watchers_count": 0,
    "language": "Java",
    "has_issues": true,
    "has_projects": true,
    "has_downloads": true,
    "has_wiki": true,
    "has_pages": false,
    "has_discussions": false,
    "forks_count": 0,
    "mirror_url": null,
    "archived": false,
    "disabled": false,
    "open_issues_count": 2,
    "license": {
        "key": "mit",
        "name": "MIT License",
        "spdx_id": "MIT",
        "url": "https://api.github.com/licenses/mit",
        "node_id": "MDc6TGljZW5zZTEz"
    },
    "allow_forking": true,
    "is_template": false,
    "web_commit_signoff_required": false,
    "topics": [],
    "visibility": "public",
    "forks": 0,
    "open_issues": 2,
    "watchers": 0,
    "default_branch": "master",
    "permissions": {
        "admin": false,
        "maintain": false,
        "push": false,
        "triage": false,
        "pull": true
    },
    "temp_clone_token": "",
    "network_count": 0,
    "subscribers_count": 1
}