{
    "id": 441780397,
    "node_id": "R_kgDOGlUIrQ",
    "name": "foundation",
    "full_name": "shi00/foundation",
    "private": false,
    "owner": {
        "login": "shi00",
        "id": 19896794,
        "node_id": "MDQ6VXNlcjE5ODk2Nzk0",
        "avatar_url": "https://avatars.githubusercontent.com/u/19896794?v=4",
        "gravatar_id": "",
        "url": "https://api.github.com/users/shi00",
        "html_url": "https://github.com/shi00",
        "followers_url": "https://api.github.com/users/shi00/followers",
        "following_url": "https://api.github.com/users/shi00/following{/other_user}",
        "gists_url": "https://api.github.com/users/shi00/gists{/gist_id}",
        "starred_url": "https://api.github.com/users/shi00/starred{/owner}{/repo}",
        "subscriptions_url": "https://api.github.com/users/shi00/subscriptions",
        "organizations_url": "https://api.github.com/users/shi00/orgs",
        "repos_url": "https://api.github.com/users/shi00/repos",
        "events_url": "https://api.github.com/users/shi00/events{/privacy}",
        "received_events_url": "https://api.github.com/users/shi00/received_events",
        "type": "User",
        "site_admin": false
    },
    "html_url": "https://github.com/shi00/foundation",
    "description": "Java Fundation For Microservices",
    "fork": false,
    "url": "https://api.github.com/repos/shi00/foundation",
    "forks_url": "https://api.github.com/repos/shi00/foundation/forks",
    "keys_url": "https://api.github.com/repos/shi00/foundation/keys{/key_id}",
    "collaborators_url": "https://api.github.com/repos/shi00/foundation/collaborators{/collaborator}",
    "teams_url": "https://api.github.com/repos/shi00/foundation/teams",
    "hooks_url": "https://api.github.com/repos/shi00/foundation/hooks",
    "issue_events_url": "https://api.github.com/repos/shi00/foundation/issues/events{/number}",
    "events_url": "https://api.github.com/repos/shi00/foundation/events",
    "assignees_url": "https://api.github.com/repos/shi00/foundation/assignees{/user}",
    "branches_url": "https://api.github.com/repos/shi00/foundation/branches{/branch}",
    "tags_url": "https://api.github.com/repos/shi00/foundation/tags",
    "blobs_url": "https://api.github.com/repos/shi00/foundation/git/blobs{/sha}",
    "git_tags_url": "https://api.github.com/repos/shi00/foundation/git/tags{/sha}",
    "git_refs_url": "https://api.github.com/repos/shi00/foundation/git/refs{/sha}",
    "trees_url": "https://api.github.com/repos/shi00/foundation/git/trees{/sha}",
    "statuses_url": "https://api.github.com/repos/shi00/foundation/statuses/{sha}",
    "languages_url": "https://api.github.com/repos/shi00/foundation/languages",
    "stargazers_url": "https://api.github.com/repos/shi00/foundation/stargazers",
    "contributors_url": "https://api.github.com/repos/shi00/foundation/contributors",
    "subscribers_url": "https://api.github.com/repos/shi00/foundation/subscribers",
    "subscription_url": "https://api.github.com/repos/shi00/foundation/subscription",
    "commits_url": "https://api.github.com/repos/shi00/foundation/commits{/sha}",
    "git_commits_url": "https://api.github.com/repos/shi00/foundation/git/commits{/sha}",
    "comments_url": "https://api.github.com/repos/shi00/foundation/comments{/number}",
    "issue_comment_url": "https://api.github.com/repos/shi00/foundation/issues/comments{/number}",
    "contents_url": "https://api.github.com/repos/shi00/foundation/contents/{+path}",
    "compare_url": "https://api.github.com/repos/shi00/foundation/compare/{base}...{head}",
    "merges_url": "https://api.github.com/repos/shi00/foundation/merges",
    "archive_url": "https://api.github.com/repos/shi00/foundation/{archive_format}{/ref}",
    "downloads_url": "https://api.github.com/repos/shi00/foundation/downloads",
    "issues_url": "https://api.github.com/repos/shi00/foundation/issues{/number}",
    "pulls_url": "https://api.github.com/repos/shi00/foundation/pulls{/number}",
    "milestones_url": "https://api.github.com/repos/shi00/foundation/milestones{/number}",
    "notifications_url": "https://api.github.com/repos/shi00/foundation/notifications{?since,all,participating}",
    "labels_url": "https://api.github.com/repos/shi00/foundation/labels{/name}",
    "releases_url": "https://api.github.com/repos/shi00/foundation/releases{/id}",
    "deployments_url": "https://api.github.com/repos/shi00/foundation/deployments",
    "created_at": "2021-12-26T00:16:39Z",
    "updated_at": "2022-01-11T00:00:10Z",
    "pushed_at": "2024-01-26T01:23:14Z",
    "git_url": "git://github.com/shi00/foundation.git",
    "ssh_url": "git@github.com:shi00/foundation.git",
    "clone_url": "https://github.com/shi00/foundation.git",
    "svn_url": "https://github.com/shi00/foundation",
    "homepage": null,
    "size": 140566,
    "stargazers_count": 0,
    "watchers_count": 0,
    "language": "Java",
    "has_issues": true,
    "has_projects": true,
    "has_downloads": true,
    "has_wiki": true,
    "has_pages": false,
    "has_discussions": false,
    "forks_count": 0,
    "mirror_url": null,
    "archived": false,
    "disabled": false,
    "open_issues_count": 0,
    "license": {
        "key": "apache-2.0",
        "name": "Apache License 2.0",
        "spdx_id": "Apache-2.0",
        "url": "https://api.github.com/licenses/apache-2.0",
        "node_id": "MDc6TGljZW5zZTI="
    },
    "allow_forking": true,
    "is_template": false,
    "web_commit_signoff_required": false,
    "topics": [],
    "visibility": "public",
    "forks": 0,
    "open_issues": 0,
    "watchers": 0,
    "default_branch": "main",
    "permissions": {
        "admin": false,
        "maintain": false,
        "push": false,
        "triage": false,
        "pull": true
    },
    "temp_clone_token": "",
    "network_count": 0,
    "subscribers_count": 1
}