{
    "id": 260554965,
    "node_id": "MDEwOlJlcG9zaXRvcnkyNjA1NTQ5NjU=",
    "name": "MUMScheduler",
    "full_name": "pradipacharya7/MUMScheduler",
    "private": false,
    "owner": {
        "login": "pradipacharya7",
        "id": 53593355,
        "node_id": "MDQ6VXNlcjUzNTkzMzU1",
        "avatar_url": "https://avatars.githubusercontent.com/u/53593355?v=4",
        "gravatar_id": "",
        "url": "https://api.github.com/users/pradipacharya7",
        "html_url": "https://github.com/pradipacharya7",
        "followers_url": "https://api.github.com/users/pradipacharya7/followers",
        "following_url": "https://api.github.com/users/pradipacharya7/following{/other_user}",
        "gists_url": "https://api.github.com/users/pradipacharya7/gists{/gist_id}",
        "starred_url": "https://api.github.com/users/pradipacharya7/starred{/owner}{/repo}",
        "subscriptions_url": "https://api.github.com/users/pradipacharya7/subscriptions",
        "organizations_url": "https://api.github.com/users/pradipacharya7/orgs",
        "repos_url": "https://api.github.com/users/pradipacharya7/repos",
        "events_url": "https://api.github.com/users/pradipacharya7/events{/privacy}",
        "received_events_url": "https://api.github.com/users/pradipacharya7/received_events",
        "type": "User",
        "site_admin": false
    },
    "html_url": "https://github.com/pradipacharya7/MUMScheduler",
    "description": null,
    "fork": true,
    "url": "https://api.github.com/repos/pradipacharya7/MUMScheduler",
    "forks_url": "https://api.github.com/repos/pradipacharya7/MUMScheduler/forks",
    "keys_url": "https://api.github.com/repos/pradipacharya7/MUMScheduler/keys{/key_id}",
    "collaborators_url": "https://api.github.com/repos/pradipacharya7/MUMScheduler/collaborators{/collaborator}",
    "teams_url": "https://api.github.com/repos/pradipacharya7/MUMScheduler/teams",
    "hooks_url": "https://api.github.com/repos/pradipacharya7/MUMScheduler/hooks",
    "issue_events_url": "https://api.github.com/repos/pradipacharya7/MUMScheduler/issues/events{/number}",
    "events_url": "https://api.github.com/repos/pradipacharya7/MUMScheduler/events",
    "assignees_url": "https://api.github.com/repos/pradipacharya7/MUMScheduler/assignees{/user}",
    "branches_url": "https://api.github.com/repos/pradipacharya7/MUMScheduler/branches{/branch}",
    "tags_url": "https://api.github.com/repos/pradipacharya7/MUMScheduler/tags",
    "blobs_url": "https://api.github.com/repos/pradipacharya7/MUMScheduler/git/blobs{/sha}",
    "git_tags_url": "https://api.github.com/repos/pradipacharya7/MUMScheduler/git/tags{/sha}",
    "git_refs_url": "https://api.github.com/repos/pradipacharya7/MUMScheduler/git/refs{/sha}",
    "trees_url": "https://api.github.com/repos/pradipacharya7/MUMScheduler/git/trees{/sha}",
    "statuses_url": "https://api.github.com/repos/pradipacharya7/MUMScheduler/statuses/{sha}",
    "languages_url": "https://api.github.com/repos/pradipacharya7/MUMScheduler/languages",
    "stargazers_url": "https://api.github.com/repos/pradipacharya7/MUMScheduler/stargazers",
    "contributors_url": "https://api.github.com/repos/pradipacharya7/MUMScheduler/contributors",
    "subscribers_url": "https://api.github.com/repos/pradipacharya7/MUMScheduler/subscribers",
    "subscription_url": "https://api.github.com/repos/pradipacharya7/MUMScheduler/subscription",
    "commits_url": "https://api.github.com/repos/pradipacharya7/MUMScheduler/commits{/sha}",
    "git_commits_url": "https://api.github.com/repos/pradipacharya7/MUMScheduler/git/commits{/sha}",
    "comments_url": "https://api.github.com/repos/pradipacharya7/MUMScheduler/comments{/number}",
    "issue_comment_url": "https://api.github.com/repos/pradipacharya7/MUMScheduler/issues/comments{/number}",
    "contents_url": "https://api.github.com/repos/pradipacharya7/MUMScheduler/contents/{+path}",
    "compare_url": "https://api.github.com/repos/pradipacharya7/MUMScheduler/compare/{base}...{head}",
    "merges_url": "https://api.github.com/repos/pradipacharya7/MUMScheduler/merges",
    "archive_url": "https://api.github.com/repos/pradipacharya7/MUMScheduler/{archive_format}{/ref}",
    "downloads_url": "https://api.github.com/repos/pradipacharya7/MUMScheduler/downloads",
    "issues_url": "https://api.github.com/repos/pradipacharya7/MUMScheduler/issues{/number}",
    "pulls_url": "https://api.github.com/repos/pradipacharya7/MUMScheduler/pulls{/number}",
    "milestones_url": "https://api.github.com/repos/pradipacharya7/MUMScheduler/milestones{/number}",
    "notifications_url": "https://api.github.com/repos/pradipacharya7/MUMScheduler/notifications{?since,all,participating}",
    "labels_url": "https://api.github.com/repos/pradipacharya7/MUMScheduler/labels{/name}",
    "releases_url": "https://api.github.com/repos/pradipacharya7/MUMScheduler/releases{/id}",
    "deployments_url": "https://api.github.com/repos/pradipacharya7/MUMScheduler/deployments",
    "created_at": "2020-05-01T20:44:45Z",
    "updated_at": "2020-05-14T04:28:44Z",
    "pushed_at": "2020-05-14T04:28:42Z",
    "git_url": "git://github.com/pradipacharya7/MUMScheduler.git",
    "ssh_url": "git@github.com:pradipacharya7/MUMScheduler.git",
    "clone_url": "https://github.com/pradipacharya7/MUMScheduler.git",
    "svn_url": "https://github.com/pradipacharya7/MUMScheduler",
    "homepage": null,
    "size": 1849,
    "stargazers_count": 0,
    "watchers_count": 0,
    "language": "HTML",
    "has_issues": false,
    "has_projects": true,
    "has_downloads": true,
    "has_wiki": true,
    "has_pages": false,
    "has_discussions": false,
    "forks_count": 0,
    "mirror_url": null,
    "archived": false,
    "disabled": false,
    "open_issues_count": 0,
    "license": null,
    "allow_forking": true,
    "is_template": false,
    "web_commit_signoff_required": false,
    "topics": [],
    "visibility": "public",
    "forks": 0,
    "open_issues": 0,
    "watchers": 0,
    "default_branch": "master",
    "permissions": {
        "admin": false,
        "maintain": false,
        "push": false,
        "triage": false,
        "pull": true
    },
    "temp_clone_token": "",
    "parent": {
        "id": 260553995,
        "node_id": "MDEwOlJlcG9zaXRvcnkyNjA1NTM5OTU=",
        "name": "MUMScheduler",
        "full_name": "anuphunt/MUMScheduler",
        "private": false,
        "owner": {
            "login": "anuphunt",
            "id": 16887460,
            "node_id": "MDQ6VXNlcjE2ODg3NDYw",
            "avatar_url": "https://avatars.githubusercontent.com/u/16887460?v=4",
            "gravatar_id": "",
            "url": "https://api.github.com/users/anuphunt",
            "html_url": "https://github.com/anuphunt",
            "followers_url": "https://api.github.com/users/anuphunt/followers",
            "following_url": "https://api.github.com/users/anuphunt/following{/other_user}",
            "gists_url": "https://api.github.com/users/anuphunt/gists{/gist_id}",
            "starred_url": "https://api.github.com/users/anuphunt/starred{/owner}{/repo}",
            "subscriptions_url": "https://api.github.com/users/anuphunt/subscriptions",
            "organizations_url": "https://api.github.com/users/anuphunt/orgs",
            "repos_url": "https://api.github.com/users/anuphunt/repos",
            "events_url": "https://api.github.com/users/anuphunt/events{/privacy}",
            "received_events_url": "https://api.github.com/users/anuphunt/received_events",
            "type": "User",
            "site_admin": false
        },
        "html_url": "https://github.com/anuphunt/MUMScheduler",
        "description": null,
        "fork": false,
        "url": "https://api.github.com/repos/anuphunt/MUMScheduler",
        "forks_url": "https://api.github.com/repos/anuphunt/MUMScheduler/forks",
        "keys_url": "https://api.github.com/repos/anuphunt/MUMScheduler/keys{/key_id}",
        "collaborators_url": "https://api.github.com/repos/anuphunt/MUMScheduler/collaborators{/collaborator}",
        "teams_url": "https://api.github.com/repos/anuphunt/MUMScheduler/teams",
        "hooks_url": "https://api.github.com/repos/anuphunt/MUMScheduler/hooks",
        "issue_events_url": "https://api.github.com/repos/anuphunt/MUMScheduler/issues/events{/number}",
        "events_url": "https://api.github.com/repos/anuphunt/MUMScheduler/events",
        "assignees_url": "https://api.github.com/repos/anuphunt/MUMScheduler/assignees{/user}",
        "branches_url": "https://api.github.com/repos/anuphunt/MUMScheduler/branches{/branch}",
        "tags_url": "https://api.github.com/repos/anuphunt/MUMScheduler/tags",
        "blobs_url": "https://api.github.com/repos/anuphunt/MUMScheduler/git/blobs{/sha}",
        "git_tags_url": "https://api.github.com/repos/anuphunt/MUMScheduler/git/tags{/sha}",
        "git_refs_url": "https://api.github.com/repos/anuphunt/MUMScheduler/git/refs{/sha}",
        "trees_url": "https://api.github.com/repos/anuphunt/MUMScheduler/git/trees{/sha}",
        "statuses_url": "https://api.github.com/repos/anuphunt/MUMScheduler/statuses/{sha}",
        "languages_url": "https://api.github.com/repos/anuphunt/MUMScheduler/languages",
        "stargazers_url": "https://api.github.com/repos/anuphunt/MUMScheduler/stargazers",
        "contributors_url": "https://api.github.com/repos/anuphunt/MUMScheduler/contributors",
        "subscribers_url": "https://api.github.com/repos/anuphunt/MUMScheduler/subscribers",
        "subscription_url": "https://api.github.com/repos/anuphunt/MUMScheduler/subscription",
        "commits_url": "https://api.github.com/repos/anuphunt/MUMScheduler/commits{/sha}",
        "git_commits_url": "https://api.github.com/repos/anuphunt/MUMScheduler/git/commits{/sha}",
        "comments_url": "https://api.github.com/repos/anuphunt/MUMScheduler/comments{/number}",
        "issue_comment_url": "https://api.github.com/repos/anuphunt/MUMScheduler/issues/comments{/number}",
        "contents_url": "https://api.github.com/repos/anuphunt/MUMScheduler/contents/{+path}",
        "compare_url": "https://api.github.com/repos/anuphunt/MUMScheduler/compare/{base}...{head}",
        "merges_url": "https://api.github.com/repos/anuphunt/MUMScheduler/merges",
        "archive_url": "https://api.github.com/repos/anuphunt/MUMScheduler/{archive_format}{/ref}",
        "downloads_url": "https://api.github.com/repos/anuphunt/MUMScheduler/downloads",
        "issues_url": "https://api.github.com/repos/anuphunt/MUMScheduler/issues{/number}",
        "pulls_url": "https://api.github.com/repos/anuphunt/MUMScheduler/pulls{/number}",
        "milestones_url": "https://api.github.com/repos/anuphunt/MUMScheduler/milestones{/number}",
        "notifications_url": "https://api.github.com/repos/anuphunt/MUMScheduler/notifications{?since,all,participating}",
        "labels_url": "https://api.github.com/repos/anuphunt/MUMScheduler/labels{/name}",
        "releases_url": "https://api.github.com/repos/anuphunt/MUMScheduler/releases{/id}",
        "deployments_url": "https://api.github.com/repos/anuphunt/MUMScheduler/deployments",
        "created_at": "2020-05-01T20:39:01Z",
        "updated_at": "2020-05-14T06:28:28Z",
        "pushed_at": "2020-05-14T06:28:17Z",
        "git_url": "git://github.com/anuphunt/MUMScheduler.git",
        "ssh_url": "git@github.com:anuphunt/MUMScheduler.git",
        "clone_url": "https://github.com/anuphunt/MUMScheduler.git",
        "svn_url": "https://github.com/anuphunt/MUMScheduler",
        "homepage": null,
        "size": 1885,
        "stargazers_count": 1,
        "watchers_count": 1,
        "language": "HTML",
        "has_issues": true,
        "has_projects": true,
        "has_downloads": true,
        "has_wiki": true,
        "has_pages": false,
        "has_discussions": false,
        "forks_count": 5,
        "mirror_url": null,
        "archived": false,
        "disabled": false,
        "open_issues_count": 0,
        "license": null,
        "allow_forking": true,
        "is_template": false,
        "web_commit_signoff_required": false,
        "topics": [],
        "visibility": "public",
        "forks": 5,
        "open_issues": 0,
        "watchers": 1,
        "default_branch": "master"
    },
    "source": {
        "id": 260553995,
        "node_id": "MDEwOlJlcG9zaXRvcnkyNjA1NTM5OTU=",
        "name": "MUMScheduler",
        "full_name": "anuphunt/MUMScheduler",
        "private": false,
        "owner": {
            "login": "anuphunt",
            "id": 16887460,
            "node_id": "MDQ6VXNlcjE2ODg3NDYw",
            "avatar_url": "https://avatars.githubusercontent.com/u/16887460?v=4",
            "gravatar_id": "",
            "url": "https://api.github.com/users/anuphunt",
            "html_url": "https://github.com/anuphunt",
            "followers_url": "https://api.github.com/users/anuphunt/followers",
            "following_url": "https://api.github.com/users/anuphunt/following{/other_user}",
            "gists_url": "https://api.github.com/users/anuphunt/gists{/gist_id}",
            "starred_url": "https://api.github.com/users/anuphunt/starred{/owner}{/repo}",
            "subscriptions_url": "https://api.github.com/users/anuphunt/subscriptions",
            "organizations_url": "https://api.github.com/users/anuphunt/orgs",
            "repos_url": "https://api.github.com/users/anuphunt/repos",
            "events_url": "https://api.github.com/users/anuphunt/events{/privacy}",
            "received_events_url": "https://api.github.com/users/anuphunt/received_events",
            "type": "User",
            "site_admin": false
        },
        "html_url": "https://github.com/anuphunt/MUMScheduler",
        "description": null,
        "fork": false,
        "url": "https://api.github.com/repos/anuphunt/MUMScheduler",
        "forks_url": "https://api.github.com/repos/anuphunt/MUMScheduler/forks",
        "keys_url": "https://api.github.com/repos/anuphunt/MUMScheduler/keys{/key_id}",
        "collaborators_url": "https://api.github.com/repos/anuphunt/MUMScheduler/collaborators{/collaborator}",
        "teams_url": "https://api.github.com/repos/anuphunt/MUMScheduler/teams",
        "hooks_url": "https://api.github.com/repos/anuphunt/MUMScheduler/hooks",
        "issue_events_url": "https://api.github.com/repos/anuphunt/MUMScheduler/issues/events{/number}",
        "events_url": "https://api.github.com/repos/anuphunt/MUMScheduler/events",
        "assignees_url": "https://api.github.com/repos/anuphunt/MUMScheduler/assignees{/user}",
        "branches_url": "https://api.github.com/repos/anuphunt/MUMScheduler/branches{/branch}",
        "tags_url": "https://api.github.com/repos/anuphunt/MUMScheduler/tags",
        "blobs_url": "https://api.github.com/repos/anuphunt/MUMScheduler/git/blobs{/sha}",
        "git_tags_url": "https://api.github.com/repos/anuphunt/MUMScheduler/git/tags{/sha}",
        "git_refs_url": "https://api.github.com/repos/anuphunt/MUMScheduler/git/refs{/sha}",
        "trees_url": "https://api.github.com/repos/anuphunt/MUMScheduler/git/trees{/sha}",
        "statuses_url": "https://api.github.com/repos/anuphunt/MUMScheduler/statuses/{sha}",
        "languages_url": "https://api.github.com/repos/anuphunt/MUMScheduler/languages",
        "stargazers_url": "https://api.github.com/repos/anuphunt/MUMScheduler/stargazers",
        "contributors_url": "https://api.github.com/repos/anuphunt/MUMScheduler/contributors",
        "subscribers_url": "https://api.github.com/repos/anuphunt/MUMScheduler/subscribers",
        "subscription_url": "https://api.github.com/repos/anuphunt/MUMScheduler/subscription",
        "commits_url": "https://api.github.com/repos/anuphunt/MUMScheduler/commits{/sha}",
        "git_commits_url": "https://api.github.com/repos/anuphunt/MUMScheduler/git/commits{/sha}",
        "comments_url": "https://api.github.com/repos/anuphunt/MUMScheduler/comments{/number}",
        "issue_comment_url": "https://api.github.com/repos/anuphunt/MUMScheduler/issues/comments{/number}",
        "contents_url": "https://api.github.com/repos/anuphunt/MUMScheduler/contents/{+path}",
        "compare_url": "https://api.github.com/repos/anuphunt/MUMScheduler/compare/{base}...{head}",
        "merges_url": "https://api.github.com/repos/anuphunt/MUMScheduler/merges",
        "archive_url": "https://api.github.com/repos/anuphunt/MUMScheduler/{archive_format}{/ref}",
        "downloads_url": "https://api.github.com/repos/anuphunt/MUMScheduler/downloads",
        "issues_url": "https://api.github.com/repos/anuphunt/MUMScheduler/issues{/number}",
        "pulls_url": "https://api.github.com/repos/anuphunt/MUMScheduler/pulls{/number}",
        "milestones_url": "https://api.github.com/repos/anuphunt/MUMScheduler/milestones{/number}",
        "notifications_url": "https://api.github.com/repos/anuphunt/MUMScheduler/notifications{?since,all,participating}",
        "labels_url": "https://api.github.com/repos/anuphunt/MUMScheduler/labels{/name}",
        "releases_url": "https://api.github.com/repos/anuphunt/MUMScheduler/releases{/id}",
        "deployments_url": "https://api.github.com/repos/anuphunt/MUMScheduler/deployments",
        "created_at": "2020-05-01T20:39:01Z",
        "updated_at": "2020-05-14T06:28:28Z",
        "pushed_at": "2020-05-14T06:28:17Z",
        "git_url": "git://github.com/anuphunt/MUMScheduler.git",
        "ssh_url": "git@github.com:anuphunt/MUMScheduler.git",
        "clone_url": "https://github.com/anuphunt/MUMScheduler.git",
        "svn_url": "https://github.com/anuphunt/MUMScheduler",
        "homepage": null,
        "size": 1885,
        "stargazers_count": 1,
        "watchers_count": 1,
        "language": "HTML",
        "has_issues": true,
        "has_projects": true,
        "has_downloads": true,
        "has_wiki": true,
        "has_pages": false,
        "has_discussions": false,
        "forks_count": 5,
        "mirror_url": null,
        "archived": false,
        "disabled": false,
        "open_issues_count": 0,
        "license": null,
        "allow_forking": true,
        "is_template": false,
        "web_commit_signoff_required": false,
        "topics": [],
        "visibility": "public",
        "forks": 5,
        "open_issues": 0,
        "watchers": 1,
        "default_branch": "master"
    },
    "network_count": 5,
    "subscribers_count": 0
}