{
    "id": 14151459,
    "node_id": "MDEwOlJlcG9zaXRvcnkxNDE1MTQ1OQ==",
    "name": "MeasureAuthoringTool_LatestSprint",
    "full_name": "MeasureAuthoringTool/MeasureAuthoringTool_LatestSprint",
    "private": false,
    "owner": {
        "login": "MeasureAuthoringTool",
        "id": 55894823,
        "node_id": "MDEyOk9yZ2FuaXphdGlvbjU1ODk0ODIz",
        "avatar_url": "https://avatars.githubusercontent.com/u/55894823?v=4",
        "gravatar_id": "",
        "url": "https://api.github.com/users/MeasureAuthoringTool",
        "html_url": "https://github.com/MeasureAuthoringTool",
        "followers_url": "https://api.github.com/users/MeasureAuthoringTool/followers",
        "following_url": "https://api.github.com/users/MeasureAuthoringTool/following{/other_user}",
        "gists_url": "https://api.github.com/users/MeasureAuthoringTool/gists{/gist_id}",
        "starred_url": "https://api.github.com/users/MeasureAuthoringTool/starred{/owner}{/repo}",
        "subscriptions_url": "https://api.github.com/users/MeasureAuthoringTool/subscriptions",
        "organizations_url": "https://api.github.com/users/MeasureAuthoringTool/orgs",
        "repos_url": "https://api.github.com/users/MeasureAuthoringTool/repos",
        "events_url": "https://api.github.com/users/MeasureAuthoringTool/events{/privacy}",
        "received_events_url": "https://api.github.com/users/MeasureAuthoringTool/received_events",
        "type": "Organization",
        "site_admin": false
    },
    "html_url": "https://github.com/MeasureAuthoringTool/MeasureAuthoringTool_LatestSprint",
    "description": "A repo for the latest Sprint of MAT tool.",
    "fork": false,
    "url": "https://api.github.com/repos/MeasureAuthoringTool/MeasureAuthoringTool_LatestSprint",
    "forks_url": "https://api.github.com/repos/MeasureAuthoringTool/MeasureAuthoringTool_LatestSprint/forks",
    "keys_url": "https://api.github.com/repos/MeasureAuthoringTool/MeasureAuthoringTool_LatestSprint/keys{/key_id}",
    "collaborators_url": "https://api.github.com/repos/MeasureAuthoringTool/MeasureAuthoringTool_LatestSprint/collaborators{/collaborator}",
    "teams_url": "https://api.github.com/repos/MeasureAuthoringTool/MeasureAuthoringTool_LatestSprint/teams",
    "hooks_url": "https://api.github.com/repos/MeasureAuthoringTool/MeasureAuthoringTool_LatestSprint/hooks",
    "issue_events_url": "https://api.github.com/repos/MeasureAuthoringTool/MeasureAuthoringTool_LatestSprint/issues/events{/number}",
    "events_url": "https://api.github.com/repos/MeasureAuthoringTool/MeasureAuthoringTool_LatestSprint/events",
    "assignees_url": "https://api.github.com/repos/MeasureAuthoringTool/MeasureAuthoringTool_LatestSprint/assignees{/user}",
    "branches_url": "https://api.github.com/repos/MeasureAuthoringTool/MeasureAuthoringTool_LatestSprint/branches{/branch}",
    "tags_url": "https://api.github.com/repos/MeasureAuthoringTool/MeasureAuthoringTool_LatestSprint/tags",
    "blobs_url": "https://api.github.com/repos/MeasureAuthoringTool/MeasureAuthoringTool_LatestSprint/git/blobs{/sha}",
    "git_tags_url": "https://api.github.com/repos/MeasureAuthoringTool/MeasureAuthoringTool_LatestSprint/git/tags{/sha}",
    "git_refs_url": "https://api.github.com/repos/MeasureAuthoringTool/MeasureAuthoringTool_LatestSprint/git/refs{/sha}",
    "trees_url": "https://api.github.com/repos/MeasureAuthoringTool/MeasureAuthoringTool_LatestSprint/git/trees{/sha}",
    "statuses_url": "https://api.github.com/repos/MeasureAuthoringTool/MeasureAuthoringTool_LatestSprint/statuses/{sha}",
    "languages_url": "https://api.github.com/repos/MeasureAuthoringTool/MeasureAuthoringTool_LatestSprint/languages",
    "stargazers_url": "https://api.github.com/repos/MeasureAuthoringTool/MeasureAuthoringTool_LatestSprint/stargazers",
    "contributors_url": "https://api.github.com/repos/MeasureAuthoringTool/MeasureAuthoringTool_LatestSprint/contributors",
    "subscribers_url": "https://api.github.com/repos/MeasureAuthoringTool/MeasureAuthoringTool_LatestSprint/subscribers",
    "subscription_url": "https://api.github.com/repos/MeasureAuthoringTool/MeasureAuthoringTool_LatestSprint/subscription",
    "commits_url": "https://api.github.com/repos/MeasureAuthoringTool/MeasureAuthoringTool_LatestSprint/commits{/sha}",
    "git_commits_url": "https://api.github.com/repos/MeasureAuthoringTool/MeasureAuthoringTool_LatestSprint/git/commits{/sha}",
    "comments_url": "https://api.github.com/repos/MeasureAuthoringTool/MeasureAuthoringTool_LatestSprint/comments{/number}",
    "issue_comment_url": "https://api.github.com/repos/MeasureAuthoringTool/MeasureAuthoringTool_LatestSprint/issues/comments{/number}",
    "contents_url": "https://api.github.com/repos/MeasureAuthoringTool/MeasureAuthoringTool_LatestSprint/contents/{+path}",
    "compare_url": "https://api.github.com/repos/MeasureAuthoringTool/MeasureAuthoringTool_LatestSprint/compare/{base}...{head}",
    "merges_url": "https://api.github.com/repos/MeasureAuthoringTool/MeasureAuthoringTool_LatestSprint/merges",
    "archive_url": "https://api.github.com/repos/MeasureAuthoringTool/MeasureAuthoringTool_LatestSprint/{archive_format}{/ref}",
    "downloads_url": "https://api.github.com/repos/MeasureAuthoringTool/MeasureAuthoringTool_LatestSprint/downloads",
    "issues_url": "https://api.github.com/repos/MeasureAuthoringTool/MeasureAuthoringTool_LatestSprint/issues{/number}",
    "pulls_url": "https://api.github.com/repos/MeasureAuthoringTool/MeasureAuthoringTool_LatestSprint/pulls{/number}",
    "milestones_url": "https://api.github.com/repos/MeasureAuthoringTool/MeasureAuthoringTool_LatestSprint/milestones{/number}",
    "notifications_url": "https://api.github.com/repos/MeasureAuthoringTool/MeasureAuthoringTool_LatestSprint/notifications{?since,all,participating}",
    "labels_url": "https://api.github.com/repos/MeasureAuthoringTool/MeasureAuthoringTool_LatestSprint/labels{/name}",
    "releases_url": "https://api.github.com/repos/MeasureAuthoringTool/MeasureAuthoringTool_LatestSprint/releases{/id}",
    "deployments_url": "https://api.github.com/repos/MeasureAuthoringTool/MeasureAuthoringTool_LatestSprint/deployments",
    "created_at": "2013-11-05T19:24:31Z",
    "updated_at": "2023-01-28T16:25:24Z",
    "pushed_at": "2019-12-10T17:13:35Z",
    "git_url": "git://github.com/MeasureAuthoringTool/MeasureAuthoringTool_LatestSprint.git",
    "ssh_url": "git@github.com:MeasureAuthoringTool/MeasureAuthoringTool_LatestSprint.git",
    "clone_url": "https://github.com/MeasureAuthoringTool/MeasureAuthoringTool_LatestSprint.git",
    "svn_url": "https://github.com/MeasureAuthoringTool/MeasureAuthoringTool_LatestSprint",
    "homepage": "",
    "size": 456883,
    "stargazers_count": 5,
    "watchers_count": 5,
    "language": "JavaScript",
    "has_issues": true,
    "has_projects": true,
    "has_downloads": true,
    "has_wiki": true,
    "has_pages": false,
    "has_discussions": false,
    "forks_count": 3,
    "mirror_url": null,
    "archived": true,
    "disabled": false,
    "open_issues_count": 3,
    "license": {
        "key": "cc0-1.0",
        "name": "Creative Commons Zero v1.0 Universal",
        "spdx_id": "CC0-1.0",
        "url": "https://api.github.com/licenses/cc0-1.0",
        "node_id": "MDc6TGljZW5zZTY="
    },
    "allow_forking": true,
    "is_template": false,
    "web_commit_signoff_required": false,
    "topics": [],
    "visibility": "public",
    "forks": 3,
    "open_issues": 3,
    "watchers": 5,
    "default_branch": "master",
    "permissions": {
        "admin": false,
        "maintain": false,
        "push": false,
        "triage": false,
        "pull": true
    },
    "temp_clone_token": "",
    "custom_properties": {},
    "organization": {
        "login": "MeasureAuthoringTool",
        "id": 55894823,
        "node_id": "MDEyOk9yZ2FuaXphdGlvbjU1ODk0ODIz",
        "avatar_url": "https://avatars.githubusercontent.com/u/55894823?v=4",
        "gravatar_id": "",
        "url": "https://api.github.com/users/MeasureAuthoringTool",
        "html_url": "https://github.com/MeasureAuthoringTool",
        "followers_url": "https://api.github.com/users/MeasureAuthoringTool/followers",
        "following_url": "https://api.github.com/users/MeasureAuthoringTool/following{/other_user}",
        "gists_url": "https://api.github.com/users/MeasureAuthoringTool/gists{/gist_id}",
        "starred_url": "https://api.github.com/users/MeasureAuthoringTool/starred{/owner}{/repo}",
        "subscriptions_url": "https://api.github.com/users/MeasureAuthoringTool/subscriptions",
        "organizations_url": "https://api.github.com/users/MeasureAuthoringTool/orgs",
        "repos_url": "https://api.github.com/users/MeasureAuthoringTool/repos",
        "events_url": "https://api.github.com/users/MeasureAuthoringTool/events{/privacy}",
        "received_events_url": "https://api.github.com/users/MeasureAuthoringTool/received_events",
        "type": "Organization",
        "site_admin": false
    },
    "network_count": 3,
    "subscribers_count": 13
}