{
    "id": 167004949,
    "node_id": "MDEwOlJlcG9zaXRvcnkxNjcwMDQ5NDk=",
    "name": "jruby-1.7.3",
    "full_name": "JavaQualitasCorpus/jruby-1.7.3",
    "private": false,
    "owner": {
        "login": "JavaQualitasCorpus",
        "id": 46398915,
        "node_id": "MDEyOk9yZ2FuaXphdGlvbjQ2Mzk4OTE1",
        "avatar_url": "https://avatars.githubusercontent.com/u/46398915?v=4",
        "gravatar_id": "",
        "url": "https://api.github.com/users/JavaQualitasCorpus",
        "html_url": "https://github.com/JavaQualitasCorpus",
        "followers_url": "https://api.github.com/users/JavaQualitasCorpus/followers",
        "following_url": "https://api.github.com/users/JavaQualitasCorpus/following{/other_user}",
        "gists_url": "https://api.github.com/users/JavaQualitasCorpus/gists{/gist_id}",
        "starred_url": "https://api.github.com/users/JavaQualitasCorpus/starred{/owner}{/repo}",
        "subscriptions_url": "https://api.github.com/users/JavaQualitasCorpus/subscriptions",
        "organizations_url": "https://api.github.com/users/JavaQualitasCorpus/orgs",
        "repos_url": "https://api.github.com/users/JavaQualitasCorpus/repos",
        "events_url": "https://api.github.com/users/JavaQualitasCorpus/events{/privacy}",
        "received_events_url": "https://api.github.com/users/JavaQualitasCorpus/received_events",
        "type": "Organization",
        "site_admin": false
    },
    "html_url": "https://github.com/JavaQualitasCorpus/jruby-1.7.3",
    "description": null,
    "fork": false,
    "url": "https://api.github.com/repos/JavaQualitasCorpus/jruby-1.7.3",
    "forks_url": "https://api.github.com/repos/JavaQualitasCorpus/jruby-1.7.3/forks",
    "keys_url": "https://api.github.com/repos/JavaQualitasCorpus/jruby-1.7.3/keys{/key_id}",
    "collaborators_url": "https://api.github.com/repos/JavaQualitasCorpus/jruby-1.7.3/collaborators{/collaborator}",
    "teams_url": "https://api.github.com/repos/JavaQualitasCorpus/jruby-1.7.3/teams",
    "hooks_url": "https://api.github.com/repos/JavaQualitasCorpus/jruby-1.7.3/hooks",
    "issue_events_url": "https://api.github.com/repos/JavaQualitasCorpus/jruby-1.7.3/issues/events{/number}",
    "events_url": "https://api.github.com/repos/JavaQualitasCorpus/jruby-1.7.3/events",
    "assignees_url": "https://api.github.com/repos/JavaQualitasCorpus/jruby-1.7.3/assignees{/user}",
    "branches_url": "https://api.github.com/repos/JavaQualitasCorpus/jruby-1.7.3/branches{/branch}",
    "tags_url": "https://api.github.com/repos/JavaQualitasCorpus/jruby-1.7.3/tags",
    "blobs_url": "https://api.github.com/repos/JavaQualitasCorpus/jruby-1.7.3/git/blobs{/sha}",
    "git_tags_url": "https://api.github.com/repos/JavaQualitasCorpus/jruby-1.7.3/git/tags{/sha}",
    "git_refs_url": "https://api.github.com/repos/JavaQualitasCorpus/jruby-1.7.3/git/refs{/sha}",
    "trees_url": "https://api.github.com/repos/JavaQualitasCorpus/jruby-1.7.3/git/trees{/sha}",
    "statuses_url": "https://api.github.com/repos/JavaQualitasCorpus/jruby-1.7.3/statuses/{sha}",
    "languages_url": "https://api.github.com/repos/JavaQualitasCorpus/jruby-1.7.3/languages",
    "stargazers_url": "https://api.github.com/repos/JavaQualitasCorpus/jruby-1.7.3/stargazers",
    "contributors_url": "https://api.github.com/repos/JavaQualitasCorpus/jruby-1.7.3/contributors",
    "subscribers_url": "https://api.github.com/repos/JavaQualitasCorpus/jruby-1.7.3/subscribers",
    "subscription_url": "https://api.github.com/repos/JavaQualitasCorpus/jruby-1.7.3/subscription",
    "commits_url": "https://api.github.com/repos/JavaQualitasCorpus/jruby-1.7.3/commits{/sha}",
    "git_commits_url": "https://api.github.com/repos/JavaQualitasCorpus/jruby-1.7.3/git/commits{/sha}",
    "comments_url": "https://api.github.com/repos/JavaQualitasCorpus/jruby-1.7.3/comments{/number}",
    "issue_comment_url": "https://api.github.com/repos/JavaQualitasCorpus/jruby-1.7.3/issues/comments{/number}",
    "contents_url": "https://api.github.com/repos/JavaQualitasCorpus/jruby-1.7.3/contents/{+path}",
    "compare_url": "https://api.github.com/repos/JavaQualitasCorpus/jruby-1.7.3/compare/{base}...{head}",
    "merges_url": "https://api.github.com/repos/JavaQualitasCorpus/jruby-1.7.3/merges",
    "archive_url": "https://api.github.com/repos/JavaQualitasCorpus/jruby-1.7.3/{archive_format}{/ref}",
    "downloads_url": "https://api.github.com/repos/JavaQualitasCorpus/jruby-1.7.3/downloads",
    "issues_url": "https://api.github.com/repos/JavaQualitasCorpus/jruby-1.7.3/issues{/number}",
    "pulls_url": "https://api.github.com/repos/JavaQualitasCorpus/jruby-1.7.3/pulls{/number}",
    "milestones_url": "https://api.github.com/repos/JavaQualitasCorpus/jruby-1.7.3/milestones{/number}",
    "notifications_url": "https://api.github.com/repos/JavaQualitasCorpus/jruby-1.7.3/notifications{?since,all,participating}",
    "labels_url": "https://api.github.com/repos/JavaQualitasCorpus/jruby-1.7.3/labels{/name}",
    "releases_url": "https://api.github.com/repos/JavaQualitasCorpus/jruby-1.7.3/releases{/id}",
    "deployments_url": "https://api.github.com/repos/JavaQualitasCorpus/jruby-1.7.3/deployments",
    "created_at": "2019-01-22T14:08:29Z",
    "updated_at": "2019-03-13T13:02:52Z",
    "pushed_at": "2019-03-13T13:02:20Z",
    "git_url": "git://github.com/JavaQualitasCorpus/jruby-1.7.3.git",
    "ssh_url": "git@github.com:JavaQualitasCorpus/jruby-1.7.3.git",
    "clone_url": "https://github.com/JavaQualitasCorpus/jruby-1.7.3.git",
    "svn_url": "https://github.com/JavaQualitasCorpus/jruby-1.7.3",
    "homepage": null,
    "size": 46455,
    "stargazers_count": 0,
    "watchers_count": 0,
    "language": "Ruby",
    "has_issues": true,
    "has_projects": true,
    "has_downloads": true,
    "has_wiki": true,
    "has_pages": false,
    "has_discussions": false,
    "forks_count": 1,
    "mirror_url": null,
    "archived": false,
    "disabled": false,
    "open_issues_count": 0,
    "license": {
        "key": "other",
        "name": "Other",
        "spdx_id": "NOASSERTION",
        "url": null,
        "node_id": "MDc6TGljZW5zZTA="
    },
    "allow_forking": true,
    "is_template": false,
    "web_commit_signoff_required": false,
    "topics": [],
    "visibility": "public",
    "forks": 1,
    "open_issues": 0,
    "watchers": 0,
    "default_branch": "master",
    "permissions": {
        "admin": false,
        "maintain": false,
        "push": false,
        "triage": false,
        "pull": true
    },
    "temp_clone_token": "",
    "custom_properties": {},
    "organization": {
        "login": "JavaQualitasCorpus",
        "id": 46398915,
        "node_id": "MDEyOk9yZ2FuaXphdGlvbjQ2Mzk4OTE1",
        "avatar_url": "https://avatars.githubusercontent.com/u/46398915?v=4",
        "gravatar_id": "",
        "url": "https://api.github.com/users/JavaQualitasCorpus",
        "html_url": "https://github.com/JavaQualitasCorpus",
        "followers_url": "https://api.github.com/users/JavaQualitasCorpus/followers",
        "following_url": "https://api.github.com/users/JavaQualitasCorpus/following{/other_user}",
        "gists_url": "https://api.github.com/users/JavaQualitasCorpus/gists{/gist_id}",
        "starred_url": "https://api.github.com/users/JavaQualitasCorpus/starred{/owner}{/repo}",
        "subscriptions_url": "https://api.github.com/users/JavaQualitasCorpus/subscriptions",
        "organizations_url": "https://api.github.com/users/JavaQualitasCorpus/orgs",
        "repos_url": "https://api.github.com/users/JavaQualitasCorpus/repos",
        "events_url": "https://api.github.com/users/JavaQualitasCorpus/events{/privacy}",
        "received_events_url": "https://api.github.com/users/JavaQualitasCorpus/received_events",
        "type": "Organization",
        "site_admin": false
    },
    "network_count": 1,
    "subscribers_count": 3
}