{
    "id": 347420230,
    "node_id": "MDEwOlJlcG9zaXRvcnkzNDc0MjAyMzA=",
    "name": "quarkus",
    "full_name": "moqimoqidea/quarkus",
    "private": false,
    "owner": {
        "login": "moqimoqidea",
        "id": 39821951,
        "node_id": "MDQ6VXNlcjM5ODIxOTUx",
        "avatar_url": "https://avatars.githubusercontent.com/u/39821951?v=4",
        "gravatar_id": "",
        "url": "https://api.github.com/users/moqimoqidea",
        "html_url": "https://github.com/moqimoqidea",
        "followers_url": "https://api.github.com/users/moqimoqidea/followers",
        "following_url": "https://api.github.com/users/moqimoqidea/following{/other_user}",
        "gists_url": "https://api.github.com/users/moqimoqidea/gists{/gist_id}",
        "starred_url": "https://api.github.com/users/moqimoqidea/starred{/owner}{/repo}",
        "subscriptions_url": "https://api.github.com/users/moqimoqidea/subscriptions",
        "organizations_url": "https://api.github.com/users/moqimoqidea/orgs",
        "repos_url": "https://api.github.com/users/moqimoqidea/repos",
        "events_url": "https://api.github.com/users/moqimoqidea/events{/privacy}",
        "received_events_url": "https://api.github.com/users/moqimoqidea/received_events",
        "type": "User",
        "site_admin": false
    },
    "html_url": "https://github.com/moqimoqidea/quarkus",
    "description": "Quarkus: Supersonic Subatomic Java. ",
    "fork": true,
    "url": "https://api.github.com/repos/moqimoqidea/quarkus",
    "forks_url": "https://api.github.com/repos/moqimoqidea/quarkus/forks",
    "keys_url": "https://api.github.com/repos/moqimoqidea/quarkus/keys{/key_id}",
    "collaborators_url": "https://api.github.com/repos/moqimoqidea/quarkus/collaborators{/collaborator}",
    "teams_url": "https://api.github.com/repos/moqimoqidea/quarkus/teams",
    "hooks_url": "https://api.github.com/repos/moqimoqidea/quarkus/hooks",
    "issue_events_url": "https://api.github.com/repos/moqimoqidea/quarkus/issues/events{/number}",
    "events_url": "https://api.github.com/repos/moqimoqidea/quarkus/events",
    "assignees_url": "https://api.github.com/repos/moqimoqidea/quarkus/assignees{/user}",
    "branches_url": "https://api.github.com/repos/moqimoqidea/quarkus/branches{/branch}",
    "tags_url": "https://api.github.com/repos/moqimoqidea/quarkus/tags",
    "blobs_url": "https://api.github.com/repos/moqimoqidea/quarkus/git/blobs{/sha}",
    "git_tags_url": "https://api.github.com/repos/moqimoqidea/quarkus/git/tags{/sha}",
    "git_refs_url": "https://api.github.com/repos/moqimoqidea/quarkus/git/refs{/sha}",
    "trees_url": "https://api.github.com/repos/moqimoqidea/quarkus/git/trees{/sha}",
    "statuses_url": "https://api.github.com/repos/moqimoqidea/quarkus/statuses/{sha}",
    "languages_url": "https://api.github.com/repos/moqimoqidea/quarkus/languages",
    "stargazers_url": "https://api.github.com/repos/moqimoqidea/quarkus/stargazers",
    "contributors_url": "https://api.github.com/repos/moqimoqidea/quarkus/contributors",
    "subscribers_url": "https://api.github.com/repos/moqimoqidea/quarkus/subscribers",
    "subscription_url": "https://api.github.com/repos/moqimoqidea/quarkus/subscription",
    "commits_url": "https://api.github.com/repos/moqimoqidea/quarkus/commits{/sha}",
    "git_commits_url": "https://api.github.com/repos/moqimoqidea/quarkus/git/commits{/sha}",
    "comments_url": "https://api.github.com/repos/moqimoqidea/quarkus/comments{/number}",
    "issue_comment_url": "https://api.github.com/repos/moqimoqidea/quarkus/issues/comments{/number}",
    "contents_url": "https://api.github.com/repos/moqimoqidea/quarkus/contents/{+path}",
    "compare_url": "https://api.github.com/repos/moqimoqidea/quarkus/compare/{base}...{head}",
    "merges_url": "https://api.github.com/repos/moqimoqidea/quarkus/merges",
    "archive_url": "https://api.github.com/repos/moqimoqidea/quarkus/{archive_format}{/ref}",
    "downloads_url": "https://api.github.com/repos/moqimoqidea/quarkus/downloads",
    "issues_url": "https://api.github.com/repos/moqimoqidea/quarkus/issues{/number}",
    "pulls_url": "https://api.github.com/repos/moqimoqidea/quarkus/pulls{/number}",
    "milestones_url": "https://api.github.com/repos/moqimoqidea/quarkus/milestones{/number}",
    "notifications_url": "https://api.github.com/repos/moqimoqidea/quarkus/notifications{?since,all,participating}",
    "labels_url": "https://api.github.com/repos/moqimoqidea/quarkus/labels{/name}",
    "releases_url": "https://api.github.com/repos/moqimoqidea/quarkus/releases{/id}",
    "deployments_url": "https://api.github.com/repos/moqimoqidea/quarkus/deployments",
    "created_at": "2021-03-13T16:26:35Z",
    "updated_at": "2021-12-30T08:50:29Z",
    "pushed_at": "2024-04-29T15:15:54Z",
    "git_url": "git://github.com/moqimoqidea/quarkus.git",
    "ssh_url": "git@github.com:moqimoqidea/quarkus.git",
    "clone_url": "https://github.com/moqimoqidea/quarkus.git",
    "svn_url": "https://github.com/moqimoqidea/quarkus",
    "homepage": "https://quarkus.io",
    "size": 202448,
    "stargazers_count": 0,
    "watchers_count": 0,
    "language": "Java",
    "has_issues": false,
    "has_projects": true,
    "has_downloads": true,
    "has_wiki": true,
    "has_pages": false,
    "has_discussions": false,
    "forks_count": 0,
    "mirror_url": null,
    "archived": false,
    "disabled": false,
    "open_issues_count": 1,
    "license": {
        "key": "apache-2.0",
        "name": "Apache License 2.0",
        "spdx_id": "Apache-2.0",
        "url": "https://api.github.com/licenses/apache-2.0",
        "node_id": "MDc6TGljZW5zZTI="
    },
    "allow_forking": true,
    "is_template": false,
    "web_commit_signoff_required": false,
    "topics": [],
    "visibility": "public",
    "forks": 0,
    "open_issues": 1,
    "watchers": 0,
    "default_branch": "main",
    "permissions": {
        "admin": false,
        "maintain": false,
        "push": false,
        "triage": false,
        "pull": true
    },
    "temp_clone_token": "",
    "parent": {
        "id": 139914932,
        "node_id": "MDEwOlJlcG9zaXRvcnkxMzk5MTQ5MzI=",
        "name": "quarkus",
        "full_name": "quarkusio/quarkus",
        "private": false,
        "owner": {
            "login": "quarkusio",
            "id": 47638783,
            "node_id": "MDEyOk9yZ2FuaXphdGlvbjQ3NjM4Nzgz",
            "avatar_url": "https://avatars.githubusercontent.com/u/47638783?v=4",
            "gravatar_id": "",
            "url": "https://api.github.com/users/quarkusio",
            "html_url": "https://github.com/quarkusio",
            "followers_url": "https://api.github.com/users/quarkusio/followers",
            "following_url": "https://api.github.com/users/quarkusio/following{/other_user}",
            "gists_url": "https://api.github.com/users/quarkusio/gists{/gist_id}",
            "starred_url": "https://api.github.com/users/quarkusio/starred{/owner}{/repo}",
            "subscriptions_url": "https://api.github.com/users/quarkusio/subscriptions",
            "organizations_url": "https://api.github.com/users/quarkusio/orgs",
            "repos_url": "https://api.github.com/users/quarkusio/repos",
            "events_url": "https://api.github.com/users/quarkusio/events{/privacy}",
            "received_events_url": "https://api.github.com/users/quarkusio/received_events",
            "type": "Organization",
            "site_admin": false
        },
        "html_url": "https://github.com/quarkusio/quarkus",
        "description": "Quarkus: Supersonic Subatomic Java. ",
        "fork": false,
        "url": "https://api.github.com/repos/quarkusio/quarkus",
        "forks_url": "https://api.github.com/repos/quarkusio/quarkus/forks",
        "keys_url": "https://api.github.com/repos/quarkusio/quarkus/keys{/key_id}",
        "collaborators_url": "https://api.github.com/repos/quarkusio/quarkus/collaborators{/collaborator}",
        "teams_url": "https://api.github.com/repos/quarkusio/quarkus/teams",
        "hooks_url": "https://api.github.com/repos/quarkusio/quarkus/hooks",
        "issue_events_url": "https://api.github.com/repos/quarkusio/quarkus/issues/events{/number}",
        "events_url": "https://api.github.com/repos/quarkusio/quarkus/events",
        "assignees_url": "https://api.github.com/repos/quarkusio/quarkus/assignees{/user}",
        "branches_url": "https://api.github.com/repos/quarkusio/quarkus/branches{/branch}",
        "tags_url": "https://api.github.com/repos/quarkusio/quarkus/tags",
        "blobs_url": "https://api.github.com/repos/quarkusio/quarkus/git/blobs{/sha}",
        "git_tags_url": "https://api.github.com/repos/quarkusio/quarkus/git/tags{/sha}",
        "git_refs_url": "https://api.github.com/repos/quarkusio/quarkus/git/refs{/sha}",
        "trees_url": "https://api.github.com/repos/quarkusio/quarkus/git/trees{/sha}",
        "statuses_url": "https://api.github.com/repos/quarkusio/quarkus/statuses/{sha}",
        "languages_url": "https://api.github.com/repos/quarkusio/quarkus/languages",
        "stargazers_url": "https://api.github.com/repos/quarkusio/quarkus/stargazers",
        "contributors_url": "https://api.github.com/repos/quarkusio/quarkus/contributors",
        "subscribers_url": "https://api.github.com/repos/quarkusio/quarkus/subscribers",
        "subscription_url": "https://api.github.com/repos/quarkusio/quarkus/subscription",
        "commits_url": "https://api.github.com/repos/quarkusio/quarkus/commits{/sha}",
        "git_commits_url": "https://api.github.com/repos/quarkusio/quarkus/git/commits{/sha}",
        "comments_url": "https://api.github.com/repos/quarkusio/quarkus/comments{/number}",
        "issue_comment_url": "https://api.github.com/repos/quarkusio/quarkus/issues/comments{/number}",
        "contents_url": "https://api.github.com/repos/quarkusio/quarkus/contents/{+path}",
        "compare_url": "https://api.github.com/repos/quarkusio/quarkus/compare/{base}...{head}",
        "merges_url": "https://api.github.com/repos/quarkusio/quarkus/merges",
        "archive_url": "https://api.github.com/repos/quarkusio/quarkus/{archive_format}{/ref}",
        "downloads_url": "https://api.github.com/repos/quarkusio/quarkus/downloads",
        "issues_url": "https://api.github.com/repos/quarkusio/quarkus/issues{/number}",
        "pulls_url": "https://api.github.com/repos/quarkusio/quarkus/pulls{/number}",
        "milestones_url": "https://api.github.com/repos/quarkusio/quarkus/milestones{/number}",
        "notifications_url": "https://api.github.com/repos/quarkusio/quarkus/notifications{?since,all,participating}",
        "labels_url": "https://api.github.com/repos/quarkusio/quarkus/labels{/name}",
        "releases_url": "https://api.github.com/repos/quarkusio/quarkus/releases{/id}",
        "deployments_url": "https://api.github.com/repos/quarkusio/quarkus/deployments",
        "created_at": "2018-07-06T00:44:20Z",
        "updated_at": "2024-04-29T18:25:09Z",
        "pushed_at": "2024-04-29T21:27:35Z",
        "git_url": "git://github.com/quarkusio/quarkus.git",
        "ssh_url": "git@github.com:quarkusio/quarkus.git",
        "clone_url": "https://github.com/quarkusio/quarkus.git",
        "svn_url": "https://github.com/quarkusio/quarkus",
        "homepage": "https://quarkus.io",
        "size": 308117,
        "stargazers_count": 13112,
        "watchers_count": 13112,
        "language": "Java",
        "has_issues": true,
        "has_projects": true,
        "has_downloads": true,
        "has_wiki": true,
        "has_pages": false,
        "has_discussions": true,
        "forks_count": 2497,
        "mirror_url": null,
        "archived": false,
        "disabled": false,
        "open_issues_count": 2590,
        "license": {
            "key": "apache-2.0",
            "name": "Apache License 2.0",
            "spdx_id": "Apache-2.0",
            "url": "https://api.github.com/licenses/apache-2.0",
            "node_id": "MDc6TGljZW5zZTI="
        },
        "allow_forking": true,
        "is_template": false,
        "web_commit_signoff_required": false,
        "topics": [
            "cloud-native",
            "hacktoberfest",
            "java",
            "kubernetes",
            "reactive"
        ],
        "visibility": "public",
        "forks": 2497,
        "open_issues": 2590,
        "watchers": 13112,
        "default_branch": "main"
    },
    "source": {
        "id": 139914932,
        "node_id": "MDEwOlJlcG9zaXRvcnkxMzk5MTQ5MzI=",
        "name": "quarkus",
        "full_name": "quarkusio/quarkus",
        "private": false,
        "owner": {
            "login": "quarkusio",
            "id": 47638783,
            "node_id": "MDEyOk9yZ2FuaXphdGlvbjQ3NjM4Nzgz",
            "avatar_url": "https://avatars.githubusercontent.com/u/47638783?v=4",
            "gravatar_id": "",
            "url": "https://api.github.com/users/quarkusio",
            "html_url": "https://github.com/quarkusio",
            "followers_url": "https://api.github.com/users/quarkusio/followers",
            "following_url": "https://api.github.com/users/quarkusio/following{/other_user}",
            "gists_url": "https://api.github.com/users/quarkusio/gists{/gist_id}",
            "starred_url": "https://api.github.com/users/quarkusio/starred{/owner}{/repo}",
            "subscriptions_url": "https://api.github.com/users/quarkusio/subscriptions",
            "organizations_url": "https://api.github.com/users/quarkusio/orgs",
            "repos_url": "https://api.github.com/users/quarkusio/repos",
            "events_url": "https://api.github.com/users/quarkusio/events{/privacy}",
            "received_events_url": "https://api.github.com/users/quarkusio/received_events",
            "type": "Organization",
            "site_admin": false
        },
        "html_url": "https://github.com/quarkusio/quarkus",
        "description": "Quarkus: Supersonic Subatomic Java. ",
        "fork": false,
        "url": "https://api.github.com/repos/quarkusio/quarkus",
        "forks_url": "https://api.github.com/repos/quarkusio/quarkus/forks",
        "keys_url": "https://api.github.com/repos/quarkusio/quarkus/keys{/key_id}",
        "collaborators_url": "https://api.github.com/repos/quarkusio/quarkus/collaborators{/collaborator}",
        "teams_url": "https://api.github.com/repos/quarkusio/quarkus/teams",
        "hooks_url": "https://api.github.com/repos/quarkusio/quarkus/hooks",
        "issue_events_url": "https://api.github.com/repos/quarkusio/quarkus/issues/events{/number}",
        "events_url": "https://api.github.com/repos/quarkusio/quarkus/events",
        "assignees_url": "https://api.github.com/repos/quarkusio/quarkus/assignees{/user}",
        "branches_url": "https://api.github.com/repos/quarkusio/quarkus/branches{/branch}",
        "tags_url": "https://api.github.com/repos/quarkusio/quarkus/tags",
        "blobs_url": "https://api.github.com/repos/quarkusio/quarkus/git/blobs{/sha}",
        "git_tags_url": "https://api.github.com/repos/quarkusio/quarkus/git/tags{/sha}",
        "git_refs_url": "https://api.github.com/repos/quarkusio/quarkus/git/refs{/sha}",
        "trees_url": "https://api.github.com/repos/quarkusio/quarkus/git/trees{/sha}",
        "statuses_url": "https://api.github.com/repos/quarkusio/quarkus/statuses/{sha}",
        "languages_url": "https://api.github.com/repos/quarkusio/quarkus/languages",
        "stargazers_url": "https://api.github.com/repos/quarkusio/quarkus/stargazers",
        "contributors_url": "https://api.github.com/repos/quarkusio/quarkus/contributors",
        "subscribers_url": "https://api.github.com/repos/quarkusio/quarkus/subscribers",
        "subscription_url": "https://api.github.com/repos/quarkusio/quarkus/subscription",
        "commits_url": "https://api.github.com/repos/quarkusio/quarkus/commits{/sha}",
        "git_commits_url": "https://api.github.com/repos/quarkusio/quarkus/git/commits{/sha}",
        "comments_url": "https://api.github.com/repos/quarkusio/quarkus/comments{/number}",
        "issue_comment_url": "https://api.github.com/repos/quarkusio/quarkus/issues/comments{/number}",
        "contents_url": "https://api.github.com/repos/quarkusio/quarkus/contents/{+path}",
        "compare_url": "https://api.github.com/repos/quarkusio/quarkus/compare/{base}...{head}",
        "merges_url": "https://api.github.com/repos/quarkusio/quarkus/merges",
        "archive_url": "https://api.github.com/repos/quarkusio/quarkus/{archive_format}{/ref}",
        "downloads_url": "https://api.github.com/repos/quarkusio/quarkus/downloads",
        "issues_url": "https://api.github.com/repos/quarkusio/quarkus/issues{/number}",
        "pulls_url": "https://api.github.com/repos/quarkusio/quarkus/pulls{/number}",
        "milestones_url": "https://api.github.com/repos/quarkusio/quarkus/milestones{/number}",
        "notifications_url": "https://api.github.com/repos/quarkusio/quarkus/notifications{?since,all,participating}",
        "labels_url": "https://api.github.com/repos/quarkusio/quarkus/labels{/name}",
        "releases_url": "https://api.github.com/repos/quarkusio/quarkus/releases{/id}",
        "deployments_url": "https://api.github.com/repos/quarkusio/quarkus/deployments",
        "created_at": "2018-07-06T00:44:20Z",
        "updated_at": "2024-04-29T18:25:09Z",
        "pushed_at": "2024-04-29T21:27:35Z",
        "git_url": "git://github.com/quarkusio/quarkus.git",
        "ssh_url": "git@github.com:quarkusio/quarkus.git",
        "clone_url": "https://github.com/quarkusio/quarkus.git",
        "svn_url": "https://github.com/quarkusio/quarkus",
        "homepage": "https://quarkus.io",
        "size": 308117,
        "stargazers_count": 13112,
        "watchers_count": 13112,
        "language": "Java",
        "has_issues": true,
        "has_projects": true,
        "has_downloads": true,
        "has_wiki": true,
        "has_pages": false,
        "has_discussions": true,
        "forks_count": 2497,
        "mirror_url": null,
        "archived": false,
        "disabled": false,
        "open_issues_count": 2590,
        "license": {
            "key": "apache-2.0",
            "name": "Apache License 2.0",
            "spdx_id": "Apache-2.0",
            "url": "https://api.github.com/licenses/apache-2.0",
            "node_id": "MDc6TGljZW5zZTI="
        },
        "allow_forking": true,
        "is_template": false,
        "web_commit_signoff_required": false,
        "topics": [
            "cloud-native",
            "hacktoberfest",
            "java",
            "kubernetes",
            "reactive"
        ],
        "visibility": "public",
        "forks": 2497,
        "open_issues": 2590,
        "watchers": 13112,
        "default_branch": "main"
    },
    "network_count": 2497,
    "subscribers_count": 1
}