{
    "id": 204671396,
    "node_id": "MDEwOlJlcG9zaXRvcnkyMDQ2NzEzOTY=",
    "name": "springboot-learning",
    "full_name": "fuzongyao/springboot-learning",
    "private": false,
    "owner": {
        "login": "fuzongyao",
        "id": 29302421,
        "node_id": "MDQ6VXNlcjI5MzAyNDIx",
        "avatar_url": "https://avatars.githubusercontent.com/u/29302421?v=4",
        "gravatar_id": "",
        "url": "https://api.github.com/users/fuzongyao",
        "html_url": "https://github.com/fuzongyao",
        "followers_url": "https://api.github.com/users/fuzongyao/followers",
        "following_url": "https://api.github.com/users/fuzongyao/following{/other_user}",
        "gists_url": "https://api.github.com/users/fuzongyao/gists{/gist_id}",
        "starred_url": "https://api.github.com/users/fuzongyao/starred{/owner}{/repo}",
        "subscriptions_url": "https://api.github.com/users/fuzongyao/subscriptions",
        "organizations_url": "https://api.github.com/users/fuzongyao/orgs",
        "repos_url": "https://api.github.com/users/fuzongyao/repos",
        "events_url": "https://api.github.com/users/fuzongyao/events{/privacy}",
        "received_events_url": "https://api.github.com/users/fuzongyao/received_events",
        "type": "User",
        "site_admin": false
    },
    "html_url": "https://github.com/fuzongyao/springboot-learning",
    "description": "Springboot \u5b66\u4e60\u3001\u7814\u7a76\u3001\u5b9e\u8df5\uff0c\u4ece\u5f53\u524d\u6700\u65b0\u7248 2.1.7.RELEASE \u5f00\u59cb\uff0c\u5f53 springboot \u53d1\u5e03\u65b0\u7248\u672c\u65f6\uff0c\u540c\u6b65\u66f4\u65b0",
    "fork": false,
    "url": "https://api.github.com/repos/fuzongyao/springboot-learning",
    "forks_url": "https://api.github.com/repos/fuzongyao/springboot-learning/forks",
    "keys_url": "https://api.github.com/repos/fuzongyao/springboot-learning/keys{/key_id}",
    "collaborators_url": "https://api.github.com/repos/fuzongyao/springboot-learning/collaborators{/collaborator}",
    "teams_url": "https://api.github.com/repos/fuzongyao/springboot-learning/teams",
    "hooks_url": "https://api.github.com/repos/fuzongyao/springboot-learning/hooks",
    "issue_events_url": "https://api.github.com/repos/fuzongyao/springboot-learning/issues/events{/number}",
    "events_url": "https://api.github.com/repos/fuzongyao/springboot-learning/events",
    "assignees_url": "https://api.github.com/repos/fuzongyao/springboot-learning/assignees{/user}",
    "branches_url": "https://api.github.com/repos/fuzongyao/springboot-learning/branches{/branch}",
    "tags_url": "https://api.github.com/repos/fuzongyao/springboot-learning/tags",
    "blobs_url": "https://api.github.com/repos/fuzongyao/springboot-learning/git/blobs{/sha}",
    "git_tags_url": "https://api.github.com/repos/fuzongyao/springboot-learning/git/tags{/sha}",
    "git_refs_url": "https://api.github.com/repos/fuzongyao/springboot-learning/git/refs{/sha}",
    "trees_url": "https://api.github.com/repos/fuzongyao/springboot-learning/git/trees{/sha}",
    "statuses_url": "https://api.github.com/repos/fuzongyao/springboot-learning/statuses/{sha}",
    "languages_url": "https://api.github.com/repos/fuzongyao/springboot-learning/languages",
    "stargazers_url": "https://api.github.com/repos/fuzongyao/springboot-learning/stargazers",
    "contributors_url": "https://api.github.com/repos/fuzongyao/springboot-learning/contributors",
    "subscribers_url": "https://api.github.com/repos/fuzongyao/springboot-learning/subscribers",
    "subscription_url": "https://api.github.com/repos/fuzongyao/springboot-learning/subscription",
    "commits_url": "https://api.github.com/repos/fuzongyao/springboot-learning/commits{/sha}",
    "git_commits_url": "https://api.github.com/repos/fuzongyao/springboot-learning/git/commits{/sha}",
    "comments_url": "https://api.github.com/repos/fuzongyao/springboot-learning/comments{/number}",
    "issue_comment_url": "https://api.github.com/repos/fuzongyao/springboot-learning/issues/comments{/number}",
    "contents_url": "https://api.github.com/repos/fuzongyao/springboot-learning/contents/{+path}",
    "compare_url": "https://api.github.com/repos/fuzongyao/springboot-learning/compare/{base}...{head}",
    "merges_url": "https://api.github.com/repos/fuzongyao/springboot-learning/merges",
    "archive_url": "https://api.github.com/repos/fuzongyao/springboot-learning/{archive_format}{/ref}",
    "downloads_url": "https://api.github.com/repos/fuzongyao/springboot-learning/downloads",
    "issues_url": "https://api.github.com/repos/fuzongyao/springboot-learning/issues{/number}",
    "pulls_url": "https://api.github.com/repos/fuzongyao/springboot-learning/pulls{/number}",
    "milestones_url": "https://api.github.com/repos/fuzongyao/springboot-learning/milestones{/number}",
    "notifications_url": "https://api.github.com/repos/fuzongyao/springboot-learning/notifications{?since,all,participating}",
    "labels_url": "https://api.github.com/repos/fuzongyao/springboot-learning/labels{/name}",
    "releases_url": "https://api.github.com/repos/fuzongyao/springboot-learning/releases{/id}",
    "deployments_url": "https://api.github.com/repos/fuzongyao/springboot-learning/deployments",
    "created_at": "2019-08-27T09:44:49Z",
    "updated_at": "2021-05-20T03:25:19Z",
    "pushed_at": "2022-09-01T23:34:15Z",
    "git_url": "git://github.com/fuzongyao/springboot-learning.git",
    "ssh_url": "git@github.com:fuzongyao/springboot-learning.git",
    "clone_url": "https://github.com/fuzongyao/springboot-learning.git",
    "svn_url": "https://github.com/fuzongyao/springboot-learning",
    "homepage": null,
    "size": 53,
    "stargazers_count": 0,
    "watchers_count": 0,
    "language": "Java",
    "has_issues": true,
    "has_projects": true,
    "has_downloads": true,
    "has_wiki": true,
    "has_pages": false,
    "has_discussions": false,
    "forks_count": 0,
    "mirror_url": null,
    "archived": false,
    "disabled": false,
    "open_issues_count": 2,
    "license": {
        "key": "apache-2.0",
        "name": "Apache License 2.0",
        "spdx_id": "Apache-2.0",
        "url": "https://api.github.com/licenses/apache-2.0",
        "node_id": "MDc6TGljZW5zZTI="
    },
    "allow_forking": true,
    "is_template": false,
    "web_commit_signoff_required": false,
    "topics": [],
    "visibility": "public",
    "forks": 0,
    "open_issues": 2,
    "watchers": 0,
    "default_branch": "master",
    "permissions": {
        "admin": false,
        "maintain": false,
        "push": false,
        "triage": false,
        "pull": true
    },
    "temp_clone_token": "",
    "network_count": 0,
    "subscribers_count": 1
}