{
    "id": 155716155,
    "node_id": "MDEwOlJlcG9zaXRvcnkxNTU3MTYxNTU=",
    "name": "CLionArduinoPlugin",
    "full_name": "vsch/CLionArduinoPlugin",
    "private": false,
    "owner": {
        "login": "vsch",
        "id": 10299086,
        "node_id": "MDQ6VXNlcjEwMjk5MDg2",
        "avatar_url": "https://avatars.githubusercontent.com/u/10299086?v=4",
        "gravatar_id": "",
        "url": "https://api.github.com/users/vsch",
        "html_url": "https://github.com/vsch",
        "followers_url": "https://api.github.com/users/vsch/followers",
        "following_url": "https://api.github.com/users/vsch/following{/other_user}",
        "gists_url": "https://api.github.com/users/vsch/gists{/gist_id}",
        "starred_url": "https://api.github.com/users/vsch/starred{/owner}{/repo}",
        "subscriptions_url": "https://api.github.com/users/vsch/subscriptions",
        "organizations_url": "https://api.github.com/users/vsch/orgs",
        "repos_url": "https://api.github.com/users/vsch/repos",
        "events_url": "https://api.github.com/users/vsch/events{/privacy}",
        "received_events_url": "https://api.github.com/users/vsch/received_events",
        "type": "User",
        "site_admin": false
    },
    "html_url": "https://github.com/vsch/CLionArduinoPlugin",
    "description": "A plugin for CLion that enables arduino-cmake integration.",
    "fork": true,
    "url": "https://api.github.com/repos/vsch/CLionArduinoPlugin",
    "forks_url": "https://api.github.com/repos/vsch/CLionArduinoPlugin/forks",
    "keys_url": "https://api.github.com/repos/vsch/CLionArduinoPlugin/keys{/key_id}",
    "collaborators_url": "https://api.github.com/repos/vsch/CLionArduinoPlugin/collaborators{/collaborator}",
    "teams_url": "https://api.github.com/repos/vsch/CLionArduinoPlugin/teams",
    "hooks_url": "https://api.github.com/repos/vsch/CLionArduinoPlugin/hooks",
    "issue_events_url": "https://api.github.com/repos/vsch/CLionArduinoPlugin/issues/events{/number}",
    "events_url": "https://api.github.com/repos/vsch/CLionArduinoPlugin/events",
    "assignees_url": "https://api.github.com/repos/vsch/CLionArduinoPlugin/assignees{/user}",
    "branches_url": "https://api.github.com/repos/vsch/CLionArduinoPlugin/branches{/branch}",
    "tags_url": "https://api.github.com/repos/vsch/CLionArduinoPlugin/tags",
    "blobs_url": "https://api.github.com/repos/vsch/CLionArduinoPlugin/git/blobs{/sha}",
    "git_tags_url": "https://api.github.com/repos/vsch/CLionArduinoPlugin/git/tags{/sha}",
    "git_refs_url": "https://api.github.com/repos/vsch/CLionArduinoPlugin/git/refs{/sha}",
    "trees_url": "https://api.github.com/repos/vsch/CLionArduinoPlugin/git/trees{/sha}",
    "statuses_url": "https://api.github.com/repos/vsch/CLionArduinoPlugin/statuses/{sha}",
    "languages_url": "https://api.github.com/repos/vsch/CLionArduinoPlugin/languages",
    "stargazers_url": "https://api.github.com/repos/vsch/CLionArduinoPlugin/stargazers",
    "contributors_url": "https://api.github.com/repos/vsch/CLionArduinoPlugin/contributors",
    "subscribers_url": "https://api.github.com/repos/vsch/CLionArduinoPlugin/subscribers",
    "subscription_url": "https://api.github.com/repos/vsch/CLionArduinoPlugin/subscription",
    "commits_url": "https://api.github.com/repos/vsch/CLionArduinoPlugin/commits{/sha}",
    "git_commits_url": "https://api.github.com/repos/vsch/CLionArduinoPlugin/git/commits{/sha}",
    "comments_url": "https://api.github.com/repos/vsch/CLionArduinoPlugin/comments{/number}",
    "issue_comment_url": "https://api.github.com/repos/vsch/CLionArduinoPlugin/issues/comments{/number}",
    "contents_url": "https://api.github.com/repos/vsch/CLionArduinoPlugin/contents/{+path}",
    "compare_url": "https://api.github.com/repos/vsch/CLionArduinoPlugin/compare/{base}...{head}",
    "merges_url": "https://api.github.com/repos/vsch/CLionArduinoPlugin/merges",
    "archive_url": "https://api.github.com/repos/vsch/CLionArduinoPlugin/{archive_format}{/ref}",
    "downloads_url": "https://api.github.com/repos/vsch/CLionArduinoPlugin/downloads",
    "issues_url": "https://api.github.com/repos/vsch/CLionArduinoPlugin/issues{/number}",
    "pulls_url": "https://api.github.com/repos/vsch/CLionArduinoPlugin/pulls{/number}",
    "milestones_url": "https://api.github.com/repos/vsch/CLionArduinoPlugin/milestones{/number}",
    "notifications_url": "https://api.github.com/repos/vsch/CLionArduinoPlugin/notifications{?since,all,participating}",
    "labels_url": "https://api.github.com/repos/vsch/CLionArduinoPlugin/labels{/name}",
    "releases_url": "https://api.github.com/repos/vsch/CLionArduinoPlugin/releases{/id}",
    "deployments_url": "https://api.github.com/repos/vsch/CLionArduinoPlugin/deployments",
    "created_at": "2018-11-01T13:05:08Z",
    "updated_at": "2024-04-19T01:44:09Z",
    "pushed_at": "2023-05-03T20:19:02Z",
    "git_url": "git://github.com/vsch/CLionArduinoPlugin.git",
    "ssh_url": "git@github.com:vsch/CLionArduinoPlugin.git",
    "clone_url": "https://github.com/vsch/CLionArduinoPlugin.git",
    "svn_url": "https://github.com/vsch/CLionArduinoPlugin",
    "homepage": null,
    "size": 73431,
    "stargazers_count": 64,
    "watchers_count": 64,
    "language": "Java",
    "has_issues": true,
    "has_projects": true,
    "has_downloads": true,
    "has_wiki": true,
    "has_pages": false,
    "has_discussions": true,
    "forks_count": 11,
    "mirror_url": null,
    "archived": false,
    "disabled": false,
    "open_issues_count": 49,
    "license": {
        "key": "apache-2.0",
        "name": "Apache License 2.0",
        "spdx_id": "Apache-2.0",
        "url": "https://api.github.com/licenses/apache-2.0",
        "node_id": "MDc6TGljZW5zZTI="
    },
    "allow_forking": true,
    "is_template": false,
    "web_commit_signoff_required": false,
    "topics": [
        "arduino-ide",
        "clion",
        "jetbrains-plugin"
    ],
    "visibility": "public",
    "forks": 11,
    "open_issues": 49,
    "watchers": 64,
    "default_branch": "master",
    "permissions": {
        "admin": false,
        "maintain": false,
        "push": false,
        "triage": false,
        "pull": true
    },
    "temp_clone_token": "",
    "parent": {
        "id": 78358408,
        "node_id": "MDEwOlJlcG9zaXRvcnk3ODM1ODQwOA==",
        "name": "CLionArduinoPlugin",
        "full_name": "rjuang/CLionArduinoPlugin",
        "private": false,
        "owner": {
            "login": "rjuang",
            "id": 1617608,
            "node_id": "MDQ6VXNlcjE2MTc2MDg=",
            "avatar_url": "https://avatars.githubusercontent.com/u/1617608?v=4",
            "gravatar_id": "",
            "url": "https://api.github.com/users/rjuang",
            "html_url": "https://github.com/rjuang",
            "followers_url": "https://api.github.com/users/rjuang/followers",
            "following_url": "https://api.github.com/users/rjuang/following{/other_user}",
            "gists_url": "https://api.github.com/users/rjuang/gists{/gist_id}",
            "starred_url": "https://api.github.com/users/rjuang/starred{/owner}{/repo}",
            "subscriptions_url": "https://api.github.com/users/rjuang/subscriptions",
            "organizations_url": "https://api.github.com/users/rjuang/orgs",
            "repos_url": "https://api.github.com/users/rjuang/repos",
            "events_url": "https://api.github.com/users/rjuang/events{/privacy}",
            "received_events_url": "https://api.github.com/users/rjuang/received_events",
            "type": "User",
            "site_admin": false
        },
        "html_url": "https://github.com/rjuang/CLionArduinoPlugin",
        "description": "A plugin for CLion that enables arduino-cmake integration.",
        "fork": true,
        "url": "https://api.github.com/repos/rjuang/CLionArduinoPlugin",
        "forks_url": "https://api.github.com/repos/rjuang/CLionArduinoPlugin/forks",
        "keys_url": "https://api.github.com/repos/rjuang/CLionArduinoPlugin/keys{/key_id}",
        "collaborators_url": "https://api.github.com/repos/rjuang/CLionArduinoPlugin/collaborators{/collaborator}",
        "teams_url": "https://api.github.com/repos/rjuang/CLionArduinoPlugin/teams",
        "hooks_url": "https://api.github.com/repos/rjuang/CLionArduinoPlugin/hooks",
        "issue_events_url": "https://api.github.com/repos/rjuang/CLionArduinoPlugin/issues/events{/number}",
        "events_url": "https://api.github.com/repos/rjuang/CLionArduinoPlugin/events",
        "assignees_url": "https://api.github.com/repos/rjuang/CLionArduinoPlugin/assignees{/user}",
        "branches_url": "https://api.github.com/repos/rjuang/CLionArduinoPlugin/branches{/branch}",
        "tags_url": "https://api.github.com/repos/rjuang/CLionArduinoPlugin/tags",
        "blobs_url": "https://api.github.com/repos/rjuang/CLionArduinoPlugin/git/blobs{/sha}",
        "git_tags_url": "https://api.github.com/repos/rjuang/CLionArduinoPlugin/git/tags{/sha}",
        "git_refs_url": "https://api.github.com/repos/rjuang/CLionArduinoPlugin/git/refs{/sha}",
        "trees_url": "https://api.github.com/repos/rjuang/CLionArduinoPlugin/git/trees{/sha}",
        "statuses_url": "https://api.github.com/repos/rjuang/CLionArduinoPlugin/statuses/{sha}",
        "languages_url": "https://api.github.com/repos/rjuang/CLionArduinoPlugin/languages",
        "stargazers_url": "https://api.github.com/repos/rjuang/CLionArduinoPlugin/stargazers",
        "contributors_url": "https://api.github.com/repos/rjuang/CLionArduinoPlugin/contributors",
        "subscribers_url": "https://api.github.com/repos/rjuang/CLionArduinoPlugin/subscribers",
        "subscription_url": "https://api.github.com/repos/rjuang/CLionArduinoPlugin/subscription",
        "commits_url": "https://api.github.com/repos/rjuang/CLionArduinoPlugin/commits{/sha}",
        "git_commits_url": "https://api.github.com/repos/rjuang/CLionArduinoPlugin/git/commits{/sha}",
        "comments_url": "https://api.github.com/repos/rjuang/CLionArduinoPlugin/comments{/number}",
        "issue_comment_url": "https://api.github.com/repos/rjuang/CLionArduinoPlugin/issues/comments{/number}",
        "contents_url": "https://api.github.com/repos/rjuang/CLionArduinoPlugin/contents/{+path}",
        "compare_url": "https://api.github.com/repos/rjuang/CLionArduinoPlugin/compare/{base}...{head}",
        "merges_url": "https://api.github.com/repos/rjuang/CLionArduinoPlugin/merges",
        "archive_url": "https://api.github.com/repos/rjuang/CLionArduinoPlugin/{archive_format}{/ref}",
        "downloads_url": "https://api.github.com/repos/rjuang/CLionArduinoPlugin/downloads",
        "issues_url": "https://api.github.com/repos/rjuang/CLionArduinoPlugin/issues{/number}",
        "pulls_url": "https://api.github.com/repos/rjuang/CLionArduinoPlugin/pulls{/number}",
        "milestones_url": "https://api.github.com/repos/rjuang/CLionArduinoPlugin/milestones{/number}",
        "notifications_url": "https://api.github.com/repos/rjuang/CLionArduinoPlugin/notifications{?since,all,participating}",
        "labels_url": "https://api.github.com/repos/rjuang/CLionArduinoPlugin/labels{/name}",
        "releases_url": "https://api.github.com/repos/rjuang/CLionArduinoPlugin/releases{/id}",
        "deployments_url": "https://api.github.com/repos/rjuang/CLionArduinoPlugin/deployments",
        "created_at": "2017-01-08T17:15:54Z",
        "updated_at": "2021-11-23T01:51:14Z",
        "pushed_at": "2017-08-30T05:37:12Z",
        "git_url": "git://github.com/rjuang/CLionArduinoPlugin.git",
        "ssh_url": "git@github.com:rjuang/CLionArduinoPlugin.git",
        "clone_url": "https://github.com/rjuang/CLionArduinoPlugin.git",
        "svn_url": "https://github.com/rjuang/CLionArduinoPlugin",
        "homepage": null,
        "size": 4121,
        "stargazers_count": 39,
        "watchers_count": 39,
        "language": "Java",
        "has_issues": true,
        "has_projects": true,
        "has_downloads": true,
        "has_wiki": true,
        "has_pages": false,
        "has_discussions": false,
        "forks_count": 6,
        "mirror_url": null,
        "archived": false,
        "disabled": false,
        "open_issues_count": 4,
        "license": null,
        "allow_forking": true,
        "is_template": false,
        "web_commit_signoff_required": false,
        "topics": [],
        "visibility": "public",
        "forks": 6,
        "open_issues": 4,
        "watchers": 39,
        "default_branch": "master"
    },
    "source": {
        "id": 40137311,
        "node_id": "MDEwOlJlcG9zaXRvcnk0MDEzNzMxMQ==",
        "name": "CLionArduinoPlugin",
        "full_name": "francoiscampbell/CLionArduinoPlugin",
        "private": false,
        "owner": {
            "login": "francoiscampbell",
            "id": 3876970,
            "node_id": "MDQ6VXNlcjM4NzY5NzA=",
            "avatar_url": "https://avatars.githubusercontent.com/u/3876970?v=4",
            "gravatar_id": "",
            "url": "https://api.github.com/users/francoiscampbell",
            "html_url": "https://github.com/francoiscampbell",
            "followers_url": "https://api.github.com/users/francoiscampbell/followers",
            "following_url": "https://api.github.com/users/francoiscampbell/following{/other_user}",
            "gists_url": "https://api.github.com/users/francoiscampbell/gists{/gist_id}",
            "starred_url": "https://api.github.com/users/francoiscampbell/starred{/owner}{/repo}",
            "subscriptions_url": "https://api.github.com/users/francoiscampbell/subscriptions",
            "organizations_url": "https://api.github.com/users/francoiscampbell/orgs",
            "repos_url": "https://api.github.com/users/francoiscampbell/repos",
            "events_url": "https://api.github.com/users/francoiscampbell/events{/privacy}",
            "received_events_url": "https://api.github.com/users/francoiscampbell/received_events",
            "type": "User",
            "site_admin": false
        },
        "html_url": "https://github.com/francoiscampbell/CLionArduinoPlugin",
        "description": "A plugin for CLion that enables arduino-cmake integration.",
        "fork": false,
        "url": "https://api.github.com/repos/francoiscampbell/CLionArduinoPlugin",
        "forks_url": "https://api.github.com/repos/francoiscampbell/CLionArduinoPlugin/forks",
        "keys_url": "https://api.github.com/repos/francoiscampbell/CLionArduinoPlugin/keys{/key_id}",
        "collaborators_url": "https://api.github.com/repos/francoiscampbell/CLionArduinoPlugin/collaborators{/collaborator}",
        "teams_url": "https://api.github.com/repos/francoiscampbell/CLionArduinoPlugin/teams",
        "hooks_url": "https://api.github.com/repos/francoiscampbell/CLionArduinoPlugin/hooks",
        "issue_events_url": "https://api.github.com/repos/francoiscampbell/CLionArduinoPlugin/issues/events{/number}",
        "events_url": "https://api.github.com/repos/francoiscampbell/CLionArduinoPlugin/events",
        "assignees_url": "https://api.github.com/repos/francoiscampbell/CLionArduinoPlugin/assignees{/user}",
        "branches_url": "https://api.github.com/repos/francoiscampbell/CLionArduinoPlugin/branches{/branch}",
        "tags_url": "https://api.github.com/repos/francoiscampbell/CLionArduinoPlugin/tags",
        "blobs_url": "https://api.github.com/repos/francoiscampbell/CLionArduinoPlugin/git/blobs{/sha}",
        "git_tags_url": "https://api.github.com/repos/francoiscampbell/CLionArduinoPlugin/git/tags{/sha}",
        "git_refs_url": "https://api.github.com/repos/francoiscampbell/CLionArduinoPlugin/git/refs{/sha}",
        "trees_url": "https://api.github.com/repos/francoiscampbell/CLionArduinoPlugin/git/trees{/sha}",
        "statuses_url": "https://api.github.com/repos/francoiscampbell/CLionArduinoPlugin/statuses/{sha}",
        "languages_url": "https://api.github.com/repos/francoiscampbell/CLionArduinoPlugin/languages",
        "stargazers_url": "https://api.github.com/repos/francoiscampbell/CLionArduinoPlugin/stargazers",
        "contributors_url": "https://api.github.com/repos/francoiscampbell/CLionArduinoPlugin/contributors",
        "subscribers_url": "https://api.github.com/repos/francoiscampbell/CLionArduinoPlugin/subscribers",
        "subscription_url": "https://api.github.com/repos/francoiscampbell/CLionArduinoPlugin/subscription",
        "commits_url": "https://api.github.com/repos/francoiscampbell/CLionArduinoPlugin/commits{/sha}",
        "git_commits_url": "https://api.github.com/repos/francoiscampbell/CLionArduinoPlugin/git/commits{/sha}",
        "comments_url": "https://api.github.com/repos/francoiscampbell/CLionArduinoPlugin/comments{/number}",
        "issue_comment_url": "https://api.github.com/repos/francoiscampbell/CLionArduinoPlugin/issues/comments{/number}",
        "contents_url": "https://api.github.com/repos/francoiscampbell/CLionArduinoPlugin/contents/{+path}",
        "compare_url": "https://api.github.com/repos/francoiscampbell/CLionArduinoPlugin/compare/{base}...{head}",
        "merges_url": "https://api.github.com/repos/francoiscampbell/CLionArduinoPlugin/merges",
        "archive_url": "https://api.github.com/repos/francoiscampbell/CLionArduinoPlugin/{archive_format}{/ref}",
        "downloads_url": "https://api.github.com/repos/francoiscampbell/CLionArduinoPlugin/downloads",
        "issues_url": "https://api.github.com/repos/francoiscampbell/CLionArduinoPlugin/issues{/number}",
        "pulls_url": "https://api.github.com/repos/francoiscampbell/CLionArduinoPlugin/pulls{/number}",
        "milestones_url": "https://api.github.com/repos/francoiscampbell/CLionArduinoPlugin/milestones{/number}",
        "notifications_url": "https://api.github.com/repos/francoiscampbell/CLionArduinoPlugin/notifications{?since,all,participating}",
        "labels_url": "https://api.github.com/repos/francoiscampbell/CLionArduinoPlugin/labels{/name}",
        "releases_url": "https://api.github.com/repos/francoiscampbell/CLionArduinoPlugin/releases{/id}",
        "deployments_url": "https://api.github.com/repos/francoiscampbell/CLionArduinoPlugin/deployments",
        "created_at": "2015-08-03T17:05:38Z",
        "updated_at": "2024-03-09T13:00:24Z",
        "pushed_at": "2017-08-30T05:37:14Z",
        "git_url": "git://github.com/francoiscampbell/CLionArduinoPlugin.git",
        "ssh_url": "git@github.com:francoiscampbell/CLionArduinoPlugin.git",
        "clone_url": "https://github.com/francoiscampbell/CLionArduinoPlugin.git",
        "svn_url": "https://github.com/francoiscampbell/CLionArduinoPlugin",
        "homepage": null,
        "size": 1099,
        "stargazers_count": 155,
        "watchers_count": 155,
        "language": "Java",
        "has_issues": true,
        "has_projects": true,
        "has_downloads": true,
        "has_wiki": true,
        "has_pages": false,
        "has_discussions": false,
        "forks_count": 43,
        "mirror_url": null,
        "archived": false,
        "disabled": false,
        "open_issues_count": 34,
        "license": null,
        "allow_forking": true,
        "is_template": false,
        "web_commit_signoff_required": false,
        "topics": [],
        "visibility": "public",
        "forks": 43,
        "open_issues": 34,
        "watchers": 155,
        "default_branch": "master"
    },
    "network_count": 43,
    "subscribers_count": 7
}