{
    "id": 134075748,
    "node_id": "MDEwOlJlcG9zaXRvcnkxMzQwNzU3NDg=",
    "name": "manifold",
    "full_name": "vsch/manifold",
    "private": false,
    "owner": {
        "login": "vsch",
        "id": 10299086,
        "node_id": "MDQ6VXNlcjEwMjk5MDg2",
        "avatar_url": "https://avatars.githubusercontent.com/u/10299086?v=4",
        "gravatar_id": "",
        "url": "https://api.github.com/users/vsch",
        "html_url": "https://github.com/vsch",
        "followers_url": "https://api.github.com/users/vsch/followers",
        "following_url": "https://api.github.com/users/vsch/following{/other_user}",
        "gists_url": "https://api.github.com/users/vsch/gists{/gist_id}",
        "starred_url": "https://api.github.com/users/vsch/starred{/owner}{/repo}",
        "subscriptions_url": "https://api.github.com/users/vsch/subscriptions",
        "organizations_url": "https://api.github.com/users/vsch/orgs",
        "repos_url": "https://api.github.com/users/vsch/repos",
        "events_url": "https://api.github.com/users/vsch/events{/privacy}",
        "received_events_url": "https://api.github.com/users/vsch/received_events",
        "type": "User",
        "site_admin": false
    },
    "html_url": "https://github.com/vsch/manifold",
    "description": "A seamless Java extension framework providing Extension Methods, Structural Typing, and Meta-programming",
    "fork": true,
    "url": "https://api.github.com/repos/vsch/manifold",
    "forks_url": "https://api.github.com/repos/vsch/manifold/forks",
    "keys_url": "https://api.github.com/repos/vsch/manifold/keys{/key_id}",
    "collaborators_url": "https://api.github.com/repos/vsch/manifold/collaborators{/collaborator}",
    "teams_url": "https://api.github.com/repos/vsch/manifold/teams",
    "hooks_url": "https://api.github.com/repos/vsch/manifold/hooks",
    "issue_events_url": "https://api.github.com/repos/vsch/manifold/issues/events{/number}",
    "events_url": "https://api.github.com/repos/vsch/manifold/events",
    "assignees_url": "https://api.github.com/repos/vsch/manifold/assignees{/user}",
    "branches_url": "https://api.github.com/repos/vsch/manifold/branches{/branch}",
    "tags_url": "https://api.github.com/repos/vsch/manifold/tags",
    "blobs_url": "https://api.github.com/repos/vsch/manifold/git/blobs{/sha}",
    "git_tags_url": "https://api.github.com/repos/vsch/manifold/git/tags{/sha}",
    "git_refs_url": "https://api.github.com/repos/vsch/manifold/git/refs{/sha}",
    "trees_url": "https://api.github.com/repos/vsch/manifold/git/trees{/sha}",
    "statuses_url": "https://api.github.com/repos/vsch/manifold/statuses/{sha}",
    "languages_url": "https://api.github.com/repos/vsch/manifold/languages",
    "stargazers_url": "https://api.github.com/repos/vsch/manifold/stargazers",
    "contributors_url": "https://api.github.com/repos/vsch/manifold/contributors",
    "subscribers_url": "https://api.github.com/repos/vsch/manifold/subscribers",
    "subscription_url": "https://api.github.com/repos/vsch/manifold/subscription",
    "commits_url": "https://api.github.com/repos/vsch/manifold/commits{/sha}",
    "git_commits_url": "https://api.github.com/repos/vsch/manifold/git/commits{/sha}",
    "comments_url": "https://api.github.com/repos/vsch/manifold/comments{/number}",
    "issue_comment_url": "https://api.github.com/repos/vsch/manifold/issues/comments{/number}",
    "contents_url": "https://api.github.com/repos/vsch/manifold/contents/{+path}",
    "compare_url": "https://api.github.com/repos/vsch/manifold/compare/{base}...{head}",
    "merges_url": "https://api.github.com/repos/vsch/manifold/merges",
    "archive_url": "https://api.github.com/repos/vsch/manifold/{archive_format}{/ref}",
    "downloads_url": "https://api.github.com/repos/vsch/manifold/downloads",
    "issues_url": "https://api.github.com/repos/vsch/manifold/issues{/number}",
    "pulls_url": "https://api.github.com/repos/vsch/manifold/pulls{/number}",
    "milestones_url": "https://api.github.com/repos/vsch/manifold/milestones{/number}",
    "notifications_url": "https://api.github.com/repos/vsch/manifold/notifications{?since,all,participating}",
    "labels_url": "https://api.github.com/repos/vsch/manifold/labels{/name}",
    "releases_url": "https://api.github.com/repos/vsch/manifold/releases{/id}",
    "deployments_url": "https://api.github.com/repos/vsch/manifold/deployments",
    "created_at": "2018-05-19T15:47:59Z",
    "updated_at": "2021-03-18T13:55:39Z",
    "pushed_at": "2018-05-19T16:50:31Z",
    "git_url": "git://github.com/vsch/manifold.git",
    "ssh_url": "git@github.com:vsch/manifold.git",
    "clone_url": "https://github.com/vsch/manifold.git",
    "svn_url": "https://github.com/vsch/manifold",
    "homepage": "http://manifold.systems/",
    "size": 50097,
    "stargazers_count": 1,
    "watchers_count": 1,
    "language": "Java",
    "has_issues": false,
    "has_projects": true,
    "has_downloads": true,
    "has_wiki": true,
    "has_pages": false,
    "has_discussions": false,
    "forks_count": 0,
    "mirror_url": null,
    "archived": false,
    "disabled": false,
    "open_issues_count": 0,
    "license": {
        "key": "other",
        "name": "Other",
        "spdx_id": "NOASSERTION",
        "url": null,
        "node_id": "MDc6TGljZW5zZTA="
    },
    "allow_forking": true,
    "is_template": false,
    "web_commit_signoff_required": false,
    "topics": [],
    "visibility": "public",
    "forks": 0,
    "open_issues": 0,
    "watchers": 1,
    "default_branch": "master",
    "permissions": {
        "admin": false,
        "maintain": false,
        "push": false,
        "triage": false,
        "pull": true
    },
    "temp_clone_token": "",
    "parent": {
        "id": 93584426,
        "node_id": "MDEwOlJlcG9zaXRvcnk5MzU4NDQyNg==",
        "name": "manifold",
        "full_name": "manifold-systems/manifold",
        "private": false,
        "owner": {
            "login": "manifold-systems",
            "id": 29243006,
            "node_id": "MDEyOk9yZ2FuaXphdGlvbjI5MjQzMDA2",
            "avatar_url": "https://avatars.githubusercontent.com/u/29243006?v=4",
            "gravatar_id": "",
            "url": "https://api.github.com/users/manifold-systems",
            "html_url": "https://github.com/manifold-systems",
            "followers_url": "https://api.github.com/users/manifold-systems/followers",
            "following_url": "https://api.github.com/users/manifold-systems/following{/other_user}",
            "gists_url": "https://api.github.com/users/manifold-systems/gists{/gist_id}",
            "starred_url": "https://api.github.com/users/manifold-systems/starred{/owner}{/repo}",
            "subscriptions_url": "https://api.github.com/users/manifold-systems/subscriptions",
            "organizations_url": "https://api.github.com/users/manifold-systems/orgs",
            "repos_url": "https://api.github.com/users/manifold-systems/repos",
            "events_url": "https://api.github.com/users/manifold-systems/events{/privacy}",
            "received_events_url": "https://api.github.com/users/manifold-systems/received_events",
            "type": "Organization",
            "site_admin": false
        },
        "html_url": "https://github.com/manifold-systems/manifold",
        "description": "Manifold is a Java compiler plugin, its features include Metaprogramming, Properties, Extension Methods, Operator Overloading, Templates, a Preprocessor, and more.",
        "fork": false,
        "url": "https://api.github.com/repos/manifold-systems/manifold",
        "forks_url": "https://api.github.com/repos/manifold-systems/manifold/forks",
        "keys_url": "https://api.github.com/repos/manifold-systems/manifold/keys{/key_id}",
        "collaborators_url": "https://api.github.com/repos/manifold-systems/manifold/collaborators{/collaborator}",
        "teams_url": "https://api.github.com/repos/manifold-systems/manifold/teams",
        "hooks_url": "https://api.github.com/repos/manifold-systems/manifold/hooks",
        "issue_events_url": "https://api.github.com/repos/manifold-systems/manifold/issues/events{/number}",
        "events_url": "https://api.github.com/repos/manifold-systems/manifold/events",
        "assignees_url": "https://api.github.com/repos/manifold-systems/manifold/assignees{/user}",
        "branches_url": "https://api.github.com/repos/manifold-systems/manifold/branches{/branch}",
        "tags_url": "https://api.github.com/repos/manifold-systems/manifold/tags",
        "blobs_url": "https://api.github.com/repos/manifold-systems/manifold/git/blobs{/sha}",
        "git_tags_url": "https://api.github.com/repos/manifold-systems/manifold/git/tags{/sha}",
        "git_refs_url": "https://api.github.com/repos/manifold-systems/manifold/git/refs{/sha}",
        "trees_url": "https://api.github.com/repos/manifold-systems/manifold/git/trees{/sha}",
        "statuses_url": "https://api.github.com/repos/manifold-systems/manifold/statuses/{sha}",
        "languages_url": "https://api.github.com/repos/manifold-systems/manifold/languages",
        "stargazers_url": "https://api.github.com/repos/manifold-systems/manifold/stargazers",
        "contributors_url": "https://api.github.com/repos/manifold-systems/manifold/contributors",
        "subscribers_url": "https://api.github.com/repos/manifold-systems/manifold/subscribers",
        "subscription_url": "https://api.github.com/repos/manifold-systems/manifold/subscription",
        "commits_url": "https://api.github.com/repos/manifold-systems/manifold/commits{/sha}",
        "git_commits_url": "https://api.github.com/repos/manifold-systems/manifold/git/commits{/sha}",
        "comments_url": "https://api.github.com/repos/manifold-systems/manifold/comments{/number}",
        "issue_comment_url": "https://api.github.com/repos/manifold-systems/manifold/issues/comments{/number}",
        "contents_url": "https://api.github.com/repos/manifold-systems/manifold/contents/{+path}",
        "compare_url": "https://api.github.com/repos/manifold-systems/manifold/compare/{base}...{head}",
        "merges_url": "https://api.github.com/repos/manifold-systems/manifold/merges",
        "archive_url": "https://api.github.com/repos/manifold-systems/manifold/{archive_format}{/ref}",
        "downloads_url": "https://api.github.com/repos/manifold-systems/manifold/downloads",
        "issues_url": "https://api.github.com/repos/manifold-systems/manifold/issues{/number}",
        "pulls_url": "https://api.github.com/repos/manifold-systems/manifold/pulls{/number}",
        "milestones_url": "https://api.github.com/repos/manifold-systems/manifold/milestones{/number}",
        "notifications_url": "https://api.github.com/repos/manifold-systems/manifold/notifications{?since,all,participating}",
        "labels_url": "https://api.github.com/repos/manifold-systems/manifold/labels{/name}",
        "releases_url": "https://api.github.com/repos/manifold-systems/manifold/releases{/id}",
        "deployments_url": "https://api.github.com/repos/manifold-systems/manifold/deployments",
        "created_at": "2017-06-07T02:37:23Z",
        "updated_at": "2024-04-29T20:44:15Z",
        "pushed_at": "2024-04-28T21:59:47Z",
        "git_url": "git://github.com/manifold-systems/manifold.git",
        "ssh_url": "git@github.com:manifold-systems/manifold.git",
        "clone_url": "https://github.com/manifold-systems/manifold.git",
        "svn_url": "https://github.com/manifold-systems/manifold",
        "homepage": "http://manifold.systems/",
        "size": 126336,
        "stargazers_count": 2223,
        "watchers_count": 2223,
        "language": "Java",
        "has_issues": true,
        "has_projects": true,
        "has_downloads": true,
        "has_wiki": true,
        "has_pages": true,
        "has_discussions": false,
        "forks_count": 120,
        "mirror_url": null,
        "archived": false,
        "disabled": false,
        "open_issues_count": 66,
        "license": {
            "key": "apache-2.0",
            "name": "Apache License 2.0",
            "spdx_id": "Apache-2.0",
            "url": "https://api.github.com/licenses/apache-2.0",
            "node_id": "MDc6TGljZW5zZTI="
        },
        "allow_forking": true,
        "is_template": false,
        "web_commit_signoff_required": false,
        "topics": [
            "android-studio",
            "delegation",
            "duck-typing",
            "extension-methods",
            "graphql",
            "graphql-java",
            "intellij",
            "java",
            "java-development",
            "java-sql",
            "java-tooling",
            "js-java-interoperability",
            "json",
            "manifold",
            "metaprogramming",
            "preprocessor",
            "reflection-framework",
            "structural-typing",
            "template-engine",
            "type-providers"
        ],
        "visibility": "public",
        "forks": 120,
        "open_issues": 66,
        "watchers": 2223,
        "default_branch": "master"
    },
    "source": {
        "id": 93584426,
        "node_id": "MDEwOlJlcG9zaXRvcnk5MzU4NDQyNg==",
        "name": "manifold",
        "full_name": "manifold-systems/manifold",
        "private": false,
        "owner": {
            "login": "manifold-systems",
            "id": 29243006,
            "node_id": "MDEyOk9yZ2FuaXphdGlvbjI5MjQzMDA2",
            "avatar_url": "https://avatars.githubusercontent.com/u/29243006?v=4",
            "gravatar_id": "",
            "url": "https://api.github.com/users/manifold-systems",
            "html_url": "https://github.com/manifold-systems",
            "followers_url": "https://api.github.com/users/manifold-systems/followers",
            "following_url": "https://api.github.com/users/manifold-systems/following{/other_user}",
            "gists_url": "https://api.github.com/users/manifold-systems/gists{/gist_id}",
            "starred_url": "https://api.github.com/users/manifold-systems/starred{/owner}{/repo}",
            "subscriptions_url": "https://api.github.com/users/manifold-systems/subscriptions",
            "organizations_url": "https://api.github.com/users/manifold-systems/orgs",
            "repos_url": "https://api.github.com/users/manifold-systems/repos",
            "events_url": "https://api.github.com/users/manifold-systems/events{/privacy}",
            "received_events_url": "https://api.github.com/users/manifold-systems/received_events",
            "type": "Organization",
            "site_admin": false
        },
        "html_url": "https://github.com/manifold-systems/manifold",
        "description": "Manifold is a Java compiler plugin, its features include Metaprogramming, Properties, Extension Methods, Operator Overloading, Templates, a Preprocessor, and more.",
        "fork": false,
        "url": "https://api.github.com/repos/manifold-systems/manifold",
        "forks_url": "https://api.github.com/repos/manifold-systems/manifold/forks",
        "keys_url": "https://api.github.com/repos/manifold-systems/manifold/keys{/key_id}",
        "collaborators_url": "https://api.github.com/repos/manifold-systems/manifold/collaborators{/collaborator}",
        "teams_url": "https://api.github.com/repos/manifold-systems/manifold/teams",
        "hooks_url": "https://api.github.com/repos/manifold-systems/manifold/hooks",
        "issue_events_url": "https://api.github.com/repos/manifold-systems/manifold/issues/events{/number}",
        "events_url": "https://api.github.com/repos/manifold-systems/manifold/events",
        "assignees_url": "https://api.github.com/repos/manifold-systems/manifold/assignees{/user}",
        "branches_url": "https://api.github.com/repos/manifold-systems/manifold/branches{/branch}",
        "tags_url": "https://api.github.com/repos/manifold-systems/manifold/tags",
        "blobs_url": "https://api.github.com/repos/manifold-systems/manifold/git/blobs{/sha}",
        "git_tags_url": "https://api.github.com/repos/manifold-systems/manifold/git/tags{/sha}",
        "git_refs_url": "https://api.github.com/repos/manifold-systems/manifold/git/refs{/sha}",
        "trees_url": "https://api.github.com/repos/manifold-systems/manifold/git/trees{/sha}",
        "statuses_url": "https://api.github.com/repos/manifold-systems/manifold/statuses/{sha}",
        "languages_url": "https://api.github.com/repos/manifold-systems/manifold/languages",
        "stargazers_url": "https://api.github.com/repos/manifold-systems/manifold/stargazers",
        "contributors_url": "https://api.github.com/repos/manifold-systems/manifold/contributors",
        "subscribers_url": "https://api.github.com/repos/manifold-systems/manifold/subscribers",
        "subscription_url": "https://api.github.com/repos/manifold-systems/manifold/subscription",
        "commits_url": "https://api.github.com/repos/manifold-systems/manifold/commits{/sha}",
        "git_commits_url": "https://api.github.com/repos/manifold-systems/manifold/git/commits{/sha}",
        "comments_url": "https://api.github.com/repos/manifold-systems/manifold/comments{/number}",
        "issue_comment_url": "https://api.github.com/repos/manifold-systems/manifold/issues/comments{/number}",
        "contents_url": "https://api.github.com/repos/manifold-systems/manifold/contents/{+path}",
        "compare_url": "https://api.github.com/repos/manifold-systems/manifold/compare/{base}...{head}",
        "merges_url": "https://api.github.com/repos/manifold-systems/manifold/merges",
        "archive_url": "https://api.github.com/repos/manifold-systems/manifold/{archive_format}{/ref}",
        "downloads_url": "https://api.github.com/repos/manifold-systems/manifold/downloads",
        "issues_url": "https://api.github.com/repos/manifold-systems/manifold/issues{/number}",
        "pulls_url": "https://api.github.com/repos/manifold-systems/manifold/pulls{/number}",
        "milestones_url": "https://api.github.com/repos/manifold-systems/manifold/milestones{/number}",
        "notifications_url": "https://api.github.com/repos/manifold-systems/manifold/notifications{?since,all,participating}",
        "labels_url": "https://api.github.com/repos/manifold-systems/manifold/labels{/name}",
        "releases_url": "https://api.github.com/repos/manifold-systems/manifold/releases{/id}",
        "deployments_url": "https://api.github.com/repos/manifold-systems/manifold/deployments",
        "created_at": "2017-06-07T02:37:23Z",
        "updated_at": "2024-04-29T20:44:15Z",
        "pushed_at": "2024-04-28T21:59:47Z",
        "git_url": "git://github.com/manifold-systems/manifold.git",
        "ssh_url": "git@github.com:manifold-systems/manifold.git",
        "clone_url": "https://github.com/manifold-systems/manifold.git",
        "svn_url": "https://github.com/manifold-systems/manifold",
        "homepage": "http://manifold.systems/",
        "size": 126336,
        "stargazers_count": 2223,
        "watchers_count": 2223,
        "language": "Java",
        "has_issues": true,
        "has_projects": true,
        "has_downloads": true,
        "has_wiki": true,
        "has_pages": true,
        "has_discussions": false,
        "forks_count": 120,
        "mirror_url": null,
        "archived": false,
        "disabled": false,
        "open_issues_count": 66,
        "license": {
            "key": "apache-2.0",
            "name": "Apache License 2.0",
            "spdx_id": "Apache-2.0",
            "url": "https://api.github.com/licenses/apache-2.0",
            "node_id": "MDc6TGljZW5zZTI="
        },
        "allow_forking": true,
        "is_template": false,
        "web_commit_signoff_required": false,
        "topics": [
            "android-studio",
            "delegation",
            "duck-typing",
            "extension-methods",
            "graphql",
            "graphql-java",
            "intellij",
            "java",
            "java-development",
            "java-sql",
            "java-tooling",
            "js-java-interoperability",
            "json",
            "manifold",
            "metaprogramming",
            "preprocessor",
            "reflection-framework",
            "structural-typing",
            "template-engine",
            "type-providers"
        ],
        "visibility": "public",
        "forks": 120,
        "open_issues": 66,
        "watchers": 2223,
        "default_branch": "master"
    },
    "network_count": 120,
    "subscribers_count": 2
}