{
    "id": 57158561,
    "node_id": "MDEwOlJlcG9zaXRvcnk1NzE1ODU2MQ==",
    "name": "barragem.net",
    "full_name": "broubach/barragem.net",
    "private": false,
    "owner": {
        "login": "broubach",
        "id": 10220,
        "node_id": "MDQ6VXNlcjEwMjIw",
        "avatar_url": "https://avatars.githubusercontent.com/u/10220?v=4",
        "gravatar_id": "",
        "url": "https://api.github.com/users/broubach",
        "html_url": "https://github.com/broubach",
        "followers_url": "https://api.github.com/users/broubach/followers",
        "following_url": "https://api.github.com/users/broubach/following{/other_user}",
        "gists_url": "https://api.github.com/users/broubach/gists{/gist_id}",
        "starred_url": "https://api.github.com/users/broubach/starred{/owner}{/repo}",
        "subscriptions_url": "https://api.github.com/users/broubach/subscriptions",
        "organizations_url": "https://api.github.com/users/broubach/orgs",
        "repos_url": "https://api.github.com/users/broubach/repos",
        "events_url": "https://api.github.com/users/broubach/events{/privacy}",
        "received_events_url": "https://api.github.com/users/broubach/received_events",
        "type": "User",
        "site_admin": false
    },
    "html_url": "https://github.com/broubach/barragem.net",
    "description": "Ladder system run in some tennis clubs in Brasilia, DF (Brazil) between the years of 2009 and 2014.",
    "fork": false,
    "url": "https://api.github.com/repos/broubach/barragem.net",
    "forks_url": "https://api.github.com/repos/broubach/barragem.net/forks",
    "keys_url": "https://api.github.com/repos/broubach/barragem.net/keys{/key_id}",
    "collaborators_url": "https://api.github.com/repos/broubach/barragem.net/collaborators{/collaborator}",
    "teams_url": "https://api.github.com/repos/broubach/barragem.net/teams",
    "hooks_url": "https://api.github.com/repos/broubach/barragem.net/hooks",
    "issue_events_url": "https://api.github.com/repos/broubach/barragem.net/issues/events{/number}",
    "events_url": "https://api.github.com/repos/broubach/barragem.net/events",
    "assignees_url": "https://api.github.com/repos/broubach/barragem.net/assignees{/user}",
    "branches_url": "https://api.github.com/repos/broubach/barragem.net/branches{/branch}",
    "tags_url": "https://api.github.com/repos/broubach/barragem.net/tags",
    "blobs_url": "https://api.github.com/repos/broubach/barragem.net/git/blobs{/sha}",
    "git_tags_url": "https://api.github.com/repos/broubach/barragem.net/git/tags{/sha}",
    "git_refs_url": "https://api.github.com/repos/broubach/barragem.net/git/refs{/sha}",
    "trees_url": "https://api.github.com/repos/broubach/barragem.net/git/trees{/sha}",
    "statuses_url": "https://api.github.com/repos/broubach/barragem.net/statuses/{sha}",
    "languages_url": "https://api.github.com/repos/broubach/barragem.net/languages",
    "stargazers_url": "https://api.github.com/repos/broubach/barragem.net/stargazers",
    "contributors_url": "https://api.github.com/repos/broubach/barragem.net/contributors",
    "subscribers_url": "https://api.github.com/repos/broubach/barragem.net/subscribers",
    "subscription_url": "https://api.github.com/repos/broubach/barragem.net/subscription",
    "commits_url": "https://api.github.com/repos/broubach/barragem.net/commits{/sha}",
    "git_commits_url": "https://api.github.com/repos/broubach/barragem.net/git/commits{/sha}",
    "comments_url": "https://api.github.com/repos/broubach/barragem.net/comments{/number}",
    "issue_comment_url": "https://api.github.com/repos/broubach/barragem.net/issues/comments{/number}",
    "contents_url": "https://api.github.com/repos/broubach/barragem.net/contents/{+path}",
    "compare_url": "https://api.github.com/repos/broubach/barragem.net/compare/{base}...{head}",
    "merges_url": "https://api.github.com/repos/broubach/barragem.net/merges",
    "archive_url": "https://api.github.com/repos/broubach/barragem.net/{archive_format}{/ref}",
    "downloads_url": "https://api.github.com/repos/broubach/barragem.net/downloads",
    "issues_url": "https://api.github.com/repos/broubach/barragem.net/issues{/number}",
    "pulls_url": "https://api.github.com/repos/broubach/barragem.net/pulls{/number}",
    "milestones_url": "https://api.github.com/repos/broubach/barragem.net/milestones{/number}",
    "notifications_url": "https://api.github.com/repos/broubach/barragem.net/notifications{?since,all,participating}",
    "labels_url": "https://api.github.com/repos/broubach/barragem.net/labels{/name}",
    "releases_url": "https://api.github.com/repos/broubach/barragem.net/releases{/id}",
    "deployments_url": "https://api.github.com/repos/broubach/barragem.net/deployments",
    "created_at": "2016-04-26T20:08:53Z",
    "updated_at": "2019-09-15T01:58:40Z",
    "pushed_at": "2016-04-27T12:57:00Z",
    "git_url": "git://github.com/broubach/barragem.net.git",
    "ssh_url": "git@github.com:broubach/barragem.net.git",
    "clone_url": "https://github.com/broubach/barragem.net.git",
    "svn_url": "https://github.com/broubach/barragem.net",
    "homepage": "",
    "size": 44464,
    "stargazers_count": 0,
    "watchers_count": 0,
    "language": "Java",
    "has_issues": true,
    "has_projects": true,
    "has_downloads": true,
    "has_wiki": true,
    "has_pages": false,
    "has_discussions": false,
    "forks_count": 0,
    "mirror_url": null,
    "archived": false,
    "disabled": false,
    "open_issues_count": 0,
    "license": {
        "key": "mit",
        "name": "MIT License",
        "spdx_id": "MIT",
        "url": "https://api.github.com/licenses/mit",
        "node_id": "MDc6TGljZW5zZTEz"
    },
    "allow_forking": true,
    "is_template": false,
    "web_commit_signoff_required": false,
    "topics": [],
    "visibility": "public",
    "forks": 0,
    "open_issues": 0,
    "watchers": 0,
    "default_branch": "master",
    "permissions": {
        "admin": false,
        "maintain": false,
        "push": false,
        "triage": false,
        "pull": true
    },
    "temp_clone_token": "",
    "network_count": 0,
    "subscribers_count": 1
}