{
    "id": 153947247,
    "node_id": "MDEwOlJlcG9zaXRvcnkxNTM5NDcyNDc=",
    "name": "Skematic",
    "full_name": "iBlitzkriegi/Skematic",
    "private": false,
    "owner": {
        "login": "iBlitzkriegi",
        "id": 17624546,
        "node_id": "MDQ6VXNlcjE3NjI0NTQ2",
        "avatar_url": "https://avatars.githubusercontent.com/u/17624546?v=4",
        "gravatar_id": "",
        "url": "https://api.github.com/users/iBlitzkriegi",
        "html_url": "https://github.com/iBlitzkriegi",
        "followers_url": "https://api.github.com/users/iBlitzkriegi/followers",
        "following_url": "https://api.github.com/users/iBlitzkriegi/following{/other_user}",
        "gists_url": "https://api.github.com/users/iBlitzkriegi/gists{/gist_id}",
        "starred_url": "https://api.github.com/users/iBlitzkriegi/starred{/owner}{/repo}",
        "subscriptions_url": "https://api.github.com/users/iBlitzkriegi/subscriptions",
        "organizations_url": "https://api.github.com/users/iBlitzkriegi/orgs",
        "repos_url": "https://api.github.com/users/iBlitzkriegi/repos",
        "events_url": "https://api.github.com/users/iBlitzkriegi/events{/privacy}",
        "received_events_url": "https://api.github.com/users/iBlitzkriegi/received_events",
        "type": "User",
        "site_admin": false
    },
    "html_url": "https://github.com/iBlitzkriegi/Skematic",
    "description": "The Skript addon for schematics.",
    "fork": false,
    "url": "https://api.github.com/repos/iBlitzkriegi/Skematic",
    "forks_url": "https://api.github.com/repos/iBlitzkriegi/Skematic/forks",
    "keys_url": "https://api.github.com/repos/iBlitzkriegi/Skematic/keys{/key_id}",
    "collaborators_url": "https://api.github.com/repos/iBlitzkriegi/Skematic/collaborators{/collaborator}",
    "teams_url": "https://api.github.com/repos/iBlitzkriegi/Skematic/teams",
    "hooks_url": "https://api.github.com/repos/iBlitzkriegi/Skematic/hooks",
    "issue_events_url": "https://api.github.com/repos/iBlitzkriegi/Skematic/issues/events{/number}",
    "events_url": "https://api.github.com/repos/iBlitzkriegi/Skematic/events",
    "assignees_url": "https://api.github.com/repos/iBlitzkriegi/Skematic/assignees{/user}",
    "branches_url": "https://api.github.com/repos/iBlitzkriegi/Skematic/branches{/branch}",
    "tags_url": "https://api.github.com/repos/iBlitzkriegi/Skematic/tags",
    "blobs_url": "https://api.github.com/repos/iBlitzkriegi/Skematic/git/blobs{/sha}",
    "git_tags_url": "https://api.github.com/repos/iBlitzkriegi/Skematic/git/tags{/sha}",
    "git_refs_url": "https://api.github.com/repos/iBlitzkriegi/Skematic/git/refs{/sha}",
    "trees_url": "https://api.github.com/repos/iBlitzkriegi/Skematic/git/trees{/sha}",
    "statuses_url": "https://api.github.com/repos/iBlitzkriegi/Skematic/statuses/{sha}",
    "languages_url": "https://api.github.com/repos/iBlitzkriegi/Skematic/languages",
    "stargazers_url": "https://api.github.com/repos/iBlitzkriegi/Skematic/stargazers",
    "contributors_url": "https://api.github.com/repos/iBlitzkriegi/Skematic/contributors",
    "subscribers_url": "https://api.github.com/repos/iBlitzkriegi/Skematic/subscribers",
    "subscription_url": "https://api.github.com/repos/iBlitzkriegi/Skematic/subscription",
    "commits_url": "https://api.github.com/repos/iBlitzkriegi/Skematic/commits{/sha}",
    "git_commits_url": "https://api.github.com/repos/iBlitzkriegi/Skematic/git/commits{/sha}",
    "comments_url": "https://api.github.com/repos/iBlitzkriegi/Skematic/comments{/number}",
    "issue_comment_url": "https://api.github.com/repos/iBlitzkriegi/Skematic/issues/comments{/number}",
    "contents_url": "https://api.github.com/repos/iBlitzkriegi/Skematic/contents/{+path}",
    "compare_url": "https://api.github.com/repos/iBlitzkriegi/Skematic/compare/{base}...{head}",
    "merges_url": "https://api.github.com/repos/iBlitzkriegi/Skematic/merges",
    "archive_url": "https://api.github.com/repos/iBlitzkriegi/Skematic/{archive_format}{/ref}",
    "downloads_url": "https://api.github.com/repos/iBlitzkriegi/Skematic/downloads",
    "issues_url": "https://api.github.com/repos/iBlitzkriegi/Skematic/issues{/number}",
    "pulls_url": "https://api.github.com/repos/iBlitzkriegi/Skematic/pulls{/number}",
    "milestones_url": "https://api.github.com/repos/iBlitzkriegi/Skematic/milestones{/number}",
    "notifications_url": "https://api.github.com/repos/iBlitzkriegi/Skematic/notifications{?since,all,participating}",
    "labels_url": "https://api.github.com/repos/iBlitzkriegi/Skematic/labels{/name}",
    "releases_url": "https://api.github.com/repos/iBlitzkriegi/Skematic/releases{/id}",
    "deployments_url": "https://api.github.com/repos/iBlitzkriegi/Skematic/deployments",
    "created_at": "2018-10-20T20:50:57Z",
    "updated_at": "2018-10-20T21:08:29Z",
    "pushed_at": "2018-10-20T20:56:17Z",
    "git_url": "git://github.com/iBlitzkriegi/Skematic.git",
    "ssh_url": "git@github.com:iBlitzkriegi/Skematic.git",
    "clone_url": "https://github.com/iBlitzkriegi/Skematic.git",
    "svn_url": "https://github.com/iBlitzkriegi/Skematic",
    "homepage": null,
    "size": 6583,
    "stargazers_count": 0,
    "watchers_count": 0,
    "language": "Java",
    "has_issues": false,
    "has_projects": true,
    "has_downloads": true,
    "has_wiki": true,
    "has_pages": false,
    "has_discussions": false,
    "forks_count": 0,
    "mirror_url": null,
    "archived": false,
    "disabled": false,
    "open_issues_count": 0,
    "license": {
        "key": "apache-2.0",
        "name": "Apache License 2.0",
        "spdx_id": "Apache-2.0",
        "url": "https://api.github.com/licenses/apache-2.0",
        "node_id": "MDc6TGljZW5zZTI="
    },
    "allow_forking": true,
    "is_template": false,
    "web_commit_signoff_required": false,
    "topics": [],
    "visibility": "public",
    "forks": 0,
    "open_issues": 0,
    "watchers": 0,
    "default_branch": "master",
    "permissions": {
        "admin": false,
        "maintain": false,
        "push": false,
        "triage": false,
        "pull": true
    },
    "temp_clone_token": "",
    "network_count": 0,
    "subscribers_count": 2
}