{
    "id": 134242626,
    "node_id": "MDEwOlJlcG9zaXRvcnkxMzQyNDI2MjY=",
    "name": "rxjava-jaxws-soap",
    "full_name": "patternmatch/rxjava-jaxws-soap",
    "private": false,
    "owner": {
        "login": "patternmatch",
        "id": 38140333,
        "node_id": "MDEyOk9yZ2FuaXphdGlvbjM4MTQwMzMz",
        "avatar_url": "https://avatars.githubusercontent.com/u/38140333?v=4",
        "gravatar_id": "",
        "url": "https://api.github.com/users/patternmatch",
        "html_url": "https://github.com/patternmatch",
        "followers_url": "https://api.github.com/users/patternmatch/followers",
        "following_url": "https://api.github.com/users/patternmatch/following{/other_user}",
        "gists_url": "https://api.github.com/users/patternmatch/gists{/gist_id}",
        "starred_url": "https://api.github.com/users/patternmatch/starred{/owner}{/repo}",
        "subscriptions_url": "https://api.github.com/users/patternmatch/subscriptions",
        "organizations_url": "https://api.github.com/users/patternmatch/orgs",
        "repos_url": "https://api.github.com/users/patternmatch/repos",
        "events_url": "https://api.github.com/users/patternmatch/events{/privacy}",
        "received_events_url": "https://api.github.com/users/patternmatch/received_events",
        "type": "Organization",
        "site_admin": false
    },
    "html_url": "https://github.com/patternmatch/rxjava-jaxws-soap",
    "description": "Simple Groovy templating wrapper that generates Rx Observables/Completables over JAX-WS client",
    "fork": false,
    "url": "https://api.github.com/repos/patternmatch/rxjava-jaxws-soap",
    "forks_url": "https://api.github.com/repos/patternmatch/rxjava-jaxws-soap/forks",
    "keys_url": "https://api.github.com/repos/patternmatch/rxjava-jaxws-soap/keys{/key_id}",
    "collaborators_url": "https://api.github.com/repos/patternmatch/rxjava-jaxws-soap/collaborators{/collaborator}",
    "teams_url": "https://api.github.com/repos/patternmatch/rxjava-jaxws-soap/teams",
    "hooks_url": "https://api.github.com/repos/patternmatch/rxjava-jaxws-soap/hooks",
    "issue_events_url": "https://api.github.com/repos/patternmatch/rxjava-jaxws-soap/issues/events{/number}",
    "events_url": "https://api.github.com/repos/patternmatch/rxjava-jaxws-soap/events",
    "assignees_url": "https://api.github.com/repos/patternmatch/rxjava-jaxws-soap/assignees{/user}",
    "branches_url": "https://api.github.com/repos/patternmatch/rxjava-jaxws-soap/branches{/branch}",
    "tags_url": "https://api.github.com/repos/patternmatch/rxjava-jaxws-soap/tags",
    "blobs_url": "https://api.github.com/repos/patternmatch/rxjava-jaxws-soap/git/blobs{/sha}",
    "git_tags_url": "https://api.github.com/repos/patternmatch/rxjava-jaxws-soap/git/tags{/sha}",
    "git_refs_url": "https://api.github.com/repos/patternmatch/rxjava-jaxws-soap/git/refs{/sha}",
    "trees_url": "https://api.github.com/repos/patternmatch/rxjava-jaxws-soap/git/trees{/sha}",
    "statuses_url": "https://api.github.com/repos/patternmatch/rxjava-jaxws-soap/statuses/{sha}",
    "languages_url": "https://api.github.com/repos/patternmatch/rxjava-jaxws-soap/languages",
    "stargazers_url": "https://api.github.com/repos/patternmatch/rxjava-jaxws-soap/stargazers",
    "contributors_url": "https://api.github.com/repos/patternmatch/rxjava-jaxws-soap/contributors",
    "subscribers_url": "https://api.github.com/repos/patternmatch/rxjava-jaxws-soap/subscribers",
    "subscription_url": "https://api.github.com/repos/patternmatch/rxjava-jaxws-soap/subscription",
    "commits_url": "https://api.github.com/repos/patternmatch/rxjava-jaxws-soap/commits{/sha}",
    "git_commits_url": "https://api.github.com/repos/patternmatch/rxjava-jaxws-soap/git/commits{/sha}",
    "comments_url": "https://api.github.com/repos/patternmatch/rxjava-jaxws-soap/comments{/number}",
    "issue_comment_url": "https://api.github.com/repos/patternmatch/rxjava-jaxws-soap/issues/comments{/number}",
    "contents_url": "https://api.github.com/repos/patternmatch/rxjava-jaxws-soap/contents/{+path}",
    "compare_url": "https://api.github.com/repos/patternmatch/rxjava-jaxws-soap/compare/{base}...{head}",
    "merges_url": "https://api.github.com/repos/patternmatch/rxjava-jaxws-soap/merges",
    "archive_url": "https://api.github.com/repos/patternmatch/rxjava-jaxws-soap/{archive_format}{/ref}",
    "downloads_url": "https://api.github.com/repos/patternmatch/rxjava-jaxws-soap/downloads",
    "issues_url": "https://api.github.com/repos/patternmatch/rxjava-jaxws-soap/issues{/number}",
    "pulls_url": "https://api.github.com/repos/patternmatch/rxjava-jaxws-soap/pulls{/number}",
    "milestones_url": "https://api.github.com/repos/patternmatch/rxjava-jaxws-soap/milestones{/number}",
    "notifications_url": "https://api.github.com/repos/patternmatch/rxjava-jaxws-soap/notifications{?since,all,participating}",
    "labels_url": "https://api.github.com/repos/patternmatch/rxjava-jaxws-soap/labels{/name}",
    "releases_url": "https://api.github.com/repos/patternmatch/rxjava-jaxws-soap/releases{/id}",
    "deployments_url": "https://api.github.com/repos/patternmatch/rxjava-jaxws-soap/deployments",
    "created_at": "2018-05-21T08:44:57Z",
    "updated_at": "2019-05-20T06:28:40Z",
    "pushed_at": "2018-05-21T08:51:15Z",
    "git_url": "git://github.com/patternmatch/rxjava-jaxws-soap.git",
    "ssh_url": "git@github.com:patternmatch/rxjava-jaxws-soap.git",
    "clone_url": "https://github.com/patternmatch/rxjava-jaxws-soap.git",
    "svn_url": "https://github.com/patternmatch/rxjava-jaxws-soap",
    "homepage": null,
    "size": 61,
    "stargazers_count": 2,
    "watchers_count": 2,
    "language": "Java",
    "has_issues": true,
    "has_projects": true,
    "has_downloads": true,
    "has_wiki": true,
    "has_pages": false,
    "has_discussions": false,
    "forks_count": 0,
    "mirror_url": null,
    "archived": false,
    "disabled": false,
    "open_issues_count": 0,
    "license": {
        "key": "mit",
        "name": "MIT License",
        "spdx_id": "MIT",
        "url": "https://api.github.com/licenses/mit",
        "node_id": "MDc6TGljZW5zZTEz"
    },
    "allow_forking": true,
    "is_template": false,
    "web_commit_signoff_required": false,
    "topics": [],
    "visibility": "public",
    "forks": 0,
    "open_issues": 0,
    "watchers": 2,
    "default_branch": "master",
    "permissions": {
        "admin": false,
        "maintain": false,
        "push": false,
        "triage": false,
        "pull": true
    },
    "temp_clone_token": "",
    "custom_properties": {},
    "organization": {
        "login": "patternmatch",
        "id": 38140333,
        "node_id": "MDEyOk9yZ2FuaXphdGlvbjM4MTQwMzMz",
        "avatar_url": "https://avatars.githubusercontent.com/u/38140333?v=4",
        "gravatar_id": "",
        "url": "https://api.github.com/users/patternmatch",
        "html_url": "https://github.com/patternmatch",
        "followers_url": "https://api.github.com/users/patternmatch/followers",
        "following_url": "https://api.github.com/users/patternmatch/following{/other_user}",
        "gists_url": "https://api.github.com/users/patternmatch/gists{/gist_id}",
        "starred_url": "https://api.github.com/users/patternmatch/starred{/owner}{/repo}",
        "subscriptions_url": "https://api.github.com/users/patternmatch/subscriptions",
        "organizations_url": "https://api.github.com/users/patternmatch/orgs",
        "repos_url": "https://api.github.com/users/patternmatch/repos",
        "events_url": "https://api.github.com/users/patternmatch/events{/privacy}",
        "received_events_url": "https://api.github.com/users/patternmatch/received_events",
        "type": "Organization",
        "site_admin": false
    },
    "network_count": 0,
    "subscribers_count": 1
}