{
    "id": 183589398,
    "node_id": "MDEwOlJlcG9zaXRvcnkxODM1ODkzOTg=",
    "name": "lenosp",
    "full_name": "javaHuman/lenosp",
    "private": false,
    "owner": {
        "login": "javaHuman",
        "id": 50008591,
        "node_id": "MDQ6VXNlcjUwMDA4NTkx",
        "avatar_url": "https://avatars.githubusercontent.com/u/50008591?v=4",
        "gravatar_id": "",
        "url": "https://api.github.com/users/javaHuman",
        "html_url": "https://github.com/javaHuman",
        "followers_url": "https://api.github.com/users/javaHuman/followers",
        "following_url": "https://api.github.com/users/javaHuman/following{/other_user}",
        "gists_url": "https://api.github.com/users/javaHuman/gists{/gist_id}",
        "starred_url": "https://api.github.com/users/javaHuman/starred{/owner}{/repo}",
        "subscriptions_url": "https://api.github.com/users/javaHuman/subscriptions",
        "organizations_url": "https://api.github.com/users/javaHuman/orgs",
        "repos_url": "https://api.github.com/users/javaHuman/repos",
        "events_url": "https://api.github.com/users/javaHuman/events{/privacy}",
        "received_events_url": "https://api.github.com/users/javaHuman/received_events",
        "type": "User",
        "site_admin": false
    },
    "html_url": "https://github.com/javaHuman/lenosp",
    "description": null,
    "fork": false,
    "url": "https://api.github.com/repos/javaHuman/lenosp",
    "forks_url": "https://api.github.com/repos/javaHuman/lenosp/forks",
    "keys_url": "https://api.github.com/repos/javaHuman/lenosp/keys{/key_id}",
    "collaborators_url": "https://api.github.com/repos/javaHuman/lenosp/collaborators{/collaborator}",
    "teams_url": "https://api.github.com/repos/javaHuman/lenosp/teams",
    "hooks_url": "https://api.github.com/repos/javaHuman/lenosp/hooks",
    "issue_events_url": "https://api.github.com/repos/javaHuman/lenosp/issues/events{/number}",
    "events_url": "https://api.github.com/repos/javaHuman/lenosp/events",
    "assignees_url": "https://api.github.com/repos/javaHuman/lenosp/assignees{/user}",
    "branches_url": "https://api.github.com/repos/javaHuman/lenosp/branches{/branch}",
    "tags_url": "https://api.github.com/repos/javaHuman/lenosp/tags",
    "blobs_url": "https://api.github.com/repos/javaHuman/lenosp/git/blobs{/sha}",
    "git_tags_url": "https://api.github.com/repos/javaHuman/lenosp/git/tags{/sha}",
    "git_refs_url": "https://api.github.com/repos/javaHuman/lenosp/git/refs{/sha}",
    "trees_url": "https://api.github.com/repos/javaHuman/lenosp/git/trees{/sha}",
    "statuses_url": "https://api.github.com/repos/javaHuman/lenosp/statuses/{sha}",
    "languages_url": "https://api.github.com/repos/javaHuman/lenosp/languages",
    "stargazers_url": "https://api.github.com/repos/javaHuman/lenosp/stargazers",
    "contributors_url": "https://api.github.com/repos/javaHuman/lenosp/contributors",
    "subscribers_url": "https://api.github.com/repos/javaHuman/lenosp/subscribers",
    "subscription_url": "https://api.github.com/repos/javaHuman/lenosp/subscription",
    "commits_url": "https://api.github.com/repos/javaHuman/lenosp/commits{/sha}",
    "git_commits_url": "https://api.github.com/repos/javaHuman/lenosp/git/commits{/sha}",
    "comments_url": "https://api.github.com/repos/javaHuman/lenosp/comments{/number}",
    "issue_comment_url": "https://api.github.com/repos/javaHuman/lenosp/issues/comments{/number}",
    "contents_url": "https://api.github.com/repos/javaHuman/lenosp/contents/{+path}",
    "compare_url": "https://api.github.com/repos/javaHuman/lenosp/compare/{base}...{head}",
    "merges_url": "https://api.github.com/repos/javaHuman/lenosp/merges",
    "archive_url": "https://api.github.com/repos/javaHuman/lenosp/{archive_format}{/ref}",
    "downloads_url": "https://api.github.com/repos/javaHuman/lenosp/downloads",
    "issues_url": "https://api.github.com/repos/javaHuman/lenosp/issues{/number}",
    "pulls_url": "https://api.github.com/repos/javaHuman/lenosp/pulls{/number}",
    "milestones_url": "https://api.github.com/repos/javaHuman/lenosp/milestones{/number}",
    "notifications_url": "https://api.github.com/repos/javaHuman/lenosp/notifications{?since,all,participating}",
    "labels_url": "https://api.github.com/repos/javaHuman/lenosp/labels{/name}",
    "releases_url": "https://api.github.com/repos/javaHuman/lenosp/releases{/id}",
    "deployments_url": "https://api.github.com/repos/javaHuman/lenosp/deployments",
    "created_at": "2019-04-26T08:26:41Z",
    "updated_at": "2019-04-26T08:28:30Z",
    "pushed_at": "2019-04-26T08:28:27Z",
    "git_url": "git://github.com/javaHuman/lenosp.git",
    "ssh_url": "git@github.com:javaHuman/lenosp.git",
    "clone_url": "https://github.com/javaHuman/lenosp.git",
    "svn_url": "https://github.com/javaHuman/lenosp",
    "homepage": null,
    "size": 5830,
    "stargazers_count": 0,
    "watchers_count": 0,
    "language": "JavaScript",
    "has_issues": true,
    "has_projects": true,
    "has_downloads": true,
    "has_wiki": true,
    "has_pages": false,
    "has_discussions": false,
    "forks_count": 0,
    "mirror_url": null,
    "archived": false,
    "disabled": false,
    "open_issues_count": 0,
    "license": {
        "key": "apache-2.0",
        "name": "Apache License 2.0",
        "spdx_id": "Apache-2.0",
        "url": "https://api.github.com/licenses/apache-2.0",
        "node_id": "MDc6TGljZW5zZTI="
    },
    "allow_forking": true,
    "is_template": false,
    "web_commit_signoff_required": false,
    "topics": [],
    "visibility": "public",
    "forks": 0,
    "open_issues": 0,
    "watchers": 0,
    "default_branch": "master",
    "permissions": {
        "admin": false,
        "maintain": false,
        "push": false,
        "triage": false,
        "pull": true
    },
    "temp_clone_token": "",
    "network_count": 0,
    "subscribers_count": 0
}