{
    "id": 208440731,
    "node_id": "MDEwOlJlcG9zaXRvcnkyMDg0NDA3MzE=",
    "name": "comic",
    "full_name": "yidao999/comic",
    "private": false,
    "owner": {
        "login": "yidao999",
        "id": 34500643,
        "node_id": "MDQ6VXNlcjM0NTAwNjQz",
        "avatar_url": "https://avatars.githubusercontent.com/u/34500643?v=4",
        "gravatar_id": "",
        "url": "https://api.github.com/users/yidao999",
        "html_url": "https://github.com/yidao999",
        "followers_url": "https://api.github.com/users/yidao999/followers",
        "following_url": "https://api.github.com/users/yidao999/following{/other_user}",
        "gists_url": "https://api.github.com/users/yidao999/gists{/gist_id}",
        "starred_url": "https://api.github.com/users/yidao999/starred{/owner}{/repo}",
        "subscriptions_url": "https://api.github.com/users/yidao999/subscriptions",
        "organizations_url": "https://api.github.com/users/yidao999/orgs",
        "repos_url": "https://api.github.com/users/yidao999/repos",
        "events_url": "https://api.github.com/users/yidao999/events{/privacy}",
        "received_events_url": "https://api.github.com/users/yidao999/received_events",
        "type": "User",
        "site_admin": false
    },
    "html_url": "https://github.com/yidao999/comic",
    "description": null,
    "fork": false,
    "url": "https://api.github.com/repos/yidao999/comic",
    "forks_url": "https://api.github.com/repos/yidao999/comic/forks",
    "keys_url": "https://api.github.com/repos/yidao999/comic/keys{/key_id}",
    "collaborators_url": "https://api.github.com/repos/yidao999/comic/collaborators{/collaborator}",
    "teams_url": "https://api.github.com/repos/yidao999/comic/teams",
    "hooks_url": "https://api.github.com/repos/yidao999/comic/hooks",
    "issue_events_url": "https://api.github.com/repos/yidao999/comic/issues/events{/number}",
    "events_url": "https://api.github.com/repos/yidao999/comic/events",
    "assignees_url": "https://api.github.com/repos/yidao999/comic/assignees{/user}",
    "branches_url": "https://api.github.com/repos/yidao999/comic/branches{/branch}",
    "tags_url": "https://api.github.com/repos/yidao999/comic/tags",
    "blobs_url": "https://api.github.com/repos/yidao999/comic/git/blobs{/sha}",
    "git_tags_url": "https://api.github.com/repos/yidao999/comic/git/tags{/sha}",
    "git_refs_url": "https://api.github.com/repos/yidao999/comic/git/refs{/sha}",
    "trees_url": "https://api.github.com/repos/yidao999/comic/git/trees{/sha}",
    "statuses_url": "https://api.github.com/repos/yidao999/comic/statuses/{sha}",
    "languages_url": "https://api.github.com/repos/yidao999/comic/languages",
    "stargazers_url": "https://api.github.com/repos/yidao999/comic/stargazers",
    "contributors_url": "https://api.github.com/repos/yidao999/comic/contributors",
    "subscribers_url": "https://api.github.com/repos/yidao999/comic/subscribers",
    "subscription_url": "https://api.github.com/repos/yidao999/comic/subscription",
    "commits_url": "https://api.github.com/repos/yidao999/comic/commits{/sha}",
    "git_commits_url": "https://api.github.com/repos/yidao999/comic/git/commits{/sha}",
    "comments_url": "https://api.github.com/repos/yidao999/comic/comments{/number}",
    "issue_comment_url": "https://api.github.com/repos/yidao999/comic/issues/comments{/number}",
    "contents_url": "https://api.github.com/repos/yidao999/comic/contents/{+path}",
    "compare_url": "https://api.github.com/repos/yidao999/comic/compare/{base}...{head}",
    "merges_url": "https://api.github.com/repos/yidao999/comic/merges",
    "archive_url": "https://api.github.com/repos/yidao999/comic/{archive_format}{/ref}",
    "downloads_url": "https://api.github.com/repos/yidao999/comic/downloads",
    "issues_url": "https://api.github.com/repos/yidao999/comic/issues{/number}",
    "pulls_url": "https://api.github.com/repos/yidao999/comic/pulls{/number}",
    "milestones_url": "https://api.github.com/repos/yidao999/comic/milestones{/number}",
    "notifications_url": "https://api.github.com/repos/yidao999/comic/notifications{?since,all,participating}",
    "labels_url": "https://api.github.com/repos/yidao999/comic/labels{/name}",
    "releases_url": "https://api.github.com/repos/yidao999/comic/releases{/id}",
    "deployments_url": "https://api.github.com/repos/yidao999/comic/deployments",
    "created_at": "2019-09-14T12:58:51Z",
    "updated_at": "2019-09-14T13:03:10Z",
    "pushed_at": "2019-09-14T13:03:08Z",
    "git_url": "git://github.com/yidao999/comic.git",
    "ssh_url": "git@github.com:yidao999/comic.git",
    "clone_url": "https://github.com/yidao999/comic.git",
    "svn_url": "https://github.com/yidao999/comic",
    "homepage": null,
    "size": 4697,
    "stargazers_count": 0,
    "watchers_count": 0,
    "language": "Java",
    "has_issues": true,
    "has_projects": true,
    "has_downloads": true,
    "has_wiki": true,
    "has_pages": false,
    "has_discussions": false,
    "forks_count": 0,
    "mirror_url": null,
    "archived": false,
    "disabled": false,
    "open_issues_count": 0,
    "license": {
        "key": "apache-2.0",
        "name": "Apache License 2.0",
        "spdx_id": "Apache-2.0",
        "url": "https://api.github.com/licenses/apache-2.0",
        "node_id": "MDc6TGljZW5zZTI="
    },
    "allow_forking": true,
    "is_template": false,
    "web_commit_signoff_required": false,
    "topics": [],
    "visibility": "public",
    "forks": 0,
    "open_issues": 0,
    "watchers": 0,
    "default_branch": "master",
    "permissions": {
        "admin": false,
        "maintain": false,
        "push": false,
        "triage": false,
        "pull": true
    },
    "temp_clone_token": "",
    "network_count": 0,
    "subscribers_count": 2
}