{
    "id": 251133724,
    "node_id": "MDEwOlJlcG9zaXRvcnkyNTExMzM3MjQ=",
    "name": "jass",
    "full_name": "jberclaz/jass",
    "private": false,
    "owner": {
        "login": "jberclaz",
        "id": 26882162,
        "node_id": "MDQ6VXNlcjI2ODgyMTYy",
        "avatar_url": "https://avatars.githubusercontent.com/u/26882162?v=4",
        "gravatar_id": "",
        "url": "https://api.github.com/users/jberclaz",
        "html_url": "https://github.com/jberclaz",
        "followers_url": "https://api.github.com/users/jberclaz/followers",
        "following_url": "https://api.github.com/users/jberclaz/following{/other_user}",
        "gists_url": "https://api.github.com/users/jberclaz/gists{/gist_id}",
        "starred_url": "https://api.github.com/users/jberclaz/starred{/owner}{/repo}",
        "subscriptions_url": "https://api.github.com/users/jberclaz/subscriptions",
        "organizations_url": "https://api.github.com/users/jberclaz/orgs",
        "repos_url": "https://api.github.com/users/jberclaz/repos",
        "events_url": "https://api.github.com/users/jberclaz/events{/privacy}",
        "received_events_url": "https://api.github.com/users/jberclaz/received_events",
        "type": "User",
        "site_admin": false
    },
    "html_url": "https://github.com/jberclaz/jass",
    "description": "A Jass / Chibre client-server for remote playing",
    "fork": false,
    "url": "https://api.github.com/repos/jberclaz/jass",
    "forks_url": "https://api.github.com/repos/jberclaz/jass/forks",
    "keys_url": "https://api.github.com/repos/jberclaz/jass/keys{/key_id}",
    "collaborators_url": "https://api.github.com/repos/jberclaz/jass/collaborators{/collaborator}",
    "teams_url": "https://api.github.com/repos/jberclaz/jass/teams",
    "hooks_url": "https://api.github.com/repos/jberclaz/jass/hooks",
    "issue_events_url": "https://api.github.com/repos/jberclaz/jass/issues/events{/number}",
    "events_url": "https://api.github.com/repos/jberclaz/jass/events",
    "assignees_url": "https://api.github.com/repos/jberclaz/jass/assignees{/user}",
    "branches_url": "https://api.github.com/repos/jberclaz/jass/branches{/branch}",
    "tags_url": "https://api.github.com/repos/jberclaz/jass/tags",
    "blobs_url": "https://api.github.com/repos/jberclaz/jass/git/blobs{/sha}",
    "git_tags_url": "https://api.github.com/repos/jberclaz/jass/git/tags{/sha}",
    "git_refs_url": "https://api.github.com/repos/jberclaz/jass/git/refs{/sha}",
    "trees_url": "https://api.github.com/repos/jberclaz/jass/git/trees{/sha}",
    "statuses_url": "https://api.github.com/repos/jberclaz/jass/statuses/{sha}",
    "languages_url": "https://api.github.com/repos/jberclaz/jass/languages",
    "stargazers_url": "https://api.github.com/repos/jberclaz/jass/stargazers",
    "contributors_url": "https://api.github.com/repos/jberclaz/jass/contributors",
    "subscribers_url": "https://api.github.com/repos/jberclaz/jass/subscribers",
    "subscription_url": "https://api.github.com/repos/jberclaz/jass/subscription",
    "commits_url": "https://api.github.com/repos/jberclaz/jass/commits{/sha}",
    "git_commits_url": "https://api.github.com/repos/jberclaz/jass/git/commits{/sha}",
    "comments_url": "https://api.github.com/repos/jberclaz/jass/comments{/number}",
    "issue_comment_url": "https://api.github.com/repos/jberclaz/jass/issues/comments{/number}",
    "contents_url": "https://api.github.com/repos/jberclaz/jass/contents/{+path}",
    "compare_url": "https://api.github.com/repos/jberclaz/jass/compare/{base}...{head}",
    "merges_url": "https://api.github.com/repos/jberclaz/jass/merges",
    "archive_url": "https://api.github.com/repos/jberclaz/jass/{archive_format}{/ref}",
    "downloads_url": "https://api.github.com/repos/jberclaz/jass/downloads",
    "issues_url": "https://api.github.com/repos/jberclaz/jass/issues{/number}",
    "pulls_url": "https://api.github.com/repos/jberclaz/jass/pulls{/number}",
    "milestones_url": "https://api.github.com/repos/jberclaz/jass/milestones{/number}",
    "notifications_url": "https://api.github.com/repos/jberclaz/jass/notifications{?since,all,participating}",
    "labels_url": "https://api.github.com/repos/jberclaz/jass/labels{/name}",
    "releases_url": "https://api.github.com/repos/jberclaz/jass/releases{/id}",
    "deployments_url": "https://api.github.com/repos/jberclaz/jass/deployments",
    "created_at": "2020-03-29T21:01:38Z",
    "updated_at": "2020-11-09T02:56:01Z",
    "pushed_at": "2020-11-09T02:55:58Z",
    "git_url": "git://github.com/jberclaz/jass.git",
    "ssh_url": "git@github.com:jberclaz/jass.git",
    "clone_url": "https://github.com/jberclaz/jass.git",
    "svn_url": "https://github.com/jberclaz/jass",
    "homepage": "",
    "size": 7833,
    "stargazers_count": 1,
    "watchers_count": 1,
    "language": "Java",
    "has_issues": true,
    "has_projects": true,
    "has_downloads": true,
    "has_wiki": true,
    "has_pages": false,
    "has_discussions": false,
    "forks_count": 0,
    "mirror_url": null,
    "archived": false,
    "disabled": false,
    "open_issues_count": 4,
    "license": {
        "key": "mit",
        "name": "MIT License",
        "spdx_id": "MIT",
        "url": "https://api.github.com/licenses/mit",
        "node_id": "MDc6TGljZW5zZTEz"
    },
    "allow_forking": true,
    "is_template": false,
    "web_commit_signoff_required": false,
    "topics": [
        "cards",
        "chibre",
        "flat",
        "game",
        "jass"
    ],
    "visibility": "public",
    "forks": 0,
    "open_issues": 4,
    "watchers": 1,
    "default_branch": "master",
    "permissions": {
        "admin": false,
        "maintain": false,
        "push": false,
        "triage": false,
        "pull": true
    },
    "temp_clone_token": "",
    "network_count": 0,
    "subscribers_count": 1
}