{
    "id": 426529796,
    "node_id": "R_kgDOGWxUBA",
    "name": "oxAuth",
    "full_name": "trochaeli/oxAuth",
    "private": false,
    "owner": {
        "login": "trochaeli",
        "id": 66308451,
        "node_id": "MDQ6VXNlcjY2MzA4NDUx",
        "avatar_url": "https://avatars.githubusercontent.com/u/66308451?v=4",
        "gravatar_id": "",
        "url": "https://api.github.com/users/trochaeli",
        "html_url": "https://github.com/trochaeli",
        "followers_url": "https://api.github.com/users/trochaeli/followers",
        "following_url": "https://api.github.com/users/trochaeli/following{/other_user}",
        "gists_url": "https://api.github.com/users/trochaeli/gists{/gist_id}",
        "starred_url": "https://api.github.com/users/trochaeli/starred{/owner}{/repo}",
        "subscriptions_url": "https://api.github.com/users/trochaeli/subscriptions",
        "organizations_url": "https://api.github.com/users/trochaeli/orgs",
        "repos_url": "https://api.github.com/users/trochaeli/repos",
        "events_url": "https://api.github.com/users/trochaeli/events{/privacy}",
        "received_events_url": "https://api.github.com/users/trochaeli/received_events",
        "type": "User",
        "site_admin": false
    },
    "html_url": "https://github.com/trochaeli/oxAuth",
    "description": "OAuth 2.0 server and client; OpenID Connect Provider (OP) & UMA Authorization Server (AS)",
    "fork": true,
    "url": "https://api.github.com/repos/trochaeli/oxAuth",
    "forks_url": "https://api.github.com/repos/trochaeli/oxAuth/forks",
    "keys_url": "https://api.github.com/repos/trochaeli/oxAuth/keys{/key_id}",
    "collaborators_url": "https://api.github.com/repos/trochaeli/oxAuth/collaborators{/collaborator}",
    "teams_url": "https://api.github.com/repos/trochaeli/oxAuth/teams",
    "hooks_url": "https://api.github.com/repos/trochaeli/oxAuth/hooks",
    "issue_events_url": "https://api.github.com/repos/trochaeli/oxAuth/issues/events{/number}",
    "events_url": "https://api.github.com/repos/trochaeli/oxAuth/events",
    "assignees_url": "https://api.github.com/repos/trochaeli/oxAuth/assignees{/user}",
    "branches_url": "https://api.github.com/repos/trochaeli/oxAuth/branches{/branch}",
    "tags_url": "https://api.github.com/repos/trochaeli/oxAuth/tags",
    "blobs_url": "https://api.github.com/repos/trochaeli/oxAuth/git/blobs{/sha}",
    "git_tags_url": "https://api.github.com/repos/trochaeli/oxAuth/git/tags{/sha}",
    "git_refs_url": "https://api.github.com/repos/trochaeli/oxAuth/git/refs{/sha}",
    "trees_url": "https://api.github.com/repos/trochaeli/oxAuth/git/trees{/sha}",
    "statuses_url": "https://api.github.com/repos/trochaeli/oxAuth/statuses/{sha}",
    "languages_url": "https://api.github.com/repos/trochaeli/oxAuth/languages",
    "stargazers_url": "https://api.github.com/repos/trochaeli/oxAuth/stargazers",
    "contributors_url": "https://api.github.com/repos/trochaeli/oxAuth/contributors",
    "subscribers_url": "https://api.github.com/repos/trochaeli/oxAuth/subscribers",
    "subscription_url": "https://api.github.com/repos/trochaeli/oxAuth/subscription",
    "commits_url": "https://api.github.com/repos/trochaeli/oxAuth/commits{/sha}",
    "git_commits_url": "https://api.github.com/repos/trochaeli/oxAuth/git/commits{/sha}",
    "comments_url": "https://api.github.com/repos/trochaeli/oxAuth/comments{/number}",
    "issue_comment_url": "https://api.github.com/repos/trochaeli/oxAuth/issues/comments{/number}",
    "contents_url": "https://api.github.com/repos/trochaeli/oxAuth/contents/{+path}",
    "compare_url": "https://api.github.com/repos/trochaeli/oxAuth/compare/{base}...{head}",
    "merges_url": "https://api.github.com/repos/trochaeli/oxAuth/merges",
    "archive_url": "https://api.github.com/repos/trochaeli/oxAuth/{archive_format}{/ref}",
    "downloads_url": "https://api.github.com/repos/trochaeli/oxAuth/downloads",
    "issues_url": "https://api.github.com/repos/trochaeli/oxAuth/issues{/number}",
    "pulls_url": "https://api.github.com/repos/trochaeli/oxAuth/pulls{/number}",
    "milestones_url": "https://api.github.com/repos/trochaeli/oxAuth/milestones{/number}",
    "notifications_url": "https://api.github.com/repos/trochaeli/oxAuth/notifications{?since,all,participating}",
    "labels_url": "https://api.github.com/repos/trochaeli/oxAuth/labels{/name}",
    "releases_url": "https://api.github.com/repos/trochaeli/oxAuth/releases{/id}",
    "deployments_url": "https://api.github.com/repos/trochaeli/oxAuth/deployments",
    "created_at": "2021-11-10T07:46:21Z",
    "updated_at": "2023-02-12T21:39:51Z",
    "pushed_at": "2021-12-13T10:35:58Z",
    "git_url": "git://github.com/trochaeli/oxAuth.git",
    "ssh_url": "git@github.com:trochaeli/oxAuth.git",
    "clone_url": "https://github.com/trochaeli/oxAuth.git",
    "svn_url": "https://github.com/trochaeli/oxAuth",
    "homepage": "https://gluu.org/docs/ce",
    "size": 28559,
    "stargazers_count": 0,
    "watchers_count": 0,
    "language": null,
    "has_issues": false,
    "has_projects": true,
    "has_downloads": true,
    "has_wiki": true,
    "has_pages": false,
    "has_discussions": false,
    "forks_count": 0,
    "mirror_url": null,
    "archived": true,
    "disabled": false,
    "open_issues_count": 0,
    "license": {
        "key": "mit",
        "name": "MIT License",
        "spdx_id": "MIT",
        "url": "https://api.github.com/licenses/mit",
        "node_id": "MDc6TGljZW5zZTEz"
    },
    "allow_forking": true,
    "is_template": false,
    "web_commit_signoff_required": false,
    "topics": [],
    "visibility": "public",
    "forks": 0,
    "open_issues": 0,
    "watchers": 0,
    "default_branch": "master",
    "permissions": {
        "admin": false,
        "maintain": false,
        "push": false,
        "triage": false,
        "pull": true
    },
    "temp_clone_token": "",
    "parent": {
        "id": 18150497,
        "node_id": "MDEwOlJlcG9zaXRvcnkxODE1MDQ5Nw==",
        "name": "oxAuth",
        "full_name": "GluuFederation/oxAuth",
        "private": false,
        "owner": {
            "login": "GluuFederation",
            "id": 3717106,
            "node_id": "MDEyOk9yZ2FuaXphdGlvbjM3MTcxMDY=",
            "avatar_url": "https://avatars.githubusercontent.com/u/3717106?v=4",
            "gravatar_id": "",
            "url": "https://api.github.com/users/GluuFederation",
            "html_url": "https://github.com/GluuFederation",
            "followers_url": "https://api.github.com/users/GluuFederation/followers",
            "following_url": "https://api.github.com/users/GluuFederation/following{/other_user}",
            "gists_url": "https://api.github.com/users/GluuFederation/gists{/gist_id}",
            "starred_url": "https://api.github.com/users/GluuFederation/starred{/owner}{/repo}",
            "subscriptions_url": "https://api.github.com/users/GluuFederation/subscriptions",
            "organizations_url": "https://api.github.com/users/GluuFederation/orgs",
            "repos_url": "https://api.github.com/users/GluuFederation/repos",
            "events_url": "https://api.github.com/users/GluuFederation/events{/privacy}",
            "received_events_url": "https://api.github.com/users/GluuFederation/received_events",
            "type": "Organization",
            "site_admin": false
        },
        "html_url": "https://github.com/GluuFederation/oxAuth",
        "description": "OAuth 2.0 server and client; OpenID Connect Provider (OP) & UMA Authorization Server (AS)",
        "fork": false,
        "url": "https://api.github.com/repos/GluuFederation/oxAuth",
        "forks_url": "https://api.github.com/repos/GluuFederation/oxAuth/forks",
        "keys_url": "https://api.github.com/repos/GluuFederation/oxAuth/keys{/key_id}",
        "collaborators_url": "https://api.github.com/repos/GluuFederation/oxAuth/collaborators{/collaborator}",
        "teams_url": "https://api.github.com/repos/GluuFederation/oxAuth/teams",
        "hooks_url": "https://api.github.com/repos/GluuFederation/oxAuth/hooks",
        "issue_events_url": "https://api.github.com/repos/GluuFederation/oxAuth/issues/events{/number}",
        "events_url": "https://api.github.com/repos/GluuFederation/oxAuth/events",
        "assignees_url": "https://api.github.com/repos/GluuFederation/oxAuth/assignees{/user}",
        "branches_url": "https://api.github.com/repos/GluuFederation/oxAuth/branches{/branch}",
        "tags_url": "https://api.github.com/repos/GluuFederation/oxAuth/tags",
        "blobs_url": "https://api.github.com/repos/GluuFederation/oxAuth/git/blobs{/sha}",
        "git_tags_url": "https://api.github.com/repos/GluuFederation/oxAuth/git/tags{/sha}",
        "git_refs_url": "https://api.github.com/repos/GluuFederation/oxAuth/git/refs{/sha}",
        "trees_url": "https://api.github.com/repos/GluuFederation/oxAuth/git/trees{/sha}",
        "statuses_url": "https://api.github.com/repos/GluuFederation/oxAuth/statuses/{sha}",
        "languages_url": "https://api.github.com/repos/GluuFederation/oxAuth/languages",
        "stargazers_url": "https://api.github.com/repos/GluuFederation/oxAuth/stargazers",
        "contributors_url": "https://api.github.com/repos/GluuFederation/oxAuth/contributors",
        "subscribers_url": "https://api.github.com/repos/GluuFederation/oxAuth/subscribers",
        "subscription_url": "https://api.github.com/repos/GluuFederation/oxAuth/subscription",
        "commits_url": "https://api.github.com/repos/GluuFederation/oxAuth/commits{/sha}",
        "git_commits_url": "https://api.github.com/repos/GluuFederation/oxAuth/git/commits{/sha}",
        "comments_url": "https://api.github.com/repos/GluuFederation/oxAuth/comments{/number}",
        "issue_comment_url": "https://api.github.com/repos/GluuFederation/oxAuth/issues/comments{/number}",
        "contents_url": "https://api.github.com/repos/GluuFederation/oxAuth/contents/{+path}",
        "compare_url": "https://api.github.com/repos/GluuFederation/oxAuth/compare/{base}...{head}",
        "merges_url": "https://api.github.com/repos/GluuFederation/oxAuth/merges",
        "archive_url": "https://api.github.com/repos/GluuFederation/oxAuth/{archive_format}{/ref}",
        "downloads_url": "https://api.github.com/repos/GluuFederation/oxAuth/downloads",
        "issues_url": "https://api.github.com/repos/GluuFederation/oxAuth/issues{/number}",
        "pulls_url": "https://api.github.com/repos/GluuFederation/oxAuth/pulls{/number}",
        "milestones_url": "https://api.github.com/repos/GluuFederation/oxAuth/milestones{/number}",
        "notifications_url": "https://api.github.com/repos/GluuFederation/oxAuth/notifications{?since,all,participating}",
        "labels_url": "https://api.github.com/repos/GluuFederation/oxAuth/labels{/name}",
        "releases_url": "https://api.github.com/repos/GluuFederation/oxAuth/releases{/id}",
        "deployments_url": "https://api.github.com/repos/GluuFederation/oxAuth/deployments",
        "created_at": "2014-03-26T19:14:35Z",
        "updated_at": "2024-04-27T12:45:48Z",
        "pushed_at": "2024-04-25T19:42:43Z",
        "git_url": "git://github.com/GluuFederation/oxAuth.git",
        "ssh_url": "git@github.com:GluuFederation/oxAuth.git",
        "clone_url": "https://github.com/GluuFederation/oxAuth.git",
        "svn_url": "https://github.com/GluuFederation/oxAuth",
        "homepage": "https://gluu.org/docs/ce",
        "size": 31999,
        "stargazers_count": 411,
        "watchers_count": 411,
        "language": "Java",
        "has_issues": true,
        "has_projects": true,
        "has_downloads": true,
        "has_wiki": true,
        "has_pages": false,
        "has_discussions": false,
        "forks_count": 148,
        "mirror_url": null,
        "archived": false,
        "disabled": false,
        "open_issues_count": 34,
        "license": {
            "key": "mit",
            "name": "MIT License",
            "spdx_id": "MIT",
            "url": "https://api.github.com/licenses/mit",
            "node_id": "MDc6TGljZW5zZTEz"
        },
        "allow_forking": true,
        "is_template": false,
        "web_commit_signoff_required": true,
        "topics": [
            "authentication",
            "authorization",
            "oauth2",
            "openid-connect",
            "openid-provider",
            "single-sign-on",
            "sso",
            "sso-authentication",
            "sso-login",
            "uma"
        ],
        "visibility": "public",
        "forks": 148,
        "open_issues": 34,
        "watchers": 411,
        "default_branch": "master"
    },
    "source": {
        "id": 18150497,
        "node_id": "MDEwOlJlcG9zaXRvcnkxODE1MDQ5Nw==",
        "name": "oxAuth",
        "full_name": "GluuFederation/oxAuth",
        "private": false,
        "owner": {
            "login": "GluuFederation",
            "id": 3717106,
            "node_id": "MDEyOk9yZ2FuaXphdGlvbjM3MTcxMDY=",
            "avatar_url": "https://avatars.githubusercontent.com/u/3717106?v=4",
            "gravatar_id": "",
            "url": "https://api.github.com/users/GluuFederation",
            "html_url": "https://github.com/GluuFederation",
            "followers_url": "https://api.github.com/users/GluuFederation/followers",
            "following_url": "https://api.github.com/users/GluuFederation/following{/other_user}",
            "gists_url": "https://api.github.com/users/GluuFederation/gists{/gist_id}",
            "starred_url": "https://api.github.com/users/GluuFederation/starred{/owner}{/repo}",
            "subscriptions_url": "https://api.github.com/users/GluuFederation/subscriptions",
            "organizations_url": "https://api.github.com/users/GluuFederation/orgs",
            "repos_url": "https://api.github.com/users/GluuFederation/repos",
            "events_url": "https://api.github.com/users/GluuFederation/events{/privacy}",
            "received_events_url": "https://api.github.com/users/GluuFederation/received_events",
            "type": "Organization",
            "site_admin": false
        },
        "html_url": "https://github.com/GluuFederation/oxAuth",
        "description": "OAuth 2.0 server and client; OpenID Connect Provider (OP) & UMA Authorization Server (AS)",
        "fork": false,
        "url": "https://api.github.com/repos/GluuFederation/oxAuth",
        "forks_url": "https://api.github.com/repos/GluuFederation/oxAuth/forks",
        "keys_url": "https://api.github.com/repos/GluuFederation/oxAuth/keys{/key_id}",
        "collaborators_url": "https://api.github.com/repos/GluuFederation/oxAuth/collaborators{/collaborator}",
        "teams_url": "https://api.github.com/repos/GluuFederation/oxAuth/teams",
        "hooks_url": "https://api.github.com/repos/GluuFederation/oxAuth/hooks",
        "issue_events_url": "https://api.github.com/repos/GluuFederation/oxAuth/issues/events{/number}",
        "events_url": "https://api.github.com/repos/GluuFederation/oxAuth/events",
        "assignees_url": "https://api.github.com/repos/GluuFederation/oxAuth/assignees{/user}",
        "branches_url": "https://api.github.com/repos/GluuFederation/oxAuth/branches{/branch}",
        "tags_url": "https://api.github.com/repos/GluuFederation/oxAuth/tags",
        "blobs_url": "https://api.github.com/repos/GluuFederation/oxAuth/git/blobs{/sha}",
        "git_tags_url": "https://api.github.com/repos/GluuFederation/oxAuth/git/tags{/sha}",
        "git_refs_url": "https://api.github.com/repos/GluuFederation/oxAuth/git/refs{/sha}",
        "trees_url": "https://api.github.com/repos/GluuFederation/oxAuth/git/trees{/sha}",
        "statuses_url": "https://api.github.com/repos/GluuFederation/oxAuth/statuses/{sha}",
        "languages_url": "https://api.github.com/repos/GluuFederation/oxAuth/languages",
        "stargazers_url": "https://api.github.com/repos/GluuFederation/oxAuth/stargazers",
        "contributors_url": "https://api.github.com/repos/GluuFederation/oxAuth/contributors",
        "subscribers_url": "https://api.github.com/repos/GluuFederation/oxAuth/subscribers",
        "subscription_url": "https://api.github.com/repos/GluuFederation/oxAuth/subscription",
        "commits_url": "https://api.github.com/repos/GluuFederation/oxAuth/commits{/sha}",
        "git_commits_url": "https://api.github.com/repos/GluuFederation/oxAuth/git/commits{/sha}",
        "comments_url": "https://api.github.com/repos/GluuFederation/oxAuth/comments{/number}",
        "issue_comment_url": "https://api.github.com/repos/GluuFederation/oxAuth/issues/comments{/number}",
        "contents_url": "https://api.github.com/repos/GluuFederation/oxAuth/contents/{+path}",
        "compare_url": "https://api.github.com/repos/GluuFederation/oxAuth/compare/{base}...{head}",
        "merges_url": "https://api.github.com/repos/GluuFederation/oxAuth/merges",
        "archive_url": "https://api.github.com/repos/GluuFederation/oxAuth/{archive_format}{/ref}",
        "downloads_url": "https://api.github.com/repos/GluuFederation/oxAuth/downloads",
        "issues_url": "https://api.github.com/repos/GluuFederation/oxAuth/issues{/number}",
        "pulls_url": "https://api.github.com/repos/GluuFederation/oxAuth/pulls{/number}",
        "milestones_url": "https://api.github.com/repos/GluuFederation/oxAuth/milestones{/number}",
        "notifications_url": "https://api.github.com/repos/GluuFederation/oxAuth/notifications{?since,all,participating}",
        "labels_url": "https://api.github.com/repos/GluuFederation/oxAuth/labels{/name}",
        "releases_url": "https://api.github.com/repos/GluuFederation/oxAuth/releases{/id}",
        "deployments_url": "https://api.github.com/repos/GluuFederation/oxAuth/deployments",
        "created_at": "2014-03-26T19:14:35Z",
        "updated_at": "2024-04-27T12:45:48Z",
        "pushed_at": "2024-04-25T19:42:43Z",
        "git_url": "git://github.com/GluuFederation/oxAuth.git",
        "ssh_url": "git@github.com:GluuFederation/oxAuth.git",
        "clone_url": "https://github.com/GluuFederation/oxAuth.git",
        "svn_url": "https://github.com/GluuFederation/oxAuth",
        "homepage": "https://gluu.org/docs/ce",
        "size": 31999,
        "stargazers_count": 411,
        "watchers_count": 411,
        "language": "Java",
        "has_issues": true,
        "has_projects": true,
        "has_downloads": true,
        "has_wiki": true,
        "has_pages": false,
        "has_discussions": false,
        "forks_count": 148,
        "mirror_url": null,
        "archived": false,
        "disabled": false,
        "open_issues_count": 34,
        "license": {
            "key": "mit",
            "name": "MIT License",
            "spdx_id": "MIT",
            "url": "https://api.github.com/licenses/mit",
            "node_id": "MDc6TGljZW5zZTEz"
        },
        "allow_forking": true,
        "is_template": false,
        "web_commit_signoff_required": true,
        "topics": [
            "authentication",
            "authorization",
            "oauth2",
            "openid-connect",
            "openid-provider",
            "single-sign-on",
            "sso",
            "sso-authentication",
            "sso-login",
            "uma"
        ],
        "visibility": "public",
        "forks": 148,
        "open_issues": 34,
        "watchers": 411,
        "default_branch": "master"
    },
    "network_count": 148,
    "subscribers_count": 0
}