{
    "id": 372679030,
    "node_id": "MDEwOlJlcG9zaXRvcnkzNzI2NzkwMzA=",
    "name": "spring",
    "full_name": "wchao18/spring",
    "private": false,
    "owner": {
        "login": "wchao18",
        "id": 35139643,
        "node_id": "MDQ6VXNlcjM1MTM5NjQz",
        "avatar_url": "https://avatars.githubusercontent.com/u/35139643?v=4",
        "gravatar_id": "",
        "url": "https://api.github.com/users/wchao18",
        "html_url": "https://github.com/wchao18",
        "followers_url": "https://api.github.com/users/wchao18/followers",
        "following_url": "https://api.github.com/users/wchao18/following{/other_user}",
        "gists_url": "https://api.github.com/users/wchao18/gists{/gist_id}",
        "starred_url": "https://api.github.com/users/wchao18/starred{/owner}{/repo}",
        "subscriptions_url": "https://api.github.com/users/wchao18/subscriptions",
        "organizations_url": "https://api.github.com/users/wchao18/orgs",
        "repos_url": "https://api.github.com/users/wchao18/repos",
        "events_url": "https://api.github.com/users/wchao18/events{/privacy}",
        "received_events_url": "https://api.github.com/users/wchao18/received_events",
        "type": "User",
        "site_admin": false
    },
    "html_url": "https://github.com/wchao18/spring",
    "description": null,
    "fork": false,
    "url": "https://api.github.com/repos/wchao18/spring",
    "forks_url": "https://api.github.com/repos/wchao18/spring/forks",
    "keys_url": "https://api.github.com/repos/wchao18/spring/keys{/key_id}",
    "collaborators_url": "https://api.github.com/repos/wchao18/spring/collaborators{/collaborator}",
    "teams_url": "https://api.github.com/repos/wchao18/spring/teams",
    "hooks_url": "https://api.github.com/repos/wchao18/spring/hooks",
    "issue_events_url": "https://api.github.com/repos/wchao18/spring/issues/events{/number}",
    "events_url": "https://api.github.com/repos/wchao18/spring/events",
    "assignees_url": "https://api.github.com/repos/wchao18/spring/assignees{/user}",
    "branches_url": "https://api.github.com/repos/wchao18/spring/branches{/branch}",
    "tags_url": "https://api.github.com/repos/wchao18/spring/tags",
    "blobs_url": "https://api.github.com/repos/wchao18/spring/git/blobs{/sha}",
    "git_tags_url": "https://api.github.com/repos/wchao18/spring/git/tags{/sha}",
    "git_refs_url": "https://api.github.com/repos/wchao18/spring/git/refs{/sha}",
    "trees_url": "https://api.github.com/repos/wchao18/spring/git/trees{/sha}",
    "statuses_url": "https://api.github.com/repos/wchao18/spring/statuses/{sha}",
    "languages_url": "https://api.github.com/repos/wchao18/spring/languages",
    "stargazers_url": "https://api.github.com/repos/wchao18/spring/stargazers",
    "contributors_url": "https://api.github.com/repos/wchao18/spring/contributors",
    "subscribers_url": "https://api.github.com/repos/wchao18/spring/subscribers",
    "subscription_url": "https://api.github.com/repos/wchao18/spring/subscription",
    "commits_url": "https://api.github.com/repos/wchao18/spring/commits{/sha}",
    "git_commits_url": "https://api.github.com/repos/wchao18/spring/git/commits{/sha}",
    "comments_url": "https://api.github.com/repos/wchao18/spring/comments{/number}",
    "issue_comment_url": "https://api.github.com/repos/wchao18/spring/issues/comments{/number}",
    "contents_url": "https://api.github.com/repos/wchao18/spring/contents/{+path}",
    "compare_url": "https://api.github.com/repos/wchao18/spring/compare/{base}...{head}",
    "merges_url": "https://api.github.com/repos/wchao18/spring/merges",
    "archive_url": "https://api.github.com/repos/wchao18/spring/{archive_format}{/ref}",
    "downloads_url": "https://api.github.com/repos/wchao18/spring/downloads",
    "issues_url": "https://api.github.com/repos/wchao18/spring/issues{/number}",
    "pulls_url": "https://api.github.com/repos/wchao18/spring/pulls{/number}",
    "milestones_url": "https://api.github.com/repos/wchao18/spring/milestones{/number}",
    "notifications_url": "https://api.github.com/repos/wchao18/spring/notifications{?since,all,participating}",
    "labels_url": "https://api.github.com/repos/wchao18/spring/labels{/name}",
    "releases_url": "https://api.github.com/repos/wchao18/spring/releases{/id}",
    "deployments_url": "https://api.github.com/repos/wchao18/spring/deployments",
    "created_at": "2021-06-01T02:26:37Z",
    "updated_at": "2021-10-25T13:01:04Z",
    "pushed_at": "2022-07-26T10:20:41Z",
    "git_url": "git://github.com/wchao18/spring.git",
    "ssh_url": "git@github.com:wchao18/spring.git",
    "clone_url": "https://github.com/wchao18/spring.git",
    "svn_url": "https://github.com/wchao18/spring",
    "homepage": null,
    "size": 15583,
    "stargazers_count": 0,
    "watchers_count": 0,
    "language": "Java",
    "has_issues": true,
    "has_projects": true,
    "has_downloads": true,
    "has_wiki": true,
    "has_pages": false,
    "has_discussions": false,
    "forks_count": 0,
    "mirror_url": null,
    "archived": false,
    "disabled": false,
    "open_issues_count": 0,
    "license": {
        "key": "apache-2.0",
        "name": "Apache License 2.0",
        "spdx_id": "Apache-2.0",
        "url": "https://api.github.com/licenses/apache-2.0",
        "node_id": "MDc6TGljZW5zZTI="
    },
    "allow_forking": true,
    "is_template": false,
    "web_commit_signoff_required": false,
    "topics": [],
    "visibility": "public",
    "forks": 0,
    "open_issues": 0,
    "watchers": 0,
    "default_branch": "master",
    "permissions": {
        "admin": false,
        "maintain": false,
        "push": false,
        "triage": false,
        "pull": true
    },
    "temp_clone_token": "",
    "network_count": 0,
    "subscribers_count": 1
}