{
    "id": 124175990,
    "node_id": "MDEwOlJlcG9zaXRvcnkxMjQxNzU5OTA=",
    "name": "Starwars-crawlers",
    "full_name": "Wawin1812/Starwars-crawlers",
    "private": false,
    "owner": {
        "login": "Wawin1812",
        "id": 26949248,
        "node_id": "MDQ6VXNlcjI2OTQ5MjQ4",
        "avatar_url": "https://avatars.githubusercontent.com/u/26949248?v=4",
        "gravatar_id": "",
        "url": "https://api.github.com/users/Wawin1812",
        "html_url": "https://github.com/Wawin1812",
        "followers_url": "https://api.github.com/users/Wawin1812/followers",
        "following_url": "https://api.github.com/users/Wawin1812/following{/other_user}",
        "gists_url": "https://api.github.com/users/Wawin1812/gists{/gist_id}",
        "starred_url": "https://api.github.com/users/Wawin1812/starred{/owner}{/repo}",
        "subscriptions_url": "https://api.github.com/users/Wawin1812/subscriptions",
        "organizations_url": "https://api.github.com/users/Wawin1812/orgs",
        "repos_url": "https://api.github.com/users/Wawin1812/repos",
        "events_url": "https://api.github.com/users/Wawin1812/events{/privacy}",
        "received_events_url": "https://api.github.com/users/Wawin1812/received_events",
        "type": "User",
        "site_admin": false
    },
    "html_url": "https://github.com/Wawin1812/Starwars-crawlers",
    "description": "Designed a star wars crawlers using javaFX",
    "fork": false,
    "url": "https://api.github.com/repos/Wawin1812/Starwars-crawlers",
    "forks_url": "https://api.github.com/repos/Wawin1812/Starwars-crawlers/forks",
    "keys_url": "https://api.github.com/repos/Wawin1812/Starwars-crawlers/keys{/key_id}",
    "collaborators_url": "https://api.github.com/repos/Wawin1812/Starwars-crawlers/collaborators{/collaborator}",
    "teams_url": "https://api.github.com/repos/Wawin1812/Starwars-crawlers/teams",
    "hooks_url": "https://api.github.com/repos/Wawin1812/Starwars-crawlers/hooks",
    "issue_events_url": "https://api.github.com/repos/Wawin1812/Starwars-crawlers/issues/events{/number}",
    "events_url": "https://api.github.com/repos/Wawin1812/Starwars-crawlers/events",
    "assignees_url": "https://api.github.com/repos/Wawin1812/Starwars-crawlers/assignees{/user}",
    "branches_url": "https://api.github.com/repos/Wawin1812/Starwars-crawlers/branches{/branch}",
    "tags_url": "https://api.github.com/repos/Wawin1812/Starwars-crawlers/tags",
    "blobs_url": "https://api.github.com/repos/Wawin1812/Starwars-crawlers/git/blobs{/sha}",
    "git_tags_url": "https://api.github.com/repos/Wawin1812/Starwars-crawlers/git/tags{/sha}",
    "git_refs_url": "https://api.github.com/repos/Wawin1812/Starwars-crawlers/git/refs{/sha}",
    "trees_url": "https://api.github.com/repos/Wawin1812/Starwars-crawlers/git/trees{/sha}",
    "statuses_url": "https://api.github.com/repos/Wawin1812/Starwars-crawlers/statuses/{sha}",
    "languages_url": "https://api.github.com/repos/Wawin1812/Starwars-crawlers/languages",
    "stargazers_url": "https://api.github.com/repos/Wawin1812/Starwars-crawlers/stargazers",
    "contributors_url": "https://api.github.com/repos/Wawin1812/Starwars-crawlers/contributors",
    "subscribers_url": "https://api.github.com/repos/Wawin1812/Starwars-crawlers/subscribers",
    "subscription_url": "https://api.github.com/repos/Wawin1812/Starwars-crawlers/subscription",
    "commits_url": "https://api.github.com/repos/Wawin1812/Starwars-crawlers/commits{/sha}",
    "git_commits_url": "https://api.github.com/repos/Wawin1812/Starwars-crawlers/git/commits{/sha}",
    "comments_url": "https://api.github.com/repos/Wawin1812/Starwars-crawlers/comments{/number}",
    "issue_comment_url": "https://api.github.com/repos/Wawin1812/Starwars-crawlers/issues/comments{/number}",
    "contents_url": "https://api.github.com/repos/Wawin1812/Starwars-crawlers/contents/{+path}",
    "compare_url": "https://api.github.com/repos/Wawin1812/Starwars-crawlers/compare/{base}...{head}",
    "merges_url": "https://api.github.com/repos/Wawin1812/Starwars-crawlers/merges",
    "archive_url": "https://api.github.com/repos/Wawin1812/Starwars-crawlers/{archive_format}{/ref}",
    "downloads_url": "https://api.github.com/repos/Wawin1812/Starwars-crawlers/downloads",
    "issues_url": "https://api.github.com/repos/Wawin1812/Starwars-crawlers/issues{/number}",
    "pulls_url": "https://api.github.com/repos/Wawin1812/Starwars-crawlers/pulls{/number}",
    "milestones_url": "https://api.github.com/repos/Wawin1812/Starwars-crawlers/milestones{/number}",
    "notifications_url": "https://api.github.com/repos/Wawin1812/Starwars-crawlers/notifications{?since,all,participating}",
    "labels_url": "https://api.github.com/repos/Wawin1812/Starwars-crawlers/labels{/name}",
    "releases_url": "https://api.github.com/repos/Wawin1812/Starwars-crawlers/releases{/id}",
    "deployments_url": "https://api.github.com/repos/Wawin1812/Starwars-crawlers/deployments",
    "created_at": "2018-03-07T03:51:54Z",
    "updated_at": "2018-03-07T03:54:34Z",
    "pushed_at": "2018-03-07T03:54:33Z",
    "git_url": "git://github.com/Wawin1812/Starwars-crawlers.git",
    "ssh_url": "git@github.com:Wawin1812/Starwars-crawlers.git",
    "clone_url": "https://github.com/Wawin1812/Starwars-crawlers.git",
    "svn_url": "https://github.com/Wawin1812/Starwars-crawlers",
    "homepage": null,
    "size": 19,
    "stargazers_count": 0,
    "watchers_count": 0,
    "language": "Java",
    "has_issues": true,
    "has_projects": true,
    "has_downloads": true,
    "has_wiki": true,
    "has_pages": false,
    "has_discussions": false,
    "forks_count": 0,
    "mirror_url": null,
    "archived": false,
    "disabled": false,
    "open_issues_count": 0,
    "license": {
        "key": "mit",
        "name": "MIT License",
        "spdx_id": "MIT",
        "url": "https://api.github.com/licenses/mit",
        "node_id": "MDc6TGljZW5zZTEz"
    },
    "allow_forking": true,
    "is_template": false,
    "web_commit_signoff_required": false,
    "topics": [],
    "visibility": "public",
    "forks": 0,
    "open_issues": 0,
    "watchers": 0,
    "default_branch": "master",
    "permissions": {
        "admin": false,
        "maintain": false,
        "push": false,
        "triage": false,
        "pull": true
    },
    "temp_clone_token": "",
    "network_count": 0,
    "subscribers_count": 1
}