{
    "id": 62491846,
    "node_id": "MDEwOlJlcG9zaXRvcnk2MjQ5MTg0Ng==",
    "name": "stock-hawk",
    "full_name": "crazyhitty/stock-hawk",
    "private": false,
    "owner": {
        "login": "crazyhitty",
        "id": 8070472,
        "node_id": "MDQ6VXNlcjgwNzA0NzI=",
        "avatar_url": "https://avatars.githubusercontent.com/u/8070472?v=4",
        "gravatar_id": "",
        "url": "https://api.github.com/users/crazyhitty",
        "html_url": "https://github.com/crazyhitty",
        "followers_url": "https://api.github.com/users/crazyhitty/followers",
        "following_url": "https://api.github.com/users/crazyhitty/following{/other_user}",
        "gists_url": "https://api.github.com/users/crazyhitty/gists{/gist_id}",
        "starred_url": "https://api.github.com/users/crazyhitty/starred{/owner}{/repo}",
        "subscriptions_url": "https://api.github.com/users/crazyhitty/subscriptions",
        "organizations_url": "https://api.github.com/users/crazyhitty/orgs",
        "repos_url": "https://api.github.com/users/crazyhitty/repos",
        "events_url": "https://api.github.com/users/crazyhitty/events{/privacy}",
        "received_events_url": "https://api.github.com/users/crazyhitty/received_events",
        "type": "User",
        "site_admin": false
    },
    "html_url": "https://github.com/crazyhitty/stock-hawk",
    "description": "Udacity android nanodegree p3",
    "fork": false,
    "url": "https://api.github.com/repos/crazyhitty/stock-hawk",
    "forks_url": "https://api.github.com/repos/crazyhitty/stock-hawk/forks",
    "keys_url": "https://api.github.com/repos/crazyhitty/stock-hawk/keys{/key_id}",
    "collaborators_url": "https://api.github.com/repos/crazyhitty/stock-hawk/collaborators{/collaborator}",
    "teams_url": "https://api.github.com/repos/crazyhitty/stock-hawk/teams",
    "hooks_url": "https://api.github.com/repos/crazyhitty/stock-hawk/hooks",
    "issue_events_url": "https://api.github.com/repos/crazyhitty/stock-hawk/issues/events{/number}",
    "events_url": "https://api.github.com/repos/crazyhitty/stock-hawk/events",
    "assignees_url": "https://api.github.com/repos/crazyhitty/stock-hawk/assignees{/user}",
    "branches_url": "https://api.github.com/repos/crazyhitty/stock-hawk/branches{/branch}",
    "tags_url": "https://api.github.com/repos/crazyhitty/stock-hawk/tags",
    "blobs_url": "https://api.github.com/repos/crazyhitty/stock-hawk/git/blobs{/sha}",
    "git_tags_url": "https://api.github.com/repos/crazyhitty/stock-hawk/git/tags{/sha}",
    "git_refs_url": "https://api.github.com/repos/crazyhitty/stock-hawk/git/refs{/sha}",
    "trees_url": "https://api.github.com/repos/crazyhitty/stock-hawk/git/trees{/sha}",
    "statuses_url": "https://api.github.com/repos/crazyhitty/stock-hawk/statuses/{sha}",
    "languages_url": "https://api.github.com/repos/crazyhitty/stock-hawk/languages",
    "stargazers_url": "https://api.github.com/repos/crazyhitty/stock-hawk/stargazers",
    "contributors_url": "https://api.github.com/repos/crazyhitty/stock-hawk/contributors",
    "subscribers_url": "https://api.github.com/repos/crazyhitty/stock-hawk/subscribers",
    "subscription_url": "https://api.github.com/repos/crazyhitty/stock-hawk/subscription",
    "commits_url": "https://api.github.com/repos/crazyhitty/stock-hawk/commits{/sha}",
    "git_commits_url": "https://api.github.com/repos/crazyhitty/stock-hawk/git/commits{/sha}",
    "comments_url": "https://api.github.com/repos/crazyhitty/stock-hawk/comments{/number}",
    "issue_comment_url": "https://api.github.com/repos/crazyhitty/stock-hawk/issues/comments{/number}",
    "contents_url": "https://api.github.com/repos/crazyhitty/stock-hawk/contents/{+path}",
    "compare_url": "https://api.github.com/repos/crazyhitty/stock-hawk/compare/{base}...{head}",
    "merges_url": "https://api.github.com/repos/crazyhitty/stock-hawk/merges",
    "archive_url": "https://api.github.com/repos/crazyhitty/stock-hawk/{archive_format}{/ref}",
    "downloads_url": "https://api.github.com/repos/crazyhitty/stock-hawk/downloads",
    "issues_url": "https://api.github.com/repos/crazyhitty/stock-hawk/issues{/number}",
    "pulls_url": "https://api.github.com/repos/crazyhitty/stock-hawk/pulls{/number}",
    "milestones_url": "https://api.github.com/repos/crazyhitty/stock-hawk/milestones{/number}",
    "notifications_url": "https://api.github.com/repos/crazyhitty/stock-hawk/notifications{?since,all,participating}",
    "labels_url": "https://api.github.com/repos/crazyhitty/stock-hawk/labels{/name}",
    "releases_url": "https://api.github.com/repos/crazyhitty/stock-hawk/releases{/id}",
    "deployments_url": "https://api.github.com/repos/crazyhitty/stock-hawk/deployments",
    "created_at": "2016-07-03T10:33:23Z",
    "updated_at": "2016-11-28T03:02:41Z",
    "pushed_at": "2016-11-28T03:02:36Z",
    "git_url": "git://github.com/crazyhitty/stock-hawk.git",
    "ssh_url": "git@github.com:crazyhitty/stock-hawk.git",
    "clone_url": "https://github.com/crazyhitty/stock-hawk.git",
    "svn_url": "https://github.com/crazyhitty/stock-hawk",
    "homepage": "",
    "size": 467,
    "stargazers_count": 0,
    "watchers_count": 0,
    "language": "Java",
    "has_issues": true,
    "has_projects": true,
    "has_downloads": true,
    "has_wiki": true,
    "has_pages": false,
    "has_discussions": false,
    "forks_count": 2,
    "mirror_url": null,
    "archived": false,
    "disabled": false,
    "open_issues_count": 0,
    "license": {
        "key": "mit",
        "name": "MIT License",
        "spdx_id": "MIT",
        "url": "https://api.github.com/licenses/mit",
        "node_id": "MDc6TGljZW5zZTEz"
    },
    "allow_forking": true,
    "is_template": false,
    "web_commit_signoff_required": false,
    "topics": [],
    "visibility": "public",
    "forks": 2,
    "open_issues": 0,
    "watchers": 0,
    "default_branch": "master",
    "permissions": {
        "admin": false,
        "maintain": false,
        "push": false,
        "triage": false,
        "pull": true
    },
    "temp_clone_token": "",
    "network_count": 2,
    "subscribers_count": 3
}