{
    "id": 312940788,
    "node_id": "MDEwOlJlcG9zaXRvcnkzMTI5NDA3ODg=",
    "name": "CoversEverywhere",
    "full_name": "eutro/CoversEverywhere",
    "private": false,
    "owner": {
        "login": "eutro",
        "id": 11538216,
        "node_id": "MDQ6VXNlcjExNTM4MjE2",
        "avatar_url": "https://avatars.githubusercontent.com/u/11538216?v=4",
        "gravatar_id": "",
        "url": "https://api.github.com/users/eutro",
        "html_url": "https://github.com/eutro",
        "followers_url": "https://api.github.com/users/eutro/followers",
        "following_url": "https://api.github.com/users/eutro/following{/other_user}",
        "gists_url": "https://api.github.com/users/eutro/gists{/gist_id}",
        "starred_url": "https://api.github.com/users/eutro/starred{/owner}{/repo}",
        "subscriptions_url": "https://api.github.com/users/eutro/subscriptions",
        "organizations_url": "https://api.github.com/users/eutro/orgs",
        "repos_url": "https://api.github.com/users/eutro/repos",
        "events_url": "https://api.github.com/users/eutro/events{/privacy}",
        "received_events_url": "https://api.github.com/users/eutro/received_events",
        "type": "User",
        "site_admin": false
    },
    "html_url": "https://github.com/eutro/CoversEverywhere",
    "description": null,
    "fork": false,
    "url": "https://api.github.com/repos/eutro/CoversEverywhere",
    "forks_url": "https://api.github.com/repos/eutro/CoversEverywhere/forks",
    "keys_url": "https://api.github.com/repos/eutro/CoversEverywhere/keys{/key_id}",
    "collaborators_url": "https://api.github.com/repos/eutro/CoversEverywhere/collaborators{/collaborator}",
    "teams_url": "https://api.github.com/repos/eutro/CoversEverywhere/teams",
    "hooks_url": "https://api.github.com/repos/eutro/CoversEverywhere/hooks",
    "issue_events_url": "https://api.github.com/repos/eutro/CoversEverywhere/issues/events{/number}",
    "events_url": "https://api.github.com/repos/eutro/CoversEverywhere/events",
    "assignees_url": "https://api.github.com/repos/eutro/CoversEverywhere/assignees{/user}",
    "branches_url": "https://api.github.com/repos/eutro/CoversEverywhere/branches{/branch}",
    "tags_url": "https://api.github.com/repos/eutro/CoversEverywhere/tags",
    "blobs_url": "https://api.github.com/repos/eutro/CoversEverywhere/git/blobs{/sha}",
    "git_tags_url": "https://api.github.com/repos/eutro/CoversEverywhere/git/tags{/sha}",
    "git_refs_url": "https://api.github.com/repos/eutro/CoversEverywhere/git/refs{/sha}",
    "trees_url": "https://api.github.com/repos/eutro/CoversEverywhere/git/trees{/sha}",
    "statuses_url": "https://api.github.com/repos/eutro/CoversEverywhere/statuses/{sha}",
    "languages_url": "https://api.github.com/repos/eutro/CoversEverywhere/languages",
    "stargazers_url": "https://api.github.com/repos/eutro/CoversEverywhere/stargazers",
    "contributors_url": "https://api.github.com/repos/eutro/CoversEverywhere/contributors",
    "subscribers_url": "https://api.github.com/repos/eutro/CoversEverywhere/subscribers",
    "subscription_url": "https://api.github.com/repos/eutro/CoversEverywhere/subscription",
    "commits_url": "https://api.github.com/repos/eutro/CoversEverywhere/commits{/sha}",
    "git_commits_url": "https://api.github.com/repos/eutro/CoversEverywhere/git/commits{/sha}",
    "comments_url": "https://api.github.com/repos/eutro/CoversEverywhere/comments{/number}",
    "issue_comment_url": "https://api.github.com/repos/eutro/CoversEverywhere/issues/comments{/number}",
    "contents_url": "https://api.github.com/repos/eutro/CoversEverywhere/contents/{+path}",
    "compare_url": "https://api.github.com/repos/eutro/CoversEverywhere/compare/{base}...{head}",
    "merges_url": "https://api.github.com/repos/eutro/CoversEverywhere/merges",
    "archive_url": "https://api.github.com/repos/eutro/CoversEverywhere/{archive_format}{/ref}",
    "downloads_url": "https://api.github.com/repos/eutro/CoversEverywhere/downloads",
    "issues_url": "https://api.github.com/repos/eutro/CoversEverywhere/issues{/number}",
    "pulls_url": "https://api.github.com/repos/eutro/CoversEverywhere/pulls{/number}",
    "milestones_url": "https://api.github.com/repos/eutro/CoversEverywhere/milestones{/number}",
    "notifications_url": "https://api.github.com/repos/eutro/CoversEverywhere/notifications{?since,all,participating}",
    "labels_url": "https://api.github.com/repos/eutro/CoversEverywhere/labels{/name}",
    "releases_url": "https://api.github.com/repos/eutro/CoversEverywhere/releases{/id}",
    "deployments_url": "https://api.github.com/repos/eutro/CoversEverywhere/deployments",
    "created_at": "2020-11-15T02:13:28Z",
    "updated_at": "2021-01-08T20:43:13Z",
    "pushed_at": "2021-01-08T20:43:11Z",
    "git_url": "git://github.com/eutro/CoversEverywhere.git",
    "ssh_url": "git@github.com:eutro/CoversEverywhere.git",
    "clone_url": "https://github.com/eutro/CoversEverywhere.git",
    "svn_url": "https://github.com/eutro/CoversEverywhere",
    "homepage": null,
    "size": 243,
    "stargazers_count": 1,
    "watchers_count": 1,
    "language": "Java",
    "has_issues": true,
    "has_projects": true,
    "has_downloads": true,
    "has_wiki": true,
    "has_pages": false,
    "has_discussions": false,
    "forks_count": 0,
    "mirror_url": null,
    "archived": false,
    "disabled": false,
    "open_issues_count": 1,
    "license": {
        "key": "mit",
        "name": "MIT License",
        "spdx_id": "MIT",
        "url": "https://api.github.com/licenses/mit",
        "node_id": "MDc6TGljZW5zZTEz"
    },
    "allow_forking": true,
    "is_template": false,
    "web_commit_signoff_required": false,
    "topics": [],
    "visibility": "public",
    "forks": 0,
    "open_issues": 1,
    "watchers": 1,
    "default_branch": "master",
    "permissions": {
        "admin": false,
        "maintain": false,
        "push": false,
        "triage": false,
        "pull": true
    },
    "temp_clone_token": "",
    "network_count": 0,
    "subscribers_count": 1
}