{
    "id": 143238949,
    "node_id": "MDEwOlJlcG9zaXRvcnkxNDMyMzg5NDk=",
    "name": "BasicLibrary",
    "full_name": "miLLlulei/BasicLibrary",
    "private": false,
    "owner": {
        "login": "miLLlulei",
        "id": 5276435,
        "node_id": "MDQ6VXNlcjUyNzY0MzU=",
        "avatar_url": "https://avatars.githubusercontent.com/u/5276435?v=4",
        "gravatar_id": "",
        "url": "https://api.github.com/users/miLLlulei",
        "html_url": "https://github.com/miLLlulei",
        "followers_url": "https://api.github.com/users/miLLlulei/followers",
        "following_url": "https://api.github.com/users/miLLlulei/following{/other_user}",
        "gists_url": "https://api.github.com/users/miLLlulei/gists{/gist_id}",
        "starred_url": "https://api.github.com/users/miLLlulei/starred{/owner}{/repo}",
        "subscriptions_url": "https://api.github.com/users/miLLlulei/subscriptions",
        "organizations_url": "https://api.github.com/users/miLLlulei/orgs",
        "repos_url": "https://api.github.com/users/miLLlulei/repos",
        "events_url": "https://api.github.com/users/miLLlulei/events{/privacy}",
        "received_events_url": "https://api.github.com/users/miLLlulei/received_events",
        "type": "User",
        "site_admin": false
    },
    "html_url": "https://github.com/miLLlulei/BasicLibrary",
    "description": "Accumulated some open source base Libraries",
    "fork": false,
    "url": "https://api.github.com/repos/miLLlulei/BasicLibrary",
    "forks_url": "https://api.github.com/repos/miLLlulei/BasicLibrary/forks",
    "keys_url": "https://api.github.com/repos/miLLlulei/BasicLibrary/keys{/key_id}",
    "collaborators_url": "https://api.github.com/repos/miLLlulei/BasicLibrary/collaborators{/collaborator}",
    "teams_url": "https://api.github.com/repos/miLLlulei/BasicLibrary/teams",
    "hooks_url": "https://api.github.com/repos/miLLlulei/BasicLibrary/hooks",
    "issue_events_url": "https://api.github.com/repos/miLLlulei/BasicLibrary/issues/events{/number}",
    "events_url": "https://api.github.com/repos/miLLlulei/BasicLibrary/events",
    "assignees_url": "https://api.github.com/repos/miLLlulei/BasicLibrary/assignees{/user}",
    "branches_url": "https://api.github.com/repos/miLLlulei/BasicLibrary/branches{/branch}",
    "tags_url": "https://api.github.com/repos/miLLlulei/BasicLibrary/tags",
    "blobs_url": "https://api.github.com/repos/miLLlulei/BasicLibrary/git/blobs{/sha}",
    "git_tags_url": "https://api.github.com/repos/miLLlulei/BasicLibrary/git/tags{/sha}",
    "git_refs_url": "https://api.github.com/repos/miLLlulei/BasicLibrary/git/refs{/sha}",
    "trees_url": "https://api.github.com/repos/miLLlulei/BasicLibrary/git/trees{/sha}",
    "statuses_url": "https://api.github.com/repos/miLLlulei/BasicLibrary/statuses/{sha}",
    "languages_url": "https://api.github.com/repos/miLLlulei/BasicLibrary/languages",
    "stargazers_url": "https://api.github.com/repos/miLLlulei/BasicLibrary/stargazers",
    "contributors_url": "https://api.github.com/repos/miLLlulei/BasicLibrary/contributors",
    "subscribers_url": "https://api.github.com/repos/miLLlulei/BasicLibrary/subscribers",
    "subscription_url": "https://api.github.com/repos/miLLlulei/BasicLibrary/subscription",
    "commits_url": "https://api.github.com/repos/miLLlulei/BasicLibrary/commits{/sha}",
    "git_commits_url": "https://api.github.com/repos/miLLlulei/BasicLibrary/git/commits{/sha}",
    "comments_url": "https://api.github.com/repos/miLLlulei/BasicLibrary/comments{/number}",
    "issue_comment_url": "https://api.github.com/repos/miLLlulei/BasicLibrary/issues/comments{/number}",
    "contents_url": "https://api.github.com/repos/miLLlulei/BasicLibrary/contents/{+path}",
    "compare_url": "https://api.github.com/repos/miLLlulei/BasicLibrary/compare/{base}...{head}",
    "merges_url": "https://api.github.com/repos/miLLlulei/BasicLibrary/merges",
    "archive_url": "https://api.github.com/repos/miLLlulei/BasicLibrary/{archive_format}{/ref}",
    "downloads_url": "https://api.github.com/repos/miLLlulei/BasicLibrary/downloads",
    "issues_url": "https://api.github.com/repos/miLLlulei/BasicLibrary/issues{/number}",
    "pulls_url": "https://api.github.com/repos/miLLlulei/BasicLibrary/pulls{/number}",
    "milestones_url": "https://api.github.com/repos/miLLlulei/BasicLibrary/milestones{/number}",
    "notifications_url": "https://api.github.com/repos/miLLlulei/BasicLibrary/notifications{?since,all,participating}",
    "labels_url": "https://api.github.com/repos/miLLlulei/BasicLibrary/labels{/name}",
    "releases_url": "https://api.github.com/repos/miLLlulei/BasicLibrary/releases{/id}",
    "deployments_url": "https://api.github.com/repos/miLLlulei/BasicLibrary/deployments",
    "created_at": "2018-08-02T03:43:08Z",
    "updated_at": "2019-05-23T03:30:15Z",
    "pushed_at": "2018-08-03T10:01:54Z",
    "git_url": "git://github.com/miLLlulei/BasicLibrary.git",
    "ssh_url": "git@github.com:miLLlulei/BasicLibrary.git",
    "clone_url": "https://github.com/miLLlulei/BasicLibrary.git",
    "svn_url": "https://github.com/miLLlulei/BasicLibrary",
    "homepage": null,
    "size": 1680,
    "stargazers_count": 1,
    "watchers_count": 1,
    "language": "Java",
    "has_issues": true,
    "has_projects": true,
    "has_downloads": true,
    "has_wiki": true,
    "has_pages": false,
    "has_discussions": false,
    "forks_count": 0,
    "mirror_url": null,
    "archived": false,
    "disabled": false,
    "open_issues_count": 0,
    "license": {
        "key": "apache-2.0",
        "name": "Apache License 2.0",
        "spdx_id": "Apache-2.0",
        "url": "https://api.github.com/licenses/apache-2.0",
        "node_id": "MDc6TGljZW5zZTI="
    },
    "allow_forking": true,
    "is_template": false,
    "web_commit_signoff_required": false,
    "topics": [],
    "visibility": "public",
    "forks": 0,
    "open_issues": 0,
    "watchers": 1,
    "default_branch": "master",
    "permissions": {
        "admin": false,
        "maintain": false,
        "push": false,
        "triage": false,
        "pull": true
    },
    "temp_clone_token": "",
    "network_count": 0,
    "subscribers_count": 1
}