{
    "id": 130865924,
    "node_id": "MDEwOlJlcG9zaXRvcnkxMzA4NjU5MjQ=",
    "name": "incubator-livy",
    "full_name": "nikpanos/incubator-livy",
    "private": false,
    "owner": {
        "login": "nikpanos",
        "id": 4738288,
        "node_id": "MDQ6VXNlcjQ3MzgyODg=",
        "avatar_url": "https://avatars.githubusercontent.com/u/4738288?v=4",
        "gravatar_id": "",
        "url": "https://api.github.com/users/nikpanos",
        "html_url": "https://github.com/nikpanos",
        "followers_url": "https://api.github.com/users/nikpanos/followers",
        "following_url": "https://api.github.com/users/nikpanos/following{/other_user}",
        "gists_url": "https://api.github.com/users/nikpanos/gists{/gist_id}",
        "starred_url": "https://api.github.com/users/nikpanos/starred{/owner}{/repo}",
        "subscriptions_url": "https://api.github.com/users/nikpanos/subscriptions",
        "organizations_url": "https://api.github.com/users/nikpanos/orgs",
        "repos_url": "https://api.github.com/users/nikpanos/repos",
        "events_url": "https://api.github.com/users/nikpanos/events{/privacy}",
        "received_events_url": "https://api.github.com/users/nikpanos/received_events",
        "type": "User",
        "site_admin": false
    },
    "html_url": "https://github.com/nikpanos/incubator-livy",
    "description": "Mirror of Apache livy (Incubating)",
    "fork": true,
    "url": "https://api.github.com/repos/nikpanos/incubator-livy",
    "forks_url": "https://api.github.com/repos/nikpanos/incubator-livy/forks",
    "keys_url": "https://api.github.com/repos/nikpanos/incubator-livy/keys{/key_id}",
    "collaborators_url": "https://api.github.com/repos/nikpanos/incubator-livy/collaborators{/collaborator}",
    "teams_url": "https://api.github.com/repos/nikpanos/incubator-livy/teams",
    "hooks_url": "https://api.github.com/repos/nikpanos/incubator-livy/hooks",
    "issue_events_url": "https://api.github.com/repos/nikpanos/incubator-livy/issues/events{/number}",
    "events_url": "https://api.github.com/repos/nikpanos/incubator-livy/events",
    "assignees_url": "https://api.github.com/repos/nikpanos/incubator-livy/assignees{/user}",
    "branches_url": "https://api.github.com/repos/nikpanos/incubator-livy/branches{/branch}",
    "tags_url": "https://api.github.com/repos/nikpanos/incubator-livy/tags",
    "blobs_url": "https://api.github.com/repos/nikpanos/incubator-livy/git/blobs{/sha}",
    "git_tags_url": "https://api.github.com/repos/nikpanos/incubator-livy/git/tags{/sha}",
    "git_refs_url": "https://api.github.com/repos/nikpanos/incubator-livy/git/refs{/sha}",
    "trees_url": "https://api.github.com/repos/nikpanos/incubator-livy/git/trees{/sha}",
    "statuses_url": "https://api.github.com/repos/nikpanos/incubator-livy/statuses/{sha}",
    "languages_url": "https://api.github.com/repos/nikpanos/incubator-livy/languages",
    "stargazers_url": "https://api.github.com/repos/nikpanos/incubator-livy/stargazers",
    "contributors_url": "https://api.github.com/repos/nikpanos/incubator-livy/contributors",
    "subscribers_url": "https://api.github.com/repos/nikpanos/incubator-livy/subscribers",
    "subscription_url": "https://api.github.com/repos/nikpanos/incubator-livy/subscription",
    "commits_url": "https://api.github.com/repos/nikpanos/incubator-livy/commits{/sha}",
    "git_commits_url": "https://api.github.com/repos/nikpanos/incubator-livy/git/commits{/sha}",
    "comments_url": "https://api.github.com/repos/nikpanos/incubator-livy/comments{/number}",
    "issue_comment_url": "https://api.github.com/repos/nikpanos/incubator-livy/issues/comments{/number}",
    "contents_url": "https://api.github.com/repos/nikpanos/incubator-livy/contents/{+path}",
    "compare_url": "https://api.github.com/repos/nikpanos/incubator-livy/compare/{base}...{head}",
    "merges_url": "https://api.github.com/repos/nikpanos/incubator-livy/merges",
    "archive_url": "https://api.github.com/repos/nikpanos/incubator-livy/{archive_format}{/ref}",
    "downloads_url": "https://api.github.com/repos/nikpanos/incubator-livy/downloads",
    "issues_url": "https://api.github.com/repos/nikpanos/incubator-livy/issues{/number}",
    "pulls_url": "https://api.github.com/repos/nikpanos/incubator-livy/pulls{/number}",
    "milestones_url": "https://api.github.com/repos/nikpanos/incubator-livy/milestones{/number}",
    "notifications_url": "https://api.github.com/repos/nikpanos/incubator-livy/notifications{?since,all,participating}",
    "labels_url": "https://api.github.com/repos/nikpanos/incubator-livy/labels{/name}",
    "releases_url": "https://api.github.com/repos/nikpanos/incubator-livy/releases{/id}",
    "deployments_url": "https://api.github.com/repos/nikpanos/incubator-livy/deployments",
    "created_at": "2018-04-24T14:20:19Z",
    "updated_at": "2018-06-18T10:34:25Z",
    "pushed_at": "2018-10-01T07:34:24Z",
    "git_url": "git://github.com/nikpanos/incubator-livy.git",
    "ssh_url": "git@github.com:nikpanos/incubator-livy.git",
    "clone_url": "https://github.com/nikpanos/incubator-livy.git",
    "svn_url": "https://github.com/nikpanos/incubator-livy",
    "homepage": null,
    "size": 3619,
    "stargazers_count": 0,
    "watchers_count": 0,
    "language": "Scala",
    "has_issues": false,
    "has_projects": true,
    "has_downloads": true,
    "has_wiki": false,
    "has_pages": false,
    "has_discussions": false,
    "forks_count": 0,
    "mirror_url": null,
    "archived": false,
    "disabled": false,
    "open_issues_count": 1,
    "license": {
        "key": "apache-2.0",
        "name": "Apache License 2.0",
        "spdx_id": "Apache-2.0",
        "url": "https://api.github.com/licenses/apache-2.0",
        "node_id": "MDc6TGljZW5zZTI="
    },
    "allow_forking": true,
    "is_template": false,
    "web_commit_signoff_required": false,
    "topics": [],
    "visibility": "public",
    "forks": 0,
    "open_issues": 1,
    "watchers": 0,
    "default_branch": "master",
    "permissions": {
        "admin": false,
        "maintain": false,
        "push": false,
        "triage": false,
        "pull": true
    },
    "temp_clone_token": "",
    "parent": {
        "id": 95343930,
        "node_id": "MDEwOlJlcG9zaXRvcnk5NTM0MzkzMA==",
        "name": "incubator-livy",
        "full_name": "apache/incubator-livy",
        "private": false,
        "owner": {
            "login": "apache",
            "id": 47359,
            "node_id": "MDEyOk9yZ2FuaXphdGlvbjQ3MzU5",
            "avatar_url": "https://avatars.githubusercontent.com/u/47359?v=4",
            "gravatar_id": "",
            "url": "https://api.github.com/users/apache",
            "html_url": "https://github.com/apache",
            "followers_url": "https://api.github.com/users/apache/followers",
            "following_url": "https://api.github.com/users/apache/following{/other_user}",
            "gists_url": "https://api.github.com/users/apache/gists{/gist_id}",
            "starred_url": "https://api.github.com/users/apache/starred{/owner}{/repo}",
            "subscriptions_url": "https://api.github.com/users/apache/subscriptions",
            "organizations_url": "https://api.github.com/users/apache/orgs",
            "repos_url": "https://api.github.com/users/apache/repos",
            "events_url": "https://api.github.com/users/apache/events{/privacy}",
            "received_events_url": "https://api.github.com/users/apache/received_events",
            "type": "Organization",
            "site_admin": false
        },
        "html_url": "https://github.com/apache/incubator-livy",
        "description": "Apache Livy is an open source REST interface for interacting with Apache Spark from anywhere.",
        "fork": false,
        "url": "https://api.github.com/repos/apache/incubator-livy",
        "forks_url": "https://api.github.com/repos/apache/incubator-livy/forks",
        "keys_url": "https://api.github.com/repos/apache/incubator-livy/keys{/key_id}",
        "collaborators_url": "https://api.github.com/repos/apache/incubator-livy/collaborators{/collaborator}",
        "teams_url": "https://api.github.com/repos/apache/incubator-livy/teams",
        "hooks_url": "https://api.github.com/repos/apache/incubator-livy/hooks",
        "issue_events_url": "https://api.github.com/repos/apache/incubator-livy/issues/events{/number}",
        "events_url": "https://api.github.com/repos/apache/incubator-livy/events",
        "assignees_url": "https://api.github.com/repos/apache/incubator-livy/assignees{/user}",
        "branches_url": "https://api.github.com/repos/apache/incubator-livy/branches{/branch}",
        "tags_url": "https://api.github.com/repos/apache/incubator-livy/tags",
        "blobs_url": "https://api.github.com/repos/apache/incubator-livy/git/blobs{/sha}",
        "git_tags_url": "https://api.github.com/repos/apache/incubator-livy/git/tags{/sha}",
        "git_refs_url": "https://api.github.com/repos/apache/incubator-livy/git/refs{/sha}",
        "trees_url": "https://api.github.com/repos/apache/incubator-livy/git/trees{/sha}",
        "statuses_url": "https://api.github.com/repos/apache/incubator-livy/statuses/{sha}",
        "languages_url": "https://api.github.com/repos/apache/incubator-livy/languages",
        "stargazers_url": "https://api.github.com/repos/apache/incubator-livy/stargazers",
        "contributors_url": "https://api.github.com/repos/apache/incubator-livy/contributors",
        "subscribers_url": "https://api.github.com/repos/apache/incubator-livy/subscribers",
        "subscription_url": "https://api.github.com/repos/apache/incubator-livy/subscription",
        "commits_url": "https://api.github.com/repos/apache/incubator-livy/commits{/sha}",
        "git_commits_url": "https://api.github.com/repos/apache/incubator-livy/git/commits{/sha}",
        "comments_url": "https://api.github.com/repos/apache/incubator-livy/comments{/number}",
        "issue_comment_url": "https://api.github.com/repos/apache/incubator-livy/issues/comments{/number}",
        "contents_url": "https://api.github.com/repos/apache/incubator-livy/contents/{+path}",
        "compare_url": "https://api.github.com/repos/apache/incubator-livy/compare/{base}...{head}",
        "merges_url": "https://api.github.com/repos/apache/incubator-livy/merges",
        "archive_url": "https://api.github.com/repos/apache/incubator-livy/{archive_format}{/ref}",
        "downloads_url": "https://api.github.com/repos/apache/incubator-livy/downloads",
        "issues_url": "https://api.github.com/repos/apache/incubator-livy/issues{/number}",
        "pulls_url": "https://api.github.com/repos/apache/incubator-livy/pulls{/number}",
        "milestones_url": "https://api.github.com/repos/apache/incubator-livy/milestones{/number}",
        "notifications_url": "https://api.github.com/repos/apache/incubator-livy/notifications{?since,all,participating}",
        "labels_url": "https://api.github.com/repos/apache/incubator-livy/labels{/name}",
        "releases_url": "https://api.github.com/repos/apache/incubator-livy/releases{/id}",
        "deployments_url": "https://api.github.com/repos/apache/incubator-livy/deployments",
        "created_at": "2017-06-25T07:00:09Z",
        "updated_at": "2024-04-28T08:20:32Z",
        "pushed_at": "2024-04-22T12:35:03Z",
        "git_url": "git://github.com/apache/incubator-livy.git",
        "ssh_url": "git@github.com:apache/incubator-livy.git",
        "clone_url": "https://github.com/apache/incubator-livy.git",
        "svn_url": "https://github.com/apache/incubator-livy",
        "homepage": "https://livy.apache.org/",
        "size": 3637,
        "stargazers_count": 855,
        "watchers_count": 855,
        "language": "Scala",
        "has_issues": true,
        "has_projects": true,
        "has_downloads": true,
        "has_wiki": true,
        "has_pages": false,
        "has_discussions": false,
        "forks_count": 594,
        "mirror_url": null,
        "archived": false,
        "disabled": false,
        "open_issues_count": 110,
        "license": {
            "key": "apache-2.0",
            "name": "Apache License 2.0",
            "spdx_id": "Apache-2.0",
            "url": "https://api.github.com/licenses/apache-2.0",
            "node_id": "MDc6TGljZW5zZTI="
        },
        "allow_forking": true,
        "is_template": false,
        "web_commit_signoff_required": false,
        "topics": [
            "apachelivy",
            "bigdata",
            "livy",
            "spark"
        ],
        "visibility": "public",
        "forks": 594,
        "open_issues": 110,
        "watchers": 855,
        "default_branch": "master"
    },
    "source": {
        "id": 95343930,
        "node_id": "MDEwOlJlcG9zaXRvcnk5NTM0MzkzMA==",
        "name": "incubator-livy",
        "full_name": "apache/incubator-livy",
        "private": false,
        "owner": {
            "login": "apache",
            "id": 47359,
            "node_id": "MDEyOk9yZ2FuaXphdGlvbjQ3MzU5",
            "avatar_url": "https://avatars.githubusercontent.com/u/47359?v=4",
            "gravatar_id": "",
            "url": "https://api.github.com/users/apache",
            "html_url": "https://github.com/apache",
            "followers_url": "https://api.github.com/users/apache/followers",
            "following_url": "https://api.github.com/users/apache/following{/other_user}",
            "gists_url": "https://api.github.com/users/apache/gists{/gist_id}",
            "starred_url": "https://api.github.com/users/apache/starred{/owner}{/repo}",
            "subscriptions_url": "https://api.github.com/users/apache/subscriptions",
            "organizations_url": "https://api.github.com/users/apache/orgs",
            "repos_url": "https://api.github.com/users/apache/repos",
            "events_url": "https://api.github.com/users/apache/events{/privacy}",
            "received_events_url": "https://api.github.com/users/apache/received_events",
            "type": "Organization",
            "site_admin": false
        },
        "html_url": "https://github.com/apache/incubator-livy",
        "description": "Apache Livy is an open source REST interface for interacting with Apache Spark from anywhere.",
        "fork": false,
        "url": "https://api.github.com/repos/apache/incubator-livy",
        "forks_url": "https://api.github.com/repos/apache/incubator-livy/forks",
        "keys_url": "https://api.github.com/repos/apache/incubator-livy/keys{/key_id}",
        "collaborators_url": "https://api.github.com/repos/apache/incubator-livy/collaborators{/collaborator}",
        "teams_url": "https://api.github.com/repos/apache/incubator-livy/teams",
        "hooks_url": "https://api.github.com/repos/apache/incubator-livy/hooks",
        "issue_events_url": "https://api.github.com/repos/apache/incubator-livy/issues/events{/number}",
        "events_url": "https://api.github.com/repos/apache/incubator-livy/events",
        "assignees_url": "https://api.github.com/repos/apache/incubator-livy/assignees{/user}",
        "branches_url": "https://api.github.com/repos/apache/incubator-livy/branches{/branch}",
        "tags_url": "https://api.github.com/repos/apache/incubator-livy/tags",
        "blobs_url": "https://api.github.com/repos/apache/incubator-livy/git/blobs{/sha}",
        "git_tags_url": "https://api.github.com/repos/apache/incubator-livy/git/tags{/sha}",
        "git_refs_url": "https://api.github.com/repos/apache/incubator-livy/git/refs{/sha}",
        "trees_url": "https://api.github.com/repos/apache/incubator-livy/git/trees{/sha}",
        "statuses_url": "https://api.github.com/repos/apache/incubator-livy/statuses/{sha}",
        "languages_url": "https://api.github.com/repos/apache/incubator-livy/languages",
        "stargazers_url": "https://api.github.com/repos/apache/incubator-livy/stargazers",
        "contributors_url": "https://api.github.com/repos/apache/incubator-livy/contributors",
        "subscribers_url": "https://api.github.com/repos/apache/incubator-livy/subscribers",
        "subscription_url": "https://api.github.com/repos/apache/incubator-livy/subscription",
        "commits_url": "https://api.github.com/repos/apache/incubator-livy/commits{/sha}",
        "git_commits_url": "https://api.github.com/repos/apache/incubator-livy/git/commits{/sha}",
        "comments_url": "https://api.github.com/repos/apache/incubator-livy/comments{/number}",
        "issue_comment_url": "https://api.github.com/repos/apache/incubator-livy/issues/comments{/number}",
        "contents_url": "https://api.github.com/repos/apache/incubator-livy/contents/{+path}",
        "compare_url": "https://api.github.com/repos/apache/incubator-livy/compare/{base}...{head}",
        "merges_url": "https://api.github.com/repos/apache/incubator-livy/merges",
        "archive_url": "https://api.github.com/repos/apache/incubator-livy/{archive_format}{/ref}",
        "downloads_url": "https://api.github.com/repos/apache/incubator-livy/downloads",
        "issues_url": "https://api.github.com/repos/apache/incubator-livy/issues{/number}",
        "pulls_url": "https://api.github.com/repos/apache/incubator-livy/pulls{/number}",
        "milestones_url": "https://api.github.com/repos/apache/incubator-livy/milestones{/number}",
        "notifications_url": "https://api.github.com/repos/apache/incubator-livy/notifications{?since,all,participating}",
        "labels_url": "https://api.github.com/repos/apache/incubator-livy/labels{/name}",
        "releases_url": "https://api.github.com/repos/apache/incubator-livy/releases{/id}",
        "deployments_url": "https://api.github.com/repos/apache/incubator-livy/deployments",
        "created_at": "2017-06-25T07:00:09Z",
        "updated_at": "2024-04-28T08:20:32Z",
        "pushed_at": "2024-04-22T12:35:03Z",
        "git_url": "git://github.com/apache/incubator-livy.git",
        "ssh_url": "git@github.com:apache/incubator-livy.git",
        "clone_url": "https://github.com/apache/incubator-livy.git",
        "svn_url": "https://github.com/apache/incubator-livy",
        "homepage": "https://livy.apache.org/",
        "size": 3637,
        "stargazers_count": 855,
        "watchers_count": 855,
        "language": "Scala",
        "has_issues": true,
        "has_projects": true,
        "has_downloads": true,
        "has_wiki": true,
        "has_pages": false,
        "has_discussions": false,
        "forks_count": 594,
        "mirror_url": null,
        "archived": false,
        "disabled": false,
        "open_issues_count": 110,
        "license": {
            "key": "apache-2.0",
            "name": "Apache License 2.0",
            "spdx_id": "Apache-2.0",
            "url": "https://api.github.com/licenses/apache-2.0",
            "node_id": "MDc6TGljZW5zZTI="
        },
        "allow_forking": true,
        "is_template": false,
        "web_commit_signoff_required": false,
        "topics": [
            "apachelivy",
            "bigdata",
            "livy",
            "spark"
        ],
        "visibility": "public",
        "forks": 594,
        "open_issues": 110,
        "watchers": 855,
        "default_branch": "master"
    },
    "network_count": 594,
    "subscribers_count": 2
}