{
    "id": 82960468,
    "node_id": "MDEwOlJlcG9zaXRvcnk4Mjk2MDQ2OA==",
    "name": "SensorRecordingApp",
    "full_name": "andreArtelt/SensorRecordingApp",
    "private": false,
    "owner": {
        "login": "andreArtelt",
        "id": 15552483,
        "node_id": "MDQ6VXNlcjE1NTUyNDgz",
        "avatar_url": "https://avatars.githubusercontent.com/u/15552483?v=4",
        "gravatar_id": "",
        "url": "https://api.github.com/users/andreArtelt",
        "html_url": "https://github.com/andreArtelt",
        "followers_url": "https://api.github.com/users/andreArtelt/followers",
        "following_url": "https://api.github.com/users/andreArtelt/following{/other_user}",
        "gists_url": "https://api.github.com/users/andreArtelt/gists{/gist_id}",
        "starred_url": "https://api.github.com/users/andreArtelt/starred{/owner}{/repo}",
        "subscriptions_url": "https://api.github.com/users/andreArtelt/subscriptions",
        "organizations_url": "https://api.github.com/users/andreArtelt/orgs",
        "repos_url": "https://api.github.com/users/andreArtelt/repos",
        "events_url": "https://api.github.com/users/andreArtelt/events{/privacy}",
        "received_events_url": "https://api.github.com/users/andreArtelt/received_events",
        "type": "User",
        "site_admin": false
    },
    "html_url": "https://github.com/andreArtelt/SensorRecordingApp",
    "description": "Android app for recording motion sensors",
    "fork": false,
    "url": "https://api.github.com/repos/andreArtelt/SensorRecordingApp",
    "forks_url": "https://api.github.com/repos/andreArtelt/SensorRecordingApp/forks",
    "keys_url": "https://api.github.com/repos/andreArtelt/SensorRecordingApp/keys{/key_id}",
    "collaborators_url": "https://api.github.com/repos/andreArtelt/SensorRecordingApp/collaborators{/collaborator}",
    "teams_url": "https://api.github.com/repos/andreArtelt/SensorRecordingApp/teams",
    "hooks_url": "https://api.github.com/repos/andreArtelt/SensorRecordingApp/hooks",
    "issue_events_url": "https://api.github.com/repos/andreArtelt/SensorRecordingApp/issues/events{/number}",
    "events_url": "https://api.github.com/repos/andreArtelt/SensorRecordingApp/events",
    "assignees_url": "https://api.github.com/repos/andreArtelt/SensorRecordingApp/assignees{/user}",
    "branches_url": "https://api.github.com/repos/andreArtelt/SensorRecordingApp/branches{/branch}",
    "tags_url": "https://api.github.com/repos/andreArtelt/SensorRecordingApp/tags",
    "blobs_url": "https://api.github.com/repos/andreArtelt/SensorRecordingApp/git/blobs{/sha}",
    "git_tags_url": "https://api.github.com/repos/andreArtelt/SensorRecordingApp/git/tags{/sha}",
    "git_refs_url": "https://api.github.com/repos/andreArtelt/SensorRecordingApp/git/refs{/sha}",
    "trees_url": "https://api.github.com/repos/andreArtelt/SensorRecordingApp/git/trees{/sha}",
    "statuses_url": "https://api.github.com/repos/andreArtelt/SensorRecordingApp/statuses/{sha}",
    "languages_url": "https://api.github.com/repos/andreArtelt/SensorRecordingApp/languages",
    "stargazers_url": "https://api.github.com/repos/andreArtelt/SensorRecordingApp/stargazers",
    "contributors_url": "https://api.github.com/repos/andreArtelt/SensorRecordingApp/contributors",
    "subscribers_url": "https://api.github.com/repos/andreArtelt/SensorRecordingApp/subscribers",
    "subscription_url": "https://api.github.com/repos/andreArtelt/SensorRecordingApp/subscription",
    "commits_url": "https://api.github.com/repos/andreArtelt/SensorRecordingApp/commits{/sha}",
    "git_commits_url": "https://api.github.com/repos/andreArtelt/SensorRecordingApp/git/commits{/sha}",
    "comments_url": "https://api.github.com/repos/andreArtelt/SensorRecordingApp/comments{/number}",
    "issue_comment_url": "https://api.github.com/repos/andreArtelt/SensorRecordingApp/issues/comments{/number}",
    "contents_url": "https://api.github.com/repos/andreArtelt/SensorRecordingApp/contents/{+path}",
    "compare_url": "https://api.github.com/repos/andreArtelt/SensorRecordingApp/compare/{base}...{head}",
    "merges_url": "https://api.github.com/repos/andreArtelt/SensorRecordingApp/merges",
    "archive_url": "https://api.github.com/repos/andreArtelt/SensorRecordingApp/{archive_format}{/ref}",
    "downloads_url": "https://api.github.com/repos/andreArtelt/SensorRecordingApp/downloads",
    "issues_url": "https://api.github.com/repos/andreArtelt/SensorRecordingApp/issues{/number}",
    "pulls_url": "https://api.github.com/repos/andreArtelt/SensorRecordingApp/pulls{/number}",
    "milestones_url": "https://api.github.com/repos/andreArtelt/SensorRecordingApp/milestones{/number}",
    "notifications_url": "https://api.github.com/repos/andreArtelt/SensorRecordingApp/notifications{?since,all,participating}",
    "labels_url": "https://api.github.com/repos/andreArtelt/SensorRecordingApp/labels{/name}",
    "releases_url": "https://api.github.com/repos/andreArtelt/SensorRecordingApp/releases{/id}",
    "deployments_url": "https://api.github.com/repos/andreArtelt/SensorRecordingApp/deployments",
    "created_at": "2017-02-23T18:55:51Z",
    "updated_at": "2019-03-09T01:05:38Z",
    "pushed_at": "2017-02-23T18:58:28Z",
    "git_url": "git://github.com/andreArtelt/SensorRecordingApp.git",
    "ssh_url": "git@github.com:andreArtelt/SensorRecordingApp.git",
    "clone_url": "https://github.com/andreArtelt/SensorRecordingApp.git",
    "svn_url": "https://github.com/andreArtelt/SensorRecordingApp",
    "homepage": "",
    "size": 41,
    "stargazers_count": 1,
    "watchers_count": 1,
    "language": "Java",
    "has_issues": true,
    "has_projects": true,
    "has_downloads": true,
    "has_wiki": true,
    "has_pages": false,
    "has_discussions": false,
    "forks_count": 0,
    "mirror_url": null,
    "archived": false,
    "disabled": false,
    "open_issues_count": 0,
    "license": {
        "key": "mit",
        "name": "MIT License",
        "spdx_id": "MIT",
        "url": "https://api.github.com/licenses/mit",
        "node_id": "MDc6TGljZW5zZTEz"
    },
    "allow_forking": true,
    "is_template": false,
    "web_commit_signoff_required": false,
    "topics": [],
    "visibility": "public",
    "forks": 0,
    "open_issues": 0,
    "watchers": 1,
    "default_branch": "master",
    "permissions": {
        "admin": false,
        "maintain": false,
        "push": false,
        "triage": false,
        "pull": true
    },
    "temp_clone_token": "",
    "network_count": 0,
    "subscribers_count": 3
}