{
    "id": 135287401,
    "node_id": "MDEwOlJlcG9zaXRvcnkxMzUyODc0MDE=",
    "name": "mssql-jdbc",
    "full_name": "vdvorak83/mssql-jdbc",
    "private": false,
    "owner": {
        "login": "vdvorak83",
        "id": 5744228,
        "node_id": "MDQ6VXNlcjU3NDQyMjg=",
        "avatar_url": "https://avatars.githubusercontent.com/u/5744228?v=4",
        "gravatar_id": "",
        "url": "https://api.github.com/users/vdvorak83",
        "html_url": "https://github.com/vdvorak83",
        "followers_url": "https://api.github.com/users/vdvorak83/followers",
        "following_url": "https://api.github.com/users/vdvorak83/following{/other_user}",
        "gists_url": "https://api.github.com/users/vdvorak83/gists{/gist_id}",
        "starred_url": "https://api.github.com/users/vdvorak83/starred{/owner}{/repo}",
        "subscriptions_url": "https://api.github.com/users/vdvorak83/subscriptions",
        "organizations_url": "https://api.github.com/users/vdvorak83/orgs",
        "repos_url": "https://api.github.com/users/vdvorak83/repos",
        "events_url": "https://api.github.com/users/vdvorak83/events{/privacy}",
        "received_events_url": "https://api.github.com/users/vdvorak83/received_events",
        "type": "User",
        "site_admin": false
    },
    "html_url": "https://github.com/vdvorak83/mssql-jdbc",
    "description": "The Microsoft JDBC Driver for SQL Server is a Type 4 JDBC driver that provides database connectivity with SQL Server through the standard JDBC application program interfaces (APIs).",
    "fork": true,
    "url": "https://api.github.com/repos/vdvorak83/mssql-jdbc",
    "forks_url": "https://api.github.com/repos/vdvorak83/mssql-jdbc/forks",
    "keys_url": "https://api.github.com/repos/vdvorak83/mssql-jdbc/keys{/key_id}",
    "collaborators_url": "https://api.github.com/repos/vdvorak83/mssql-jdbc/collaborators{/collaborator}",
    "teams_url": "https://api.github.com/repos/vdvorak83/mssql-jdbc/teams",
    "hooks_url": "https://api.github.com/repos/vdvorak83/mssql-jdbc/hooks",
    "issue_events_url": "https://api.github.com/repos/vdvorak83/mssql-jdbc/issues/events{/number}",
    "events_url": "https://api.github.com/repos/vdvorak83/mssql-jdbc/events",
    "assignees_url": "https://api.github.com/repos/vdvorak83/mssql-jdbc/assignees{/user}",
    "branches_url": "https://api.github.com/repos/vdvorak83/mssql-jdbc/branches{/branch}",
    "tags_url": "https://api.github.com/repos/vdvorak83/mssql-jdbc/tags",
    "blobs_url": "https://api.github.com/repos/vdvorak83/mssql-jdbc/git/blobs{/sha}",
    "git_tags_url": "https://api.github.com/repos/vdvorak83/mssql-jdbc/git/tags{/sha}",
    "git_refs_url": "https://api.github.com/repos/vdvorak83/mssql-jdbc/git/refs{/sha}",
    "trees_url": "https://api.github.com/repos/vdvorak83/mssql-jdbc/git/trees{/sha}",
    "statuses_url": "https://api.github.com/repos/vdvorak83/mssql-jdbc/statuses/{sha}",
    "languages_url": "https://api.github.com/repos/vdvorak83/mssql-jdbc/languages",
    "stargazers_url": "https://api.github.com/repos/vdvorak83/mssql-jdbc/stargazers",
    "contributors_url": "https://api.github.com/repos/vdvorak83/mssql-jdbc/contributors",
    "subscribers_url": "https://api.github.com/repos/vdvorak83/mssql-jdbc/subscribers",
    "subscription_url": "https://api.github.com/repos/vdvorak83/mssql-jdbc/subscription",
    "commits_url": "https://api.github.com/repos/vdvorak83/mssql-jdbc/commits{/sha}",
    "git_commits_url": "https://api.github.com/repos/vdvorak83/mssql-jdbc/git/commits{/sha}",
    "comments_url": "https://api.github.com/repos/vdvorak83/mssql-jdbc/comments{/number}",
    "issue_comment_url": "https://api.github.com/repos/vdvorak83/mssql-jdbc/issues/comments{/number}",
    "contents_url": "https://api.github.com/repos/vdvorak83/mssql-jdbc/contents/{+path}",
    "compare_url": "https://api.github.com/repos/vdvorak83/mssql-jdbc/compare/{base}...{head}",
    "merges_url": "https://api.github.com/repos/vdvorak83/mssql-jdbc/merges",
    "archive_url": "https://api.github.com/repos/vdvorak83/mssql-jdbc/{archive_format}{/ref}",
    "downloads_url": "https://api.github.com/repos/vdvorak83/mssql-jdbc/downloads",
    "issues_url": "https://api.github.com/repos/vdvorak83/mssql-jdbc/issues{/number}",
    "pulls_url": "https://api.github.com/repos/vdvorak83/mssql-jdbc/pulls{/number}",
    "milestones_url": "https://api.github.com/repos/vdvorak83/mssql-jdbc/milestones{/number}",
    "notifications_url": "https://api.github.com/repos/vdvorak83/mssql-jdbc/notifications{?since,all,participating}",
    "labels_url": "https://api.github.com/repos/vdvorak83/mssql-jdbc/labels{/name}",
    "releases_url": "https://api.github.com/repos/vdvorak83/mssql-jdbc/releases{/id}",
    "deployments_url": "https://api.github.com/repos/vdvorak83/mssql-jdbc/deployments",
    "created_at": "2018-05-29T11:41:13Z",
    "updated_at": "2018-05-29T11:41:16Z",
    "pushed_at": "2022-03-11T19:18:23Z",
    "git_url": "git://github.com/vdvorak83/mssql-jdbc.git",
    "ssh_url": "git@github.com:vdvorak83/mssql-jdbc.git",
    "clone_url": "https://github.com/vdvorak83/mssql-jdbc.git",
    "svn_url": "https://github.com/vdvorak83/mssql-jdbc",
    "homepage": null,
    "size": 6401,
    "stargazers_count": 0,
    "watchers_count": 0,
    "language": "Java",
    "has_issues": false,
    "has_projects": true,
    "has_downloads": true,
    "has_wiki": true,
    "has_pages": false,
    "has_discussions": false,
    "forks_count": 0,
    "mirror_url": null,
    "archived": false,
    "disabled": false,
    "open_issues_count": 22,
    "license": {
        "key": "mit",
        "name": "MIT License",
        "spdx_id": "MIT",
        "url": "https://api.github.com/licenses/mit",
        "node_id": "MDc6TGljZW5zZTEz"
    },
    "allow_forking": true,
    "is_template": false,
    "web_commit_signoff_required": false,
    "topics": [],
    "visibility": "public",
    "forks": 0,
    "open_issues": 22,
    "watchers": 0,
    "default_branch": "dev",
    "permissions": {
        "admin": false,
        "maintain": false,
        "push": false,
        "triage": false,
        "pull": true
    },
    "temp_clone_token": "",
    "parent": {
        "id": 66311167,
        "node_id": "MDEwOlJlcG9zaXRvcnk2NjMxMTE2Nw==",
        "name": "mssql-jdbc",
        "full_name": "microsoft/mssql-jdbc",
        "private": false,
        "owner": {
            "login": "microsoft",
            "id": 6154722,
            "node_id": "MDEyOk9yZ2FuaXphdGlvbjYxNTQ3MjI=",
            "avatar_url": "https://avatars.githubusercontent.com/u/6154722?v=4",
            "gravatar_id": "",
            "url": "https://api.github.com/users/microsoft",
            "html_url": "https://github.com/microsoft",
            "followers_url": "https://api.github.com/users/microsoft/followers",
            "following_url": "https://api.github.com/users/microsoft/following{/other_user}",
            "gists_url": "https://api.github.com/users/microsoft/gists{/gist_id}",
            "starred_url": "https://api.github.com/users/microsoft/starred{/owner}{/repo}",
            "subscriptions_url": "https://api.github.com/users/microsoft/subscriptions",
            "organizations_url": "https://api.github.com/users/microsoft/orgs",
            "repos_url": "https://api.github.com/users/microsoft/repos",
            "events_url": "https://api.github.com/users/microsoft/events{/privacy}",
            "received_events_url": "https://api.github.com/users/microsoft/received_events",
            "type": "Organization",
            "site_admin": false
        },
        "html_url": "https://github.com/microsoft/mssql-jdbc",
        "description": "The Microsoft JDBC Driver for SQL Server is a Type 4 JDBC driver that provides database connectivity with SQL Server through the standard JDBC application program interfaces (APIs).",
        "fork": false,
        "url": "https://api.github.com/repos/microsoft/mssql-jdbc",
        "forks_url": "https://api.github.com/repos/microsoft/mssql-jdbc/forks",
        "keys_url": "https://api.github.com/repos/microsoft/mssql-jdbc/keys{/key_id}",
        "collaborators_url": "https://api.github.com/repos/microsoft/mssql-jdbc/collaborators{/collaborator}",
        "teams_url": "https://api.github.com/repos/microsoft/mssql-jdbc/teams",
        "hooks_url": "https://api.github.com/repos/microsoft/mssql-jdbc/hooks",
        "issue_events_url": "https://api.github.com/repos/microsoft/mssql-jdbc/issues/events{/number}",
        "events_url": "https://api.github.com/repos/microsoft/mssql-jdbc/events",
        "assignees_url": "https://api.github.com/repos/microsoft/mssql-jdbc/assignees{/user}",
        "branches_url": "https://api.github.com/repos/microsoft/mssql-jdbc/branches{/branch}",
        "tags_url": "https://api.github.com/repos/microsoft/mssql-jdbc/tags",
        "blobs_url": "https://api.github.com/repos/microsoft/mssql-jdbc/git/blobs{/sha}",
        "git_tags_url": "https://api.github.com/repos/microsoft/mssql-jdbc/git/tags{/sha}",
        "git_refs_url": "https://api.github.com/repos/microsoft/mssql-jdbc/git/refs{/sha}",
        "trees_url": "https://api.github.com/repos/microsoft/mssql-jdbc/git/trees{/sha}",
        "statuses_url": "https://api.github.com/repos/microsoft/mssql-jdbc/statuses/{sha}",
        "languages_url": "https://api.github.com/repos/microsoft/mssql-jdbc/languages",
        "stargazers_url": "https://api.github.com/repos/microsoft/mssql-jdbc/stargazers",
        "contributors_url": "https://api.github.com/repos/microsoft/mssql-jdbc/contributors",
        "subscribers_url": "https://api.github.com/repos/microsoft/mssql-jdbc/subscribers",
        "subscription_url": "https://api.github.com/repos/microsoft/mssql-jdbc/subscription",
        "commits_url": "https://api.github.com/repos/microsoft/mssql-jdbc/commits{/sha}",
        "git_commits_url": "https://api.github.com/repos/microsoft/mssql-jdbc/git/commits{/sha}",
        "comments_url": "https://api.github.com/repos/microsoft/mssql-jdbc/comments{/number}",
        "issue_comment_url": "https://api.github.com/repos/microsoft/mssql-jdbc/issues/comments{/number}",
        "contents_url": "https://api.github.com/repos/microsoft/mssql-jdbc/contents/{+path}",
        "compare_url": "https://api.github.com/repos/microsoft/mssql-jdbc/compare/{base}...{head}",
        "merges_url": "https://api.github.com/repos/microsoft/mssql-jdbc/merges",
        "archive_url": "https://api.github.com/repos/microsoft/mssql-jdbc/{archive_format}{/ref}",
        "downloads_url": "https://api.github.com/repos/microsoft/mssql-jdbc/downloads",
        "issues_url": "https://api.github.com/repos/microsoft/mssql-jdbc/issues{/number}",
        "pulls_url": "https://api.github.com/repos/microsoft/mssql-jdbc/pulls{/number}",
        "milestones_url": "https://api.github.com/repos/microsoft/mssql-jdbc/milestones{/number}",
        "notifications_url": "https://api.github.com/repos/microsoft/mssql-jdbc/notifications{?since,all,participating}",
        "labels_url": "https://api.github.com/repos/microsoft/mssql-jdbc/labels{/name}",
        "releases_url": "https://api.github.com/repos/microsoft/mssql-jdbc/releases{/id}",
        "deployments_url": "https://api.github.com/repos/microsoft/mssql-jdbc/deployments",
        "created_at": "2016-08-22T21:58:47Z",
        "updated_at": "2024-04-25T11:46:44Z",
        "pushed_at": "2024-04-26T21:38:37Z",
        "git_url": "git://github.com/microsoft/mssql-jdbc.git",
        "ssh_url": "git@github.com:microsoft/mssql-jdbc.git",
        "clone_url": "https://github.com/microsoft/mssql-jdbc.git",
        "svn_url": "https://github.com/microsoft/mssql-jdbc",
        "homepage": "",
        "size": 15951,
        "stargazers_count": 1026,
        "watchers_count": 1026,
        "language": "Java",
        "has_issues": true,
        "has_projects": true,
        "has_downloads": true,
        "has_wiki": true,
        "has_pages": false,
        "has_discussions": false,
        "forks_count": 415,
        "mirror_url": null,
        "archived": false,
        "disabled": false,
        "open_issues_count": 74,
        "license": {
            "key": "mit",
            "name": "MIT License",
            "spdx_id": "MIT",
            "url": "https://api.github.com/licenses/mit",
            "node_id": "MDc6TGljZW5zZTEz"
        },
        "allow_forking": true,
        "is_template": false,
        "web_commit_signoff_required": false,
        "topics": [],
        "visibility": "public",
        "forks": 415,
        "open_issues": 74,
        "watchers": 1026,
        "default_branch": "main"
    },
    "source": {
        "id": 66311167,
        "node_id": "MDEwOlJlcG9zaXRvcnk2NjMxMTE2Nw==",
        "name": "mssql-jdbc",
        "full_name": "microsoft/mssql-jdbc",
        "private": false,
        "owner": {
            "login": "microsoft",
            "id": 6154722,
            "node_id": "MDEyOk9yZ2FuaXphdGlvbjYxNTQ3MjI=",
            "avatar_url": "https://avatars.githubusercontent.com/u/6154722?v=4",
            "gravatar_id": "",
            "url": "https://api.github.com/users/microsoft",
            "html_url": "https://github.com/microsoft",
            "followers_url": "https://api.github.com/users/microsoft/followers",
            "following_url": "https://api.github.com/users/microsoft/following{/other_user}",
            "gists_url": "https://api.github.com/users/microsoft/gists{/gist_id}",
            "starred_url": "https://api.github.com/users/microsoft/starred{/owner}{/repo}",
            "subscriptions_url": "https://api.github.com/users/microsoft/subscriptions",
            "organizations_url": "https://api.github.com/users/microsoft/orgs",
            "repos_url": "https://api.github.com/users/microsoft/repos",
            "events_url": "https://api.github.com/users/microsoft/events{/privacy}",
            "received_events_url": "https://api.github.com/users/microsoft/received_events",
            "type": "Organization",
            "site_admin": false
        },
        "html_url": "https://github.com/microsoft/mssql-jdbc",
        "description": "The Microsoft JDBC Driver for SQL Server is a Type 4 JDBC driver that provides database connectivity with SQL Server through the standard JDBC application program interfaces (APIs).",
        "fork": false,
        "url": "https://api.github.com/repos/microsoft/mssql-jdbc",
        "forks_url": "https://api.github.com/repos/microsoft/mssql-jdbc/forks",
        "keys_url": "https://api.github.com/repos/microsoft/mssql-jdbc/keys{/key_id}",
        "collaborators_url": "https://api.github.com/repos/microsoft/mssql-jdbc/collaborators{/collaborator}",
        "teams_url": "https://api.github.com/repos/microsoft/mssql-jdbc/teams",
        "hooks_url": "https://api.github.com/repos/microsoft/mssql-jdbc/hooks",
        "issue_events_url": "https://api.github.com/repos/microsoft/mssql-jdbc/issues/events{/number}",
        "events_url": "https://api.github.com/repos/microsoft/mssql-jdbc/events",
        "assignees_url": "https://api.github.com/repos/microsoft/mssql-jdbc/assignees{/user}",
        "branches_url": "https://api.github.com/repos/microsoft/mssql-jdbc/branches{/branch}",
        "tags_url": "https://api.github.com/repos/microsoft/mssql-jdbc/tags",
        "blobs_url": "https://api.github.com/repos/microsoft/mssql-jdbc/git/blobs{/sha}",
        "git_tags_url": "https://api.github.com/repos/microsoft/mssql-jdbc/git/tags{/sha}",
        "git_refs_url": "https://api.github.com/repos/microsoft/mssql-jdbc/git/refs{/sha}",
        "trees_url": "https://api.github.com/repos/microsoft/mssql-jdbc/git/trees{/sha}",
        "statuses_url": "https://api.github.com/repos/microsoft/mssql-jdbc/statuses/{sha}",
        "languages_url": "https://api.github.com/repos/microsoft/mssql-jdbc/languages",
        "stargazers_url": "https://api.github.com/repos/microsoft/mssql-jdbc/stargazers",
        "contributors_url": "https://api.github.com/repos/microsoft/mssql-jdbc/contributors",
        "subscribers_url": "https://api.github.com/repos/microsoft/mssql-jdbc/subscribers",
        "subscription_url": "https://api.github.com/repos/microsoft/mssql-jdbc/subscription",
        "commits_url": "https://api.github.com/repos/microsoft/mssql-jdbc/commits{/sha}",
        "git_commits_url": "https://api.github.com/repos/microsoft/mssql-jdbc/git/commits{/sha}",
        "comments_url": "https://api.github.com/repos/microsoft/mssql-jdbc/comments{/number}",
        "issue_comment_url": "https://api.github.com/repos/microsoft/mssql-jdbc/issues/comments{/number}",
        "contents_url": "https://api.github.com/repos/microsoft/mssql-jdbc/contents/{+path}",
        "compare_url": "https://api.github.com/repos/microsoft/mssql-jdbc/compare/{base}...{head}",
        "merges_url": "https://api.github.com/repos/microsoft/mssql-jdbc/merges",
        "archive_url": "https://api.github.com/repos/microsoft/mssql-jdbc/{archive_format}{/ref}",
        "downloads_url": "https://api.github.com/repos/microsoft/mssql-jdbc/downloads",
        "issues_url": "https://api.github.com/repos/microsoft/mssql-jdbc/issues{/number}",
        "pulls_url": "https://api.github.com/repos/microsoft/mssql-jdbc/pulls{/number}",
        "milestones_url": "https://api.github.com/repos/microsoft/mssql-jdbc/milestones{/number}",
        "notifications_url": "https://api.github.com/repos/microsoft/mssql-jdbc/notifications{?since,all,participating}",
        "labels_url": "https://api.github.com/repos/microsoft/mssql-jdbc/labels{/name}",
        "releases_url": "https://api.github.com/repos/microsoft/mssql-jdbc/releases{/id}",
        "deployments_url": "https://api.github.com/repos/microsoft/mssql-jdbc/deployments",
        "created_at": "2016-08-22T21:58:47Z",
        "updated_at": "2024-04-25T11:46:44Z",
        "pushed_at": "2024-04-26T21:38:37Z",
        "git_url": "git://github.com/microsoft/mssql-jdbc.git",
        "ssh_url": "git@github.com:microsoft/mssql-jdbc.git",
        "clone_url": "https://github.com/microsoft/mssql-jdbc.git",
        "svn_url": "https://github.com/microsoft/mssql-jdbc",
        "homepage": "",
        "size": 15951,
        "stargazers_count": 1026,
        "watchers_count": 1026,
        "language": "Java",
        "has_issues": true,
        "has_projects": true,
        "has_downloads": true,
        "has_wiki": true,
        "has_pages": false,
        "has_discussions": false,
        "forks_count": 415,
        "mirror_url": null,
        "archived": false,
        "disabled": false,
        "open_issues_count": 74,
        "license": {
            "key": "mit",
            "name": "MIT License",
            "spdx_id": "MIT",
            "url": "https://api.github.com/licenses/mit",
            "node_id": "MDc6TGljZW5zZTEz"
        },
        "allow_forking": true,
        "is_template": false,
        "web_commit_signoff_required": false,
        "topics": [],
        "visibility": "public",
        "forks": 415,
        "open_issues": 74,
        "watchers": 1026,
        "default_branch": "main"
    },
    "network_count": 415,
    "subscribers_count": 0
}