{
    "id": 218198262,
    "node_id": "MDEwOlJlcG9zaXRvcnkyMTgxOTgyNjI=",
    "name": "appraisalx",
    "full_name": "sohero-0406/appraisalx",
    "private": false,
    "owner": {
        "login": "sohero-0406",
        "id": 52029359,
        "node_id": "MDQ6VXNlcjUyMDI5MzU5",
        "avatar_url": "https://avatars.githubusercontent.com/u/52029359?v=4",
        "gravatar_id": "",
        "url": "https://api.github.com/users/sohero-0406",
        "html_url": "https://github.com/sohero-0406",
        "followers_url": "https://api.github.com/users/sohero-0406/followers",
        "following_url": "https://api.github.com/users/sohero-0406/following{/other_user}",
        "gists_url": "https://api.github.com/users/sohero-0406/gists{/gist_id}",
        "starred_url": "https://api.github.com/users/sohero-0406/starred{/owner}{/repo}",
        "subscriptions_url": "https://api.github.com/users/sohero-0406/subscriptions",
        "organizations_url": "https://api.github.com/users/sohero-0406/orgs",
        "repos_url": "https://api.github.com/users/sohero-0406/repos",
        "events_url": "https://api.github.com/users/sohero-0406/events{/privacy}",
        "received_events_url": "https://api.github.com/users/sohero-0406/received_events",
        "type": "User",
        "site_admin": false
    },
    "html_url": "https://github.com/sohero-0406/appraisalx",
    "description": null,
    "fork": false,
    "url": "https://api.github.com/repos/sohero-0406/appraisalx",
    "forks_url": "https://api.github.com/repos/sohero-0406/appraisalx/forks",
    "keys_url": "https://api.github.com/repos/sohero-0406/appraisalx/keys{/key_id}",
    "collaborators_url": "https://api.github.com/repos/sohero-0406/appraisalx/collaborators{/collaborator}",
    "teams_url": "https://api.github.com/repos/sohero-0406/appraisalx/teams",
    "hooks_url": "https://api.github.com/repos/sohero-0406/appraisalx/hooks",
    "issue_events_url": "https://api.github.com/repos/sohero-0406/appraisalx/issues/events{/number}",
    "events_url": "https://api.github.com/repos/sohero-0406/appraisalx/events",
    "assignees_url": "https://api.github.com/repos/sohero-0406/appraisalx/assignees{/user}",
    "branches_url": "https://api.github.com/repos/sohero-0406/appraisalx/branches{/branch}",
    "tags_url": "https://api.github.com/repos/sohero-0406/appraisalx/tags",
    "blobs_url": "https://api.github.com/repos/sohero-0406/appraisalx/git/blobs{/sha}",
    "git_tags_url": "https://api.github.com/repos/sohero-0406/appraisalx/git/tags{/sha}",
    "git_refs_url": "https://api.github.com/repos/sohero-0406/appraisalx/git/refs{/sha}",
    "trees_url": "https://api.github.com/repos/sohero-0406/appraisalx/git/trees{/sha}",
    "statuses_url": "https://api.github.com/repos/sohero-0406/appraisalx/statuses/{sha}",
    "languages_url": "https://api.github.com/repos/sohero-0406/appraisalx/languages",
    "stargazers_url": "https://api.github.com/repos/sohero-0406/appraisalx/stargazers",
    "contributors_url": "https://api.github.com/repos/sohero-0406/appraisalx/contributors",
    "subscribers_url": "https://api.github.com/repos/sohero-0406/appraisalx/subscribers",
    "subscription_url": "https://api.github.com/repos/sohero-0406/appraisalx/subscription",
    "commits_url": "https://api.github.com/repos/sohero-0406/appraisalx/commits{/sha}",
    "git_commits_url": "https://api.github.com/repos/sohero-0406/appraisalx/git/commits{/sha}",
    "comments_url": "https://api.github.com/repos/sohero-0406/appraisalx/comments{/number}",
    "issue_comment_url": "https://api.github.com/repos/sohero-0406/appraisalx/issues/comments{/number}",
    "contents_url": "https://api.github.com/repos/sohero-0406/appraisalx/contents/{+path}",
    "compare_url": "https://api.github.com/repos/sohero-0406/appraisalx/compare/{base}...{head}",
    "merges_url": "https://api.github.com/repos/sohero-0406/appraisalx/merges",
    "archive_url": "https://api.github.com/repos/sohero-0406/appraisalx/{archive_format}{/ref}",
    "downloads_url": "https://api.github.com/repos/sohero-0406/appraisalx/downloads",
    "issues_url": "https://api.github.com/repos/sohero-0406/appraisalx/issues{/number}",
    "pulls_url": "https://api.github.com/repos/sohero-0406/appraisalx/pulls{/number}",
    "milestones_url": "https://api.github.com/repos/sohero-0406/appraisalx/milestones{/number}",
    "notifications_url": "https://api.github.com/repos/sohero-0406/appraisalx/notifications{?since,all,participating}",
    "labels_url": "https://api.github.com/repos/sohero-0406/appraisalx/labels{/name}",
    "releases_url": "https://api.github.com/repos/sohero-0406/appraisalx/releases{/id}",
    "deployments_url": "https://api.github.com/repos/sohero-0406/appraisalx/deployments",
    "created_at": "2019-10-29T03:39:00Z",
    "updated_at": "2019-11-07T07:25:19Z",
    "pushed_at": "2019-11-07T07:25:16Z",
    "git_url": "git://github.com/sohero-0406/appraisalx.git",
    "ssh_url": "git@github.com:sohero-0406/appraisalx.git",
    "clone_url": "https://github.com/sohero-0406/appraisalx.git",
    "svn_url": "https://github.com/sohero-0406/appraisalx",
    "homepage": null,
    "size": 10901,
    "stargazers_count": 0,
    "watchers_count": 0,
    "language": "JavaScript",
    "has_issues": true,
    "has_projects": true,
    "has_downloads": true,
    "has_wiki": true,
    "has_pages": false,
    "has_discussions": false,
    "forks_count": 0,
    "mirror_url": null,
    "archived": false,
    "disabled": false,
    "open_issues_count": 0,
    "license": {
        "key": "agpl-3.0",
        "name": "GNU Affero General Public License v3.0",
        "spdx_id": "AGPL-3.0",
        "url": "https://api.github.com/licenses/agpl-3.0",
        "node_id": "MDc6TGljZW5zZTE="
    },
    "allow_forking": true,
    "is_template": false,
    "web_commit_signoff_required": false,
    "topics": [],
    "visibility": "public",
    "forks": 0,
    "open_issues": 0,
    "watchers": 0,
    "default_branch": "develop",
    "permissions": {
        "admin": false,
        "maintain": false,
        "push": false,
        "triage": false,
        "pull": true
    },
    "temp_clone_token": "",
    "network_count": 0,
    "subscribers_count": 0
}