{
    "id": 42997858,
    "node_id": "MDEwOlJlcG9zaXRvcnk0Mjk5Nzg1OA==",
    "name": "StreamBench",
    "full_name": "wangyangjun/StreamBench",
    "private": false,
    "owner": {
        "login": "wangyangjun",
        "id": 3423330,
        "node_id": "MDQ6VXNlcjM0MjMzMzA=",
        "avatar_url": "https://avatars.githubusercontent.com/u/3423330?v=4",
        "gravatar_id": "",
        "url": "https://api.github.com/users/wangyangjun",
        "html_url": "https://github.com/wangyangjun",
        "followers_url": "https://api.github.com/users/wangyangjun/followers",
        "following_url": "https://api.github.com/users/wangyangjun/following{/other_user}",
        "gists_url": "https://api.github.com/users/wangyangjun/gists{/gist_id}",
        "starred_url": "https://api.github.com/users/wangyangjun/starred{/owner}{/repo}",
        "subscriptions_url": "https://api.github.com/users/wangyangjun/subscriptions",
        "organizations_url": "https://api.github.com/users/wangyangjun/orgs",
        "repos_url": "https://api.github.com/users/wangyangjun/repos",
        "events_url": "https://api.github.com/users/wangyangjun/events{/privacy}",
        "received_events_url": "https://api.github.com/users/wangyangjun/received_events",
        "type": "User",
        "site_admin": false
    },
    "html_url": "https://github.com/wangyangjun/StreamBench",
    "description": null,
    "fork": false,
    "url": "https://api.github.com/repos/wangyangjun/StreamBench",
    "forks_url": "https://api.github.com/repos/wangyangjun/StreamBench/forks",
    "keys_url": "https://api.github.com/repos/wangyangjun/StreamBench/keys{/key_id}",
    "collaborators_url": "https://api.github.com/repos/wangyangjun/StreamBench/collaborators{/collaborator}",
    "teams_url": "https://api.github.com/repos/wangyangjun/StreamBench/teams",
    "hooks_url": "https://api.github.com/repos/wangyangjun/StreamBench/hooks",
    "issue_events_url": "https://api.github.com/repos/wangyangjun/StreamBench/issues/events{/number}",
    "events_url": "https://api.github.com/repos/wangyangjun/StreamBench/events",
    "assignees_url": "https://api.github.com/repos/wangyangjun/StreamBench/assignees{/user}",
    "branches_url": "https://api.github.com/repos/wangyangjun/StreamBench/branches{/branch}",
    "tags_url": "https://api.github.com/repos/wangyangjun/StreamBench/tags",
    "blobs_url": "https://api.github.com/repos/wangyangjun/StreamBench/git/blobs{/sha}",
    "git_tags_url": "https://api.github.com/repos/wangyangjun/StreamBench/git/tags{/sha}",
    "git_refs_url": "https://api.github.com/repos/wangyangjun/StreamBench/git/refs{/sha}",
    "trees_url": "https://api.github.com/repos/wangyangjun/StreamBench/git/trees{/sha}",
    "statuses_url": "https://api.github.com/repos/wangyangjun/StreamBench/statuses/{sha}",
    "languages_url": "https://api.github.com/repos/wangyangjun/StreamBench/languages",
    "stargazers_url": "https://api.github.com/repos/wangyangjun/StreamBench/stargazers",
    "contributors_url": "https://api.github.com/repos/wangyangjun/StreamBench/contributors",
    "subscribers_url": "https://api.github.com/repos/wangyangjun/StreamBench/subscribers",
    "subscription_url": "https://api.github.com/repos/wangyangjun/StreamBench/subscription",
    "commits_url": "https://api.github.com/repos/wangyangjun/StreamBench/commits{/sha}",
    "git_commits_url": "https://api.github.com/repos/wangyangjun/StreamBench/git/commits{/sha}",
    "comments_url": "https://api.github.com/repos/wangyangjun/StreamBench/comments{/number}",
    "issue_comment_url": "https://api.github.com/repos/wangyangjun/StreamBench/issues/comments{/number}",
    "contents_url": "https://api.github.com/repos/wangyangjun/StreamBench/contents/{+path}",
    "compare_url": "https://api.github.com/repos/wangyangjun/StreamBench/compare/{base}...{head}",
    "merges_url": "https://api.github.com/repos/wangyangjun/StreamBench/merges",
    "archive_url": "https://api.github.com/repos/wangyangjun/StreamBench/{archive_format}{/ref}",
    "downloads_url": "https://api.github.com/repos/wangyangjun/StreamBench/downloads",
    "issues_url": "https://api.github.com/repos/wangyangjun/StreamBench/issues{/number}",
    "pulls_url": "https://api.github.com/repos/wangyangjun/StreamBench/pulls{/number}",
    "milestones_url": "https://api.github.com/repos/wangyangjun/StreamBench/milestones{/number}",
    "notifications_url": "https://api.github.com/repos/wangyangjun/StreamBench/notifications{?since,all,participating}",
    "labels_url": "https://api.github.com/repos/wangyangjun/StreamBench/labels{/name}",
    "releases_url": "https://api.github.com/repos/wangyangjun/StreamBench/releases{/id}",
    "deployments_url": "https://api.github.com/repos/wangyangjun/StreamBench/deployments",
    "created_at": "2015-09-23T11:51:39Z",
    "updated_at": "2020-04-20T08:38:16Z",
    "pushed_at": "2017-11-09T12:30:37Z",
    "git_url": "git://github.com/wangyangjun/StreamBench.git",
    "ssh_url": "git@github.com:wangyangjun/StreamBench.git",
    "clone_url": "https://github.com/wangyangjun/StreamBench.git",
    "svn_url": "https://github.com/wangyangjun/StreamBench",
    "homepage": null,
    "size": 54107,
    "stargazers_count": 15,
    "watchers_count": 15,
    "language": "Java",
    "has_issues": true,
    "has_projects": true,
    "has_downloads": true,
    "has_wiki": true,
    "has_pages": false,
    "has_discussions": false,
    "forks_count": 8,
    "mirror_url": null,
    "archived": false,
    "disabled": false,
    "open_issues_count": 5,
    "license": {
        "key": "apache-2.0",
        "name": "Apache License 2.0",
        "spdx_id": "Apache-2.0",
        "url": "https://api.github.com/licenses/apache-2.0",
        "node_id": "MDc6TGljZW5zZTI="
    },
    "allow_forking": true,
    "is_template": false,
    "web_commit_signoff_required": false,
    "topics": [],
    "visibility": "public",
    "forks": 8,
    "open_issues": 5,
    "watchers": 15,
    "default_branch": "master",
    "permissions": {
        "admin": false,
        "maintain": false,
        "push": false,
        "triage": false,
        "pull": true
    },
    "temp_clone_token": "",
    "network_count": 8,
    "subscribers_count": 5
}