{
    "id": 17476497,
    "node_id": "MDEwOlJlcG9zaXRvcnkxNzQ3NjQ5Nw==",
    "name": "DSCommon",
    "full_name": "delightsoft/DSCommon",
    "private": false,
    "owner": {
        "login": "delightsoft",
        "id": 3984276,
        "node_id": "MDEyOk9yZ2FuaXphdGlvbjM5ODQyNzY=",
        "avatar_url": "https://avatars.githubusercontent.com/u/3984276?v=4",
        "gravatar_id": "",
        "url": "https://api.github.com/users/delightsoft",
        "html_url": "https://github.com/delightsoft",
        "followers_url": "https://api.github.com/users/delightsoft/followers",
        "following_url": "https://api.github.com/users/delightsoft/following{/other_user}",
        "gists_url": "https://api.github.com/users/delightsoft/gists{/gist_id}",
        "starred_url": "https://api.github.com/users/delightsoft/starred{/owner}{/repo}",
        "subscriptions_url": "https://api.github.com/users/delightsoft/subscriptions",
        "organizations_url": "https://api.github.com/users/delightsoft/orgs",
        "repos_url": "https://api.github.com/users/delightsoft/repos",
        "events_url": "https://api.github.com/users/delightsoft/events{/privacy}",
        "received_events_url": "https://api.github.com/users/delightsoft/received_events",
        "type": "Organization",
        "site_admin": false
    },
    "html_url": "https://github.com/delightsoft/DSCommon",
    "description": "A library that speeds up a development process on Play Framework 1.2+ bringing extended fuctionality for data modeling, docflow implementation, data security, CRUD screen forms. ",
    "fork": false,
    "url": "https://api.github.com/repos/delightsoft/DSCommon",
    "forks_url": "https://api.github.com/repos/delightsoft/DSCommon/forks",
    "keys_url": "https://api.github.com/repos/delightsoft/DSCommon/keys{/key_id}",
    "collaborators_url": "https://api.github.com/repos/delightsoft/DSCommon/collaborators{/collaborator}",
    "teams_url": "https://api.github.com/repos/delightsoft/DSCommon/teams",
    "hooks_url": "https://api.github.com/repos/delightsoft/DSCommon/hooks",
    "issue_events_url": "https://api.github.com/repos/delightsoft/DSCommon/issues/events{/number}",
    "events_url": "https://api.github.com/repos/delightsoft/DSCommon/events",
    "assignees_url": "https://api.github.com/repos/delightsoft/DSCommon/assignees{/user}",
    "branches_url": "https://api.github.com/repos/delightsoft/DSCommon/branches{/branch}",
    "tags_url": "https://api.github.com/repos/delightsoft/DSCommon/tags",
    "blobs_url": "https://api.github.com/repos/delightsoft/DSCommon/git/blobs{/sha}",
    "git_tags_url": "https://api.github.com/repos/delightsoft/DSCommon/git/tags{/sha}",
    "git_refs_url": "https://api.github.com/repos/delightsoft/DSCommon/git/refs{/sha}",
    "trees_url": "https://api.github.com/repos/delightsoft/DSCommon/git/trees{/sha}",
    "statuses_url": "https://api.github.com/repos/delightsoft/DSCommon/statuses/{sha}",
    "languages_url": "https://api.github.com/repos/delightsoft/DSCommon/languages",
    "stargazers_url": "https://api.github.com/repos/delightsoft/DSCommon/stargazers",
    "contributors_url": "https://api.github.com/repos/delightsoft/DSCommon/contributors",
    "subscribers_url": "https://api.github.com/repos/delightsoft/DSCommon/subscribers",
    "subscription_url": "https://api.github.com/repos/delightsoft/DSCommon/subscription",
    "commits_url": "https://api.github.com/repos/delightsoft/DSCommon/commits{/sha}",
    "git_commits_url": "https://api.github.com/repos/delightsoft/DSCommon/git/commits{/sha}",
    "comments_url": "https://api.github.com/repos/delightsoft/DSCommon/comments{/number}",
    "issue_comment_url": "https://api.github.com/repos/delightsoft/DSCommon/issues/comments{/number}",
    "contents_url": "https://api.github.com/repos/delightsoft/DSCommon/contents/{+path}",
    "compare_url": "https://api.github.com/repos/delightsoft/DSCommon/compare/{base}...{head}",
    "merges_url": "https://api.github.com/repos/delightsoft/DSCommon/merges",
    "archive_url": "https://api.github.com/repos/delightsoft/DSCommon/{archive_format}{/ref}",
    "downloads_url": "https://api.github.com/repos/delightsoft/DSCommon/downloads",
    "issues_url": "https://api.github.com/repos/delightsoft/DSCommon/issues{/number}",
    "pulls_url": "https://api.github.com/repos/delightsoft/DSCommon/pulls{/number}",
    "milestones_url": "https://api.github.com/repos/delightsoft/DSCommon/milestones{/number}",
    "notifications_url": "https://api.github.com/repos/delightsoft/DSCommon/notifications{?since,all,participating}",
    "labels_url": "https://api.github.com/repos/delightsoft/DSCommon/labels{/name}",
    "releases_url": "https://api.github.com/repos/delightsoft/DSCommon/releases{/id}",
    "deployments_url": "https://api.github.com/repos/delightsoft/DSCommon/deployments",
    "created_at": "2014-03-06T12:11:09Z",
    "updated_at": "2015-07-22T17:51:41Z",
    "pushed_at": "2015-05-06T10:37:26Z",
    "git_url": "git://github.com/delightsoft/DSCommon.git",
    "ssh_url": "git@github.com:delightsoft/DSCommon.git",
    "clone_url": "https://github.com/delightsoft/DSCommon.git",
    "svn_url": "https://github.com/delightsoft/DSCommon",
    "homepage": null,
    "size": 4536,
    "stargazers_count": 2,
    "watchers_count": 2,
    "language": "JavaScript",
    "has_issues": true,
    "has_projects": true,
    "has_downloads": true,
    "has_wiki": true,
    "has_pages": false,
    "has_discussions": false,
    "forks_count": 0,
    "mirror_url": null,
    "archived": false,
    "disabled": false,
    "open_issues_count": 1,
    "license": {
        "key": "apache-2.0",
        "name": "Apache License 2.0",
        "spdx_id": "Apache-2.0",
        "url": "https://api.github.com/licenses/apache-2.0",
        "node_id": "MDc6TGljZW5zZTI="
    },
    "allow_forking": true,
    "is_template": false,
    "web_commit_signoff_required": false,
    "topics": [],
    "visibility": "public",
    "forks": 0,
    "open_issues": 1,
    "watchers": 2,
    "default_branch": "master",
    "permissions": {
        "admin": false,
        "maintain": false,
        "push": false,
        "triage": false,
        "pull": true
    },
    "temp_clone_token": "",
    "custom_properties": {},
    "organization": {
        "login": "delightsoft",
        "id": 3984276,
        "node_id": "MDEyOk9yZ2FuaXphdGlvbjM5ODQyNzY=",
        "avatar_url": "https://avatars.githubusercontent.com/u/3984276?v=4",
        "gravatar_id": "",
        "url": "https://api.github.com/users/delightsoft",
        "html_url": "https://github.com/delightsoft",
        "followers_url": "https://api.github.com/users/delightsoft/followers",
        "following_url": "https://api.github.com/users/delightsoft/following{/other_user}",
        "gists_url": "https://api.github.com/users/delightsoft/gists{/gist_id}",
        "starred_url": "https://api.github.com/users/delightsoft/starred{/owner}{/repo}",
        "subscriptions_url": "https://api.github.com/users/delightsoft/subscriptions",
        "organizations_url": "https://api.github.com/users/delightsoft/orgs",
        "repos_url": "https://api.github.com/users/delightsoft/repos",
        "events_url": "https://api.github.com/users/delightsoft/events{/privacy}",
        "received_events_url": "https://api.github.com/users/delightsoft/received_events",
        "type": "Organization",
        "site_admin": false
    },
    "network_count": 0,
    "subscribers_count": 4
}