{
    "id": 90017686,
    "node_id": "MDEwOlJlcG9zaXRvcnk5MDAxNzY4Ng==",
    "name": "oloba-security",
    "full_name": "jaheme/oloba-security",
    "private": false,
    "owner": {
        "login": "jaheme",
        "id": 4090723,
        "node_id": "MDQ6VXNlcjQwOTA3MjM=",
        "avatar_url": "https://avatars.githubusercontent.com/u/4090723?v=4",
        "gravatar_id": "",
        "url": "https://api.github.com/users/jaheme",
        "html_url": "https://github.com/jaheme",
        "followers_url": "https://api.github.com/users/jaheme/followers",
        "following_url": "https://api.github.com/users/jaheme/following{/other_user}",
        "gists_url": "https://api.github.com/users/jaheme/gists{/gist_id}",
        "starred_url": "https://api.github.com/users/jaheme/starred{/owner}{/repo}",
        "subscriptions_url": "https://api.github.com/users/jaheme/subscriptions",
        "organizations_url": "https://api.github.com/users/jaheme/orgs",
        "repos_url": "https://api.github.com/users/jaheme/repos",
        "events_url": "https://api.github.com/users/jaheme/events{/privacy}",
        "received_events_url": "https://api.github.com/users/jaheme/received_events",
        "type": "User",
        "site_admin": false
    },
    "html_url": "https://github.com/jaheme/oloba-security",
    "description": "Spring-security \u6743\u9650\u63a7\u5236\u5b50\u7cfb\u7edf",
    "fork": false,
    "url": "https://api.github.com/repos/jaheme/oloba-security",
    "forks_url": "https://api.github.com/repos/jaheme/oloba-security/forks",
    "keys_url": "https://api.github.com/repos/jaheme/oloba-security/keys{/key_id}",
    "collaborators_url": "https://api.github.com/repos/jaheme/oloba-security/collaborators{/collaborator}",
    "teams_url": "https://api.github.com/repos/jaheme/oloba-security/teams",
    "hooks_url": "https://api.github.com/repos/jaheme/oloba-security/hooks",
    "issue_events_url": "https://api.github.com/repos/jaheme/oloba-security/issues/events{/number}",
    "events_url": "https://api.github.com/repos/jaheme/oloba-security/events",
    "assignees_url": "https://api.github.com/repos/jaheme/oloba-security/assignees{/user}",
    "branches_url": "https://api.github.com/repos/jaheme/oloba-security/branches{/branch}",
    "tags_url": "https://api.github.com/repos/jaheme/oloba-security/tags",
    "blobs_url": "https://api.github.com/repos/jaheme/oloba-security/git/blobs{/sha}",
    "git_tags_url": "https://api.github.com/repos/jaheme/oloba-security/git/tags{/sha}",
    "git_refs_url": "https://api.github.com/repos/jaheme/oloba-security/git/refs{/sha}",
    "trees_url": "https://api.github.com/repos/jaheme/oloba-security/git/trees{/sha}",
    "statuses_url": "https://api.github.com/repos/jaheme/oloba-security/statuses/{sha}",
    "languages_url": "https://api.github.com/repos/jaheme/oloba-security/languages",
    "stargazers_url": "https://api.github.com/repos/jaheme/oloba-security/stargazers",
    "contributors_url": "https://api.github.com/repos/jaheme/oloba-security/contributors",
    "subscribers_url": "https://api.github.com/repos/jaheme/oloba-security/subscribers",
    "subscription_url": "https://api.github.com/repos/jaheme/oloba-security/subscription",
    "commits_url": "https://api.github.com/repos/jaheme/oloba-security/commits{/sha}",
    "git_commits_url": "https://api.github.com/repos/jaheme/oloba-security/git/commits{/sha}",
    "comments_url": "https://api.github.com/repos/jaheme/oloba-security/comments{/number}",
    "issue_comment_url": "https://api.github.com/repos/jaheme/oloba-security/issues/comments{/number}",
    "contents_url": "https://api.github.com/repos/jaheme/oloba-security/contents/{+path}",
    "compare_url": "https://api.github.com/repos/jaheme/oloba-security/compare/{base}...{head}",
    "merges_url": "https://api.github.com/repos/jaheme/oloba-security/merges",
    "archive_url": "https://api.github.com/repos/jaheme/oloba-security/{archive_format}{/ref}",
    "downloads_url": "https://api.github.com/repos/jaheme/oloba-security/downloads",
    "issues_url": "https://api.github.com/repos/jaheme/oloba-security/issues{/number}",
    "pulls_url": "https://api.github.com/repos/jaheme/oloba-security/pulls{/number}",
    "milestones_url": "https://api.github.com/repos/jaheme/oloba-security/milestones{/number}",
    "notifications_url": "https://api.github.com/repos/jaheme/oloba-security/notifications{?since,all,participating}",
    "labels_url": "https://api.github.com/repos/jaheme/oloba-security/labels{/name}",
    "releases_url": "https://api.github.com/repos/jaheme/oloba-security/releases{/id}",
    "deployments_url": "https://api.github.com/repos/jaheme/oloba-security/deployments",
    "created_at": "2017-05-02T09:54:04Z",
    "updated_at": "2017-05-02T10:03:48Z",
    "pushed_at": "2017-05-05T06:11:01Z",
    "git_url": "git://github.com/jaheme/oloba-security.git",
    "ssh_url": "git@github.com:jaheme/oloba-security.git",
    "clone_url": "https://github.com/jaheme/oloba-security.git",
    "svn_url": "https://github.com/jaheme/oloba-security",
    "homepage": null,
    "size": 1229,
    "stargazers_count": 0,
    "watchers_count": 0,
    "language": "Java",
    "has_issues": true,
    "has_projects": true,
    "has_downloads": true,
    "has_wiki": true,
    "has_pages": false,
    "has_discussions": false,
    "forks_count": 1,
    "mirror_url": null,
    "archived": false,
    "disabled": false,
    "open_issues_count": 0,
    "license": {
        "key": "apache-2.0",
        "name": "Apache License 2.0",
        "spdx_id": "Apache-2.0",
        "url": "https://api.github.com/licenses/apache-2.0",
        "node_id": "MDc6TGljZW5zZTI="
    },
    "allow_forking": true,
    "is_template": false,
    "web_commit_signoff_required": false,
    "topics": [
        "spring-mvc",
        "spring-security"
    ],
    "visibility": "public",
    "forks": 1,
    "open_issues": 0,
    "watchers": 0,
    "default_branch": "master",
    "permissions": {
        "admin": false,
        "maintain": false,
        "push": false,
        "triage": false,
        "pull": true
    },
    "temp_clone_token": "",
    "network_count": 1,
    "subscribers_count": 2
}