{
    "id": 258947062,
    "node_id": "MDEwOlJlcG9zaXRvcnkyNTg5NDcwNjI=",
    "name": "capbreaker",
    "full_name": "ironleopard372/capbreaker",
    "private": false,
    "owner": {
        "login": "ironleopard372",
        "id": 5832832,
        "node_id": "MDQ6VXNlcjU4MzI4MzI=",
        "avatar_url": "https://avatars.githubusercontent.com/u/5832832?v=4",
        "gravatar_id": "",
        "url": "https://api.github.com/users/ironleopard372",
        "html_url": "https://github.com/ironleopard372",
        "followers_url": "https://api.github.com/users/ironleopard372/followers",
        "following_url": "https://api.github.com/users/ironleopard372/following{/other_user}",
        "gists_url": "https://api.github.com/users/ironleopard372/gists{/gist_id}",
        "starred_url": "https://api.github.com/users/ironleopard372/starred{/owner}{/repo}",
        "subscriptions_url": "https://api.github.com/users/ironleopard372/subscriptions",
        "organizations_url": "https://api.github.com/users/ironleopard372/orgs",
        "repos_url": "https://api.github.com/users/ironleopard372/repos",
        "events_url": "https://api.github.com/users/ironleopard372/events{/privacy}",
        "received_events_url": "https://api.github.com/users/ironleopard372/received_events",
        "type": "User",
        "site_admin": false
    },
    "html_url": "https://github.com/ironleopard372/capbreaker",
    "description": "Distributing WPA hash cracking.",
    "fork": true,
    "url": "https://api.github.com/repos/ironleopard372/capbreaker",
    "forks_url": "https://api.github.com/repos/ironleopard372/capbreaker/forks",
    "keys_url": "https://api.github.com/repos/ironleopard372/capbreaker/keys{/key_id}",
    "collaborators_url": "https://api.github.com/repos/ironleopard372/capbreaker/collaborators{/collaborator}",
    "teams_url": "https://api.github.com/repos/ironleopard372/capbreaker/teams",
    "hooks_url": "https://api.github.com/repos/ironleopard372/capbreaker/hooks",
    "issue_events_url": "https://api.github.com/repos/ironleopard372/capbreaker/issues/events{/number}",
    "events_url": "https://api.github.com/repos/ironleopard372/capbreaker/events",
    "assignees_url": "https://api.github.com/repos/ironleopard372/capbreaker/assignees{/user}",
    "branches_url": "https://api.github.com/repos/ironleopard372/capbreaker/branches{/branch}",
    "tags_url": "https://api.github.com/repos/ironleopard372/capbreaker/tags",
    "blobs_url": "https://api.github.com/repos/ironleopard372/capbreaker/git/blobs{/sha}",
    "git_tags_url": "https://api.github.com/repos/ironleopard372/capbreaker/git/tags{/sha}",
    "git_refs_url": "https://api.github.com/repos/ironleopard372/capbreaker/git/refs{/sha}",
    "trees_url": "https://api.github.com/repos/ironleopard372/capbreaker/git/trees{/sha}",
    "statuses_url": "https://api.github.com/repos/ironleopard372/capbreaker/statuses/{sha}",
    "languages_url": "https://api.github.com/repos/ironleopard372/capbreaker/languages",
    "stargazers_url": "https://api.github.com/repos/ironleopard372/capbreaker/stargazers",
    "contributors_url": "https://api.github.com/repos/ironleopard372/capbreaker/contributors",
    "subscribers_url": "https://api.github.com/repos/ironleopard372/capbreaker/subscribers",
    "subscription_url": "https://api.github.com/repos/ironleopard372/capbreaker/subscription",
    "commits_url": "https://api.github.com/repos/ironleopard372/capbreaker/commits{/sha}",
    "git_commits_url": "https://api.github.com/repos/ironleopard372/capbreaker/git/commits{/sha}",
    "comments_url": "https://api.github.com/repos/ironleopard372/capbreaker/comments{/number}",
    "issue_comment_url": "https://api.github.com/repos/ironleopard372/capbreaker/issues/comments{/number}",
    "contents_url": "https://api.github.com/repos/ironleopard372/capbreaker/contents/{+path}",
    "compare_url": "https://api.github.com/repos/ironleopard372/capbreaker/compare/{base}...{head}",
    "merges_url": "https://api.github.com/repos/ironleopard372/capbreaker/merges",
    "archive_url": "https://api.github.com/repos/ironleopard372/capbreaker/{archive_format}{/ref}",
    "downloads_url": "https://api.github.com/repos/ironleopard372/capbreaker/downloads",
    "issues_url": "https://api.github.com/repos/ironleopard372/capbreaker/issues{/number}",
    "pulls_url": "https://api.github.com/repos/ironleopard372/capbreaker/pulls{/number}",
    "milestones_url": "https://api.github.com/repos/ironleopard372/capbreaker/milestones{/number}",
    "notifications_url": "https://api.github.com/repos/ironleopard372/capbreaker/notifications{?since,all,participating}",
    "labels_url": "https://api.github.com/repos/ironleopard372/capbreaker/labels{/name}",
    "releases_url": "https://api.github.com/repos/ironleopard372/capbreaker/releases{/id}",
    "deployments_url": "https://api.github.com/repos/ironleopard372/capbreaker/deployments",
    "created_at": "2020-04-26T05:26:40Z",
    "updated_at": "2021-06-18T04:12:11Z",
    "pushed_at": "2021-06-18T04:12:07Z",
    "git_url": "git://github.com/ironleopard372/capbreaker.git",
    "ssh_url": "git@github.com:ironleopard372/capbreaker.git",
    "clone_url": "https://github.com/ironleopard372/capbreaker.git",
    "svn_url": "https://github.com/ironleopard372/capbreaker",
    "homepage": "https://capbreaker.herokuapp.com",
    "size": 1122,
    "stargazers_count": 0,
    "watchers_count": 0,
    "language": "Java",
    "has_issues": false,
    "has_projects": true,
    "has_downloads": true,
    "has_wiki": true,
    "has_pages": false,
    "has_discussions": false,
    "forks_count": 0,
    "mirror_url": null,
    "archived": false,
    "disabled": false,
    "open_issues_count": 0,
    "license": {
        "key": "mit",
        "name": "MIT License",
        "spdx_id": "MIT",
        "url": "https://api.github.com/licenses/mit",
        "node_id": "MDc6TGljZW5zZTEz"
    },
    "allow_forking": true,
    "is_template": false,
    "web_commit_signoff_required": false,
    "topics": [],
    "visibility": "public",
    "forks": 0,
    "open_issues": 0,
    "watchers": 0,
    "default_branch": "master",
    "permissions": {
        "admin": false,
        "maintain": false,
        "push": false,
        "triage": false,
        "pull": true
    },
    "temp_clone_token": "",
    "parent": {
        "id": 115260461,
        "node_id": "MDEwOlJlcG9zaXRvcnkxMTUyNjA0NjE=",
        "name": "capbreaker",
        "full_name": "ghsi10/capbreaker",
        "private": false,
        "owner": {
            "login": "ghsi10",
            "id": 14124641,
            "node_id": "MDQ6VXNlcjE0MTI0NjQx",
            "avatar_url": "https://avatars.githubusercontent.com/u/14124641?v=4",
            "gravatar_id": "",
            "url": "https://api.github.com/users/ghsi10",
            "html_url": "https://github.com/ghsi10",
            "followers_url": "https://api.github.com/users/ghsi10/followers",
            "following_url": "https://api.github.com/users/ghsi10/following{/other_user}",
            "gists_url": "https://api.github.com/users/ghsi10/gists{/gist_id}",
            "starred_url": "https://api.github.com/users/ghsi10/starred{/owner}{/repo}",
            "subscriptions_url": "https://api.github.com/users/ghsi10/subscriptions",
            "organizations_url": "https://api.github.com/users/ghsi10/orgs",
            "repos_url": "https://api.github.com/users/ghsi10/repos",
            "events_url": "https://api.github.com/users/ghsi10/events{/privacy}",
            "received_events_url": "https://api.github.com/users/ghsi10/received_events",
            "type": "User",
            "site_admin": false
        },
        "html_url": "https://github.com/ghsi10/capbreaker",
        "description": "Distributing WPA hash cracking.",
        "fork": false,
        "url": "https://api.github.com/repos/ghsi10/capbreaker",
        "forks_url": "https://api.github.com/repos/ghsi10/capbreaker/forks",
        "keys_url": "https://api.github.com/repos/ghsi10/capbreaker/keys{/key_id}",
        "collaborators_url": "https://api.github.com/repos/ghsi10/capbreaker/collaborators{/collaborator}",
        "teams_url": "https://api.github.com/repos/ghsi10/capbreaker/teams",
        "hooks_url": "https://api.github.com/repos/ghsi10/capbreaker/hooks",
        "issue_events_url": "https://api.github.com/repos/ghsi10/capbreaker/issues/events{/number}",
        "events_url": "https://api.github.com/repos/ghsi10/capbreaker/events",
        "assignees_url": "https://api.github.com/repos/ghsi10/capbreaker/assignees{/user}",
        "branches_url": "https://api.github.com/repos/ghsi10/capbreaker/branches{/branch}",
        "tags_url": "https://api.github.com/repos/ghsi10/capbreaker/tags",
        "blobs_url": "https://api.github.com/repos/ghsi10/capbreaker/git/blobs{/sha}",
        "git_tags_url": "https://api.github.com/repos/ghsi10/capbreaker/git/tags{/sha}",
        "git_refs_url": "https://api.github.com/repos/ghsi10/capbreaker/git/refs{/sha}",
        "trees_url": "https://api.github.com/repos/ghsi10/capbreaker/git/trees{/sha}",
        "statuses_url": "https://api.github.com/repos/ghsi10/capbreaker/statuses/{sha}",
        "languages_url": "https://api.github.com/repos/ghsi10/capbreaker/languages",
        "stargazers_url": "https://api.github.com/repos/ghsi10/capbreaker/stargazers",
        "contributors_url": "https://api.github.com/repos/ghsi10/capbreaker/contributors",
        "subscribers_url": "https://api.github.com/repos/ghsi10/capbreaker/subscribers",
        "subscription_url": "https://api.github.com/repos/ghsi10/capbreaker/subscription",
        "commits_url": "https://api.github.com/repos/ghsi10/capbreaker/commits{/sha}",
        "git_commits_url": "https://api.github.com/repos/ghsi10/capbreaker/git/commits{/sha}",
        "comments_url": "https://api.github.com/repos/ghsi10/capbreaker/comments{/number}",
        "issue_comment_url": "https://api.github.com/repos/ghsi10/capbreaker/issues/comments{/number}",
        "contents_url": "https://api.github.com/repos/ghsi10/capbreaker/contents/{+path}",
        "compare_url": "https://api.github.com/repos/ghsi10/capbreaker/compare/{base}...{head}",
        "merges_url": "https://api.github.com/repos/ghsi10/capbreaker/merges",
        "archive_url": "https://api.github.com/repos/ghsi10/capbreaker/{archive_format}{/ref}",
        "downloads_url": "https://api.github.com/repos/ghsi10/capbreaker/downloads",
        "issues_url": "https://api.github.com/repos/ghsi10/capbreaker/issues{/number}",
        "pulls_url": "https://api.github.com/repos/ghsi10/capbreaker/pulls{/number}",
        "milestones_url": "https://api.github.com/repos/ghsi10/capbreaker/milestones{/number}",
        "notifications_url": "https://api.github.com/repos/ghsi10/capbreaker/notifications{?since,all,participating}",
        "labels_url": "https://api.github.com/repos/ghsi10/capbreaker/labels{/name}",
        "releases_url": "https://api.github.com/repos/ghsi10/capbreaker/releases{/id}",
        "deployments_url": "https://api.github.com/repos/ghsi10/capbreaker/deployments",
        "created_at": "2017-12-24T12:08:24Z",
        "updated_at": "2023-11-30T13:06:39Z",
        "pushed_at": "2022-12-05T18:05:32Z",
        "git_url": "git://github.com/ghsi10/capbreaker.git",
        "ssh_url": "git@github.com:ghsi10/capbreaker.git",
        "clone_url": "https://github.com/ghsi10/capbreaker.git",
        "svn_url": "https://github.com/ghsi10/capbreaker",
        "homepage": "https://capbreaker.herokuapp.com",
        "size": 1126,
        "stargazers_count": 21,
        "watchers_count": 21,
        "language": "Java",
        "has_issues": true,
        "has_projects": true,
        "has_downloads": true,
        "has_wiki": true,
        "has_pages": false,
        "has_discussions": false,
        "forks_count": 5,
        "mirror_url": null,
        "archived": false,
        "disabled": false,
        "open_issues_count": 0,
        "license": {
            "key": "mit",
            "name": "MIT License",
            "spdx_id": "MIT",
            "url": "https://api.github.com/licenses/mit",
            "node_id": "MDc6TGljZW5zZTEz"
        },
        "allow_forking": true,
        "is_template": false,
        "web_commit_signoff_required": false,
        "topics": [
            "crack",
            "distributed",
            "hash",
            "wpa",
            "wpa2"
        ],
        "visibility": "public",
        "forks": 5,
        "open_issues": 0,
        "watchers": 21,
        "default_branch": "master"
    },
    "source": {
        "id": 115260461,
        "node_id": "MDEwOlJlcG9zaXRvcnkxMTUyNjA0NjE=",
        "name": "capbreaker",
        "full_name": "ghsi10/capbreaker",
        "private": false,
        "owner": {
            "login": "ghsi10",
            "id": 14124641,
            "node_id": "MDQ6VXNlcjE0MTI0NjQx",
            "avatar_url": "https://avatars.githubusercontent.com/u/14124641?v=4",
            "gravatar_id": "",
            "url": "https://api.github.com/users/ghsi10",
            "html_url": "https://github.com/ghsi10",
            "followers_url": "https://api.github.com/users/ghsi10/followers",
            "following_url": "https://api.github.com/users/ghsi10/following{/other_user}",
            "gists_url": "https://api.github.com/users/ghsi10/gists{/gist_id}",
            "starred_url": "https://api.github.com/users/ghsi10/starred{/owner}{/repo}",
            "subscriptions_url": "https://api.github.com/users/ghsi10/subscriptions",
            "organizations_url": "https://api.github.com/users/ghsi10/orgs",
            "repos_url": "https://api.github.com/users/ghsi10/repos",
            "events_url": "https://api.github.com/users/ghsi10/events{/privacy}",
            "received_events_url": "https://api.github.com/users/ghsi10/received_events",
            "type": "User",
            "site_admin": false
        },
        "html_url": "https://github.com/ghsi10/capbreaker",
        "description": "Distributing WPA hash cracking.",
        "fork": false,
        "url": "https://api.github.com/repos/ghsi10/capbreaker",
        "forks_url": "https://api.github.com/repos/ghsi10/capbreaker/forks",
        "keys_url": "https://api.github.com/repos/ghsi10/capbreaker/keys{/key_id}",
        "collaborators_url": "https://api.github.com/repos/ghsi10/capbreaker/collaborators{/collaborator}",
        "teams_url": "https://api.github.com/repos/ghsi10/capbreaker/teams",
        "hooks_url": "https://api.github.com/repos/ghsi10/capbreaker/hooks",
        "issue_events_url": "https://api.github.com/repos/ghsi10/capbreaker/issues/events{/number}",
        "events_url": "https://api.github.com/repos/ghsi10/capbreaker/events",
        "assignees_url": "https://api.github.com/repos/ghsi10/capbreaker/assignees{/user}",
        "branches_url": "https://api.github.com/repos/ghsi10/capbreaker/branches{/branch}",
        "tags_url": "https://api.github.com/repos/ghsi10/capbreaker/tags",
        "blobs_url": "https://api.github.com/repos/ghsi10/capbreaker/git/blobs{/sha}",
        "git_tags_url": "https://api.github.com/repos/ghsi10/capbreaker/git/tags{/sha}",
        "git_refs_url": "https://api.github.com/repos/ghsi10/capbreaker/git/refs{/sha}",
        "trees_url": "https://api.github.com/repos/ghsi10/capbreaker/git/trees{/sha}",
        "statuses_url": "https://api.github.com/repos/ghsi10/capbreaker/statuses/{sha}",
        "languages_url": "https://api.github.com/repos/ghsi10/capbreaker/languages",
        "stargazers_url": "https://api.github.com/repos/ghsi10/capbreaker/stargazers",
        "contributors_url": "https://api.github.com/repos/ghsi10/capbreaker/contributors",
        "subscribers_url": "https://api.github.com/repos/ghsi10/capbreaker/subscribers",
        "subscription_url": "https://api.github.com/repos/ghsi10/capbreaker/subscription",
        "commits_url": "https://api.github.com/repos/ghsi10/capbreaker/commits{/sha}",
        "git_commits_url": "https://api.github.com/repos/ghsi10/capbreaker/git/commits{/sha}",
        "comments_url": "https://api.github.com/repos/ghsi10/capbreaker/comments{/number}",
        "issue_comment_url": "https://api.github.com/repos/ghsi10/capbreaker/issues/comments{/number}",
        "contents_url": "https://api.github.com/repos/ghsi10/capbreaker/contents/{+path}",
        "compare_url": "https://api.github.com/repos/ghsi10/capbreaker/compare/{base}...{head}",
        "merges_url": "https://api.github.com/repos/ghsi10/capbreaker/merges",
        "archive_url": "https://api.github.com/repos/ghsi10/capbreaker/{archive_format}{/ref}",
        "downloads_url": "https://api.github.com/repos/ghsi10/capbreaker/downloads",
        "issues_url": "https://api.github.com/repos/ghsi10/capbreaker/issues{/number}",
        "pulls_url": "https://api.github.com/repos/ghsi10/capbreaker/pulls{/number}",
        "milestones_url": "https://api.github.com/repos/ghsi10/capbreaker/milestones{/number}",
        "notifications_url": "https://api.github.com/repos/ghsi10/capbreaker/notifications{?since,all,participating}",
        "labels_url": "https://api.github.com/repos/ghsi10/capbreaker/labels{/name}",
        "releases_url": "https://api.github.com/repos/ghsi10/capbreaker/releases{/id}",
        "deployments_url": "https://api.github.com/repos/ghsi10/capbreaker/deployments",
        "created_at": "2017-12-24T12:08:24Z",
        "updated_at": "2023-11-30T13:06:39Z",
        "pushed_at": "2022-12-05T18:05:32Z",
        "git_url": "git://github.com/ghsi10/capbreaker.git",
        "ssh_url": "git@github.com:ghsi10/capbreaker.git",
        "clone_url": "https://github.com/ghsi10/capbreaker.git",
        "svn_url": "https://github.com/ghsi10/capbreaker",
        "homepage": "https://capbreaker.herokuapp.com",
        "size": 1126,
        "stargazers_count": 21,
        "watchers_count": 21,
        "language": "Java",
        "has_issues": true,
        "has_projects": true,
        "has_downloads": true,
        "has_wiki": true,
        "has_pages": false,
        "has_discussions": false,
        "forks_count": 5,
        "mirror_url": null,
        "archived": false,
        "disabled": false,
        "open_issues_count": 0,
        "license": {
            "key": "mit",
            "name": "MIT License",
            "spdx_id": "MIT",
            "url": "https://api.github.com/licenses/mit",
            "node_id": "MDc6TGljZW5zZTEz"
        },
        "allow_forking": true,
        "is_template": false,
        "web_commit_signoff_required": false,
        "topics": [
            "crack",
            "distributed",
            "hash",
            "wpa",
            "wpa2"
        ],
        "visibility": "public",
        "forks": 5,
        "open_issues": 0,
        "watchers": 21,
        "default_branch": "master"
    },
    "network_count": 5,
    "subscribers_count": 1
}