{
    "id": 351721992,
    "node_id": "MDEwOlJlcG9zaXRvcnkzNTE3MjE5OTI=",
    "name": "hivemq-community-edition",
    "full_name": "fy8207345/hivemq-community-edition",
    "private": false,
    "owner": {
        "login": "fy8207345",
        "id": 8471378,
        "node_id": "MDQ6VXNlcjg0NzEzNzg=",
        "avatar_url": "https://avatars.githubusercontent.com/u/8471378?v=4",
        "gravatar_id": "",
        "url": "https://api.github.com/users/fy8207345",
        "html_url": "https://github.com/fy8207345",
        "followers_url": "https://api.github.com/users/fy8207345/followers",
        "following_url": "https://api.github.com/users/fy8207345/following{/other_user}",
        "gists_url": "https://api.github.com/users/fy8207345/gists{/gist_id}",
        "starred_url": "https://api.github.com/users/fy8207345/starred{/owner}{/repo}",
        "subscriptions_url": "https://api.github.com/users/fy8207345/subscriptions",
        "organizations_url": "https://api.github.com/users/fy8207345/orgs",
        "repos_url": "https://api.github.com/users/fy8207345/repos",
        "events_url": "https://api.github.com/users/fy8207345/events{/privacy}",
        "received_events_url": "https://api.github.com/users/fy8207345/received_events",
        "type": "User",
        "site_admin": false
    },
    "html_url": "https://github.com/fy8207345/hivemq-community-edition",
    "description": null,
    "fork": false,
    "url": "https://api.github.com/repos/fy8207345/hivemq-community-edition",
    "forks_url": "https://api.github.com/repos/fy8207345/hivemq-community-edition/forks",
    "keys_url": "https://api.github.com/repos/fy8207345/hivemq-community-edition/keys{/key_id}",
    "collaborators_url": "https://api.github.com/repos/fy8207345/hivemq-community-edition/collaborators{/collaborator}",
    "teams_url": "https://api.github.com/repos/fy8207345/hivemq-community-edition/teams",
    "hooks_url": "https://api.github.com/repos/fy8207345/hivemq-community-edition/hooks",
    "issue_events_url": "https://api.github.com/repos/fy8207345/hivemq-community-edition/issues/events{/number}",
    "events_url": "https://api.github.com/repos/fy8207345/hivemq-community-edition/events",
    "assignees_url": "https://api.github.com/repos/fy8207345/hivemq-community-edition/assignees{/user}",
    "branches_url": "https://api.github.com/repos/fy8207345/hivemq-community-edition/branches{/branch}",
    "tags_url": "https://api.github.com/repos/fy8207345/hivemq-community-edition/tags",
    "blobs_url": "https://api.github.com/repos/fy8207345/hivemq-community-edition/git/blobs{/sha}",
    "git_tags_url": "https://api.github.com/repos/fy8207345/hivemq-community-edition/git/tags{/sha}",
    "git_refs_url": "https://api.github.com/repos/fy8207345/hivemq-community-edition/git/refs{/sha}",
    "trees_url": "https://api.github.com/repos/fy8207345/hivemq-community-edition/git/trees{/sha}",
    "statuses_url": "https://api.github.com/repos/fy8207345/hivemq-community-edition/statuses/{sha}",
    "languages_url": "https://api.github.com/repos/fy8207345/hivemq-community-edition/languages",
    "stargazers_url": "https://api.github.com/repos/fy8207345/hivemq-community-edition/stargazers",
    "contributors_url": "https://api.github.com/repos/fy8207345/hivemq-community-edition/contributors",
    "subscribers_url": "https://api.github.com/repos/fy8207345/hivemq-community-edition/subscribers",
    "subscription_url": "https://api.github.com/repos/fy8207345/hivemq-community-edition/subscription",
    "commits_url": "https://api.github.com/repos/fy8207345/hivemq-community-edition/commits{/sha}",
    "git_commits_url": "https://api.github.com/repos/fy8207345/hivemq-community-edition/git/commits{/sha}",
    "comments_url": "https://api.github.com/repos/fy8207345/hivemq-community-edition/comments{/number}",
    "issue_comment_url": "https://api.github.com/repos/fy8207345/hivemq-community-edition/issues/comments{/number}",
    "contents_url": "https://api.github.com/repos/fy8207345/hivemq-community-edition/contents/{+path}",
    "compare_url": "https://api.github.com/repos/fy8207345/hivemq-community-edition/compare/{base}...{head}",
    "merges_url": "https://api.github.com/repos/fy8207345/hivemq-community-edition/merges",
    "archive_url": "https://api.github.com/repos/fy8207345/hivemq-community-edition/{archive_format}{/ref}",
    "downloads_url": "https://api.github.com/repos/fy8207345/hivemq-community-edition/downloads",
    "issues_url": "https://api.github.com/repos/fy8207345/hivemq-community-edition/issues{/number}",
    "pulls_url": "https://api.github.com/repos/fy8207345/hivemq-community-edition/pulls{/number}",
    "milestones_url": "https://api.github.com/repos/fy8207345/hivemq-community-edition/milestones{/number}",
    "notifications_url": "https://api.github.com/repos/fy8207345/hivemq-community-edition/notifications{?since,all,participating}",
    "labels_url": "https://api.github.com/repos/fy8207345/hivemq-community-edition/labels{/name}",
    "releases_url": "https://api.github.com/repos/fy8207345/hivemq-community-edition/releases{/id}",
    "deployments_url": "https://api.github.com/repos/fy8207345/hivemq-community-edition/deployments",
    "created_at": "2021-03-26T09:05:03Z",
    "updated_at": "2021-03-26T09:06:20Z",
    "pushed_at": "2021-03-26T09:06:12Z",
    "git_url": "git://github.com/fy8207345/hivemq-community-edition.git",
    "ssh_url": "git@github.com:fy8207345/hivemq-community-edition.git",
    "clone_url": "https://github.com/fy8207345/hivemq-community-edition.git",
    "svn_url": "https://github.com/fy8207345/hivemq-community-edition",
    "homepage": null,
    "size": 3973,
    "stargazers_count": 0,
    "watchers_count": 0,
    "language": "Java",
    "has_issues": true,
    "has_projects": true,
    "has_downloads": true,
    "has_wiki": true,
    "has_pages": false,
    "has_discussions": false,
    "forks_count": 0,
    "mirror_url": null,
    "archived": false,
    "disabled": false,
    "open_issues_count": 0,
    "license": {
        "key": "apache-2.0",
        "name": "Apache License 2.0",
        "spdx_id": "Apache-2.0",
        "url": "https://api.github.com/licenses/apache-2.0",
        "node_id": "MDc6TGljZW5zZTI="
    },
    "allow_forking": true,
    "is_template": false,
    "web_commit_signoff_required": false,
    "topics": [],
    "visibility": "public",
    "forks": 0,
    "open_issues": 0,
    "watchers": 0,
    "default_branch": "master",
    "permissions": {
        "admin": false,
        "maintain": false,
        "push": false,
        "triage": false,
        "pull": true
    },
    "temp_clone_token": "",
    "network_count": 0,
    "subscribers_count": 1
}