{
    "id": 40980634,
    "node_id": "MDEwOlJlcG9zaXRvcnk0MDk4MDYzNA==",
    "name": "memorygame",
    "full_name": "GlenErrands/memorygame",
    "private": false,
    "owner": {
        "login": "GlenErrands",
        "id": 13789644,
        "node_id": "MDQ6VXNlcjEzNzg5NjQ0",
        "avatar_url": "https://avatars.githubusercontent.com/u/13789644?v=4",
        "gravatar_id": "",
        "url": "https://api.github.com/users/GlenErrands",
        "html_url": "https://github.com/GlenErrands",
        "followers_url": "https://api.github.com/users/GlenErrands/followers",
        "following_url": "https://api.github.com/users/GlenErrands/following{/other_user}",
        "gists_url": "https://api.github.com/users/GlenErrands/gists{/gist_id}",
        "starred_url": "https://api.github.com/users/GlenErrands/starred{/owner}{/repo}",
        "subscriptions_url": "https://api.github.com/users/GlenErrands/subscriptions",
        "organizations_url": "https://api.github.com/users/GlenErrands/orgs",
        "repos_url": "https://api.github.com/users/GlenErrands/repos",
        "events_url": "https://api.github.com/users/GlenErrands/events{/privacy}",
        "received_events_url": "https://api.github.com/users/GlenErrands/received_events",
        "type": "User",
        "site_admin": false
    },
    "html_url": "https://github.com/GlenErrands/memorygame",
    "description": "A simple memory game in Java/Swing.",
    "fork": false,
    "url": "https://api.github.com/repos/GlenErrands/memorygame",
    "forks_url": "https://api.github.com/repos/GlenErrands/memorygame/forks",
    "keys_url": "https://api.github.com/repos/GlenErrands/memorygame/keys{/key_id}",
    "collaborators_url": "https://api.github.com/repos/GlenErrands/memorygame/collaborators{/collaborator}",
    "teams_url": "https://api.github.com/repos/GlenErrands/memorygame/teams",
    "hooks_url": "https://api.github.com/repos/GlenErrands/memorygame/hooks",
    "issue_events_url": "https://api.github.com/repos/GlenErrands/memorygame/issues/events{/number}",
    "events_url": "https://api.github.com/repos/GlenErrands/memorygame/events",
    "assignees_url": "https://api.github.com/repos/GlenErrands/memorygame/assignees{/user}",
    "branches_url": "https://api.github.com/repos/GlenErrands/memorygame/branches{/branch}",
    "tags_url": "https://api.github.com/repos/GlenErrands/memorygame/tags",
    "blobs_url": "https://api.github.com/repos/GlenErrands/memorygame/git/blobs{/sha}",
    "git_tags_url": "https://api.github.com/repos/GlenErrands/memorygame/git/tags{/sha}",
    "git_refs_url": "https://api.github.com/repos/GlenErrands/memorygame/git/refs{/sha}",
    "trees_url": "https://api.github.com/repos/GlenErrands/memorygame/git/trees{/sha}",
    "statuses_url": "https://api.github.com/repos/GlenErrands/memorygame/statuses/{sha}",
    "languages_url": "https://api.github.com/repos/GlenErrands/memorygame/languages",
    "stargazers_url": "https://api.github.com/repos/GlenErrands/memorygame/stargazers",
    "contributors_url": "https://api.github.com/repos/GlenErrands/memorygame/contributors",
    "subscribers_url": "https://api.github.com/repos/GlenErrands/memorygame/subscribers",
    "subscription_url": "https://api.github.com/repos/GlenErrands/memorygame/subscription",
    "commits_url": "https://api.github.com/repos/GlenErrands/memorygame/commits{/sha}",
    "git_commits_url": "https://api.github.com/repos/GlenErrands/memorygame/git/commits{/sha}",
    "comments_url": "https://api.github.com/repos/GlenErrands/memorygame/comments{/number}",
    "issue_comment_url": "https://api.github.com/repos/GlenErrands/memorygame/issues/comments{/number}",
    "contents_url": "https://api.github.com/repos/GlenErrands/memorygame/contents/{+path}",
    "compare_url": "https://api.github.com/repos/GlenErrands/memorygame/compare/{base}...{head}",
    "merges_url": "https://api.github.com/repos/GlenErrands/memorygame/merges",
    "archive_url": "https://api.github.com/repos/GlenErrands/memorygame/{archive_format}{/ref}",
    "downloads_url": "https://api.github.com/repos/GlenErrands/memorygame/downloads",
    "issues_url": "https://api.github.com/repos/GlenErrands/memorygame/issues{/number}",
    "pulls_url": "https://api.github.com/repos/GlenErrands/memorygame/pulls{/number}",
    "milestones_url": "https://api.github.com/repos/GlenErrands/memorygame/milestones{/number}",
    "notifications_url": "https://api.github.com/repos/GlenErrands/memorygame/notifications{?since,all,participating}",
    "labels_url": "https://api.github.com/repos/GlenErrands/memorygame/labels{/name}",
    "releases_url": "https://api.github.com/repos/GlenErrands/memorygame/releases{/id}",
    "deployments_url": "https://api.github.com/repos/GlenErrands/memorygame/deployments",
    "created_at": "2015-08-18T15:39:23Z",
    "updated_at": "2015-08-18T15:59:39Z",
    "pushed_at": "2015-08-19T16:05:38Z",
    "git_url": "git://github.com/GlenErrands/memorygame.git",
    "ssh_url": "git@github.com:GlenErrands/memorygame.git",
    "clone_url": "https://github.com/GlenErrands/memorygame.git",
    "svn_url": "https://github.com/GlenErrands/memorygame",
    "homepage": null,
    "size": 164,
    "stargazers_count": 0,
    "watchers_count": 0,
    "language": "Java",
    "has_issues": true,
    "has_projects": true,
    "has_downloads": true,
    "has_wiki": true,
    "has_pages": false,
    "has_discussions": false,
    "forks_count": 0,
    "mirror_url": null,
    "archived": false,
    "disabled": false,
    "open_issues_count": 0,
    "license": {
        "key": "mit",
        "name": "MIT License",
        "spdx_id": "MIT",
        "url": "https://api.github.com/licenses/mit",
        "node_id": "MDc6TGljZW5zZTEz"
    },
    "allow_forking": true,
    "is_template": false,
    "web_commit_signoff_required": false,
    "topics": [],
    "visibility": "public",
    "forks": 0,
    "open_issues": 0,
    "watchers": 0,
    "default_branch": "master",
    "permissions": {
        "admin": false,
        "maintain": false,
        "push": false,
        "triage": false,
        "pull": true
    },
    "temp_clone_token": "",
    "network_count": 0,
    "subscribers_count": 1
}