{
    "id": 150876708,
    "node_id": "MDEwOlJlcG9zaXRvcnkxNTA4NzY3MDg=",
    "name": "android_kernel_samsung_msm8916",
    "full_name": "cesarmo759/android_kernel_samsung_msm8916",
    "private": false,
    "owner": {
        "login": "cesarmo759",
        "id": 43621722,
        "node_id": "MDQ6VXNlcjQzNjIxNzIy",
        "avatar_url": "https://avatars.githubusercontent.com/u/43621722?v=4",
        "gravatar_id": "",
        "url": "https://api.github.com/users/cesarmo759",
        "html_url": "https://github.com/cesarmo759",
        "followers_url": "https://api.github.com/users/cesarmo759/followers",
        "following_url": "https://api.github.com/users/cesarmo759/following{/other_user}",
        "gists_url": "https://api.github.com/users/cesarmo759/gists{/gist_id}",
        "starred_url": "https://api.github.com/users/cesarmo759/starred{/owner}{/repo}",
        "subscriptions_url": "https://api.github.com/users/cesarmo759/subscriptions",
        "organizations_url": "https://api.github.com/users/cesarmo759/orgs",
        "repos_url": "https://api.github.com/users/cesarmo759/repos",
        "events_url": "https://api.github.com/users/cesarmo759/events{/privacy}",
        "received_events_url": "https://api.github.com/users/cesarmo759/received_events",
        "type": "User",
        "site_admin": false
    },
    "html_url": "https://github.com/cesarmo759/android_kernel_samsung_msm8916",
    "description": "Experimental DRAGON Kernel Source for MSM8916 devices",
    "fork": false,
    "url": "https://api.github.com/repos/cesarmo759/android_kernel_samsung_msm8916",
    "forks_url": "https://api.github.com/repos/cesarmo759/android_kernel_samsung_msm8916/forks",
    "keys_url": "https://api.github.com/repos/cesarmo759/android_kernel_samsung_msm8916/keys{/key_id}",
    "collaborators_url": "https://api.github.com/repos/cesarmo759/android_kernel_samsung_msm8916/collaborators{/collaborator}",
    "teams_url": "https://api.github.com/repos/cesarmo759/android_kernel_samsung_msm8916/teams",
    "hooks_url": "https://api.github.com/repos/cesarmo759/android_kernel_samsung_msm8916/hooks",
    "issue_events_url": "https://api.github.com/repos/cesarmo759/android_kernel_samsung_msm8916/issues/events{/number}",
    "events_url": "https://api.github.com/repos/cesarmo759/android_kernel_samsung_msm8916/events",
    "assignees_url": "https://api.github.com/repos/cesarmo759/android_kernel_samsung_msm8916/assignees{/user}",
    "branches_url": "https://api.github.com/repos/cesarmo759/android_kernel_samsung_msm8916/branches{/branch}",
    "tags_url": "https://api.github.com/repos/cesarmo759/android_kernel_samsung_msm8916/tags",
    "blobs_url": "https://api.github.com/repos/cesarmo759/android_kernel_samsung_msm8916/git/blobs{/sha}",
    "git_tags_url": "https://api.github.com/repos/cesarmo759/android_kernel_samsung_msm8916/git/tags{/sha}",
    "git_refs_url": "https://api.github.com/repos/cesarmo759/android_kernel_samsung_msm8916/git/refs{/sha}",
    "trees_url": "https://api.github.com/repos/cesarmo759/android_kernel_samsung_msm8916/git/trees{/sha}",
    "statuses_url": "https://api.github.com/repos/cesarmo759/android_kernel_samsung_msm8916/statuses/{sha}",
    "languages_url": "https://api.github.com/repos/cesarmo759/android_kernel_samsung_msm8916/languages",
    "stargazers_url": "https://api.github.com/repos/cesarmo759/android_kernel_samsung_msm8916/stargazers",
    "contributors_url": "https://api.github.com/repos/cesarmo759/android_kernel_samsung_msm8916/contributors",
    "subscribers_url": "https://api.github.com/repos/cesarmo759/android_kernel_samsung_msm8916/subscribers",
    "subscription_url": "https://api.github.com/repos/cesarmo759/android_kernel_samsung_msm8916/subscription",
    "commits_url": "https://api.github.com/repos/cesarmo759/android_kernel_samsung_msm8916/commits{/sha}",
    "git_commits_url": "https://api.github.com/repos/cesarmo759/android_kernel_samsung_msm8916/git/commits{/sha}",
    "comments_url": "https://api.github.com/repos/cesarmo759/android_kernel_samsung_msm8916/comments{/number}",
    "issue_comment_url": "https://api.github.com/repos/cesarmo759/android_kernel_samsung_msm8916/issues/comments{/number}",
    "contents_url": "https://api.github.com/repos/cesarmo759/android_kernel_samsung_msm8916/contents/{+path}",
    "compare_url": "https://api.github.com/repos/cesarmo759/android_kernel_samsung_msm8916/compare/{base}...{head}",
    "merges_url": "https://api.github.com/repos/cesarmo759/android_kernel_samsung_msm8916/merges",
    "archive_url": "https://api.github.com/repos/cesarmo759/android_kernel_samsung_msm8916/{archive_format}{/ref}",
    "downloads_url": "https://api.github.com/repos/cesarmo759/android_kernel_samsung_msm8916/downloads",
    "issues_url": "https://api.github.com/repos/cesarmo759/android_kernel_samsung_msm8916/issues{/number}",
    "pulls_url": "https://api.github.com/repos/cesarmo759/android_kernel_samsung_msm8916/pulls{/number}",
    "milestones_url": "https://api.github.com/repos/cesarmo759/android_kernel_samsung_msm8916/milestones{/number}",
    "notifications_url": "https://api.github.com/repos/cesarmo759/android_kernel_samsung_msm8916/notifications{?since,all,participating}",
    "labels_url": "https://api.github.com/repos/cesarmo759/android_kernel_samsung_msm8916/labels{/name}",
    "releases_url": "https://api.github.com/repos/cesarmo759/android_kernel_samsung_msm8916/releases{/id}",
    "deployments_url": "https://api.github.com/repos/cesarmo759/android_kernel_samsung_msm8916/deployments",
    "created_at": "2018-09-29T15:20:13Z",
    "updated_at": "2021-05-17T21:51:38Z",
    "pushed_at": "2018-09-29T11:16:47Z",
    "git_url": "git://github.com/cesarmo759/android_kernel_samsung_msm8916.git",
    "ssh_url": "git@github.com:cesarmo759/android_kernel_samsung_msm8916.git",
    "clone_url": "https://github.com/cesarmo759/android_kernel_samsung_msm8916.git",
    "svn_url": "https://github.com/cesarmo759/android_kernel_samsung_msm8916",
    "homepage": "",
    "size": 335597,
    "stargazers_count": 0,
    "watchers_count": 0,
    "language": "C",
    "has_issues": false,
    "has_projects": true,
    "has_downloads": true,
    "has_wiki": true,
    "has_pages": false,
    "has_discussions": false,
    "forks_count": 2,
    "mirror_url": null,
    "archived": false,
    "disabled": false,
    "open_issues_count": 0,
    "license": {
        "key": "apache-2.0",
        "name": "Apache License 2.0",
        "spdx_id": "Apache-2.0",
        "url": "https://api.github.com/licenses/apache-2.0",
        "node_id": "MDc6TGljZW5zZTI="
    },
    "allow_forking": true,
    "is_template": false,
    "web_commit_signoff_required": false,
    "topics": [],
    "visibility": "public",
    "forks": 2,
    "open_issues": 0,
    "watchers": 0,
    "default_branch": "master",
    "permissions": {
        "admin": false,
        "maintain": false,
        "push": false,
        "triage": false,
        "pull": true
    },
    "temp_clone_token": "",
    "network_count": 2,
    "subscribers_count": 0
}