{
    "id": 356828050,
    "node_id": "MDEwOlJlcG9zaXRvcnkzNTY4MjgwNTA=",
    "name": "QuickStruts",
    "full_name": "yuhaijun83/QuickStruts",
    "private": false,
    "owner": {
        "login": "yuhaijun83",
        "id": 24317098,
        "node_id": "MDQ6VXNlcjI0MzE3MDk4",
        "avatar_url": "https://avatars.githubusercontent.com/u/24317098?v=4",
        "gravatar_id": "",
        "url": "https://api.github.com/users/yuhaijun83",
        "html_url": "https://github.com/yuhaijun83",
        "followers_url": "https://api.github.com/users/yuhaijun83/followers",
        "following_url": "https://api.github.com/users/yuhaijun83/following{/other_user}",
        "gists_url": "https://api.github.com/users/yuhaijun83/gists{/gist_id}",
        "starred_url": "https://api.github.com/users/yuhaijun83/starred{/owner}{/repo}",
        "subscriptions_url": "https://api.github.com/users/yuhaijun83/subscriptions",
        "organizations_url": "https://api.github.com/users/yuhaijun83/orgs",
        "repos_url": "https://api.github.com/users/yuhaijun83/repos",
        "events_url": "https://api.github.com/users/yuhaijun83/events{/privacy}",
        "received_events_url": "https://api.github.com/users/yuhaijun83/received_events",
        "type": "User",
        "site_admin": false
    },
    "html_url": "https://github.com/yuhaijun83/QuickStruts",
    "description": "QuickStruts Demo",
    "fork": false,
    "url": "https://api.github.com/repos/yuhaijun83/QuickStruts",
    "forks_url": "https://api.github.com/repos/yuhaijun83/QuickStruts/forks",
    "keys_url": "https://api.github.com/repos/yuhaijun83/QuickStruts/keys{/key_id}",
    "collaborators_url": "https://api.github.com/repos/yuhaijun83/QuickStruts/collaborators{/collaborator}",
    "teams_url": "https://api.github.com/repos/yuhaijun83/QuickStruts/teams",
    "hooks_url": "https://api.github.com/repos/yuhaijun83/QuickStruts/hooks",
    "issue_events_url": "https://api.github.com/repos/yuhaijun83/QuickStruts/issues/events{/number}",
    "events_url": "https://api.github.com/repos/yuhaijun83/QuickStruts/events",
    "assignees_url": "https://api.github.com/repos/yuhaijun83/QuickStruts/assignees{/user}",
    "branches_url": "https://api.github.com/repos/yuhaijun83/QuickStruts/branches{/branch}",
    "tags_url": "https://api.github.com/repos/yuhaijun83/QuickStruts/tags",
    "blobs_url": "https://api.github.com/repos/yuhaijun83/QuickStruts/git/blobs{/sha}",
    "git_tags_url": "https://api.github.com/repos/yuhaijun83/QuickStruts/git/tags{/sha}",
    "git_refs_url": "https://api.github.com/repos/yuhaijun83/QuickStruts/git/refs{/sha}",
    "trees_url": "https://api.github.com/repos/yuhaijun83/QuickStruts/git/trees{/sha}",
    "statuses_url": "https://api.github.com/repos/yuhaijun83/QuickStruts/statuses/{sha}",
    "languages_url": "https://api.github.com/repos/yuhaijun83/QuickStruts/languages",
    "stargazers_url": "https://api.github.com/repos/yuhaijun83/QuickStruts/stargazers",
    "contributors_url": "https://api.github.com/repos/yuhaijun83/QuickStruts/contributors",
    "subscribers_url": "https://api.github.com/repos/yuhaijun83/QuickStruts/subscribers",
    "subscription_url": "https://api.github.com/repos/yuhaijun83/QuickStruts/subscription",
    "commits_url": "https://api.github.com/repos/yuhaijun83/QuickStruts/commits{/sha}",
    "git_commits_url": "https://api.github.com/repos/yuhaijun83/QuickStruts/git/commits{/sha}",
    "comments_url": "https://api.github.com/repos/yuhaijun83/QuickStruts/comments{/number}",
    "issue_comment_url": "https://api.github.com/repos/yuhaijun83/QuickStruts/issues/comments{/number}",
    "contents_url": "https://api.github.com/repos/yuhaijun83/QuickStruts/contents/{+path}",
    "compare_url": "https://api.github.com/repos/yuhaijun83/QuickStruts/compare/{base}...{head}",
    "merges_url": "https://api.github.com/repos/yuhaijun83/QuickStruts/merges",
    "archive_url": "https://api.github.com/repos/yuhaijun83/QuickStruts/{archive_format}{/ref}",
    "downloads_url": "https://api.github.com/repos/yuhaijun83/QuickStruts/downloads",
    "issues_url": "https://api.github.com/repos/yuhaijun83/QuickStruts/issues{/number}",
    "pulls_url": "https://api.github.com/repos/yuhaijun83/QuickStruts/pulls{/number}",
    "milestones_url": "https://api.github.com/repos/yuhaijun83/QuickStruts/milestones{/number}",
    "notifications_url": "https://api.github.com/repos/yuhaijun83/QuickStruts/notifications{?since,all,participating}",
    "labels_url": "https://api.github.com/repos/yuhaijun83/QuickStruts/labels{/name}",
    "releases_url": "https://api.github.com/repos/yuhaijun83/QuickStruts/releases{/id}",
    "deployments_url": "https://api.github.com/repos/yuhaijun83/QuickStruts/deployments",
    "created_at": "2021-04-11T09:44:20Z",
    "updated_at": "2021-04-18T14:19:57Z",
    "pushed_at": "2021-04-18T14:19:55Z",
    "git_url": "git://github.com/yuhaijun83/QuickStruts.git",
    "ssh_url": "git@github.com:yuhaijun83/QuickStruts.git",
    "clone_url": "https://github.com/yuhaijun83/QuickStruts.git",
    "svn_url": "https://github.com/yuhaijun83/QuickStruts",
    "homepage": null,
    "size": 17487,
    "stargazers_count": 0,
    "watchers_count": 0,
    "language": "Java",
    "has_issues": true,
    "has_projects": true,
    "has_downloads": true,
    "has_wiki": true,
    "has_pages": false,
    "has_discussions": false,
    "forks_count": 0,
    "mirror_url": null,
    "archived": false,
    "disabled": false,
    "open_issues_count": 0,
    "license": {
        "key": "mit",
        "name": "MIT License",
        "spdx_id": "MIT",
        "url": "https://api.github.com/licenses/mit",
        "node_id": "MDc6TGljZW5zZTEz"
    },
    "allow_forking": true,
    "is_template": false,
    "web_commit_signoff_required": false,
    "topics": [],
    "visibility": "public",
    "forks": 0,
    "open_issues": 0,
    "watchers": 0,
    "default_branch": "main",
    "permissions": {
        "admin": false,
        "maintain": false,
        "push": false,
        "triage": false,
        "pull": true
    },
    "temp_clone_token": "",
    "network_count": 0,
    "subscribers_count": 1
}