{
    "id": 425730349,
    "node_id": "R_kgDOGWAhLQ",
    "name": "kraken-rules",
    "full_name": "eisgroup/kraken-rules",
    "private": false,
    "owner": {
        "login": "eisgroup",
        "id": 82123642,
        "node_id": "MDEyOk9yZ2FuaXphdGlvbjgyMTIzNjQy",
        "avatar_url": "https://avatars.githubusercontent.com/u/82123642?v=4",
        "gravatar_id": "",
        "url": "https://api.github.com/users/eisgroup",
        "html_url": "https://github.com/eisgroup",
        "followers_url": "https://api.github.com/users/eisgroup/followers",
        "following_url": "https://api.github.com/users/eisgroup/following{/other_user}",
        "gists_url": "https://api.github.com/users/eisgroup/gists{/gist_id}",
        "starred_url": "https://api.github.com/users/eisgroup/starred{/owner}{/repo}",
        "subscriptions_url": "https://api.github.com/users/eisgroup/subscriptions",
        "organizations_url": "https://api.github.com/users/eisgroup/orgs",
        "repos_url": "https://api.github.com/users/eisgroup/repos",
        "events_url": "https://api.github.com/users/eisgroup/events{/privacy}",
        "received_events_url": "https://api.github.com/users/eisgroup/received_events",
        "type": "Organization",
        "site_admin": false
    },
    "html_url": "https://github.com/eisgroup/kraken-rules",
    "description": null,
    "fork": false,
    "url": "https://api.github.com/repos/eisgroup/kraken-rules",
    "forks_url": "https://api.github.com/repos/eisgroup/kraken-rules/forks",
    "keys_url": "https://api.github.com/repos/eisgroup/kraken-rules/keys{/key_id}",
    "collaborators_url": "https://api.github.com/repos/eisgroup/kraken-rules/collaborators{/collaborator}",
    "teams_url": "https://api.github.com/repos/eisgroup/kraken-rules/teams",
    "hooks_url": "https://api.github.com/repos/eisgroup/kraken-rules/hooks",
    "issue_events_url": "https://api.github.com/repos/eisgroup/kraken-rules/issues/events{/number}",
    "events_url": "https://api.github.com/repos/eisgroup/kraken-rules/events",
    "assignees_url": "https://api.github.com/repos/eisgroup/kraken-rules/assignees{/user}",
    "branches_url": "https://api.github.com/repos/eisgroup/kraken-rules/branches{/branch}",
    "tags_url": "https://api.github.com/repos/eisgroup/kraken-rules/tags",
    "blobs_url": "https://api.github.com/repos/eisgroup/kraken-rules/git/blobs{/sha}",
    "git_tags_url": "https://api.github.com/repos/eisgroup/kraken-rules/git/tags{/sha}",
    "git_refs_url": "https://api.github.com/repos/eisgroup/kraken-rules/git/refs{/sha}",
    "trees_url": "https://api.github.com/repos/eisgroup/kraken-rules/git/trees{/sha}",
    "statuses_url": "https://api.github.com/repos/eisgroup/kraken-rules/statuses/{sha}",
    "languages_url": "https://api.github.com/repos/eisgroup/kraken-rules/languages",
    "stargazers_url": "https://api.github.com/repos/eisgroup/kraken-rules/stargazers",
    "contributors_url": "https://api.github.com/repos/eisgroup/kraken-rules/contributors",
    "subscribers_url": "https://api.github.com/repos/eisgroup/kraken-rules/subscribers",
    "subscription_url": "https://api.github.com/repos/eisgroup/kraken-rules/subscription",
    "commits_url": "https://api.github.com/repos/eisgroup/kraken-rules/commits{/sha}",
    "git_commits_url": "https://api.github.com/repos/eisgroup/kraken-rules/git/commits{/sha}",
    "comments_url": "https://api.github.com/repos/eisgroup/kraken-rules/comments{/number}",
    "issue_comment_url": "https://api.github.com/repos/eisgroup/kraken-rules/issues/comments{/number}",
    "contents_url": "https://api.github.com/repos/eisgroup/kraken-rules/contents/{+path}",
    "compare_url": "https://api.github.com/repos/eisgroup/kraken-rules/compare/{base}...{head}",
    "merges_url": "https://api.github.com/repos/eisgroup/kraken-rules/merges",
    "archive_url": "https://api.github.com/repos/eisgroup/kraken-rules/{archive_format}{/ref}",
    "downloads_url": "https://api.github.com/repos/eisgroup/kraken-rules/downloads",
    "issues_url": "https://api.github.com/repos/eisgroup/kraken-rules/issues{/number}",
    "pulls_url": "https://api.github.com/repos/eisgroup/kraken-rules/pulls{/number}",
    "milestones_url": "https://api.github.com/repos/eisgroup/kraken-rules/milestones{/number}",
    "notifications_url": "https://api.github.com/repos/eisgroup/kraken-rules/notifications{?since,all,participating}",
    "labels_url": "https://api.github.com/repos/eisgroup/kraken-rules/labels{/name}",
    "releases_url": "https://api.github.com/repos/eisgroup/kraken-rules/releases{/id}",
    "deployments_url": "https://api.github.com/repos/eisgroup/kraken-rules/deployments",
    "created_at": "2021-11-08T07:01:10Z",
    "updated_at": "2024-03-26T15:50:40Z",
    "pushed_at": "2023-12-21T01:16:08Z",
    "git_url": "git://github.com/eisgroup/kraken-rules.git",
    "ssh_url": "git@github.com:eisgroup/kraken-rules.git",
    "clone_url": "https://github.com/eisgroup/kraken-rules.git",
    "svn_url": "https://github.com/eisgroup/kraken-rules",
    "homepage": null,
    "size": 2659,
    "stargazers_count": 11,
    "watchers_count": 11,
    "language": "Java",
    "has_issues": true,
    "has_projects": true,
    "has_downloads": true,
    "has_wiki": true,
    "has_pages": false,
    "has_discussions": false,
    "forks_count": 2,
    "mirror_url": null,
    "archived": false,
    "disabled": false,
    "open_issues_count": 2,
    "license": {
        "key": "apache-2.0",
        "name": "Apache License 2.0",
        "spdx_id": "Apache-2.0",
        "url": "https://api.github.com/licenses/apache-2.0",
        "node_id": "MDc6TGljZW5zZTI="
    },
    "allow_forking": true,
    "is_template": false,
    "web_commit_signoff_required": false,
    "topics": [],
    "visibility": "public",
    "forks": 2,
    "open_issues": 2,
    "watchers": 11,
    "default_branch": "main",
    "permissions": {
        "admin": false,
        "maintain": false,
        "push": false,
        "triage": false,
        "pull": true
    },
    "temp_clone_token": "",
    "custom_properties": {},
    "organization": {
        "login": "eisgroup",
        "id": 82123642,
        "node_id": "MDEyOk9yZ2FuaXphdGlvbjgyMTIzNjQy",
        "avatar_url": "https://avatars.githubusercontent.com/u/82123642?v=4",
        "gravatar_id": "",
        "url": "https://api.github.com/users/eisgroup",
        "html_url": "https://github.com/eisgroup",
        "followers_url": "https://api.github.com/users/eisgroup/followers",
        "following_url": "https://api.github.com/users/eisgroup/following{/other_user}",
        "gists_url": "https://api.github.com/users/eisgroup/gists{/gist_id}",
        "starred_url": "https://api.github.com/users/eisgroup/starred{/owner}{/repo}",
        "subscriptions_url": "https://api.github.com/users/eisgroup/subscriptions",
        "organizations_url": "https://api.github.com/users/eisgroup/orgs",
        "repos_url": "https://api.github.com/users/eisgroup/repos",
        "events_url": "https://api.github.com/users/eisgroup/events{/privacy}",
        "received_events_url": "https://api.github.com/users/eisgroup/received_events",
        "type": "Organization",
        "site_admin": false
    },
    "network_count": 2,
    "subscribers_count": 6
}