{
    "id": 154118789,
    "node_id": "MDEwOlJlcG9zaXRvcnkxNTQxMTg3ODk=",
    "name": "lottie-react-native",
    "full_name": "perfectfools/lottie-react-native",
    "private": false,
    "owner": {
        "login": "perfectfools",
        "id": 31210213,
        "node_id": "MDEyOk9yZ2FuaXphdGlvbjMxMjEwMjEz",
        "avatar_url": "https://avatars.githubusercontent.com/u/31210213?v=4",
        "gravatar_id": "",
        "url": "https://api.github.com/users/perfectfools",
        "html_url": "https://github.com/perfectfools",
        "followers_url": "https://api.github.com/users/perfectfools/followers",
        "following_url": "https://api.github.com/users/perfectfools/following{/other_user}",
        "gists_url": "https://api.github.com/users/perfectfools/gists{/gist_id}",
        "starred_url": "https://api.github.com/users/perfectfools/starred{/owner}{/repo}",
        "subscriptions_url": "https://api.github.com/users/perfectfools/subscriptions",
        "organizations_url": "https://api.github.com/users/perfectfools/orgs",
        "repos_url": "https://api.github.com/users/perfectfools/repos",
        "events_url": "https://api.github.com/users/perfectfools/events{/privacy}",
        "received_events_url": "https://api.github.com/users/perfectfools/received_events",
        "type": "Organization",
        "site_admin": false
    },
    "html_url": "https://github.com/perfectfools/lottie-react-native",
    "description": "Lottie wrapper for React Native.",
    "fork": true,
    "url": "https://api.github.com/repos/perfectfools/lottie-react-native",
    "forks_url": "https://api.github.com/repos/perfectfools/lottie-react-native/forks",
    "keys_url": "https://api.github.com/repos/perfectfools/lottie-react-native/keys{/key_id}",
    "collaborators_url": "https://api.github.com/repos/perfectfools/lottie-react-native/collaborators{/collaborator}",
    "teams_url": "https://api.github.com/repos/perfectfools/lottie-react-native/teams",
    "hooks_url": "https://api.github.com/repos/perfectfools/lottie-react-native/hooks",
    "issue_events_url": "https://api.github.com/repos/perfectfools/lottie-react-native/issues/events{/number}",
    "events_url": "https://api.github.com/repos/perfectfools/lottie-react-native/events",
    "assignees_url": "https://api.github.com/repos/perfectfools/lottie-react-native/assignees{/user}",
    "branches_url": "https://api.github.com/repos/perfectfools/lottie-react-native/branches{/branch}",
    "tags_url": "https://api.github.com/repos/perfectfools/lottie-react-native/tags",
    "blobs_url": "https://api.github.com/repos/perfectfools/lottie-react-native/git/blobs{/sha}",
    "git_tags_url": "https://api.github.com/repos/perfectfools/lottie-react-native/git/tags{/sha}",
    "git_refs_url": "https://api.github.com/repos/perfectfools/lottie-react-native/git/refs{/sha}",
    "trees_url": "https://api.github.com/repos/perfectfools/lottie-react-native/git/trees{/sha}",
    "statuses_url": "https://api.github.com/repos/perfectfools/lottie-react-native/statuses/{sha}",
    "languages_url": "https://api.github.com/repos/perfectfools/lottie-react-native/languages",
    "stargazers_url": "https://api.github.com/repos/perfectfools/lottie-react-native/stargazers",
    "contributors_url": "https://api.github.com/repos/perfectfools/lottie-react-native/contributors",
    "subscribers_url": "https://api.github.com/repos/perfectfools/lottie-react-native/subscribers",
    "subscription_url": "https://api.github.com/repos/perfectfools/lottie-react-native/subscription",
    "commits_url": "https://api.github.com/repos/perfectfools/lottie-react-native/commits{/sha}",
    "git_commits_url": "https://api.github.com/repos/perfectfools/lottie-react-native/git/commits{/sha}",
    "comments_url": "https://api.github.com/repos/perfectfools/lottie-react-native/comments{/number}",
    "issue_comment_url": "https://api.github.com/repos/perfectfools/lottie-react-native/issues/comments{/number}",
    "contents_url": "https://api.github.com/repos/perfectfools/lottie-react-native/contents/{+path}",
    "compare_url": "https://api.github.com/repos/perfectfools/lottie-react-native/compare/{base}...{head}",
    "merges_url": "https://api.github.com/repos/perfectfools/lottie-react-native/merges",
    "archive_url": "https://api.github.com/repos/perfectfools/lottie-react-native/{archive_format}{/ref}",
    "downloads_url": "https://api.github.com/repos/perfectfools/lottie-react-native/downloads",
    "issues_url": "https://api.github.com/repos/perfectfools/lottie-react-native/issues{/number}",
    "pulls_url": "https://api.github.com/repos/perfectfools/lottie-react-native/pulls{/number}",
    "milestones_url": "https://api.github.com/repos/perfectfools/lottie-react-native/milestones{/number}",
    "notifications_url": "https://api.github.com/repos/perfectfools/lottie-react-native/notifications{?since,all,participating}",
    "labels_url": "https://api.github.com/repos/perfectfools/lottie-react-native/labels{/name}",
    "releases_url": "https://api.github.com/repos/perfectfools/lottie-react-native/releases{/id}",
    "deployments_url": "https://api.github.com/repos/perfectfools/lottie-react-native/deployments",
    "created_at": "2018-10-22T09:35:23Z",
    "updated_at": "2020-10-15T22:53:38Z",
    "pushed_at": "2019-08-27T09:06:38Z",
    "git_url": "git://github.com/perfectfools/lottie-react-native.git",
    "ssh_url": "git@github.com:perfectfools/lottie-react-native.git",
    "clone_url": "https://github.com/perfectfools/lottie-react-native.git",
    "svn_url": "https://github.com/perfectfools/lottie-react-native",
    "homepage": null,
    "size": 49977,
    "stargazers_count": 0,
    "watchers_count": 0,
    "language": "Java",
    "has_issues": false,
    "has_projects": true,
    "has_downloads": true,
    "has_wiki": false,
    "has_pages": false,
    "has_discussions": false,
    "forks_count": 0,
    "mirror_url": null,
    "archived": false,
    "disabled": false,
    "open_issues_count": 0,
    "license": null,
    "allow_forking": true,
    "is_template": false,
    "web_commit_signoff_required": false,
    "topics": [],
    "visibility": "public",
    "forks": 0,
    "open_issues": 0,
    "watchers": 0,
    "default_branch": "master",
    "permissions": {
        "admin": false,
        "maintain": false,
        "push": false,
        "triage": false,
        "pull": true
    },
    "temp_clone_token": "",
    "custom_properties": {},
    "organization": {
        "login": "perfectfools",
        "id": 31210213,
        "node_id": "MDEyOk9yZ2FuaXphdGlvbjMxMjEwMjEz",
        "avatar_url": "https://avatars.githubusercontent.com/u/31210213?v=4",
        "gravatar_id": "",
        "url": "https://api.github.com/users/perfectfools",
        "html_url": "https://github.com/perfectfools",
        "followers_url": "https://api.github.com/users/perfectfools/followers",
        "following_url": "https://api.github.com/users/perfectfools/following{/other_user}",
        "gists_url": "https://api.github.com/users/perfectfools/gists{/gist_id}",
        "starred_url": "https://api.github.com/users/perfectfools/starred{/owner}{/repo}",
        "subscriptions_url": "https://api.github.com/users/perfectfools/subscriptions",
        "organizations_url": "https://api.github.com/users/perfectfools/orgs",
        "repos_url": "https://api.github.com/users/perfectfools/repos",
        "events_url": "https://api.github.com/users/perfectfools/events{/privacy}",
        "received_events_url": "https://api.github.com/users/perfectfools/received_events",
        "type": "Organization",
        "site_admin": false
    },
    "parent": {
        "id": 80233816,
        "node_id": "MDEwOlJlcG9zaXRvcnk4MDIzMzgxNg==",
        "name": "lottie-react-native",
        "full_name": "lottie-react-native/lottie-react-native",
        "private": false,
        "owner": {
            "login": "lottie-react-native",
            "id": 71153457,
            "node_id": "MDEyOk9yZ2FuaXphdGlvbjcxMTUzNDU3",
            "avatar_url": "https://avatars.githubusercontent.com/u/71153457?v=4",
            "gravatar_id": "",
            "url": "https://api.github.com/users/lottie-react-native",
            "html_url": "https://github.com/lottie-react-native",
            "followers_url": "https://api.github.com/users/lottie-react-native/followers",
            "following_url": "https://api.github.com/users/lottie-react-native/following{/other_user}",
            "gists_url": "https://api.github.com/users/lottie-react-native/gists{/gist_id}",
            "starred_url": "https://api.github.com/users/lottie-react-native/starred{/owner}{/repo}",
            "subscriptions_url": "https://api.github.com/users/lottie-react-native/subscriptions",
            "organizations_url": "https://api.github.com/users/lottie-react-native/orgs",
            "repos_url": "https://api.github.com/users/lottie-react-native/repos",
            "events_url": "https://api.github.com/users/lottie-react-native/events{/privacy}",
            "received_events_url": "https://api.github.com/users/lottie-react-native/received_events",
            "type": "Organization",
            "site_admin": false
        },
        "html_url": "https://github.com/lottie-react-native/lottie-react-native",
        "description": "Lottie wrapper for React Native.",
        "fork": false,
        "url": "https://api.github.com/repos/lottie-react-native/lottie-react-native",
        "forks_url": "https://api.github.com/repos/lottie-react-native/lottie-react-native/forks",
        "keys_url": "https://api.github.com/repos/lottie-react-native/lottie-react-native/keys{/key_id}",
        "collaborators_url": "https://api.github.com/repos/lottie-react-native/lottie-react-native/collaborators{/collaborator}",
        "teams_url": "https://api.github.com/repos/lottie-react-native/lottie-react-native/teams",
        "hooks_url": "https://api.github.com/repos/lottie-react-native/lottie-react-native/hooks",
        "issue_events_url": "https://api.github.com/repos/lottie-react-native/lottie-react-native/issues/events{/number}",
        "events_url": "https://api.github.com/repos/lottie-react-native/lottie-react-native/events",
        "assignees_url": "https://api.github.com/repos/lottie-react-native/lottie-react-native/assignees{/user}",
        "branches_url": "https://api.github.com/repos/lottie-react-native/lottie-react-native/branches{/branch}",
        "tags_url": "https://api.github.com/repos/lottie-react-native/lottie-react-native/tags",
        "blobs_url": "https://api.github.com/repos/lottie-react-native/lottie-react-native/git/blobs{/sha}",
        "git_tags_url": "https://api.github.com/repos/lottie-react-native/lottie-react-native/git/tags{/sha}",
        "git_refs_url": "https://api.github.com/repos/lottie-react-native/lottie-react-native/git/refs{/sha}",
        "trees_url": "https://api.github.com/repos/lottie-react-native/lottie-react-native/git/trees{/sha}",
        "statuses_url": "https://api.github.com/repos/lottie-react-native/lottie-react-native/statuses/{sha}",
        "languages_url": "https://api.github.com/repos/lottie-react-native/lottie-react-native/languages",
        "stargazers_url": "https://api.github.com/repos/lottie-react-native/lottie-react-native/stargazers",
        "contributors_url": "https://api.github.com/repos/lottie-react-native/lottie-react-native/contributors",
        "subscribers_url": "https://api.github.com/repos/lottie-react-native/lottie-react-native/subscribers",
        "subscription_url": "https://api.github.com/repos/lottie-react-native/lottie-react-native/subscription",
        "commits_url": "https://api.github.com/repos/lottie-react-native/lottie-react-native/commits{/sha}",
        "git_commits_url": "https://api.github.com/repos/lottie-react-native/lottie-react-native/git/commits{/sha}",
        "comments_url": "https://api.github.com/repos/lottie-react-native/lottie-react-native/comments{/number}",
        "issue_comment_url": "https://api.github.com/repos/lottie-react-native/lottie-react-native/issues/comments{/number}",
        "contents_url": "https://api.github.com/repos/lottie-react-native/lottie-react-native/contents/{+path}",
        "compare_url": "https://api.github.com/repos/lottie-react-native/lottie-react-native/compare/{base}...{head}",
        "merges_url": "https://api.github.com/repos/lottie-react-native/lottie-react-native/merges",
        "archive_url": "https://api.github.com/repos/lottie-react-native/lottie-react-native/{archive_format}{/ref}",
        "downloads_url": "https://api.github.com/repos/lottie-react-native/lottie-react-native/downloads",
        "issues_url": "https://api.github.com/repos/lottie-react-native/lottie-react-native/issues{/number}",
        "pulls_url": "https://api.github.com/repos/lottie-react-native/lottie-react-native/pulls{/number}",
        "milestones_url": "https://api.github.com/repos/lottie-react-native/lottie-react-native/milestones{/number}",
        "notifications_url": "https://api.github.com/repos/lottie-react-native/lottie-react-native/notifications{?since,all,participating}",
        "labels_url": "https://api.github.com/repos/lottie-react-native/lottie-react-native/labels{/name}",
        "releases_url": "https://api.github.com/repos/lottie-react-native/lottie-react-native/releases{/id}",
        "deployments_url": "https://api.github.com/repos/lottie-react-native/lottie-react-native/deployments",
        "created_at": "2017-01-27T18:24:50Z",
        "updated_at": "2024-04-29T08:19:30Z",
        "pushed_at": "2024-04-22T18:08:04Z",
        "git_url": "git://github.com/lottie-react-native/lottie-react-native.git",
        "ssh_url": "git@github.com:lottie-react-native/lottie-react-native.git",
        "clone_url": "https://github.com/lottie-react-native/lottie-react-native.git",
        "svn_url": "https://github.com/lottie-react-native/lottie-react-native",
        "homepage": "https://airbnb.io/lottie/#/react-native",
        "size": 416382,
        "stargazers_count": 16497,
        "watchers_count": 16497,
        "language": "Kotlin",
        "has_issues": true,
        "has_projects": false,
        "has_downloads": true,
        "has_wiki": false,
        "has_pages": false,
        "has_discussions": true,
        "forks_count": 1758,
        "mirror_url": null,
        "archived": false,
        "disabled": false,
        "open_issues_count": 28,
        "license": {
            "key": "apache-2.0",
            "name": "Apache License 2.0",
            "spdx_id": "Apache-2.0",
            "url": "https://api.github.com/licenses/apache-2.0",
            "node_id": "MDc6TGljZW5zZTI="
        },
        "allow_forking": true,
        "is_template": false,
        "web_commit_signoff_required": false,
        "topics": [
            "after-effects",
            "animations",
            "bodymovin",
            "react",
            "react-native"
        ],
        "visibility": "public",
        "forks": 1758,
        "open_issues": 28,
        "watchers": 16497,
        "default_branch": "master"
    },
    "source": {
        "id": 80233816,
        "node_id": "MDEwOlJlcG9zaXRvcnk4MDIzMzgxNg==",
        "name": "lottie-react-native",
        "full_name": "lottie-react-native/lottie-react-native",
        "private": false,
        "owner": {
            "login": "lottie-react-native",
            "id": 71153457,
            "node_id": "MDEyOk9yZ2FuaXphdGlvbjcxMTUzNDU3",
            "avatar_url": "https://avatars.githubusercontent.com/u/71153457?v=4",
            "gravatar_id": "",
            "url": "https://api.github.com/users/lottie-react-native",
            "html_url": "https://github.com/lottie-react-native",
            "followers_url": "https://api.github.com/users/lottie-react-native/followers",
            "following_url": "https://api.github.com/users/lottie-react-native/following{/other_user}",
            "gists_url": "https://api.github.com/users/lottie-react-native/gists{/gist_id}",
            "starred_url": "https://api.github.com/users/lottie-react-native/starred{/owner}{/repo}",
            "subscriptions_url": "https://api.github.com/users/lottie-react-native/subscriptions",
            "organizations_url": "https://api.github.com/users/lottie-react-native/orgs",
            "repos_url": "https://api.github.com/users/lottie-react-native/repos",
            "events_url": "https://api.github.com/users/lottie-react-native/events{/privacy}",
            "received_events_url": "https://api.github.com/users/lottie-react-native/received_events",
            "type": "Organization",
            "site_admin": false
        },
        "html_url": "https://github.com/lottie-react-native/lottie-react-native",
        "description": "Lottie wrapper for React Native.",
        "fork": false,
        "url": "https://api.github.com/repos/lottie-react-native/lottie-react-native",
        "forks_url": "https://api.github.com/repos/lottie-react-native/lottie-react-native/forks",
        "keys_url": "https://api.github.com/repos/lottie-react-native/lottie-react-native/keys{/key_id}",
        "collaborators_url": "https://api.github.com/repos/lottie-react-native/lottie-react-native/collaborators{/collaborator}",
        "teams_url": "https://api.github.com/repos/lottie-react-native/lottie-react-native/teams",
        "hooks_url": "https://api.github.com/repos/lottie-react-native/lottie-react-native/hooks",
        "issue_events_url": "https://api.github.com/repos/lottie-react-native/lottie-react-native/issues/events{/number}",
        "events_url": "https://api.github.com/repos/lottie-react-native/lottie-react-native/events",
        "assignees_url": "https://api.github.com/repos/lottie-react-native/lottie-react-native/assignees{/user}",
        "branches_url": "https://api.github.com/repos/lottie-react-native/lottie-react-native/branches{/branch}",
        "tags_url": "https://api.github.com/repos/lottie-react-native/lottie-react-native/tags",
        "blobs_url": "https://api.github.com/repos/lottie-react-native/lottie-react-native/git/blobs{/sha}",
        "git_tags_url": "https://api.github.com/repos/lottie-react-native/lottie-react-native/git/tags{/sha}",
        "git_refs_url": "https://api.github.com/repos/lottie-react-native/lottie-react-native/git/refs{/sha}",
        "trees_url": "https://api.github.com/repos/lottie-react-native/lottie-react-native/git/trees{/sha}",
        "statuses_url": "https://api.github.com/repos/lottie-react-native/lottie-react-native/statuses/{sha}",
        "languages_url": "https://api.github.com/repos/lottie-react-native/lottie-react-native/languages",
        "stargazers_url": "https://api.github.com/repos/lottie-react-native/lottie-react-native/stargazers",
        "contributors_url": "https://api.github.com/repos/lottie-react-native/lottie-react-native/contributors",
        "subscribers_url": "https://api.github.com/repos/lottie-react-native/lottie-react-native/subscribers",
        "subscription_url": "https://api.github.com/repos/lottie-react-native/lottie-react-native/subscription",
        "commits_url": "https://api.github.com/repos/lottie-react-native/lottie-react-native/commits{/sha}",
        "git_commits_url": "https://api.github.com/repos/lottie-react-native/lottie-react-native/git/commits{/sha}",
        "comments_url": "https://api.github.com/repos/lottie-react-native/lottie-react-native/comments{/number}",
        "issue_comment_url": "https://api.github.com/repos/lottie-react-native/lottie-react-native/issues/comments{/number}",
        "contents_url": "https://api.github.com/repos/lottie-react-native/lottie-react-native/contents/{+path}",
        "compare_url": "https://api.github.com/repos/lottie-react-native/lottie-react-native/compare/{base}...{head}",
        "merges_url": "https://api.github.com/repos/lottie-react-native/lottie-react-native/merges",
        "archive_url": "https://api.github.com/repos/lottie-react-native/lottie-react-native/{archive_format}{/ref}",
        "downloads_url": "https://api.github.com/repos/lottie-react-native/lottie-react-native/downloads",
        "issues_url": "https://api.github.com/repos/lottie-react-native/lottie-react-native/issues{/number}",
        "pulls_url": "https://api.github.com/repos/lottie-react-native/lottie-react-native/pulls{/number}",
        "milestones_url": "https://api.github.com/repos/lottie-react-native/lottie-react-native/milestones{/number}",
        "notifications_url": "https://api.github.com/repos/lottie-react-native/lottie-react-native/notifications{?since,all,participating}",
        "labels_url": "https://api.github.com/repos/lottie-react-native/lottie-react-native/labels{/name}",
        "releases_url": "https://api.github.com/repos/lottie-react-native/lottie-react-native/releases{/id}",
        "deployments_url": "https://api.github.com/repos/lottie-react-native/lottie-react-native/deployments",
        "created_at": "2017-01-27T18:24:50Z",
        "updated_at": "2024-04-29T08:19:30Z",
        "pushed_at": "2024-04-22T18:08:04Z",
        "git_url": "git://github.com/lottie-react-native/lottie-react-native.git",
        "ssh_url": "git@github.com:lottie-react-native/lottie-react-native.git",
        "clone_url": "https://github.com/lottie-react-native/lottie-react-native.git",
        "svn_url": "https://github.com/lottie-react-native/lottie-react-native",
        "homepage": "https://airbnb.io/lottie/#/react-native",
        "size": 416382,
        "stargazers_count": 16497,
        "watchers_count": 16497,
        "language": "Kotlin",
        "has_issues": true,
        "has_projects": false,
        "has_downloads": true,
        "has_wiki": false,
        "has_pages": false,
        "has_discussions": true,
        "forks_count": 1758,
        "mirror_url": null,
        "archived": false,
        "disabled": false,
        "open_issues_count": 28,
        "license": {
            "key": "apache-2.0",
            "name": "Apache License 2.0",
            "spdx_id": "Apache-2.0",
            "url": "https://api.github.com/licenses/apache-2.0",
            "node_id": "MDc6TGljZW5zZTI="
        },
        "allow_forking": true,
        "is_template": false,
        "web_commit_signoff_required": false,
        "topics": [
            "after-effects",
            "animations",
            "bodymovin",
            "react",
            "react-native"
        ],
        "visibility": "public",
        "forks": 1758,
        "open_issues": 28,
        "watchers": 16497,
        "default_branch": "master"
    },
    "network_count": 1758,
    "subscribers_count": 2
}