{
    "id": 232376401,
    "node_id": "MDEwOlJlcG9zaXRvcnkyMzIzNzY0MDE=",
    "name": "isis",
    "full_name": "ahus1/isis",
    "private": false,
    "owner": {
        "login": "ahus1",
        "id": 3957921,
        "node_id": "MDQ6VXNlcjM5NTc5MjE=",
        "avatar_url": "https://avatars.githubusercontent.com/u/3957921?v=4",
        "gravatar_id": "",
        "url": "https://api.github.com/users/ahus1",
        "html_url": "https://github.com/ahus1",
        "followers_url": "https://api.github.com/users/ahus1/followers",
        "following_url": "https://api.github.com/users/ahus1/following{/other_user}",
        "gists_url": "https://api.github.com/users/ahus1/gists{/gist_id}",
        "starred_url": "https://api.github.com/users/ahus1/starred{/owner}{/repo}",
        "subscriptions_url": "https://api.github.com/users/ahus1/subscriptions",
        "organizations_url": "https://api.github.com/users/ahus1/orgs",
        "repos_url": "https://api.github.com/users/ahus1/repos",
        "events_url": "https://api.github.com/users/ahus1/events{/privacy}",
        "received_events_url": "https://api.github.com/users/ahus1/received_events",
        "type": "User",
        "site_admin": false
    },
    "html_url": "https://github.com/ahus1/isis",
    "description": "Apache Isis\u2122 software is a framework for rapidly developing domain-driven apps in Java. Write your business logic in entities, domain services or view models, and the framework dynamically generates a representation of that domain model as a webapp or as a RESTful API. For prototyping or production. ",
    "fork": true,
    "url": "https://api.github.com/repos/ahus1/isis",
    "forks_url": "https://api.github.com/repos/ahus1/isis/forks",
    "keys_url": "https://api.github.com/repos/ahus1/isis/keys{/key_id}",
    "collaborators_url": "https://api.github.com/repos/ahus1/isis/collaborators{/collaborator}",
    "teams_url": "https://api.github.com/repos/ahus1/isis/teams",
    "hooks_url": "https://api.github.com/repos/ahus1/isis/hooks",
    "issue_events_url": "https://api.github.com/repos/ahus1/isis/issues/events{/number}",
    "events_url": "https://api.github.com/repos/ahus1/isis/events",
    "assignees_url": "https://api.github.com/repos/ahus1/isis/assignees{/user}",
    "branches_url": "https://api.github.com/repos/ahus1/isis/branches{/branch}",
    "tags_url": "https://api.github.com/repos/ahus1/isis/tags",
    "blobs_url": "https://api.github.com/repos/ahus1/isis/git/blobs{/sha}",
    "git_tags_url": "https://api.github.com/repos/ahus1/isis/git/tags{/sha}",
    "git_refs_url": "https://api.github.com/repos/ahus1/isis/git/refs{/sha}",
    "trees_url": "https://api.github.com/repos/ahus1/isis/git/trees{/sha}",
    "statuses_url": "https://api.github.com/repos/ahus1/isis/statuses/{sha}",
    "languages_url": "https://api.github.com/repos/ahus1/isis/languages",
    "stargazers_url": "https://api.github.com/repos/ahus1/isis/stargazers",
    "contributors_url": "https://api.github.com/repos/ahus1/isis/contributors",
    "subscribers_url": "https://api.github.com/repos/ahus1/isis/subscribers",
    "subscription_url": "https://api.github.com/repos/ahus1/isis/subscription",
    "commits_url": "https://api.github.com/repos/ahus1/isis/commits{/sha}",
    "git_commits_url": "https://api.github.com/repos/ahus1/isis/git/commits{/sha}",
    "comments_url": "https://api.github.com/repos/ahus1/isis/comments{/number}",
    "issue_comment_url": "https://api.github.com/repos/ahus1/isis/issues/comments{/number}",
    "contents_url": "https://api.github.com/repos/ahus1/isis/contents/{+path}",
    "compare_url": "https://api.github.com/repos/ahus1/isis/compare/{base}...{head}",
    "merges_url": "https://api.github.com/repos/ahus1/isis/merges",
    "archive_url": "https://api.github.com/repos/ahus1/isis/{archive_format}{/ref}",
    "downloads_url": "https://api.github.com/repos/ahus1/isis/downloads",
    "issues_url": "https://api.github.com/repos/ahus1/isis/issues{/number}",
    "pulls_url": "https://api.github.com/repos/ahus1/isis/pulls{/number}",
    "milestones_url": "https://api.github.com/repos/ahus1/isis/milestones{/number}",
    "notifications_url": "https://api.github.com/repos/ahus1/isis/notifications{?since,all,participating}",
    "labels_url": "https://api.github.com/repos/ahus1/isis/labels{/name}",
    "releases_url": "https://api.github.com/repos/ahus1/isis/releases{/id}",
    "deployments_url": "https://api.github.com/repos/ahus1/isis/deployments",
    "created_at": "2020-01-07T17:16:21Z",
    "updated_at": "2020-01-07T17:16:23Z",
    "pushed_at": "2020-10-25T20:04:19Z",
    "git_url": "git://github.com/ahus1/isis.git",
    "ssh_url": "git@github.com:ahus1/isis.git",
    "clone_url": "https://github.com/ahus1/isis.git",
    "svn_url": "https://github.com/ahus1/isis",
    "homepage": "http://isis.apache.org",
    "size": 260733,
    "stargazers_count": 0,
    "watchers_count": 0,
    "language": null,
    "has_issues": false,
    "has_projects": true,
    "has_downloads": true,
    "has_wiki": false,
    "has_pages": false,
    "has_discussions": false,
    "forks_count": 0,
    "mirror_url": null,
    "archived": false,
    "disabled": false,
    "open_issues_count": 0,
    "license": {
        "key": "apache-2.0",
        "name": "Apache License 2.0",
        "spdx_id": "Apache-2.0",
        "url": "https://api.github.com/licenses/apache-2.0",
        "node_id": "MDc6TGljZW5zZTI="
    },
    "allow_forking": true,
    "is_template": false,
    "web_commit_signoff_required": false,
    "topics": [],
    "visibility": "public",
    "forks": 0,
    "open_issues": 0,
    "watchers": 0,
    "default_branch": "master",
    "permissions": {
        "admin": false,
        "maintain": false,
        "push": false,
        "triage": false,
        "pull": true
    },
    "temp_clone_token": "",
    "parent": {
        "id": 6935442,
        "node_id": "MDEwOlJlcG9zaXRvcnk2OTM1NDQy",
        "name": "causeway",
        "full_name": "apache/causeway",
        "private": false,
        "owner": {
            "login": "apache",
            "id": 47359,
            "node_id": "MDEyOk9yZ2FuaXphdGlvbjQ3MzU5",
            "avatar_url": "https://avatars.githubusercontent.com/u/47359?v=4",
            "gravatar_id": "",
            "url": "https://api.github.com/users/apache",
            "html_url": "https://github.com/apache",
            "followers_url": "https://api.github.com/users/apache/followers",
            "following_url": "https://api.github.com/users/apache/following{/other_user}",
            "gists_url": "https://api.github.com/users/apache/gists{/gist_id}",
            "starred_url": "https://api.github.com/users/apache/starred{/owner}{/repo}",
            "subscriptions_url": "https://api.github.com/users/apache/subscriptions",
            "organizations_url": "https://api.github.com/users/apache/orgs",
            "repos_url": "https://api.github.com/users/apache/repos",
            "events_url": "https://api.github.com/users/apache/events{/privacy}",
            "received_events_url": "https://api.github.com/users/apache/received_events",
            "type": "Organization",
            "site_admin": false
        },
        "html_url": "https://github.com/apache/causeway",
        "description": "Use Apache Causeway\u2122 to rapidly develop domain-driven apps or modular monoliths in Java, on top of the Spring Boot platform. Write your business logic in entities, domain services or view models, and the framework dynamically generates a representation of that domain model as a webapp, GraphQL or RESTful API. For prototyping or production.",
        "fork": false,
        "url": "https://api.github.com/repos/apache/causeway",
        "forks_url": "https://api.github.com/repos/apache/causeway/forks",
        "keys_url": "https://api.github.com/repos/apache/causeway/keys{/key_id}",
        "collaborators_url": "https://api.github.com/repos/apache/causeway/collaborators{/collaborator}",
        "teams_url": "https://api.github.com/repos/apache/causeway/teams",
        "hooks_url": "https://api.github.com/repos/apache/causeway/hooks",
        "issue_events_url": "https://api.github.com/repos/apache/causeway/issues/events{/number}",
        "events_url": "https://api.github.com/repos/apache/causeway/events",
        "assignees_url": "https://api.github.com/repos/apache/causeway/assignees{/user}",
        "branches_url": "https://api.github.com/repos/apache/causeway/branches{/branch}",
        "tags_url": "https://api.github.com/repos/apache/causeway/tags",
        "blobs_url": "https://api.github.com/repos/apache/causeway/git/blobs{/sha}",
        "git_tags_url": "https://api.github.com/repos/apache/causeway/git/tags{/sha}",
        "git_refs_url": "https://api.github.com/repos/apache/causeway/git/refs{/sha}",
        "trees_url": "https://api.github.com/repos/apache/causeway/git/trees{/sha}",
        "statuses_url": "https://api.github.com/repos/apache/causeway/statuses/{sha}",
        "languages_url": "https://api.github.com/repos/apache/causeway/languages",
        "stargazers_url": "https://api.github.com/repos/apache/causeway/stargazers",
        "contributors_url": "https://api.github.com/repos/apache/causeway/contributors",
        "subscribers_url": "https://api.github.com/repos/apache/causeway/subscribers",
        "subscription_url": "https://api.github.com/repos/apache/causeway/subscription",
        "commits_url": "https://api.github.com/repos/apache/causeway/commits{/sha}",
        "git_commits_url": "https://api.github.com/repos/apache/causeway/git/commits{/sha}",
        "comments_url": "https://api.github.com/repos/apache/causeway/comments{/number}",
        "issue_comment_url": "https://api.github.com/repos/apache/causeway/issues/comments{/number}",
        "contents_url": "https://api.github.com/repos/apache/causeway/contents/{+path}",
        "compare_url": "https://api.github.com/repos/apache/causeway/compare/{base}...{head}",
        "merges_url": "https://api.github.com/repos/apache/causeway/merges",
        "archive_url": "https://api.github.com/repos/apache/causeway/{archive_format}{/ref}",
        "downloads_url": "https://api.github.com/repos/apache/causeway/downloads",
        "issues_url": "https://api.github.com/repos/apache/causeway/issues{/number}",
        "pulls_url": "https://api.github.com/repos/apache/causeway/pulls{/number}",
        "milestones_url": "https://api.github.com/repos/apache/causeway/milestones{/number}",
        "notifications_url": "https://api.github.com/repos/apache/causeway/notifications{?since,all,participating}",
        "labels_url": "https://api.github.com/repos/apache/causeway/labels{/name}",
        "releases_url": "https://api.github.com/repos/apache/causeway/releases{/id}",
        "deployments_url": "https://api.github.com/repos/apache/causeway/deployments",
        "created_at": "2012-11-30T08:00:24Z",
        "updated_at": "2024-04-29T08:52:57Z",
        "pushed_at": "2024-04-29T08:52:53Z",
        "git_url": "git://github.com/apache/causeway.git",
        "ssh_url": "git@github.com:apache/causeway.git",
        "clone_url": "https://github.com/apache/causeway.git",
        "svn_url": "https://github.com/apache/causeway",
        "homepage": "https://causeway.apache.org/",
        "size": 379301,
        "stargazers_count": 825,
        "watchers_count": 825,
        "language": "Java",
        "has_issues": false,
        "has_projects": true,
        "has_downloads": true,
        "has_wiki": false,
        "has_pages": false,
        "has_discussions": false,
        "forks_count": 297,
        "mirror_url": null,
        "archived": false,
        "disabled": false,
        "open_issues_count": 13,
        "license": {
            "key": "apache-2.0",
            "name": "Apache License 2.0",
            "spdx_id": "Apache-2.0",
            "url": "https://api.github.com/licenses/apache-2.0",
            "node_id": "MDc6TGljZW5zZTI="
        },
        "allow_forking": true,
        "is_template": false,
        "web_commit_signoff_required": false,
        "topics": [
            "ddd",
            "domain-driven-design",
            "java",
            "naked-objects",
            "rad",
            "rapid-application-development",
            "restful-objects",
            "spring-boot",
            "web-framework"
        ],
        "visibility": "public",
        "forks": 297,
        "open_issues": 13,
        "watchers": 825,
        "default_branch": "master"
    },
    "source": {
        "id": 6935442,
        "node_id": "MDEwOlJlcG9zaXRvcnk2OTM1NDQy",
        "name": "causeway",
        "full_name": "apache/causeway",
        "private": false,
        "owner": {
            "login": "apache",
            "id": 47359,
            "node_id": "MDEyOk9yZ2FuaXphdGlvbjQ3MzU5",
            "avatar_url": "https://avatars.githubusercontent.com/u/47359?v=4",
            "gravatar_id": "",
            "url": "https://api.github.com/users/apache",
            "html_url": "https://github.com/apache",
            "followers_url": "https://api.github.com/users/apache/followers",
            "following_url": "https://api.github.com/users/apache/following{/other_user}",
            "gists_url": "https://api.github.com/users/apache/gists{/gist_id}",
            "starred_url": "https://api.github.com/users/apache/starred{/owner}{/repo}",
            "subscriptions_url": "https://api.github.com/users/apache/subscriptions",
            "organizations_url": "https://api.github.com/users/apache/orgs",
            "repos_url": "https://api.github.com/users/apache/repos",
            "events_url": "https://api.github.com/users/apache/events{/privacy}",
            "received_events_url": "https://api.github.com/users/apache/received_events",
            "type": "Organization",
            "site_admin": false
        },
        "html_url": "https://github.com/apache/causeway",
        "description": "Use Apache Causeway\u2122 to rapidly develop domain-driven apps or modular monoliths in Java, on top of the Spring Boot platform. Write your business logic in entities, domain services or view models, and the framework dynamically generates a representation of that domain model as a webapp, GraphQL or RESTful API. For prototyping or production.",
        "fork": false,
        "url": "https://api.github.com/repos/apache/causeway",
        "forks_url": "https://api.github.com/repos/apache/causeway/forks",
        "keys_url": "https://api.github.com/repos/apache/causeway/keys{/key_id}",
        "collaborators_url": "https://api.github.com/repos/apache/causeway/collaborators{/collaborator}",
        "teams_url": "https://api.github.com/repos/apache/causeway/teams",
        "hooks_url": "https://api.github.com/repos/apache/causeway/hooks",
        "issue_events_url": "https://api.github.com/repos/apache/causeway/issues/events{/number}",
        "events_url": "https://api.github.com/repos/apache/causeway/events",
        "assignees_url": "https://api.github.com/repos/apache/causeway/assignees{/user}",
        "branches_url": "https://api.github.com/repos/apache/causeway/branches{/branch}",
        "tags_url": "https://api.github.com/repos/apache/causeway/tags",
        "blobs_url": "https://api.github.com/repos/apache/causeway/git/blobs{/sha}",
        "git_tags_url": "https://api.github.com/repos/apache/causeway/git/tags{/sha}",
        "git_refs_url": "https://api.github.com/repos/apache/causeway/git/refs{/sha}",
        "trees_url": "https://api.github.com/repos/apache/causeway/git/trees{/sha}",
        "statuses_url": "https://api.github.com/repos/apache/causeway/statuses/{sha}",
        "languages_url": "https://api.github.com/repos/apache/causeway/languages",
        "stargazers_url": "https://api.github.com/repos/apache/causeway/stargazers",
        "contributors_url": "https://api.github.com/repos/apache/causeway/contributors",
        "subscribers_url": "https://api.github.com/repos/apache/causeway/subscribers",
        "subscription_url": "https://api.github.com/repos/apache/causeway/subscription",
        "commits_url": "https://api.github.com/repos/apache/causeway/commits{/sha}",
        "git_commits_url": "https://api.github.com/repos/apache/causeway/git/commits{/sha}",
        "comments_url": "https://api.github.com/repos/apache/causeway/comments{/number}",
        "issue_comment_url": "https://api.github.com/repos/apache/causeway/issues/comments{/number}",
        "contents_url": "https://api.github.com/repos/apache/causeway/contents/{+path}",
        "compare_url": "https://api.github.com/repos/apache/causeway/compare/{base}...{head}",
        "merges_url": "https://api.github.com/repos/apache/causeway/merges",
        "archive_url": "https://api.github.com/repos/apache/causeway/{archive_format}{/ref}",
        "downloads_url": "https://api.github.com/repos/apache/causeway/downloads",
        "issues_url": "https://api.github.com/repos/apache/causeway/issues{/number}",
        "pulls_url": "https://api.github.com/repos/apache/causeway/pulls{/number}",
        "milestones_url": "https://api.github.com/repos/apache/causeway/milestones{/number}",
        "notifications_url": "https://api.github.com/repos/apache/causeway/notifications{?since,all,participating}",
        "labels_url": "https://api.github.com/repos/apache/causeway/labels{/name}",
        "releases_url": "https://api.github.com/repos/apache/causeway/releases{/id}",
        "deployments_url": "https://api.github.com/repos/apache/causeway/deployments",
        "created_at": "2012-11-30T08:00:24Z",
        "updated_at": "2024-04-29T08:52:57Z",
        "pushed_at": "2024-04-29T08:52:53Z",
        "git_url": "git://github.com/apache/causeway.git",
        "ssh_url": "git@github.com:apache/causeway.git",
        "clone_url": "https://github.com/apache/causeway.git",
        "svn_url": "https://github.com/apache/causeway",
        "homepage": "https://causeway.apache.org/",
        "size": 379301,
        "stargazers_count": 825,
        "watchers_count": 825,
        "language": "Java",
        "has_issues": false,
        "has_projects": true,
        "has_downloads": true,
        "has_wiki": false,
        "has_pages": false,
        "has_discussions": false,
        "forks_count": 297,
        "mirror_url": null,
        "archived": false,
        "disabled": false,
        "open_issues_count": 13,
        "license": {
            "key": "apache-2.0",
            "name": "Apache License 2.0",
            "spdx_id": "Apache-2.0",
            "url": "https://api.github.com/licenses/apache-2.0",
            "node_id": "MDc6TGljZW5zZTI="
        },
        "allow_forking": true,
        "is_template": false,
        "web_commit_signoff_required": false,
        "topics": [
            "ddd",
            "domain-driven-design",
            "java",
            "naked-objects",
            "rad",
            "rapid-application-development",
            "restful-objects",
            "spring-boot",
            "web-framework"
        ],
        "visibility": "public",
        "forks": 297,
        "open_issues": 13,
        "watchers": 825,
        "default_branch": "master"
    },
    "network_count": 297,
    "subscribers_count": 2
}