{
    "id": 297176975,
    "node_id": "MDEwOlJlcG9zaXRvcnkyOTcxNzY5NzU=",
    "name": "gemp-swccg-public",
    "full_name": "stbly/gemp-swccg-public",
    "private": false,
    "owner": {
        "login": "stbly",
        "id": 981700,
        "node_id": "MDQ6VXNlcjk4MTcwMA==",
        "avatar_url": "https://avatars.githubusercontent.com/u/981700?v=4",
        "gravatar_id": "",
        "url": "https://api.github.com/users/stbly",
        "html_url": "https://github.com/stbly",
        "followers_url": "https://api.github.com/users/stbly/followers",
        "following_url": "https://api.github.com/users/stbly/following{/other_user}",
        "gists_url": "https://api.github.com/users/stbly/gists{/gist_id}",
        "starred_url": "https://api.github.com/users/stbly/starred{/owner}{/repo}",
        "subscriptions_url": "https://api.github.com/users/stbly/subscriptions",
        "organizations_url": "https://api.github.com/users/stbly/orgs",
        "repos_url": "https://api.github.com/users/stbly/repos",
        "events_url": "https://api.github.com/users/stbly/events{/privacy}",
        "received_events_url": "https://api.github.com/users/stbly/received_events",
        "type": "User",
        "site_admin": false
    },
    "html_url": "https://github.com/stbly/gemp-swccg-public",
    "description": null,
    "fork": true,
    "url": "https://api.github.com/repos/stbly/gemp-swccg-public",
    "forks_url": "https://api.github.com/repos/stbly/gemp-swccg-public/forks",
    "keys_url": "https://api.github.com/repos/stbly/gemp-swccg-public/keys{/key_id}",
    "collaborators_url": "https://api.github.com/repos/stbly/gemp-swccg-public/collaborators{/collaborator}",
    "teams_url": "https://api.github.com/repos/stbly/gemp-swccg-public/teams",
    "hooks_url": "https://api.github.com/repos/stbly/gemp-swccg-public/hooks",
    "issue_events_url": "https://api.github.com/repos/stbly/gemp-swccg-public/issues/events{/number}",
    "events_url": "https://api.github.com/repos/stbly/gemp-swccg-public/events",
    "assignees_url": "https://api.github.com/repos/stbly/gemp-swccg-public/assignees{/user}",
    "branches_url": "https://api.github.com/repos/stbly/gemp-swccg-public/branches{/branch}",
    "tags_url": "https://api.github.com/repos/stbly/gemp-swccg-public/tags",
    "blobs_url": "https://api.github.com/repos/stbly/gemp-swccg-public/git/blobs{/sha}",
    "git_tags_url": "https://api.github.com/repos/stbly/gemp-swccg-public/git/tags{/sha}",
    "git_refs_url": "https://api.github.com/repos/stbly/gemp-swccg-public/git/refs{/sha}",
    "trees_url": "https://api.github.com/repos/stbly/gemp-swccg-public/git/trees{/sha}",
    "statuses_url": "https://api.github.com/repos/stbly/gemp-swccg-public/statuses/{sha}",
    "languages_url": "https://api.github.com/repos/stbly/gemp-swccg-public/languages",
    "stargazers_url": "https://api.github.com/repos/stbly/gemp-swccg-public/stargazers",
    "contributors_url": "https://api.github.com/repos/stbly/gemp-swccg-public/contributors",
    "subscribers_url": "https://api.github.com/repos/stbly/gemp-swccg-public/subscribers",
    "subscription_url": "https://api.github.com/repos/stbly/gemp-swccg-public/subscription",
    "commits_url": "https://api.github.com/repos/stbly/gemp-swccg-public/commits{/sha}",
    "git_commits_url": "https://api.github.com/repos/stbly/gemp-swccg-public/git/commits{/sha}",
    "comments_url": "https://api.github.com/repos/stbly/gemp-swccg-public/comments{/number}",
    "issue_comment_url": "https://api.github.com/repos/stbly/gemp-swccg-public/issues/comments{/number}",
    "contents_url": "https://api.github.com/repos/stbly/gemp-swccg-public/contents/{+path}",
    "compare_url": "https://api.github.com/repos/stbly/gemp-swccg-public/compare/{base}...{head}",
    "merges_url": "https://api.github.com/repos/stbly/gemp-swccg-public/merges",
    "archive_url": "https://api.github.com/repos/stbly/gemp-swccg-public/{archive_format}{/ref}",
    "downloads_url": "https://api.github.com/repos/stbly/gemp-swccg-public/downloads",
    "issues_url": "https://api.github.com/repos/stbly/gemp-swccg-public/issues{/number}",
    "pulls_url": "https://api.github.com/repos/stbly/gemp-swccg-public/pulls{/number}",
    "milestones_url": "https://api.github.com/repos/stbly/gemp-swccg-public/milestones{/number}",
    "notifications_url": "https://api.github.com/repos/stbly/gemp-swccg-public/notifications{?since,all,participating}",
    "labels_url": "https://api.github.com/repos/stbly/gemp-swccg-public/labels{/name}",
    "releases_url": "https://api.github.com/repos/stbly/gemp-swccg-public/releases{/id}",
    "deployments_url": "https://api.github.com/repos/stbly/gemp-swccg-public/deployments",
    "created_at": "2020-09-20T22:46:49Z",
    "updated_at": "2020-09-20T22:46:51Z",
    "pushed_at": "2022-02-07T19:48:23Z",
    "git_url": "git://github.com/stbly/gemp-swccg-public.git",
    "ssh_url": "git@github.com:stbly/gemp-swccg-public.git",
    "clone_url": "https://github.com/stbly/gemp-swccg-public.git",
    "svn_url": "https://github.com/stbly/gemp-swccg-public",
    "homepage": null,
    "size": 11542,
    "stargazers_count": 0,
    "watchers_count": 0,
    "language": null,
    "has_issues": false,
    "has_projects": true,
    "has_downloads": true,
    "has_wiki": true,
    "has_pages": false,
    "has_discussions": false,
    "forks_count": 0,
    "mirror_url": null,
    "archived": false,
    "disabled": false,
    "open_issues_count": 0,
    "license": {
        "key": "mit",
        "name": "MIT License",
        "spdx_id": "MIT",
        "url": "https://api.github.com/licenses/mit",
        "node_id": "MDc6TGljZW5zZTEz"
    },
    "allow_forking": true,
    "is_template": false,
    "web_commit_signoff_required": false,
    "topics": [],
    "visibility": "public",
    "forks": 0,
    "open_issues": 0,
    "watchers": 0,
    "default_branch": "master",
    "permissions": {
        "admin": false,
        "maintain": false,
        "push": false,
        "triage": false,
        "pull": true
    },
    "temp_clone_token": "",
    "parent": {
        "id": 290075142,
        "node_id": "MDEwOlJlcG9zaXRvcnkyOTAwNzUxNDI=",
        "name": "gemp-swccg-public",
        "full_name": "PlayersCommittee/gemp-swccg-public",
        "private": false,
        "owner": {
            "login": "PlayersCommittee",
            "id": 40776626,
            "node_id": "MDEyOk9yZ2FuaXphdGlvbjQwNzc2NjI2",
            "avatar_url": "https://avatars.githubusercontent.com/u/40776626?v=4",
            "gravatar_id": "",
            "url": "https://api.github.com/users/PlayersCommittee",
            "html_url": "https://github.com/PlayersCommittee",
            "followers_url": "https://api.github.com/users/PlayersCommittee/followers",
            "following_url": "https://api.github.com/users/PlayersCommittee/following{/other_user}",
            "gists_url": "https://api.github.com/users/PlayersCommittee/gists{/gist_id}",
            "starred_url": "https://api.github.com/users/PlayersCommittee/starred{/owner}{/repo}",
            "subscriptions_url": "https://api.github.com/users/PlayersCommittee/subscriptions",
            "organizations_url": "https://api.github.com/users/PlayersCommittee/orgs",
            "repos_url": "https://api.github.com/users/PlayersCommittee/repos",
            "events_url": "https://api.github.com/users/PlayersCommittee/events{/privacy}",
            "received_events_url": "https://api.github.com/users/PlayersCommittee/received_events",
            "type": "Organization",
            "site_admin": false
        },
        "html_url": "https://github.com/PlayersCommittee/gemp-swccg-public",
        "description": "Online Play system for SWCCG",
        "fork": false,
        "url": "https://api.github.com/repos/PlayersCommittee/gemp-swccg-public",
        "forks_url": "https://api.github.com/repos/PlayersCommittee/gemp-swccg-public/forks",
        "keys_url": "https://api.github.com/repos/PlayersCommittee/gemp-swccg-public/keys{/key_id}",
        "collaborators_url": "https://api.github.com/repos/PlayersCommittee/gemp-swccg-public/collaborators{/collaborator}",
        "teams_url": "https://api.github.com/repos/PlayersCommittee/gemp-swccg-public/teams",
        "hooks_url": "https://api.github.com/repos/PlayersCommittee/gemp-swccg-public/hooks",
        "issue_events_url": "https://api.github.com/repos/PlayersCommittee/gemp-swccg-public/issues/events{/number}",
        "events_url": "https://api.github.com/repos/PlayersCommittee/gemp-swccg-public/events",
        "assignees_url": "https://api.github.com/repos/PlayersCommittee/gemp-swccg-public/assignees{/user}",
        "branches_url": "https://api.github.com/repos/PlayersCommittee/gemp-swccg-public/branches{/branch}",
        "tags_url": "https://api.github.com/repos/PlayersCommittee/gemp-swccg-public/tags",
        "blobs_url": "https://api.github.com/repos/PlayersCommittee/gemp-swccg-public/git/blobs{/sha}",
        "git_tags_url": "https://api.github.com/repos/PlayersCommittee/gemp-swccg-public/git/tags{/sha}",
        "git_refs_url": "https://api.github.com/repos/PlayersCommittee/gemp-swccg-public/git/refs{/sha}",
        "trees_url": "https://api.github.com/repos/PlayersCommittee/gemp-swccg-public/git/trees{/sha}",
        "statuses_url": "https://api.github.com/repos/PlayersCommittee/gemp-swccg-public/statuses/{sha}",
        "languages_url": "https://api.github.com/repos/PlayersCommittee/gemp-swccg-public/languages",
        "stargazers_url": "https://api.github.com/repos/PlayersCommittee/gemp-swccg-public/stargazers",
        "contributors_url": "https://api.github.com/repos/PlayersCommittee/gemp-swccg-public/contributors",
        "subscribers_url": "https://api.github.com/repos/PlayersCommittee/gemp-swccg-public/subscribers",
        "subscription_url": "https://api.github.com/repos/PlayersCommittee/gemp-swccg-public/subscription",
        "commits_url": "https://api.github.com/repos/PlayersCommittee/gemp-swccg-public/commits{/sha}",
        "git_commits_url": "https://api.github.com/repos/PlayersCommittee/gemp-swccg-public/git/commits{/sha}",
        "comments_url": "https://api.github.com/repos/PlayersCommittee/gemp-swccg-public/comments{/number}",
        "issue_comment_url": "https://api.github.com/repos/PlayersCommittee/gemp-swccg-public/issues/comments{/number}",
        "contents_url": "https://api.github.com/repos/PlayersCommittee/gemp-swccg-public/contents/{+path}",
        "compare_url": "https://api.github.com/repos/PlayersCommittee/gemp-swccg-public/compare/{base}...{head}",
        "merges_url": "https://api.github.com/repos/PlayersCommittee/gemp-swccg-public/merges",
        "archive_url": "https://api.github.com/repos/PlayersCommittee/gemp-swccg-public/{archive_format}{/ref}",
        "downloads_url": "https://api.github.com/repos/PlayersCommittee/gemp-swccg-public/downloads",
        "issues_url": "https://api.github.com/repos/PlayersCommittee/gemp-swccg-public/issues{/number}",
        "pulls_url": "https://api.github.com/repos/PlayersCommittee/gemp-swccg-public/pulls{/number}",
        "milestones_url": "https://api.github.com/repos/PlayersCommittee/gemp-swccg-public/milestones{/number}",
        "notifications_url": "https://api.github.com/repos/PlayersCommittee/gemp-swccg-public/notifications{?since,all,participating}",
        "labels_url": "https://api.github.com/repos/PlayersCommittee/gemp-swccg-public/labels{/name}",
        "releases_url": "https://api.github.com/repos/PlayersCommittee/gemp-swccg-public/releases{/id}",
        "deployments_url": "https://api.github.com/repos/PlayersCommittee/gemp-swccg-public/deployments",
        "created_at": "2020-08-25T00:54:13Z",
        "updated_at": "2024-02-24T17:01:23Z",
        "pushed_at": "2024-04-17T19:56:27Z",
        "git_url": "git://github.com/PlayersCommittee/gemp-swccg-public.git",
        "ssh_url": "git@github.com:PlayersCommittee/gemp-swccg-public.git",
        "clone_url": "https://github.com/PlayersCommittee/gemp-swccg-public.git",
        "svn_url": "https://github.com/PlayersCommittee/gemp-swccg-public",
        "homepage": "https://gemp.starwarsccg.org/",
        "size": 97429,
        "stargazers_count": 27,
        "watchers_count": 27,
        "language": "Java",
        "has_issues": true,
        "has_projects": true,
        "has_downloads": true,
        "has_wiki": true,
        "has_pages": false,
        "has_discussions": false,
        "forks_count": 28,
        "mirror_url": null,
        "archived": false,
        "disabled": false,
        "open_issues_count": 228,
        "license": {
            "key": "mit",
            "name": "MIT License",
            "spdx_id": "MIT",
            "url": "https://api.github.com/licenses/mit",
            "node_id": "MDc6TGljZW5zZTEz"
        },
        "allow_forking": true,
        "is_template": false,
        "web_commit_signoff_required": false,
        "topics": [],
        "visibility": "public",
        "forks": 28,
        "open_issues": 228,
        "watchers": 27,
        "default_branch": "master"
    },
    "source": {
        "id": 290075142,
        "node_id": "MDEwOlJlcG9zaXRvcnkyOTAwNzUxNDI=",
        "name": "gemp-swccg-public",
        "full_name": "PlayersCommittee/gemp-swccg-public",
        "private": false,
        "owner": {
            "login": "PlayersCommittee",
            "id": 40776626,
            "node_id": "MDEyOk9yZ2FuaXphdGlvbjQwNzc2NjI2",
            "avatar_url": "https://avatars.githubusercontent.com/u/40776626?v=4",
            "gravatar_id": "",
            "url": "https://api.github.com/users/PlayersCommittee",
            "html_url": "https://github.com/PlayersCommittee",
            "followers_url": "https://api.github.com/users/PlayersCommittee/followers",
            "following_url": "https://api.github.com/users/PlayersCommittee/following{/other_user}",
            "gists_url": "https://api.github.com/users/PlayersCommittee/gists{/gist_id}",
            "starred_url": "https://api.github.com/users/PlayersCommittee/starred{/owner}{/repo}",
            "subscriptions_url": "https://api.github.com/users/PlayersCommittee/subscriptions",
            "organizations_url": "https://api.github.com/users/PlayersCommittee/orgs",
            "repos_url": "https://api.github.com/users/PlayersCommittee/repos",
            "events_url": "https://api.github.com/users/PlayersCommittee/events{/privacy}",
            "received_events_url": "https://api.github.com/users/PlayersCommittee/received_events",
            "type": "Organization",
            "site_admin": false
        },
        "html_url": "https://github.com/PlayersCommittee/gemp-swccg-public",
        "description": "Online Play system for SWCCG",
        "fork": false,
        "url": "https://api.github.com/repos/PlayersCommittee/gemp-swccg-public",
        "forks_url": "https://api.github.com/repos/PlayersCommittee/gemp-swccg-public/forks",
        "keys_url": "https://api.github.com/repos/PlayersCommittee/gemp-swccg-public/keys{/key_id}",
        "collaborators_url": "https://api.github.com/repos/PlayersCommittee/gemp-swccg-public/collaborators{/collaborator}",
        "teams_url": "https://api.github.com/repos/PlayersCommittee/gemp-swccg-public/teams",
        "hooks_url": "https://api.github.com/repos/PlayersCommittee/gemp-swccg-public/hooks",
        "issue_events_url": "https://api.github.com/repos/PlayersCommittee/gemp-swccg-public/issues/events{/number}",
        "events_url": "https://api.github.com/repos/PlayersCommittee/gemp-swccg-public/events",
        "assignees_url": "https://api.github.com/repos/PlayersCommittee/gemp-swccg-public/assignees{/user}",
        "branches_url": "https://api.github.com/repos/PlayersCommittee/gemp-swccg-public/branches{/branch}",
        "tags_url": "https://api.github.com/repos/PlayersCommittee/gemp-swccg-public/tags",
        "blobs_url": "https://api.github.com/repos/PlayersCommittee/gemp-swccg-public/git/blobs{/sha}",
        "git_tags_url": "https://api.github.com/repos/PlayersCommittee/gemp-swccg-public/git/tags{/sha}",
        "git_refs_url": "https://api.github.com/repos/PlayersCommittee/gemp-swccg-public/git/refs{/sha}",
        "trees_url": "https://api.github.com/repos/PlayersCommittee/gemp-swccg-public/git/trees{/sha}",
        "statuses_url": "https://api.github.com/repos/PlayersCommittee/gemp-swccg-public/statuses/{sha}",
        "languages_url": "https://api.github.com/repos/PlayersCommittee/gemp-swccg-public/languages",
        "stargazers_url": "https://api.github.com/repos/PlayersCommittee/gemp-swccg-public/stargazers",
        "contributors_url": "https://api.github.com/repos/PlayersCommittee/gemp-swccg-public/contributors",
        "subscribers_url": "https://api.github.com/repos/PlayersCommittee/gemp-swccg-public/subscribers",
        "subscription_url": "https://api.github.com/repos/PlayersCommittee/gemp-swccg-public/subscription",
        "commits_url": "https://api.github.com/repos/PlayersCommittee/gemp-swccg-public/commits{/sha}",
        "git_commits_url": "https://api.github.com/repos/PlayersCommittee/gemp-swccg-public/git/commits{/sha}",
        "comments_url": "https://api.github.com/repos/PlayersCommittee/gemp-swccg-public/comments{/number}",
        "issue_comment_url": "https://api.github.com/repos/PlayersCommittee/gemp-swccg-public/issues/comments{/number}",
        "contents_url": "https://api.github.com/repos/PlayersCommittee/gemp-swccg-public/contents/{+path}",
        "compare_url": "https://api.github.com/repos/PlayersCommittee/gemp-swccg-public/compare/{base}...{head}",
        "merges_url": "https://api.github.com/repos/PlayersCommittee/gemp-swccg-public/merges",
        "archive_url": "https://api.github.com/repos/PlayersCommittee/gemp-swccg-public/{archive_format}{/ref}",
        "downloads_url": "https://api.github.com/repos/PlayersCommittee/gemp-swccg-public/downloads",
        "issues_url": "https://api.github.com/repos/PlayersCommittee/gemp-swccg-public/issues{/number}",
        "pulls_url": "https://api.github.com/repos/PlayersCommittee/gemp-swccg-public/pulls{/number}",
        "milestones_url": "https://api.github.com/repos/PlayersCommittee/gemp-swccg-public/milestones{/number}",
        "notifications_url": "https://api.github.com/repos/PlayersCommittee/gemp-swccg-public/notifications{?since,all,participating}",
        "labels_url": "https://api.github.com/repos/PlayersCommittee/gemp-swccg-public/labels{/name}",
        "releases_url": "https://api.github.com/repos/PlayersCommittee/gemp-swccg-public/releases{/id}",
        "deployments_url": "https://api.github.com/repos/PlayersCommittee/gemp-swccg-public/deployments",
        "created_at": "2020-08-25T00:54:13Z",
        "updated_at": "2024-02-24T17:01:23Z",
        "pushed_at": "2024-04-17T19:56:27Z",
        "git_url": "git://github.com/PlayersCommittee/gemp-swccg-public.git",
        "ssh_url": "git@github.com:PlayersCommittee/gemp-swccg-public.git",
        "clone_url": "https://github.com/PlayersCommittee/gemp-swccg-public.git",
        "svn_url": "https://github.com/PlayersCommittee/gemp-swccg-public",
        "homepage": "https://gemp.starwarsccg.org/",
        "size": 97429,
        "stargazers_count": 27,
        "watchers_count": 27,
        "language": "Java",
        "has_issues": true,
        "has_projects": true,
        "has_downloads": true,
        "has_wiki": true,
        "has_pages": false,
        "has_discussions": false,
        "forks_count": 28,
        "mirror_url": null,
        "archived": false,
        "disabled": false,
        "open_issues_count": 228,
        "license": {
            "key": "mit",
            "name": "MIT License",
            "spdx_id": "MIT",
            "url": "https://api.github.com/licenses/mit",
            "node_id": "MDc6TGljZW5zZTEz"
        },
        "allow_forking": true,
        "is_template": false,
        "web_commit_signoff_required": false,
        "topics": [],
        "visibility": "public",
        "forks": 28,
        "open_issues": 228,
        "watchers": 27,
        "default_branch": "master"
    },
    "network_count": 28,
    "subscribers_count": 0
}