{
    "id": 103760597,
    "node_id": "MDEwOlJlcG9zaXRvcnkxMDM3NjA1OTc=",
    "name": "BE",
    "full_name": "gael0806/BE",
    "private": false,
    "owner": {
        "login": "gael0806",
        "id": 29580034,
        "node_id": "MDQ6VXNlcjI5NTgwMDM0",
        "avatar_url": "https://avatars.githubusercontent.com/u/29580034?v=4",
        "gravatar_id": "",
        "url": "https://api.github.com/users/gael0806",
        "html_url": "https://github.com/gael0806",
        "followers_url": "https://api.github.com/users/gael0806/followers",
        "following_url": "https://api.github.com/users/gael0806/following{/other_user}",
        "gists_url": "https://api.github.com/users/gael0806/gists{/gist_id}",
        "starred_url": "https://api.github.com/users/gael0806/starred{/owner}{/repo}",
        "subscriptions_url": "https://api.github.com/users/gael0806/subscriptions",
        "organizations_url": "https://api.github.com/users/gael0806/orgs",
        "repos_url": "https://api.github.com/users/gael0806/repos",
        "events_url": "https://api.github.com/users/gael0806/events{/privacy}",
        "received_events_url": "https://api.github.com/users/gael0806/received_events",
        "type": "User",
        "site_admin": false
    },
    "html_url": "https://github.com/gael0806/BE",
    "description": null,
    "fork": false,
    "url": "https://api.github.com/repos/gael0806/BE",
    "forks_url": "https://api.github.com/repos/gael0806/BE/forks",
    "keys_url": "https://api.github.com/repos/gael0806/BE/keys{/key_id}",
    "collaborators_url": "https://api.github.com/repos/gael0806/BE/collaborators{/collaborator}",
    "teams_url": "https://api.github.com/repos/gael0806/BE/teams",
    "hooks_url": "https://api.github.com/repos/gael0806/BE/hooks",
    "issue_events_url": "https://api.github.com/repos/gael0806/BE/issues/events{/number}",
    "events_url": "https://api.github.com/repos/gael0806/BE/events",
    "assignees_url": "https://api.github.com/repos/gael0806/BE/assignees{/user}",
    "branches_url": "https://api.github.com/repos/gael0806/BE/branches{/branch}",
    "tags_url": "https://api.github.com/repos/gael0806/BE/tags",
    "blobs_url": "https://api.github.com/repos/gael0806/BE/git/blobs{/sha}",
    "git_tags_url": "https://api.github.com/repos/gael0806/BE/git/tags{/sha}",
    "git_refs_url": "https://api.github.com/repos/gael0806/BE/git/refs{/sha}",
    "trees_url": "https://api.github.com/repos/gael0806/BE/git/trees{/sha}",
    "statuses_url": "https://api.github.com/repos/gael0806/BE/statuses/{sha}",
    "languages_url": "https://api.github.com/repos/gael0806/BE/languages",
    "stargazers_url": "https://api.github.com/repos/gael0806/BE/stargazers",
    "contributors_url": "https://api.github.com/repos/gael0806/BE/contributors",
    "subscribers_url": "https://api.github.com/repos/gael0806/BE/subscribers",
    "subscription_url": "https://api.github.com/repos/gael0806/BE/subscription",
    "commits_url": "https://api.github.com/repos/gael0806/BE/commits{/sha}",
    "git_commits_url": "https://api.github.com/repos/gael0806/BE/git/commits{/sha}",
    "comments_url": "https://api.github.com/repos/gael0806/BE/comments{/number}",
    "issue_comment_url": "https://api.github.com/repos/gael0806/BE/issues/comments{/number}",
    "contents_url": "https://api.github.com/repos/gael0806/BE/contents/{+path}",
    "compare_url": "https://api.github.com/repos/gael0806/BE/compare/{base}...{head}",
    "merges_url": "https://api.github.com/repos/gael0806/BE/merges",
    "archive_url": "https://api.github.com/repos/gael0806/BE/{archive_format}{/ref}",
    "downloads_url": "https://api.github.com/repos/gael0806/BE/downloads",
    "issues_url": "https://api.github.com/repos/gael0806/BE/issues{/number}",
    "pulls_url": "https://api.github.com/repos/gael0806/BE/pulls{/number}",
    "milestones_url": "https://api.github.com/repos/gael0806/BE/milestones{/number}",
    "notifications_url": "https://api.github.com/repos/gael0806/BE/notifications{?since,all,participating}",
    "labels_url": "https://api.github.com/repos/gael0806/BE/labels{/name}",
    "releases_url": "https://api.github.com/repos/gael0806/BE/releases{/id}",
    "deployments_url": "https://api.github.com/repos/gael0806/BE/deployments",
    "created_at": "2017-09-16T15:00:13Z",
    "updated_at": "2017-09-16T15:22:54Z",
    "pushed_at": "2017-09-16T15:22:52Z",
    "git_url": "git://github.com/gael0806/BE.git",
    "ssh_url": "git@github.com:gael0806/BE.git",
    "clone_url": "https://github.com/gael0806/BE.git",
    "svn_url": "https://github.com/gael0806/BE",
    "homepage": null,
    "size": 4314,
    "stargazers_count": 0,
    "watchers_count": 0,
    "language": "JavaScript",
    "has_issues": true,
    "has_projects": true,
    "has_downloads": true,
    "has_wiki": true,
    "has_pages": false,
    "has_discussions": false,
    "forks_count": 0,
    "mirror_url": null,
    "archived": false,
    "disabled": false,
    "open_issues_count": 0,
    "license": {
        "key": "mit",
        "name": "MIT License",
        "spdx_id": "MIT",
        "url": "https://api.github.com/licenses/mit",
        "node_id": "MDc6TGljZW5zZTEz"
    },
    "allow_forking": true,
    "is_template": false,
    "web_commit_signoff_required": false,
    "topics": [],
    "visibility": "public",
    "forks": 0,
    "open_issues": 0,
    "watchers": 0,
    "default_branch": "master",
    "permissions": {
        "admin": false,
        "maintain": false,
        "push": false,
        "triage": false,
        "pull": true
    },
    "temp_clone_token": "",
    "network_count": 0,
    "subscribers_count": 0
}