{
    "id": 173999076,
    "node_id": "MDEwOlJlcG9zaXRvcnkxNzM5OTkwNzY=",
    "name": "job4j",
    "full_name": "kochanovalexey/job4j",
    "private": false,
    "owner": {
        "login": "kochanovalexey",
        "id": 27452523,
        "node_id": "MDQ6VXNlcjI3NDUyNTIz",
        "avatar_url": "https://avatars.githubusercontent.com/u/27452523?v=4",
        "gravatar_id": "",
        "url": "https://api.github.com/users/kochanovalexey",
        "html_url": "https://github.com/kochanovalexey",
        "followers_url": "https://api.github.com/users/kochanovalexey/followers",
        "following_url": "https://api.github.com/users/kochanovalexey/following{/other_user}",
        "gists_url": "https://api.github.com/users/kochanovalexey/gists{/gist_id}",
        "starred_url": "https://api.github.com/users/kochanovalexey/starred{/owner}{/repo}",
        "subscriptions_url": "https://api.github.com/users/kochanovalexey/subscriptions",
        "organizations_url": "https://api.github.com/users/kochanovalexey/orgs",
        "repos_url": "https://api.github.com/users/kochanovalexey/repos",
        "events_url": "https://api.github.com/users/kochanovalexey/events{/privacy}",
        "received_events_url": "https://api.github.com/users/kochanovalexey/received_events",
        "type": "User",
        "site_admin": false
    },
    "html_url": "https://github.com/kochanovalexey/job4j",
    "description": null,
    "fork": false,
    "url": "https://api.github.com/repos/kochanovalexey/job4j",
    "forks_url": "https://api.github.com/repos/kochanovalexey/job4j/forks",
    "keys_url": "https://api.github.com/repos/kochanovalexey/job4j/keys{/key_id}",
    "collaborators_url": "https://api.github.com/repos/kochanovalexey/job4j/collaborators{/collaborator}",
    "teams_url": "https://api.github.com/repos/kochanovalexey/job4j/teams",
    "hooks_url": "https://api.github.com/repos/kochanovalexey/job4j/hooks",
    "issue_events_url": "https://api.github.com/repos/kochanovalexey/job4j/issues/events{/number}",
    "events_url": "https://api.github.com/repos/kochanovalexey/job4j/events",
    "assignees_url": "https://api.github.com/repos/kochanovalexey/job4j/assignees{/user}",
    "branches_url": "https://api.github.com/repos/kochanovalexey/job4j/branches{/branch}",
    "tags_url": "https://api.github.com/repos/kochanovalexey/job4j/tags",
    "blobs_url": "https://api.github.com/repos/kochanovalexey/job4j/git/blobs{/sha}",
    "git_tags_url": "https://api.github.com/repos/kochanovalexey/job4j/git/tags{/sha}",
    "git_refs_url": "https://api.github.com/repos/kochanovalexey/job4j/git/refs{/sha}",
    "trees_url": "https://api.github.com/repos/kochanovalexey/job4j/git/trees{/sha}",
    "statuses_url": "https://api.github.com/repos/kochanovalexey/job4j/statuses/{sha}",
    "languages_url": "https://api.github.com/repos/kochanovalexey/job4j/languages",
    "stargazers_url": "https://api.github.com/repos/kochanovalexey/job4j/stargazers",
    "contributors_url": "https://api.github.com/repos/kochanovalexey/job4j/contributors",
    "subscribers_url": "https://api.github.com/repos/kochanovalexey/job4j/subscribers",
    "subscription_url": "https://api.github.com/repos/kochanovalexey/job4j/subscription",
    "commits_url": "https://api.github.com/repos/kochanovalexey/job4j/commits{/sha}",
    "git_commits_url": "https://api.github.com/repos/kochanovalexey/job4j/git/commits{/sha}",
    "comments_url": "https://api.github.com/repos/kochanovalexey/job4j/comments{/number}",
    "issue_comment_url": "https://api.github.com/repos/kochanovalexey/job4j/issues/comments{/number}",
    "contents_url": "https://api.github.com/repos/kochanovalexey/job4j/contents/{+path}",
    "compare_url": "https://api.github.com/repos/kochanovalexey/job4j/compare/{base}...{head}",
    "merges_url": "https://api.github.com/repos/kochanovalexey/job4j/merges",
    "archive_url": "https://api.github.com/repos/kochanovalexey/job4j/{archive_format}{/ref}",
    "downloads_url": "https://api.github.com/repos/kochanovalexey/job4j/downloads",
    "issues_url": "https://api.github.com/repos/kochanovalexey/job4j/issues{/number}",
    "pulls_url": "https://api.github.com/repos/kochanovalexey/job4j/pulls{/number}",
    "milestones_url": "https://api.github.com/repos/kochanovalexey/job4j/milestones{/number}",
    "notifications_url": "https://api.github.com/repos/kochanovalexey/job4j/notifications{?since,all,participating}",
    "labels_url": "https://api.github.com/repos/kochanovalexey/job4j/labels{/name}",
    "releases_url": "https://api.github.com/repos/kochanovalexey/job4j/releases{/id}",
    "deployments_url": "https://api.github.com/repos/kochanovalexey/job4j/deployments",
    "created_at": "2019-03-05T18:26:45Z",
    "updated_at": "2020-03-11T19:56:42Z",
    "pushed_at": "2021-03-31T21:56:36Z",
    "git_url": "git://github.com/kochanovalexey/job4j.git",
    "ssh_url": "git@github.com:kochanovalexey/job4j.git",
    "clone_url": "https://github.com/kochanovalexey/job4j.git",
    "svn_url": "https://github.com/kochanovalexey/job4j",
    "homepage": null,
    "size": 283,
    "stargazers_count": 0,
    "watchers_count": 0,
    "language": "Java",
    "has_issues": true,
    "has_projects": true,
    "has_downloads": true,
    "has_wiki": true,
    "has_pages": false,
    "has_discussions": false,
    "forks_count": 0,
    "mirror_url": null,
    "archived": false,
    "disabled": false,
    "open_issues_count": 2,
    "license": {
        "key": "apache-2.0",
        "name": "Apache License 2.0",
        "spdx_id": "Apache-2.0",
        "url": "https://api.github.com/licenses/apache-2.0",
        "node_id": "MDc6TGljZW5zZTI="
    },
    "allow_forking": true,
    "is_template": false,
    "web_commit_signoff_required": false,
    "topics": [],
    "visibility": "public",
    "forks": 0,
    "open_issues": 2,
    "watchers": 0,
    "default_branch": "master",
    "permissions": {
        "admin": false,
        "maintain": false,
        "push": false,
        "triage": false,
        "pull": true
    },
    "temp_clone_token": "",
    "network_count": 0,
    "subscribers_count": 0
}