{
    "id": 415476468,
    "node_id": "R_kgDOGMOq9A",
    "name": "info6205-assignment",
    "full_name": "Zaynwang/info6205-assignment",
    "private": false,
    "owner": {
        "login": "Zaynwang",
        "id": 30566437,
        "node_id": "MDQ6VXNlcjMwNTY2NDM3",
        "avatar_url": "https://avatars.githubusercontent.com/u/30566437?v=4",
        "gravatar_id": "",
        "url": "https://api.github.com/users/Zaynwang",
        "html_url": "https://github.com/Zaynwang",
        "followers_url": "https://api.github.com/users/Zaynwang/followers",
        "following_url": "https://api.github.com/users/Zaynwang/following{/other_user}",
        "gists_url": "https://api.github.com/users/Zaynwang/gists{/gist_id}",
        "starred_url": "https://api.github.com/users/Zaynwang/starred{/owner}{/repo}",
        "subscriptions_url": "https://api.github.com/users/Zaynwang/subscriptions",
        "organizations_url": "https://api.github.com/users/Zaynwang/orgs",
        "repos_url": "https://api.github.com/users/Zaynwang/repos",
        "events_url": "https://api.github.com/users/Zaynwang/events{/privacy}",
        "received_events_url": "https://api.github.com/users/Zaynwang/received_events",
        "type": "User",
        "site_admin": false
    },
    "html_url": "https://github.com/Zaynwang/info6205-assignment",
    "description": null,
    "fork": false,
    "url": "https://api.github.com/repos/Zaynwang/info6205-assignment",
    "forks_url": "https://api.github.com/repos/Zaynwang/info6205-assignment/forks",
    "keys_url": "https://api.github.com/repos/Zaynwang/info6205-assignment/keys{/key_id}",
    "collaborators_url": "https://api.github.com/repos/Zaynwang/info6205-assignment/collaborators{/collaborator}",
    "teams_url": "https://api.github.com/repos/Zaynwang/info6205-assignment/teams",
    "hooks_url": "https://api.github.com/repos/Zaynwang/info6205-assignment/hooks",
    "issue_events_url": "https://api.github.com/repos/Zaynwang/info6205-assignment/issues/events{/number}",
    "events_url": "https://api.github.com/repos/Zaynwang/info6205-assignment/events",
    "assignees_url": "https://api.github.com/repos/Zaynwang/info6205-assignment/assignees{/user}",
    "branches_url": "https://api.github.com/repos/Zaynwang/info6205-assignment/branches{/branch}",
    "tags_url": "https://api.github.com/repos/Zaynwang/info6205-assignment/tags",
    "blobs_url": "https://api.github.com/repos/Zaynwang/info6205-assignment/git/blobs{/sha}",
    "git_tags_url": "https://api.github.com/repos/Zaynwang/info6205-assignment/git/tags{/sha}",
    "git_refs_url": "https://api.github.com/repos/Zaynwang/info6205-assignment/git/refs{/sha}",
    "trees_url": "https://api.github.com/repos/Zaynwang/info6205-assignment/git/trees{/sha}",
    "statuses_url": "https://api.github.com/repos/Zaynwang/info6205-assignment/statuses/{sha}",
    "languages_url": "https://api.github.com/repos/Zaynwang/info6205-assignment/languages",
    "stargazers_url": "https://api.github.com/repos/Zaynwang/info6205-assignment/stargazers",
    "contributors_url": "https://api.github.com/repos/Zaynwang/info6205-assignment/contributors",
    "subscribers_url": "https://api.github.com/repos/Zaynwang/info6205-assignment/subscribers",
    "subscription_url": "https://api.github.com/repos/Zaynwang/info6205-assignment/subscription",
    "commits_url": "https://api.github.com/repos/Zaynwang/info6205-assignment/commits{/sha}",
    "git_commits_url": "https://api.github.com/repos/Zaynwang/info6205-assignment/git/commits{/sha}",
    "comments_url": "https://api.github.com/repos/Zaynwang/info6205-assignment/comments{/number}",
    "issue_comment_url": "https://api.github.com/repos/Zaynwang/info6205-assignment/issues/comments{/number}",
    "contents_url": "https://api.github.com/repos/Zaynwang/info6205-assignment/contents/{+path}",
    "compare_url": "https://api.github.com/repos/Zaynwang/info6205-assignment/compare/{base}...{head}",
    "merges_url": "https://api.github.com/repos/Zaynwang/info6205-assignment/merges",
    "archive_url": "https://api.github.com/repos/Zaynwang/info6205-assignment/{archive_format}{/ref}",
    "downloads_url": "https://api.github.com/repos/Zaynwang/info6205-assignment/downloads",
    "issues_url": "https://api.github.com/repos/Zaynwang/info6205-assignment/issues{/number}",
    "pulls_url": "https://api.github.com/repos/Zaynwang/info6205-assignment/pulls{/number}",
    "milestones_url": "https://api.github.com/repos/Zaynwang/info6205-assignment/milestones{/number}",
    "notifications_url": "https://api.github.com/repos/Zaynwang/info6205-assignment/notifications{?since,all,participating}",
    "labels_url": "https://api.github.com/repos/Zaynwang/info6205-assignment/labels{/name}",
    "releases_url": "https://api.github.com/repos/Zaynwang/info6205-assignment/releases{/id}",
    "deployments_url": "https://api.github.com/repos/Zaynwang/info6205-assignment/deployments",
    "created_at": "2021-10-10T03:29:53Z",
    "updated_at": "2021-11-10T06:14:31Z",
    "pushed_at": "2021-11-10T06:14:27Z",
    "git_url": "git://github.com/Zaynwang/info6205-assignment.git",
    "ssh_url": "git@github.com:Zaynwang/info6205-assignment.git",
    "clone_url": "https://github.com/Zaynwang/info6205-assignment.git",
    "svn_url": "https://github.com/Zaynwang/info6205-assignment",
    "homepage": null,
    "size": 15734,
    "stargazers_count": 0,
    "watchers_count": 0,
    "language": "Java",
    "has_issues": true,
    "has_projects": true,
    "has_downloads": true,
    "has_wiki": true,
    "has_pages": false,
    "has_discussions": false,
    "forks_count": 0,
    "mirror_url": null,
    "archived": false,
    "disabled": false,
    "open_issues_count": 0,
    "license": {
        "key": "apache-2.0",
        "name": "Apache License 2.0",
        "spdx_id": "Apache-2.0",
        "url": "https://api.github.com/licenses/apache-2.0",
        "node_id": "MDc6TGljZW5zZTI="
    },
    "allow_forking": true,
    "is_template": false,
    "web_commit_signoff_required": false,
    "topics": [],
    "visibility": "public",
    "forks": 0,
    "open_issues": 0,
    "watchers": 0,
    "default_branch": "master",
    "permissions": {
        "admin": false,
        "maintain": false,
        "push": false,
        "triage": false,
        "pull": true
    },
    "temp_clone_token": "",
    "network_count": 0,
    "subscribers_count": 2
}