{
    "id": 31951806,
    "node_id": "MDEwOlJlcG9zaXRvcnkzMTk1MTgwNg==",
    "name": "TCCI-Abstraction",
    "full_name": "Alexander-Schiendorfer/TCCI-Abstraction",
    "private": false,
    "owner": {
        "login": "Alexander-Schiendorfer",
        "id": 998075,
        "node_id": "MDQ6VXNlcjk5ODA3NQ==",
        "avatar_url": "https://avatars.githubusercontent.com/u/998075?v=4",
        "gravatar_id": "",
        "url": "https://api.github.com/users/Alexander-Schiendorfer",
        "html_url": "https://github.com/Alexander-Schiendorfer",
        "followers_url": "https://api.github.com/users/Alexander-Schiendorfer/followers",
        "following_url": "https://api.github.com/users/Alexander-Schiendorfer/following{/other_user}",
        "gists_url": "https://api.github.com/users/Alexander-Schiendorfer/gists{/gist_id}",
        "starred_url": "https://api.github.com/users/Alexander-Schiendorfer/starred{/owner}{/repo}",
        "subscriptions_url": "https://api.github.com/users/Alexander-Schiendorfer/subscriptions",
        "organizations_url": "https://api.github.com/users/Alexander-Schiendorfer/orgs",
        "repos_url": "https://api.github.com/users/Alexander-Schiendorfer/repos",
        "events_url": "https://api.github.com/users/Alexander-Schiendorfer/events{/privacy}",
        "received_events_url": "https://api.github.com/users/Alexander-Schiendorfer/received_events",
        "type": "User",
        "site_admin": false
    },
    "html_url": "https://github.com/Alexander-Schiendorfer/TCCI-Abstraction",
    "description": "Source code for the experiments presented in a TCCI paper",
    "fork": false,
    "url": "https://api.github.com/repos/Alexander-Schiendorfer/TCCI-Abstraction",
    "forks_url": "https://api.github.com/repos/Alexander-Schiendorfer/TCCI-Abstraction/forks",
    "keys_url": "https://api.github.com/repos/Alexander-Schiendorfer/TCCI-Abstraction/keys{/key_id}",
    "collaborators_url": "https://api.github.com/repos/Alexander-Schiendorfer/TCCI-Abstraction/collaborators{/collaborator}",
    "teams_url": "https://api.github.com/repos/Alexander-Schiendorfer/TCCI-Abstraction/teams",
    "hooks_url": "https://api.github.com/repos/Alexander-Schiendorfer/TCCI-Abstraction/hooks",
    "issue_events_url": "https://api.github.com/repos/Alexander-Schiendorfer/TCCI-Abstraction/issues/events{/number}",
    "events_url": "https://api.github.com/repos/Alexander-Schiendorfer/TCCI-Abstraction/events",
    "assignees_url": "https://api.github.com/repos/Alexander-Schiendorfer/TCCI-Abstraction/assignees{/user}",
    "branches_url": "https://api.github.com/repos/Alexander-Schiendorfer/TCCI-Abstraction/branches{/branch}",
    "tags_url": "https://api.github.com/repos/Alexander-Schiendorfer/TCCI-Abstraction/tags",
    "blobs_url": "https://api.github.com/repos/Alexander-Schiendorfer/TCCI-Abstraction/git/blobs{/sha}",
    "git_tags_url": "https://api.github.com/repos/Alexander-Schiendorfer/TCCI-Abstraction/git/tags{/sha}",
    "git_refs_url": "https://api.github.com/repos/Alexander-Schiendorfer/TCCI-Abstraction/git/refs{/sha}",
    "trees_url": "https://api.github.com/repos/Alexander-Schiendorfer/TCCI-Abstraction/git/trees{/sha}",
    "statuses_url": "https://api.github.com/repos/Alexander-Schiendorfer/TCCI-Abstraction/statuses/{sha}",
    "languages_url": "https://api.github.com/repos/Alexander-Schiendorfer/TCCI-Abstraction/languages",
    "stargazers_url": "https://api.github.com/repos/Alexander-Schiendorfer/TCCI-Abstraction/stargazers",
    "contributors_url": "https://api.github.com/repos/Alexander-Schiendorfer/TCCI-Abstraction/contributors",
    "subscribers_url": "https://api.github.com/repos/Alexander-Schiendorfer/TCCI-Abstraction/subscribers",
    "subscription_url": "https://api.github.com/repos/Alexander-Schiendorfer/TCCI-Abstraction/subscription",
    "commits_url": "https://api.github.com/repos/Alexander-Schiendorfer/TCCI-Abstraction/commits{/sha}",
    "git_commits_url": "https://api.github.com/repos/Alexander-Schiendorfer/TCCI-Abstraction/git/commits{/sha}",
    "comments_url": "https://api.github.com/repos/Alexander-Schiendorfer/TCCI-Abstraction/comments{/number}",
    "issue_comment_url": "https://api.github.com/repos/Alexander-Schiendorfer/TCCI-Abstraction/issues/comments{/number}",
    "contents_url": "https://api.github.com/repos/Alexander-Schiendorfer/TCCI-Abstraction/contents/{+path}",
    "compare_url": "https://api.github.com/repos/Alexander-Schiendorfer/TCCI-Abstraction/compare/{base}...{head}",
    "merges_url": "https://api.github.com/repos/Alexander-Schiendorfer/TCCI-Abstraction/merges",
    "archive_url": "https://api.github.com/repos/Alexander-Schiendorfer/TCCI-Abstraction/{archive_format}{/ref}",
    "downloads_url": "https://api.github.com/repos/Alexander-Schiendorfer/TCCI-Abstraction/downloads",
    "issues_url": "https://api.github.com/repos/Alexander-Schiendorfer/TCCI-Abstraction/issues{/number}",
    "pulls_url": "https://api.github.com/repos/Alexander-Schiendorfer/TCCI-Abstraction/pulls{/number}",
    "milestones_url": "https://api.github.com/repos/Alexander-Schiendorfer/TCCI-Abstraction/milestones{/number}",
    "notifications_url": "https://api.github.com/repos/Alexander-Schiendorfer/TCCI-Abstraction/notifications{?since,all,participating}",
    "labels_url": "https://api.github.com/repos/Alexander-Schiendorfer/TCCI-Abstraction/labels{/name}",
    "releases_url": "https://api.github.com/repos/Alexander-Schiendorfer/TCCI-Abstraction/releases{/id}",
    "deployments_url": "https://api.github.com/repos/Alexander-Schiendorfer/TCCI-Abstraction/deployments",
    "created_at": "2015-03-10T10:38:59Z",
    "updated_at": "2015-03-12T12:02:34Z",
    "pushed_at": "2015-03-12T12:02:34Z",
    "git_url": "git://github.com/Alexander-Schiendorfer/TCCI-Abstraction.git",
    "ssh_url": "git@github.com:Alexander-Schiendorfer/TCCI-Abstraction.git",
    "clone_url": "https://github.com/Alexander-Schiendorfer/TCCI-Abstraction.git",
    "svn_url": "https://github.com/Alexander-Schiendorfer/TCCI-Abstraction",
    "homepage": null,
    "size": 30312,
    "stargazers_count": 0,
    "watchers_count": 0,
    "language": "Java",
    "has_issues": true,
    "has_projects": true,
    "has_downloads": true,
    "has_wiki": true,
    "has_pages": false,
    "has_discussions": false,
    "forks_count": 0,
    "mirror_url": null,
    "archived": false,
    "disabled": false,
    "open_issues_count": 0,
    "license": {
        "key": "mit",
        "name": "MIT License",
        "spdx_id": "MIT",
        "url": "https://api.github.com/licenses/mit",
        "node_id": "MDc6TGljZW5zZTEz"
    },
    "allow_forking": true,
    "is_template": false,
    "web_commit_signoff_required": false,
    "topics": [],
    "visibility": "public",
    "forks": 0,
    "open_issues": 0,
    "watchers": 0,
    "default_branch": "master",
    "permissions": {
        "admin": false,
        "maintain": false,
        "push": false,
        "triage": false,
        "pull": true
    },
    "temp_clone_token": "",
    "network_count": 0,
    "subscribers_count": 2
}