{
    "id": 429170830,
    "node_id": "R_kgDOGZSgjg",
    "name": "ognl",
    "full_name": "davoustp/ognl",
    "private": false,
    "owner": {
        "login": "davoustp",
        "id": 2195557,
        "node_id": "MDQ6VXNlcjIxOTU1NTc=",
        "avatar_url": "https://avatars.githubusercontent.com/u/2195557?v=4",
        "gravatar_id": "",
        "url": "https://api.github.com/users/davoustp",
        "html_url": "https://github.com/davoustp",
        "followers_url": "https://api.github.com/users/davoustp/followers",
        "following_url": "https://api.github.com/users/davoustp/following{/other_user}",
        "gists_url": "https://api.github.com/users/davoustp/gists{/gist_id}",
        "starred_url": "https://api.github.com/users/davoustp/starred{/owner}{/repo}",
        "subscriptions_url": "https://api.github.com/users/davoustp/subscriptions",
        "organizations_url": "https://api.github.com/users/davoustp/orgs",
        "repos_url": "https://api.github.com/users/davoustp/repos",
        "events_url": "https://api.github.com/users/davoustp/events{/privacy}",
        "received_events_url": "https://api.github.com/users/davoustp/received_events",
        "type": "User",
        "site_admin": false
    },
    "html_url": "https://github.com/davoustp/ognl",
    "description": "Object Graph Navigation Library",
    "fork": true,
    "url": "https://api.github.com/repos/davoustp/ognl",
    "forks_url": "https://api.github.com/repos/davoustp/ognl/forks",
    "keys_url": "https://api.github.com/repos/davoustp/ognl/keys{/key_id}",
    "collaborators_url": "https://api.github.com/repos/davoustp/ognl/collaborators{/collaborator}",
    "teams_url": "https://api.github.com/repos/davoustp/ognl/teams",
    "hooks_url": "https://api.github.com/repos/davoustp/ognl/hooks",
    "issue_events_url": "https://api.github.com/repos/davoustp/ognl/issues/events{/number}",
    "events_url": "https://api.github.com/repos/davoustp/ognl/events",
    "assignees_url": "https://api.github.com/repos/davoustp/ognl/assignees{/user}",
    "branches_url": "https://api.github.com/repos/davoustp/ognl/branches{/branch}",
    "tags_url": "https://api.github.com/repos/davoustp/ognl/tags",
    "blobs_url": "https://api.github.com/repos/davoustp/ognl/git/blobs{/sha}",
    "git_tags_url": "https://api.github.com/repos/davoustp/ognl/git/tags{/sha}",
    "git_refs_url": "https://api.github.com/repos/davoustp/ognl/git/refs{/sha}",
    "trees_url": "https://api.github.com/repos/davoustp/ognl/git/trees{/sha}",
    "statuses_url": "https://api.github.com/repos/davoustp/ognl/statuses/{sha}",
    "languages_url": "https://api.github.com/repos/davoustp/ognl/languages",
    "stargazers_url": "https://api.github.com/repos/davoustp/ognl/stargazers",
    "contributors_url": "https://api.github.com/repos/davoustp/ognl/contributors",
    "subscribers_url": "https://api.github.com/repos/davoustp/ognl/subscribers",
    "subscription_url": "https://api.github.com/repos/davoustp/ognl/subscription",
    "commits_url": "https://api.github.com/repos/davoustp/ognl/commits{/sha}",
    "git_commits_url": "https://api.github.com/repos/davoustp/ognl/git/commits{/sha}",
    "comments_url": "https://api.github.com/repos/davoustp/ognl/comments{/number}",
    "issue_comment_url": "https://api.github.com/repos/davoustp/ognl/issues/comments{/number}",
    "contents_url": "https://api.github.com/repos/davoustp/ognl/contents/{+path}",
    "compare_url": "https://api.github.com/repos/davoustp/ognl/compare/{base}...{head}",
    "merges_url": "https://api.github.com/repos/davoustp/ognl/merges",
    "archive_url": "https://api.github.com/repos/davoustp/ognl/{archive_format}{/ref}",
    "downloads_url": "https://api.github.com/repos/davoustp/ognl/downloads",
    "issues_url": "https://api.github.com/repos/davoustp/ognl/issues{/number}",
    "pulls_url": "https://api.github.com/repos/davoustp/ognl/pulls{/number}",
    "milestones_url": "https://api.github.com/repos/davoustp/ognl/milestones{/number}",
    "notifications_url": "https://api.github.com/repos/davoustp/ognl/notifications{?since,all,participating}",
    "labels_url": "https://api.github.com/repos/davoustp/ognl/labels{/name}",
    "releases_url": "https://api.github.com/repos/davoustp/ognl/releases{/id}",
    "deployments_url": "https://api.github.com/repos/davoustp/ognl/deployments",
    "created_at": "2021-11-17T19:14:49Z",
    "updated_at": "2021-11-19T09:25:54Z",
    "pushed_at": "2021-11-19T09:25:51Z",
    "git_url": "git://github.com/davoustp/ognl.git",
    "ssh_url": "git@github.com:davoustp/ognl.git",
    "clone_url": "https://github.com/davoustp/ognl.git",
    "svn_url": "https://github.com/davoustp/ognl",
    "homepage": "http://www.opensymphony.com/ognl/",
    "size": 7079,
    "stargazers_count": 0,
    "watchers_count": 0,
    "language": "Java",
    "has_issues": false,
    "has_projects": true,
    "has_downloads": true,
    "has_wiki": true,
    "has_pages": false,
    "has_discussions": false,
    "forks_count": 0,
    "mirror_url": null,
    "archived": false,
    "disabled": false,
    "open_issues_count": 0,
    "license": {
        "key": "apache-2.0",
        "name": "Apache License 2.0",
        "spdx_id": "Apache-2.0",
        "url": "https://api.github.com/licenses/apache-2.0",
        "node_id": "MDc6TGljZW5zZTI="
    },
    "allow_forking": true,
    "is_template": false,
    "web_commit_signoff_required": false,
    "topics": [],
    "visibility": "public",
    "forks": 0,
    "open_issues": 0,
    "watchers": 0,
    "default_branch": "master",
    "permissions": {
        "admin": false,
        "maintain": false,
        "push": false,
        "triage": false,
        "pull": true
    },
    "temp_clone_token": "",
    "parent": {
        "id": 443158,
        "node_id": "MDEwOlJlcG9zaXRvcnk0NDMxNTg=",
        "name": "ognl",
        "full_name": "orphan-oss/ognl",
        "private": false,
        "owner": {
            "login": "orphan-oss",
            "id": 110888004,
            "node_id": "O_kgDOBpwERA",
            "avatar_url": "https://avatars.githubusercontent.com/u/110888004?v=4",
            "gravatar_id": "",
            "url": "https://api.github.com/users/orphan-oss",
            "html_url": "https://github.com/orphan-oss",
            "followers_url": "https://api.github.com/users/orphan-oss/followers",
            "following_url": "https://api.github.com/users/orphan-oss/following{/other_user}",
            "gists_url": "https://api.github.com/users/orphan-oss/gists{/gist_id}",
            "starred_url": "https://api.github.com/users/orphan-oss/starred{/owner}{/repo}",
            "subscriptions_url": "https://api.github.com/users/orphan-oss/subscriptions",
            "organizations_url": "https://api.github.com/users/orphan-oss/orgs",
            "repos_url": "https://api.github.com/users/orphan-oss/repos",
            "events_url": "https://api.github.com/users/orphan-oss/events{/privacy}",
            "received_events_url": "https://api.github.com/users/orphan-oss/received_events",
            "type": "Organization",
            "site_admin": false
        },
        "html_url": "https://github.com/orphan-oss/ognl",
        "description": "Object Graph Navigation Library",
        "fork": false,
        "url": "https://api.github.com/repos/orphan-oss/ognl",
        "forks_url": "https://api.github.com/repos/orphan-oss/ognl/forks",
        "keys_url": "https://api.github.com/repos/orphan-oss/ognl/keys{/key_id}",
        "collaborators_url": "https://api.github.com/repos/orphan-oss/ognl/collaborators{/collaborator}",
        "teams_url": "https://api.github.com/repos/orphan-oss/ognl/teams",
        "hooks_url": "https://api.github.com/repos/orphan-oss/ognl/hooks",
        "issue_events_url": "https://api.github.com/repos/orphan-oss/ognl/issues/events{/number}",
        "events_url": "https://api.github.com/repos/orphan-oss/ognl/events",
        "assignees_url": "https://api.github.com/repos/orphan-oss/ognl/assignees{/user}",
        "branches_url": "https://api.github.com/repos/orphan-oss/ognl/branches{/branch}",
        "tags_url": "https://api.github.com/repos/orphan-oss/ognl/tags",
        "blobs_url": "https://api.github.com/repos/orphan-oss/ognl/git/blobs{/sha}",
        "git_tags_url": "https://api.github.com/repos/orphan-oss/ognl/git/tags{/sha}",
        "git_refs_url": "https://api.github.com/repos/orphan-oss/ognl/git/refs{/sha}",
        "trees_url": "https://api.github.com/repos/orphan-oss/ognl/git/trees{/sha}",
        "statuses_url": "https://api.github.com/repos/orphan-oss/ognl/statuses/{sha}",
        "languages_url": "https://api.github.com/repos/orphan-oss/ognl/languages",
        "stargazers_url": "https://api.github.com/repos/orphan-oss/ognl/stargazers",
        "contributors_url": "https://api.github.com/repos/orphan-oss/ognl/contributors",
        "subscribers_url": "https://api.github.com/repos/orphan-oss/ognl/subscribers",
        "subscription_url": "https://api.github.com/repos/orphan-oss/ognl/subscription",
        "commits_url": "https://api.github.com/repos/orphan-oss/ognl/commits{/sha}",
        "git_commits_url": "https://api.github.com/repos/orphan-oss/ognl/git/commits{/sha}",
        "comments_url": "https://api.github.com/repos/orphan-oss/ognl/comments{/number}",
        "issue_comment_url": "https://api.github.com/repos/orphan-oss/ognl/issues/comments{/number}",
        "contents_url": "https://api.github.com/repos/orphan-oss/ognl/contents/{+path}",
        "compare_url": "https://api.github.com/repos/orphan-oss/ognl/compare/{base}...{head}",
        "merges_url": "https://api.github.com/repos/orphan-oss/ognl/merges",
        "archive_url": "https://api.github.com/repos/orphan-oss/ognl/{archive_format}{/ref}",
        "downloads_url": "https://api.github.com/repos/orphan-oss/ognl/downloads",
        "issues_url": "https://api.github.com/repos/orphan-oss/ognl/issues{/number}",
        "pulls_url": "https://api.github.com/repos/orphan-oss/ognl/pulls{/number}",
        "milestones_url": "https://api.github.com/repos/orphan-oss/ognl/milestones{/number}",
        "notifications_url": "https://api.github.com/repos/orphan-oss/ognl/notifications{?since,all,participating}",
        "labels_url": "https://api.github.com/repos/orphan-oss/ognl/labels{/name}",
        "releases_url": "https://api.github.com/repos/orphan-oss/ognl/releases{/id}",
        "deployments_url": "https://api.github.com/repos/orphan-oss/ognl/deployments",
        "created_at": "2009-12-19T22:18:14Z",
        "updated_at": "2024-04-30T01:10:54Z",
        "pushed_at": "2024-04-25T18:53:36Z",
        "git_url": "git://github.com/orphan-oss/ognl.git",
        "ssh_url": "git@github.com:orphan-oss/ognl.git",
        "clone_url": "https://github.com/orphan-oss/ognl.git",
        "svn_url": "https://github.com/orphan-oss/ognl",
        "homepage": "https://orphan.software",
        "size": 7894,
        "stargazers_count": 212,
        "watchers_count": 212,
        "language": "Java",
        "has_issues": true,
        "has_projects": false,
        "has_downloads": true,
        "has_wiki": false,
        "has_pages": true,
        "has_discussions": true,
        "forks_count": 78,
        "mirror_url": null,
        "archived": false,
        "disabled": false,
        "open_issues_count": 8,
        "license": {
            "key": "apache-2.0",
            "name": "Apache License 2.0",
            "spdx_id": "Apache-2.0",
            "url": "https://api.github.com/licenses/apache-2.0",
            "node_id": "MDc6TGljZW5zZTI="
        },
        "allow_forking": true,
        "is_template": false,
        "web_commit_signoff_required": false,
        "topics": [],
        "visibility": "public",
        "forks": 78,
        "open_issues": 8,
        "watchers": 212,
        "default_branch": "main"
    },
    "source": {
        "id": 443158,
        "node_id": "MDEwOlJlcG9zaXRvcnk0NDMxNTg=",
        "name": "ognl",
        "full_name": "orphan-oss/ognl",
        "private": false,
        "owner": {
            "login": "orphan-oss",
            "id": 110888004,
            "node_id": "O_kgDOBpwERA",
            "avatar_url": "https://avatars.githubusercontent.com/u/110888004?v=4",
            "gravatar_id": "",
            "url": "https://api.github.com/users/orphan-oss",
            "html_url": "https://github.com/orphan-oss",
            "followers_url": "https://api.github.com/users/orphan-oss/followers",
            "following_url": "https://api.github.com/users/orphan-oss/following{/other_user}",
            "gists_url": "https://api.github.com/users/orphan-oss/gists{/gist_id}",
            "starred_url": "https://api.github.com/users/orphan-oss/starred{/owner}{/repo}",
            "subscriptions_url": "https://api.github.com/users/orphan-oss/subscriptions",
            "organizations_url": "https://api.github.com/users/orphan-oss/orgs",
            "repos_url": "https://api.github.com/users/orphan-oss/repos",
            "events_url": "https://api.github.com/users/orphan-oss/events{/privacy}",
            "received_events_url": "https://api.github.com/users/orphan-oss/received_events",
            "type": "Organization",
            "site_admin": false
        },
        "html_url": "https://github.com/orphan-oss/ognl",
        "description": "Object Graph Navigation Library",
        "fork": false,
        "url": "https://api.github.com/repos/orphan-oss/ognl",
        "forks_url": "https://api.github.com/repos/orphan-oss/ognl/forks",
        "keys_url": "https://api.github.com/repos/orphan-oss/ognl/keys{/key_id}",
        "collaborators_url": "https://api.github.com/repos/orphan-oss/ognl/collaborators{/collaborator}",
        "teams_url": "https://api.github.com/repos/orphan-oss/ognl/teams",
        "hooks_url": "https://api.github.com/repos/orphan-oss/ognl/hooks",
        "issue_events_url": "https://api.github.com/repos/orphan-oss/ognl/issues/events{/number}",
        "events_url": "https://api.github.com/repos/orphan-oss/ognl/events",
        "assignees_url": "https://api.github.com/repos/orphan-oss/ognl/assignees{/user}",
        "branches_url": "https://api.github.com/repos/orphan-oss/ognl/branches{/branch}",
        "tags_url": "https://api.github.com/repos/orphan-oss/ognl/tags",
        "blobs_url": "https://api.github.com/repos/orphan-oss/ognl/git/blobs{/sha}",
        "git_tags_url": "https://api.github.com/repos/orphan-oss/ognl/git/tags{/sha}",
        "git_refs_url": "https://api.github.com/repos/orphan-oss/ognl/git/refs{/sha}",
        "trees_url": "https://api.github.com/repos/orphan-oss/ognl/git/trees{/sha}",
        "statuses_url": "https://api.github.com/repos/orphan-oss/ognl/statuses/{sha}",
        "languages_url": "https://api.github.com/repos/orphan-oss/ognl/languages",
        "stargazers_url": "https://api.github.com/repos/orphan-oss/ognl/stargazers",
        "contributors_url": "https://api.github.com/repos/orphan-oss/ognl/contributors",
        "subscribers_url": "https://api.github.com/repos/orphan-oss/ognl/subscribers",
        "subscription_url": "https://api.github.com/repos/orphan-oss/ognl/subscription",
        "commits_url": "https://api.github.com/repos/orphan-oss/ognl/commits{/sha}",
        "git_commits_url": "https://api.github.com/repos/orphan-oss/ognl/git/commits{/sha}",
        "comments_url": "https://api.github.com/repos/orphan-oss/ognl/comments{/number}",
        "issue_comment_url": "https://api.github.com/repos/orphan-oss/ognl/issues/comments{/number}",
        "contents_url": "https://api.github.com/repos/orphan-oss/ognl/contents/{+path}",
        "compare_url": "https://api.github.com/repos/orphan-oss/ognl/compare/{base}...{head}",
        "merges_url": "https://api.github.com/repos/orphan-oss/ognl/merges",
        "archive_url": "https://api.github.com/repos/orphan-oss/ognl/{archive_format}{/ref}",
        "downloads_url": "https://api.github.com/repos/orphan-oss/ognl/downloads",
        "issues_url": "https://api.github.com/repos/orphan-oss/ognl/issues{/number}",
        "pulls_url": "https://api.github.com/repos/orphan-oss/ognl/pulls{/number}",
        "milestones_url": "https://api.github.com/repos/orphan-oss/ognl/milestones{/number}",
        "notifications_url": "https://api.github.com/repos/orphan-oss/ognl/notifications{?since,all,participating}",
        "labels_url": "https://api.github.com/repos/orphan-oss/ognl/labels{/name}",
        "releases_url": "https://api.github.com/repos/orphan-oss/ognl/releases{/id}",
        "deployments_url": "https://api.github.com/repos/orphan-oss/ognl/deployments",
        "created_at": "2009-12-19T22:18:14Z",
        "updated_at": "2024-04-30T01:10:54Z",
        "pushed_at": "2024-04-25T18:53:36Z",
        "git_url": "git://github.com/orphan-oss/ognl.git",
        "ssh_url": "git@github.com:orphan-oss/ognl.git",
        "clone_url": "https://github.com/orphan-oss/ognl.git",
        "svn_url": "https://github.com/orphan-oss/ognl",
        "homepage": "https://orphan.software",
        "size": 7894,
        "stargazers_count": 212,
        "watchers_count": 212,
        "language": "Java",
        "has_issues": true,
        "has_projects": false,
        "has_downloads": true,
        "has_wiki": false,
        "has_pages": true,
        "has_discussions": true,
        "forks_count": 78,
        "mirror_url": null,
        "archived": false,
        "disabled": false,
        "open_issues_count": 8,
        "license": {
            "key": "apache-2.0",
            "name": "Apache License 2.0",
            "spdx_id": "Apache-2.0",
            "url": "https://api.github.com/licenses/apache-2.0",
            "node_id": "MDc6TGljZW5zZTI="
        },
        "allow_forking": true,
        "is_template": false,
        "web_commit_signoff_required": false,
        "topics": [],
        "visibility": "public",
        "forks": 78,
        "open_issues": 8,
        "watchers": 212,
        "default_branch": "main"
    },
    "network_count": 78,
    "subscribers_count": 1
}