{
    "id": 218090150,
    "node_id": "MDEwOlJlcG9zaXRvcnkyMTgwOTAxNTA=",
    "name": "tesuto",
    "full_name": "apereo-tesuto/tesuto",
    "private": false,
    "owner": {
        "login": "apereo-tesuto",
        "id": 57106089,
        "node_id": "MDEyOk9yZ2FuaXphdGlvbjU3MTA2MDg5",
        "avatar_url": "https://avatars.githubusercontent.com/u/57106089?v=4",
        "gravatar_id": "",
        "url": "https://api.github.com/users/apereo-tesuto",
        "html_url": "https://github.com/apereo-tesuto",
        "followers_url": "https://api.github.com/users/apereo-tesuto/followers",
        "following_url": "https://api.github.com/users/apereo-tesuto/following{/other_user}",
        "gists_url": "https://api.github.com/users/apereo-tesuto/gists{/gist_id}",
        "starred_url": "https://api.github.com/users/apereo-tesuto/starred{/owner}{/repo}",
        "subscriptions_url": "https://api.github.com/users/apereo-tesuto/subscriptions",
        "organizations_url": "https://api.github.com/users/apereo-tesuto/orgs",
        "repos_url": "https://api.github.com/users/apereo-tesuto/repos",
        "events_url": "https://api.github.com/users/apereo-tesuto/events{/privacy}",
        "received_events_url": "https://api.github.com/users/apereo-tesuto/received_events",
        "type": "Organization",
        "site_admin": false
    },
    "html_url": "https://github.com/apereo-tesuto/tesuto",
    "description": "Core code for Tesuto",
    "fork": false,
    "url": "https://api.github.com/repos/apereo-tesuto/tesuto",
    "forks_url": "https://api.github.com/repos/apereo-tesuto/tesuto/forks",
    "keys_url": "https://api.github.com/repos/apereo-tesuto/tesuto/keys{/key_id}",
    "collaborators_url": "https://api.github.com/repos/apereo-tesuto/tesuto/collaborators{/collaborator}",
    "teams_url": "https://api.github.com/repos/apereo-tesuto/tesuto/teams",
    "hooks_url": "https://api.github.com/repos/apereo-tesuto/tesuto/hooks",
    "issue_events_url": "https://api.github.com/repos/apereo-tesuto/tesuto/issues/events{/number}",
    "events_url": "https://api.github.com/repos/apereo-tesuto/tesuto/events",
    "assignees_url": "https://api.github.com/repos/apereo-tesuto/tesuto/assignees{/user}",
    "branches_url": "https://api.github.com/repos/apereo-tesuto/tesuto/branches{/branch}",
    "tags_url": "https://api.github.com/repos/apereo-tesuto/tesuto/tags",
    "blobs_url": "https://api.github.com/repos/apereo-tesuto/tesuto/git/blobs{/sha}",
    "git_tags_url": "https://api.github.com/repos/apereo-tesuto/tesuto/git/tags{/sha}",
    "git_refs_url": "https://api.github.com/repos/apereo-tesuto/tesuto/git/refs{/sha}",
    "trees_url": "https://api.github.com/repos/apereo-tesuto/tesuto/git/trees{/sha}",
    "statuses_url": "https://api.github.com/repos/apereo-tesuto/tesuto/statuses/{sha}",
    "languages_url": "https://api.github.com/repos/apereo-tesuto/tesuto/languages",
    "stargazers_url": "https://api.github.com/repos/apereo-tesuto/tesuto/stargazers",
    "contributors_url": "https://api.github.com/repos/apereo-tesuto/tesuto/contributors",
    "subscribers_url": "https://api.github.com/repos/apereo-tesuto/tesuto/subscribers",
    "subscription_url": "https://api.github.com/repos/apereo-tesuto/tesuto/subscription",
    "commits_url": "https://api.github.com/repos/apereo-tesuto/tesuto/commits{/sha}",
    "git_commits_url": "https://api.github.com/repos/apereo-tesuto/tesuto/git/commits{/sha}",
    "comments_url": "https://api.github.com/repos/apereo-tesuto/tesuto/comments{/number}",
    "issue_comment_url": "https://api.github.com/repos/apereo-tesuto/tesuto/issues/comments{/number}",
    "contents_url": "https://api.github.com/repos/apereo-tesuto/tesuto/contents/{+path}",
    "compare_url": "https://api.github.com/repos/apereo-tesuto/tesuto/compare/{base}...{head}",
    "merges_url": "https://api.github.com/repos/apereo-tesuto/tesuto/merges",
    "archive_url": "https://api.github.com/repos/apereo-tesuto/tesuto/{archive_format}{/ref}",
    "downloads_url": "https://api.github.com/repos/apereo-tesuto/tesuto/downloads",
    "issues_url": "https://api.github.com/repos/apereo-tesuto/tesuto/issues{/number}",
    "pulls_url": "https://api.github.com/repos/apereo-tesuto/tesuto/pulls{/number}",
    "milestones_url": "https://api.github.com/repos/apereo-tesuto/tesuto/milestones{/number}",
    "notifications_url": "https://api.github.com/repos/apereo-tesuto/tesuto/notifications{?since,all,participating}",
    "labels_url": "https://api.github.com/repos/apereo-tesuto/tesuto/labels{/name}",
    "releases_url": "https://api.github.com/repos/apereo-tesuto/tesuto/releases{/id}",
    "deployments_url": "https://api.github.com/repos/apereo-tesuto/tesuto/deployments",
    "created_at": "2019-10-28T16:08:04Z",
    "updated_at": "2021-09-24T21:23:32Z",
    "pushed_at": "2021-09-24T21:22:52Z",
    "git_url": "git://github.com/apereo-tesuto/tesuto.git",
    "ssh_url": "git@github.com:apereo-tesuto/tesuto.git",
    "clone_url": "https://github.com/apereo-tesuto/tesuto.git",
    "svn_url": "https://github.com/apereo-tesuto/tesuto",
    "homepage": null,
    "size": 34928,
    "stargazers_count": 4,
    "watchers_count": 4,
    "language": "JavaScript",
    "has_issues": true,
    "has_projects": true,
    "has_downloads": true,
    "has_wiki": true,
    "has_pages": false,
    "has_discussions": false,
    "forks_count": 3,
    "mirror_url": null,
    "archived": false,
    "disabled": false,
    "open_issues_count": 0,
    "license": {
        "key": "epl-1.0",
        "name": "Eclipse Public License 1.0",
        "spdx_id": "EPL-1.0",
        "url": "https://api.github.com/licenses/epl-1.0",
        "node_id": "MDc6TGljZW5zZTc="
    },
    "allow_forking": true,
    "is_template": false,
    "web_commit_signoff_required": false,
    "topics": [],
    "visibility": "public",
    "forks": 3,
    "open_issues": 0,
    "watchers": 4,
    "default_branch": "master",
    "permissions": {
        "admin": false,
        "maintain": false,
        "push": false,
        "triage": false,
        "pull": true
    },
    "temp_clone_token": "",
    "custom_properties": {},
    "organization": {
        "login": "apereo-tesuto",
        "id": 57106089,
        "node_id": "MDEyOk9yZ2FuaXphdGlvbjU3MTA2MDg5",
        "avatar_url": "https://avatars.githubusercontent.com/u/57106089?v=4",
        "gravatar_id": "",
        "url": "https://api.github.com/users/apereo-tesuto",
        "html_url": "https://github.com/apereo-tesuto",
        "followers_url": "https://api.github.com/users/apereo-tesuto/followers",
        "following_url": "https://api.github.com/users/apereo-tesuto/following{/other_user}",
        "gists_url": "https://api.github.com/users/apereo-tesuto/gists{/gist_id}",
        "starred_url": "https://api.github.com/users/apereo-tesuto/starred{/owner}{/repo}",
        "subscriptions_url": "https://api.github.com/users/apereo-tesuto/subscriptions",
        "organizations_url": "https://api.github.com/users/apereo-tesuto/orgs",
        "repos_url": "https://api.github.com/users/apereo-tesuto/repos",
        "events_url": "https://api.github.com/users/apereo-tesuto/events{/privacy}",
        "received_events_url": "https://api.github.com/users/apereo-tesuto/received_events",
        "type": "Organization",
        "site_admin": false
    },
    "network_count": 3,
    "subscribers_count": 3
}