{
    "id": 353720780,
    "node_id": "MDEwOlJlcG9zaXRvcnkzNTM3MjA3ODA=",
    "name": "gulimall",
    "full_name": "cesareborgin/gulimall",
    "private": false,
    "owner": {
        "login": "cesareborgin",
        "id": 58287003,
        "node_id": "MDQ6VXNlcjU4Mjg3MDAz",
        "avatar_url": "https://avatars.githubusercontent.com/u/58287003?v=4",
        "gravatar_id": "",
        "url": "https://api.github.com/users/cesareborgin",
        "html_url": "https://github.com/cesareborgin",
        "followers_url": "https://api.github.com/users/cesareborgin/followers",
        "following_url": "https://api.github.com/users/cesareborgin/following{/other_user}",
        "gists_url": "https://api.github.com/users/cesareborgin/gists{/gist_id}",
        "starred_url": "https://api.github.com/users/cesareborgin/starred{/owner}{/repo}",
        "subscriptions_url": "https://api.github.com/users/cesareborgin/subscriptions",
        "organizations_url": "https://api.github.com/users/cesareborgin/orgs",
        "repos_url": "https://api.github.com/users/cesareborgin/repos",
        "events_url": "https://api.github.com/users/cesareborgin/events{/privacy}",
        "received_events_url": "https://api.github.com/users/cesareborgin/received_events",
        "type": "User",
        "site_admin": false
    },
    "html_url": "https://github.com/cesareborgin/gulimall",
    "description": "\u8c37\u7c92\u5546\u57ce",
    "fork": false,
    "url": "https://api.github.com/repos/cesareborgin/gulimall",
    "forks_url": "https://api.github.com/repos/cesareborgin/gulimall/forks",
    "keys_url": "https://api.github.com/repos/cesareborgin/gulimall/keys{/key_id}",
    "collaborators_url": "https://api.github.com/repos/cesareborgin/gulimall/collaborators{/collaborator}",
    "teams_url": "https://api.github.com/repos/cesareborgin/gulimall/teams",
    "hooks_url": "https://api.github.com/repos/cesareborgin/gulimall/hooks",
    "issue_events_url": "https://api.github.com/repos/cesareborgin/gulimall/issues/events{/number}",
    "events_url": "https://api.github.com/repos/cesareborgin/gulimall/events",
    "assignees_url": "https://api.github.com/repos/cesareborgin/gulimall/assignees{/user}",
    "branches_url": "https://api.github.com/repos/cesareborgin/gulimall/branches{/branch}",
    "tags_url": "https://api.github.com/repos/cesareborgin/gulimall/tags",
    "blobs_url": "https://api.github.com/repos/cesareborgin/gulimall/git/blobs{/sha}",
    "git_tags_url": "https://api.github.com/repos/cesareborgin/gulimall/git/tags{/sha}",
    "git_refs_url": "https://api.github.com/repos/cesareborgin/gulimall/git/refs{/sha}",
    "trees_url": "https://api.github.com/repos/cesareborgin/gulimall/git/trees{/sha}",
    "statuses_url": "https://api.github.com/repos/cesareborgin/gulimall/statuses/{sha}",
    "languages_url": "https://api.github.com/repos/cesareborgin/gulimall/languages",
    "stargazers_url": "https://api.github.com/repos/cesareborgin/gulimall/stargazers",
    "contributors_url": "https://api.github.com/repos/cesareborgin/gulimall/contributors",
    "subscribers_url": "https://api.github.com/repos/cesareborgin/gulimall/subscribers",
    "subscription_url": "https://api.github.com/repos/cesareborgin/gulimall/subscription",
    "commits_url": "https://api.github.com/repos/cesareborgin/gulimall/commits{/sha}",
    "git_commits_url": "https://api.github.com/repos/cesareborgin/gulimall/git/commits{/sha}",
    "comments_url": "https://api.github.com/repos/cesareborgin/gulimall/comments{/number}",
    "issue_comment_url": "https://api.github.com/repos/cesareborgin/gulimall/issues/comments{/number}",
    "contents_url": "https://api.github.com/repos/cesareborgin/gulimall/contents/{+path}",
    "compare_url": "https://api.github.com/repos/cesareborgin/gulimall/compare/{base}...{head}",
    "merges_url": "https://api.github.com/repos/cesareborgin/gulimall/merges",
    "archive_url": "https://api.github.com/repos/cesareborgin/gulimall/{archive_format}{/ref}",
    "downloads_url": "https://api.github.com/repos/cesareborgin/gulimall/downloads",
    "issues_url": "https://api.github.com/repos/cesareborgin/gulimall/issues{/number}",
    "pulls_url": "https://api.github.com/repos/cesareborgin/gulimall/pulls{/number}",
    "milestones_url": "https://api.github.com/repos/cesareborgin/gulimall/milestones{/number}",
    "notifications_url": "https://api.github.com/repos/cesareborgin/gulimall/notifications{?since,all,participating}",
    "labels_url": "https://api.github.com/repos/cesareborgin/gulimall/labels{/name}",
    "releases_url": "https://api.github.com/repos/cesareborgin/gulimall/releases{/id}",
    "deployments_url": "https://api.github.com/repos/cesareborgin/gulimall/deployments",
    "created_at": "2021-04-01T14:07:06Z",
    "updated_at": "2021-04-11T04:16:15Z",
    "pushed_at": "2021-04-11T04:16:13Z",
    "git_url": "git://github.com/cesareborgin/gulimall.git",
    "ssh_url": "git@github.com:cesareborgin/gulimall.git",
    "clone_url": "https://github.com/cesareborgin/gulimall.git",
    "svn_url": "https://github.com/cesareborgin/gulimall",
    "homepage": null,
    "size": 2720,
    "stargazers_count": 0,
    "watchers_count": 0,
    "language": "JavaScript",
    "has_issues": true,
    "has_projects": true,
    "has_downloads": true,
    "has_wiki": true,
    "has_pages": false,
    "has_discussions": false,
    "forks_count": 0,
    "mirror_url": null,
    "archived": false,
    "disabled": false,
    "open_issues_count": 0,
    "license": {
        "key": "apache-2.0",
        "name": "Apache License 2.0",
        "spdx_id": "Apache-2.0",
        "url": "https://api.github.com/licenses/apache-2.0",
        "node_id": "MDc6TGljZW5zZTI="
    },
    "allow_forking": true,
    "is_template": false,
    "web_commit_signoff_required": false,
    "topics": [],
    "visibility": "public",
    "forks": 0,
    "open_issues": 0,
    "watchers": 0,
    "default_branch": "main",
    "permissions": {
        "admin": false,
        "maintain": false,
        "push": false,
        "triage": false,
        "pull": true
    },
    "temp_clone_token": "",
    "network_count": 0,
    "subscribers_count": 1
}