{
    "id": 340160892,
    "node_id": "MDEwOlJlcG9zaXRvcnkzNDAxNjA4OTI=",
    "name": "DimDoors",
    "full_name": "Pankraz01/DimDoors",
    "private": false,
    "owner": {
        "login": "Pankraz01",
        "id": 19345513,
        "node_id": "MDQ6VXNlcjE5MzQ1NTEz",
        "avatar_url": "https://avatars.githubusercontent.com/u/19345513?v=4",
        "gravatar_id": "",
        "url": "https://api.github.com/users/Pankraz01",
        "html_url": "https://github.com/Pankraz01",
        "followers_url": "https://api.github.com/users/Pankraz01/followers",
        "following_url": "https://api.github.com/users/Pankraz01/following{/other_user}",
        "gists_url": "https://api.github.com/users/Pankraz01/gists{/gist_id}",
        "starred_url": "https://api.github.com/users/Pankraz01/starred{/owner}{/repo}",
        "subscriptions_url": "https://api.github.com/users/Pankraz01/subscriptions",
        "organizations_url": "https://api.github.com/users/Pankraz01/orgs",
        "repos_url": "https://api.github.com/users/Pankraz01/repos",
        "events_url": "https://api.github.com/users/Pankraz01/events{/privacy}",
        "received_events_url": "https://api.github.com/users/Pankraz01/received_events",
        "type": "User",
        "site_admin": false
    },
    "html_url": "https://github.com/Pankraz01/DimDoors",
    "description": "A rewrite of the classic mod: Dimensional Doors",
    "fork": true,
    "url": "https://api.github.com/repos/Pankraz01/DimDoors",
    "forks_url": "https://api.github.com/repos/Pankraz01/DimDoors/forks",
    "keys_url": "https://api.github.com/repos/Pankraz01/DimDoors/keys{/key_id}",
    "collaborators_url": "https://api.github.com/repos/Pankraz01/DimDoors/collaborators{/collaborator}",
    "teams_url": "https://api.github.com/repos/Pankraz01/DimDoors/teams",
    "hooks_url": "https://api.github.com/repos/Pankraz01/DimDoors/hooks",
    "issue_events_url": "https://api.github.com/repos/Pankraz01/DimDoors/issues/events{/number}",
    "events_url": "https://api.github.com/repos/Pankraz01/DimDoors/events",
    "assignees_url": "https://api.github.com/repos/Pankraz01/DimDoors/assignees{/user}",
    "branches_url": "https://api.github.com/repos/Pankraz01/DimDoors/branches{/branch}",
    "tags_url": "https://api.github.com/repos/Pankraz01/DimDoors/tags",
    "blobs_url": "https://api.github.com/repos/Pankraz01/DimDoors/git/blobs{/sha}",
    "git_tags_url": "https://api.github.com/repos/Pankraz01/DimDoors/git/tags{/sha}",
    "git_refs_url": "https://api.github.com/repos/Pankraz01/DimDoors/git/refs{/sha}",
    "trees_url": "https://api.github.com/repos/Pankraz01/DimDoors/git/trees{/sha}",
    "statuses_url": "https://api.github.com/repos/Pankraz01/DimDoors/statuses/{sha}",
    "languages_url": "https://api.github.com/repos/Pankraz01/DimDoors/languages",
    "stargazers_url": "https://api.github.com/repos/Pankraz01/DimDoors/stargazers",
    "contributors_url": "https://api.github.com/repos/Pankraz01/DimDoors/contributors",
    "subscribers_url": "https://api.github.com/repos/Pankraz01/DimDoors/subscribers",
    "subscription_url": "https://api.github.com/repos/Pankraz01/DimDoors/subscription",
    "commits_url": "https://api.github.com/repos/Pankraz01/DimDoors/commits{/sha}",
    "git_commits_url": "https://api.github.com/repos/Pankraz01/DimDoors/git/commits{/sha}",
    "comments_url": "https://api.github.com/repos/Pankraz01/DimDoors/comments{/number}",
    "issue_comment_url": "https://api.github.com/repos/Pankraz01/DimDoors/issues/comments{/number}",
    "contents_url": "https://api.github.com/repos/Pankraz01/DimDoors/contents/{+path}",
    "compare_url": "https://api.github.com/repos/Pankraz01/DimDoors/compare/{base}...{head}",
    "merges_url": "https://api.github.com/repos/Pankraz01/DimDoors/merges",
    "archive_url": "https://api.github.com/repos/Pankraz01/DimDoors/{archive_format}{/ref}",
    "downloads_url": "https://api.github.com/repos/Pankraz01/DimDoors/downloads",
    "issues_url": "https://api.github.com/repos/Pankraz01/DimDoors/issues{/number}",
    "pulls_url": "https://api.github.com/repos/Pankraz01/DimDoors/pulls{/number}",
    "milestones_url": "https://api.github.com/repos/Pankraz01/DimDoors/milestones{/number}",
    "notifications_url": "https://api.github.com/repos/Pankraz01/DimDoors/notifications{?since,all,participating}",
    "labels_url": "https://api.github.com/repos/Pankraz01/DimDoors/labels{/name}",
    "releases_url": "https://api.github.com/repos/Pankraz01/DimDoors/releases{/id}",
    "deployments_url": "https://api.github.com/repos/Pankraz01/DimDoors/deployments",
    "created_at": "2021-02-18T19:50:35Z",
    "updated_at": "2022-12-07T18:21:26Z",
    "pushed_at": "2021-03-01T14:28:04Z",
    "git_url": "git://github.com/Pankraz01/DimDoors.git",
    "ssh_url": "git@github.com:Pankraz01/DimDoors.git",
    "clone_url": "https://github.com/Pankraz01/DimDoors.git",
    "svn_url": "https://github.com/Pankraz01/DimDoors",
    "homepage": "https://minecraft.curseforge.com/projects/dimensionaldoors",
    "size": 28356,
    "stargazers_count": 0,
    "watchers_count": 0,
    "language": null,
    "has_issues": false,
    "has_projects": true,
    "has_downloads": true,
    "has_wiki": true,
    "has_pages": false,
    "has_discussions": false,
    "forks_count": 0,
    "mirror_url": null,
    "archived": false,
    "disabled": false,
    "open_issues_count": 0,
    "license": {
        "key": "mit",
        "name": "MIT License",
        "spdx_id": "MIT",
        "url": "https://api.github.com/licenses/mit",
        "node_id": "MDc6TGljZW5zZTEz"
    },
    "allow_forking": true,
    "is_template": false,
    "web_commit_signoff_required": false,
    "topics": [],
    "visibility": "public",
    "forks": 0,
    "open_issues": 0,
    "watchers": 0,
    "default_branch": "1.17",
    "permissions": {
        "admin": false,
        "maintain": false,
        "push": false,
        "triage": false,
        "pull": true
    },
    "temp_clone_token": "",
    "parent": {
        "id": 86506418,
        "node_id": "MDEwOlJlcG9zaXRvcnk4NjUwNjQxOA==",
        "name": "DimDoors",
        "full_name": "DimensionalDevelopment/DimDoors",
        "private": false,
        "owner": {
            "login": "DimensionalDevelopment",
            "id": 26750859,
            "node_id": "MDEyOk9yZ2FuaXphdGlvbjI2NzUwODU5",
            "avatar_url": "https://avatars.githubusercontent.com/u/26750859?v=4",
            "gravatar_id": "",
            "url": "https://api.github.com/users/DimensionalDevelopment",
            "html_url": "https://github.com/DimensionalDevelopment",
            "followers_url": "https://api.github.com/users/DimensionalDevelopment/followers",
            "following_url": "https://api.github.com/users/DimensionalDevelopment/following{/other_user}",
            "gists_url": "https://api.github.com/users/DimensionalDevelopment/gists{/gist_id}",
            "starred_url": "https://api.github.com/users/DimensionalDevelopment/starred{/owner}{/repo}",
            "subscriptions_url": "https://api.github.com/users/DimensionalDevelopment/subscriptions",
            "organizations_url": "https://api.github.com/users/DimensionalDevelopment/orgs",
            "repos_url": "https://api.github.com/users/DimensionalDevelopment/repos",
            "events_url": "https://api.github.com/users/DimensionalDevelopment/events{/privacy}",
            "received_events_url": "https://api.github.com/users/DimensionalDevelopment/received_events",
            "type": "Organization",
            "site_admin": false
        },
        "html_url": "https://github.com/DimensionalDevelopment/DimDoors",
        "description": "A rewrite of the classic mod: Dimensional Doors",
        "fork": false,
        "url": "https://api.github.com/repos/DimensionalDevelopment/DimDoors",
        "forks_url": "https://api.github.com/repos/DimensionalDevelopment/DimDoors/forks",
        "keys_url": "https://api.github.com/repos/DimensionalDevelopment/DimDoors/keys{/key_id}",
        "collaborators_url": "https://api.github.com/repos/DimensionalDevelopment/DimDoors/collaborators{/collaborator}",
        "teams_url": "https://api.github.com/repos/DimensionalDevelopment/DimDoors/teams",
        "hooks_url": "https://api.github.com/repos/DimensionalDevelopment/DimDoors/hooks",
        "issue_events_url": "https://api.github.com/repos/DimensionalDevelopment/DimDoors/issues/events{/number}",
        "events_url": "https://api.github.com/repos/DimensionalDevelopment/DimDoors/events",
        "assignees_url": "https://api.github.com/repos/DimensionalDevelopment/DimDoors/assignees{/user}",
        "branches_url": "https://api.github.com/repos/DimensionalDevelopment/DimDoors/branches{/branch}",
        "tags_url": "https://api.github.com/repos/DimensionalDevelopment/DimDoors/tags",
        "blobs_url": "https://api.github.com/repos/DimensionalDevelopment/DimDoors/git/blobs{/sha}",
        "git_tags_url": "https://api.github.com/repos/DimensionalDevelopment/DimDoors/git/tags{/sha}",
        "git_refs_url": "https://api.github.com/repos/DimensionalDevelopment/DimDoors/git/refs{/sha}",
        "trees_url": "https://api.github.com/repos/DimensionalDevelopment/DimDoors/git/trees{/sha}",
        "statuses_url": "https://api.github.com/repos/DimensionalDevelopment/DimDoors/statuses/{sha}",
        "languages_url": "https://api.github.com/repos/DimensionalDevelopment/DimDoors/languages",
        "stargazers_url": "https://api.github.com/repos/DimensionalDevelopment/DimDoors/stargazers",
        "contributors_url": "https://api.github.com/repos/DimensionalDevelopment/DimDoors/contributors",
        "subscribers_url": "https://api.github.com/repos/DimensionalDevelopment/DimDoors/subscribers",
        "subscription_url": "https://api.github.com/repos/DimensionalDevelopment/DimDoors/subscription",
        "commits_url": "https://api.github.com/repos/DimensionalDevelopment/DimDoors/commits{/sha}",
        "git_commits_url": "https://api.github.com/repos/DimensionalDevelopment/DimDoors/git/commits{/sha}",
        "comments_url": "https://api.github.com/repos/DimensionalDevelopment/DimDoors/comments{/number}",
        "issue_comment_url": "https://api.github.com/repos/DimensionalDevelopment/DimDoors/issues/comments{/number}",
        "contents_url": "https://api.github.com/repos/DimensionalDevelopment/DimDoors/contents/{+path}",
        "compare_url": "https://api.github.com/repos/DimensionalDevelopment/DimDoors/compare/{base}...{head}",
        "merges_url": "https://api.github.com/repos/DimensionalDevelopment/DimDoors/merges",
        "archive_url": "https://api.github.com/repos/DimensionalDevelopment/DimDoors/{archive_format}{/ref}",
        "downloads_url": "https://api.github.com/repos/DimensionalDevelopment/DimDoors/downloads",
        "issues_url": "https://api.github.com/repos/DimensionalDevelopment/DimDoors/issues{/number}",
        "pulls_url": "https://api.github.com/repos/DimensionalDevelopment/DimDoors/pulls{/number}",
        "milestones_url": "https://api.github.com/repos/DimensionalDevelopment/DimDoors/milestones{/number}",
        "notifications_url": "https://api.github.com/repos/DimensionalDevelopment/DimDoors/notifications{?since,all,participating}",
        "labels_url": "https://api.github.com/repos/DimensionalDevelopment/DimDoors/labels{/name}",
        "releases_url": "https://api.github.com/repos/DimensionalDevelopment/DimDoors/releases{/id}",
        "deployments_url": "https://api.github.com/repos/DimensionalDevelopment/DimDoors/deployments",
        "created_at": "2017-03-28T20:54:51Z",
        "updated_at": "2024-04-27T07:51:32Z",
        "pushed_at": "2024-04-27T08:57:54Z",
        "git_url": "git://github.com/DimensionalDevelopment/DimDoors.git",
        "ssh_url": "git@github.com:DimensionalDevelopment/DimDoors.git",
        "clone_url": "https://github.com/DimensionalDevelopment/DimDoors.git",
        "svn_url": "https://github.com/DimensionalDevelopment/DimDoors",
        "homepage": "https://minecraft.curseforge.com/projects/dimensionaldoors",
        "size": 42875,
        "stargazers_count": 77,
        "watchers_count": 77,
        "language": "Java",
        "has_issues": true,
        "has_projects": true,
        "has_downloads": true,
        "has_wiki": true,
        "has_pages": true,
        "has_discussions": false,
        "forks_count": 51,
        "mirror_url": null,
        "archived": false,
        "disabled": false,
        "open_issues_count": 191,
        "license": {
            "key": "gpl-3.0",
            "name": "GNU General Public License v3.0",
            "spdx_id": "GPL-3.0",
            "url": "https://api.github.com/licenses/gpl-3.0",
            "node_id": "MDc6TGljZW5zZTk="
        },
        "allow_forking": true,
        "is_template": false,
        "web_commit_signoff_required": false,
        "topics": [
            "dimensional-doors",
            "fabric-mod",
            "forge-mod",
            "hacktoberfest",
            "recode"
        ],
        "visibility": "public",
        "forks": 51,
        "open_issues": 191,
        "watchers": 77,
        "default_branch": "1.19"
    },
    "source": {
        "id": 86506418,
        "node_id": "MDEwOlJlcG9zaXRvcnk4NjUwNjQxOA==",
        "name": "DimDoors",
        "full_name": "DimensionalDevelopment/DimDoors",
        "private": false,
        "owner": {
            "login": "DimensionalDevelopment",
            "id": 26750859,
            "node_id": "MDEyOk9yZ2FuaXphdGlvbjI2NzUwODU5",
            "avatar_url": "https://avatars.githubusercontent.com/u/26750859?v=4",
            "gravatar_id": "",
            "url": "https://api.github.com/users/DimensionalDevelopment",
            "html_url": "https://github.com/DimensionalDevelopment",
            "followers_url": "https://api.github.com/users/DimensionalDevelopment/followers",
            "following_url": "https://api.github.com/users/DimensionalDevelopment/following{/other_user}",
            "gists_url": "https://api.github.com/users/DimensionalDevelopment/gists{/gist_id}",
            "starred_url": "https://api.github.com/users/DimensionalDevelopment/starred{/owner}{/repo}",
            "subscriptions_url": "https://api.github.com/users/DimensionalDevelopment/subscriptions",
            "organizations_url": "https://api.github.com/users/DimensionalDevelopment/orgs",
            "repos_url": "https://api.github.com/users/DimensionalDevelopment/repos",
            "events_url": "https://api.github.com/users/DimensionalDevelopment/events{/privacy}",
            "received_events_url": "https://api.github.com/users/DimensionalDevelopment/received_events",
            "type": "Organization",
            "site_admin": false
        },
        "html_url": "https://github.com/DimensionalDevelopment/DimDoors",
        "description": "A rewrite of the classic mod: Dimensional Doors",
        "fork": false,
        "url": "https://api.github.com/repos/DimensionalDevelopment/DimDoors",
        "forks_url": "https://api.github.com/repos/DimensionalDevelopment/DimDoors/forks",
        "keys_url": "https://api.github.com/repos/DimensionalDevelopment/DimDoors/keys{/key_id}",
        "collaborators_url": "https://api.github.com/repos/DimensionalDevelopment/DimDoors/collaborators{/collaborator}",
        "teams_url": "https://api.github.com/repos/DimensionalDevelopment/DimDoors/teams",
        "hooks_url": "https://api.github.com/repos/DimensionalDevelopment/DimDoors/hooks",
        "issue_events_url": "https://api.github.com/repos/DimensionalDevelopment/DimDoors/issues/events{/number}",
        "events_url": "https://api.github.com/repos/DimensionalDevelopment/DimDoors/events",
        "assignees_url": "https://api.github.com/repos/DimensionalDevelopment/DimDoors/assignees{/user}",
        "branches_url": "https://api.github.com/repos/DimensionalDevelopment/DimDoors/branches{/branch}",
        "tags_url": "https://api.github.com/repos/DimensionalDevelopment/DimDoors/tags",
        "blobs_url": "https://api.github.com/repos/DimensionalDevelopment/DimDoors/git/blobs{/sha}",
        "git_tags_url": "https://api.github.com/repos/DimensionalDevelopment/DimDoors/git/tags{/sha}",
        "git_refs_url": "https://api.github.com/repos/DimensionalDevelopment/DimDoors/git/refs{/sha}",
        "trees_url": "https://api.github.com/repos/DimensionalDevelopment/DimDoors/git/trees{/sha}",
        "statuses_url": "https://api.github.com/repos/DimensionalDevelopment/DimDoors/statuses/{sha}",
        "languages_url": "https://api.github.com/repos/DimensionalDevelopment/DimDoors/languages",
        "stargazers_url": "https://api.github.com/repos/DimensionalDevelopment/DimDoors/stargazers",
        "contributors_url": "https://api.github.com/repos/DimensionalDevelopment/DimDoors/contributors",
        "subscribers_url": "https://api.github.com/repos/DimensionalDevelopment/DimDoors/subscribers",
        "subscription_url": "https://api.github.com/repos/DimensionalDevelopment/DimDoors/subscription",
        "commits_url": "https://api.github.com/repos/DimensionalDevelopment/DimDoors/commits{/sha}",
        "git_commits_url": "https://api.github.com/repos/DimensionalDevelopment/DimDoors/git/commits{/sha}",
        "comments_url": "https://api.github.com/repos/DimensionalDevelopment/DimDoors/comments{/number}",
        "issue_comment_url": "https://api.github.com/repos/DimensionalDevelopment/DimDoors/issues/comments{/number}",
        "contents_url": "https://api.github.com/repos/DimensionalDevelopment/DimDoors/contents/{+path}",
        "compare_url": "https://api.github.com/repos/DimensionalDevelopment/DimDoors/compare/{base}...{head}",
        "merges_url": "https://api.github.com/repos/DimensionalDevelopment/DimDoors/merges",
        "archive_url": "https://api.github.com/repos/DimensionalDevelopment/DimDoors/{archive_format}{/ref}",
        "downloads_url": "https://api.github.com/repos/DimensionalDevelopment/DimDoors/downloads",
        "issues_url": "https://api.github.com/repos/DimensionalDevelopment/DimDoors/issues{/number}",
        "pulls_url": "https://api.github.com/repos/DimensionalDevelopment/DimDoors/pulls{/number}",
        "milestones_url": "https://api.github.com/repos/DimensionalDevelopment/DimDoors/milestones{/number}",
        "notifications_url": "https://api.github.com/repos/DimensionalDevelopment/DimDoors/notifications{?since,all,participating}",
        "labels_url": "https://api.github.com/repos/DimensionalDevelopment/DimDoors/labels{/name}",
        "releases_url": "https://api.github.com/repos/DimensionalDevelopment/DimDoors/releases{/id}",
        "deployments_url": "https://api.github.com/repos/DimensionalDevelopment/DimDoors/deployments",
        "created_at": "2017-03-28T20:54:51Z",
        "updated_at": "2024-04-27T07:51:32Z",
        "pushed_at": "2024-04-27T08:57:54Z",
        "git_url": "git://github.com/DimensionalDevelopment/DimDoors.git",
        "ssh_url": "git@github.com:DimensionalDevelopment/DimDoors.git",
        "clone_url": "https://github.com/DimensionalDevelopment/DimDoors.git",
        "svn_url": "https://github.com/DimensionalDevelopment/DimDoors",
        "homepage": "https://minecraft.curseforge.com/projects/dimensionaldoors",
        "size": 42875,
        "stargazers_count": 77,
        "watchers_count": 77,
        "language": "Java",
        "has_issues": true,
        "has_projects": true,
        "has_downloads": true,
        "has_wiki": true,
        "has_pages": true,
        "has_discussions": false,
        "forks_count": 51,
        "mirror_url": null,
        "archived": false,
        "disabled": false,
        "open_issues_count": 191,
        "license": {
            "key": "gpl-3.0",
            "name": "GNU General Public License v3.0",
            "spdx_id": "GPL-3.0",
            "url": "https://api.github.com/licenses/gpl-3.0",
            "node_id": "MDc6TGljZW5zZTk="
        },
        "allow_forking": true,
        "is_template": false,
        "web_commit_signoff_required": false,
        "topics": [
            "dimensional-doors",
            "fabric-mod",
            "forge-mod",
            "hacktoberfest",
            "recode"
        ],
        "visibility": "public",
        "forks": 51,
        "open_issues": 191,
        "watchers": 77,
        "default_branch": "1.19"
    },
    "network_count": 51,
    "subscribers_count": 1
}