{
    "id": 113752179,
    "node_id": "MDEwOlJlcG9zaXRvcnkxMTM3NTIxNzk=",
    "name": "actio",
    "full_name": "onnoeberhard/actio",
    "private": false,
    "owner": {
        "login": "onnoeberhard",
        "id": 21868012,
        "node_id": "MDQ6VXNlcjIxODY4MDEy",
        "avatar_url": "https://avatars.githubusercontent.com/u/21868012?v=4",
        "gravatar_id": "",
        "url": "https://api.github.com/users/onnoeberhard",
        "html_url": "https://github.com/onnoeberhard",
        "followers_url": "https://api.github.com/users/onnoeberhard/followers",
        "following_url": "https://api.github.com/users/onnoeberhard/following{/other_user}",
        "gists_url": "https://api.github.com/users/onnoeberhard/gists{/gist_id}",
        "starred_url": "https://api.github.com/users/onnoeberhard/starred{/owner}{/repo}",
        "subscriptions_url": "https://api.github.com/users/onnoeberhard/subscriptions",
        "organizations_url": "https://api.github.com/users/onnoeberhard/orgs",
        "repos_url": "https://api.github.com/users/onnoeberhard/repos",
        "events_url": "https://api.github.com/users/onnoeberhard/events{/privacy}",
        "received_events_url": "https://api.github.com/users/onnoeberhard/received_events",
        "type": "User",
        "site_admin": false
    },
    "html_url": "https://github.com/onnoeberhard/actio",
    "description": "A very amitious Android project, unfinished",
    "fork": false,
    "url": "https://api.github.com/repos/onnoeberhard/actio",
    "forks_url": "https://api.github.com/repos/onnoeberhard/actio/forks",
    "keys_url": "https://api.github.com/repos/onnoeberhard/actio/keys{/key_id}",
    "collaborators_url": "https://api.github.com/repos/onnoeberhard/actio/collaborators{/collaborator}",
    "teams_url": "https://api.github.com/repos/onnoeberhard/actio/teams",
    "hooks_url": "https://api.github.com/repos/onnoeberhard/actio/hooks",
    "issue_events_url": "https://api.github.com/repos/onnoeberhard/actio/issues/events{/number}",
    "events_url": "https://api.github.com/repos/onnoeberhard/actio/events",
    "assignees_url": "https://api.github.com/repos/onnoeberhard/actio/assignees{/user}",
    "branches_url": "https://api.github.com/repos/onnoeberhard/actio/branches{/branch}",
    "tags_url": "https://api.github.com/repos/onnoeberhard/actio/tags",
    "blobs_url": "https://api.github.com/repos/onnoeberhard/actio/git/blobs{/sha}",
    "git_tags_url": "https://api.github.com/repos/onnoeberhard/actio/git/tags{/sha}",
    "git_refs_url": "https://api.github.com/repos/onnoeberhard/actio/git/refs{/sha}",
    "trees_url": "https://api.github.com/repos/onnoeberhard/actio/git/trees{/sha}",
    "statuses_url": "https://api.github.com/repos/onnoeberhard/actio/statuses/{sha}",
    "languages_url": "https://api.github.com/repos/onnoeberhard/actio/languages",
    "stargazers_url": "https://api.github.com/repos/onnoeberhard/actio/stargazers",
    "contributors_url": "https://api.github.com/repos/onnoeberhard/actio/contributors",
    "subscribers_url": "https://api.github.com/repos/onnoeberhard/actio/subscribers",
    "subscription_url": "https://api.github.com/repos/onnoeberhard/actio/subscription",
    "commits_url": "https://api.github.com/repos/onnoeberhard/actio/commits{/sha}",
    "git_commits_url": "https://api.github.com/repos/onnoeberhard/actio/git/commits{/sha}",
    "comments_url": "https://api.github.com/repos/onnoeberhard/actio/comments{/number}",
    "issue_comment_url": "https://api.github.com/repos/onnoeberhard/actio/issues/comments{/number}",
    "contents_url": "https://api.github.com/repos/onnoeberhard/actio/contents/{+path}",
    "compare_url": "https://api.github.com/repos/onnoeberhard/actio/compare/{base}...{head}",
    "merges_url": "https://api.github.com/repos/onnoeberhard/actio/merges",
    "archive_url": "https://api.github.com/repos/onnoeberhard/actio/{archive_format}{/ref}",
    "downloads_url": "https://api.github.com/repos/onnoeberhard/actio/downloads",
    "issues_url": "https://api.github.com/repos/onnoeberhard/actio/issues{/number}",
    "pulls_url": "https://api.github.com/repos/onnoeberhard/actio/pulls{/number}",
    "milestones_url": "https://api.github.com/repos/onnoeberhard/actio/milestones{/number}",
    "notifications_url": "https://api.github.com/repos/onnoeberhard/actio/notifications{?since,all,participating}",
    "labels_url": "https://api.github.com/repos/onnoeberhard/actio/labels{/name}",
    "releases_url": "https://api.github.com/repos/onnoeberhard/actio/releases{/id}",
    "deployments_url": "https://api.github.com/repos/onnoeberhard/actio/deployments",
    "created_at": "2017-12-10T13:28:41Z",
    "updated_at": "2020-06-19T08:39:17Z",
    "pushed_at": "2020-06-19T08:39:11Z",
    "git_url": "git://github.com/onnoeberhard/actio.git",
    "ssh_url": "git@github.com:onnoeberhard/actio.git",
    "clone_url": "https://github.com/onnoeberhard/actio.git",
    "svn_url": "https://github.com/onnoeberhard/actio",
    "homepage": "",
    "size": 32921,
    "stargazers_count": 0,
    "watchers_count": 0,
    "language": "Java",
    "has_issues": true,
    "has_projects": true,
    "has_downloads": true,
    "has_wiki": true,
    "has_pages": false,
    "has_discussions": false,
    "forks_count": 0,
    "mirror_url": null,
    "archived": false,
    "disabled": false,
    "open_issues_count": 0,
    "license": {
        "key": "apache-2.0",
        "name": "Apache License 2.0",
        "spdx_id": "Apache-2.0",
        "url": "https://api.github.com/licenses/apache-2.0",
        "node_id": "MDc6TGljZW5zZTI="
    },
    "allow_forking": true,
    "is_template": false,
    "web_commit_signoff_required": false,
    "topics": [],
    "visibility": "public",
    "forks": 0,
    "open_issues": 0,
    "watchers": 0,
    "default_branch": "master",
    "permissions": {
        "admin": false,
        "maintain": false,
        "push": false,
        "triage": false,
        "pull": true
    },
    "temp_clone_token": "",
    "network_count": 0,
    "subscribers_count": 1
}