{
    "id": 300301590,
    "node_id": "MDEwOlJlcG9zaXRvcnkzMDAzMDE1OTA=",
    "name": "ChipsLayoutManager",
    "full_name": "iammert/ChipsLayoutManager",
    "private": false,
    "owner": {
        "login": "iammert",
        "id": 11799296,
        "node_id": "MDQ6VXNlcjExNzk5Mjk2",
        "avatar_url": "https://avatars.githubusercontent.com/u/11799296?v=4",
        "gravatar_id": "",
        "url": "https://api.github.com/users/iammert",
        "html_url": "https://github.com/iammert",
        "followers_url": "https://api.github.com/users/iammert/followers",
        "following_url": "https://api.github.com/users/iammert/following{/other_user}",
        "gists_url": "https://api.github.com/users/iammert/gists{/gist_id}",
        "starred_url": "https://api.github.com/users/iammert/starred{/owner}{/repo}",
        "subscriptions_url": "https://api.github.com/users/iammert/subscriptions",
        "organizations_url": "https://api.github.com/users/iammert/orgs",
        "repos_url": "https://api.github.com/users/iammert/repos",
        "events_url": "https://api.github.com/users/iammert/events{/privacy}",
        "received_events_url": "https://api.github.com/users/iammert/received_events",
        "type": "User",
        "site_admin": false
    },
    "html_url": "https://github.com/iammert/ChipsLayoutManager",
    "description": "ANDROID. ChipsLayoutManager (SpanLayoutManager, FlowLayoutManager). A custom layout manager for RecyclerView which mimicric TextView span behaviour, flow layouts behaviour with support of amazing recyclerView features",
    "fork": true,
    "url": "https://api.github.com/repos/iammert/ChipsLayoutManager",
    "forks_url": "https://api.github.com/repos/iammert/ChipsLayoutManager/forks",
    "keys_url": "https://api.github.com/repos/iammert/ChipsLayoutManager/keys{/key_id}",
    "collaborators_url": "https://api.github.com/repos/iammert/ChipsLayoutManager/collaborators{/collaborator}",
    "teams_url": "https://api.github.com/repos/iammert/ChipsLayoutManager/teams",
    "hooks_url": "https://api.github.com/repos/iammert/ChipsLayoutManager/hooks",
    "issue_events_url": "https://api.github.com/repos/iammert/ChipsLayoutManager/issues/events{/number}",
    "events_url": "https://api.github.com/repos/iammert/ChipsLayoutManager/events",
    "assignees_url": "https://api.github.com/repos/iammert/ChipsLayoutManager/assignees{/user}",
    "branches_url": "https://api.github.com/repos/iammert/ChipsLayoutManager/branches{/branch}",
    "tags_url": "https://api.github.com/repos/iammert/ChipsLayoutManager/tags",
    "blobs_url": "https://api.github.com/repos/iammert/ChipsLayoutManager/git/blobs{/sha}",
    "git_tags_url": "https://api.github.com/repos/iammert/ChipsLayoutManager/git/tags{/sha}",
    "git_refs_url": "https://api.github.com/repos/iammert/ChipsLayoutManager/git/refs{/sha}",
    "trees_url": "https://api.github.com/repos/iammert/ChipsLayoutManager/git/trees{/sha}",
    "statuses_url": "https://api.github.com/repos/iammert/ChipsLayoutManager/statuses/{sha}",
    "languages_url": "https://api.github.com/repos/iammert/ChipsLayoutManager/languages",
    "stargazers_url": "https://api.github.com/repos/iammert/ChipsLayoutManager/stargazers",
    "contributors_url": "https://api.github.com/repos/iammert/ChipsLayoutManager/contributors",
    "subscribers_url": "https://api.github.com/repos/iammert/ChipsLayoutManager/subscribers",
    "subscription_url": "https://api.github.com/repos/iammert/ChipsLayoutManager/subscription",
    "commits_url": "https://api.github.com/repos/iammert/ChipsLayoutManager/commits{/sha}",
    "git_commits_url": "https://api.github.com/repos/iammert/ChipsLayoutManager/git/commits{/sha}",
    "comments_url": "https://api.github.com/repos/iammert/ChipsLayoutManager/comments{/number}",
    "issue_comment_url": "https://api.github.com/repos/iammert/ChipsLayoutManager/issues/comments{/number}",
    "contents_url": "https://api.github.com/repos/iammert/ChipsLayoutManager/contents/{+path}",
    "compare_url": "https://api.github.com/repos/iammert/ChipsLayoutManager/compare/{base}...{head}",
    "merges_url": "https://api.github.com/repos/iammert/ChipsLayoutManager/merges",
    "archive_url": "https://api.github.com/repos/iammert/ChipsLayoutManager/{archive_format}{/ref}",
    "downloads_url": "https://api.github.com/repos/iammert/ChipsLayoutManager/downloads",
    "issues_url": "https://api.github.com/repos/iammert/ChipsLayoutManager/issues{/number}",
    "pulls_url": "https://api.github.com/repos/iammert/ChipsLayoutManager/pulls{/number}",
    "milestones_url": "https://api.github.com/repos/iammert/ChipsLayoutManager/milestones{/number}",
    "notifications_url": "https://api.github.com/repos/iammert/ChipsLayoutManager/notifications{?since,all,participating}",
    "labels_url": "https://api.github.com/repos/iammert/ChipsLayoutManager/labels{/name}",
    "releases_url": "https://api.github.com/repos/iammert/ChipsLayoutManager/releases{/id}",
    "deployments_url": "https://api.github.com/repos/iammert/ChipsLayoutManager/deployments",
    "created_at": "2020-10-01T14:06:48Z",
    "updated_at": "2022-01-23T17:05:57Z",
    "pushed_at": "2020-10-01T14:19:23Z",
    "git_url": "git://github.com/iammert/ChipsLayoutManager.git",
    "ssh_url": "git@github.com:iammert/ChipsLayoutManager.git",
    "clone_url": "https://github.com/iammert/ChipsLayoutManager.git",
    "svn_url": "https://github.com/iammert/ChipsLayoutManager",
    "homepage": "",
    "size": 29441,
    "stargazers_count": 4,
    "watchers_count": 4,
    "language": "Java",
    "has_issues": false,
    "has_projects": true,
    "has_downloads": true,
    "has_wiki": true,
    "has_pages": false,
    "has_discussions": false,
    "forks_count": 2,
    "mirror_url": null,
    "archived": false,
    "disabled": false,
    "open_issues_count": 0,
    "license": {
        "key": "apache-2.0",
        "name": "Apache License 2.0",
        "spdx_id": "Apache-2.0",
        "url": "https://api.github.com/licenses/apache-2.0",
        "node_id": "MDc6TGljZW5zZTI="
    },
    "allow_forking": true,
    "is_template": false,
    "web_commit_signoff_required": false,
    "topics": [],
    "visibility": "public",
    "forks": 2,
    "open_issues": 0,
    "watchers": 4,
    "default_branch": "master",
    "permissions": {
        "admin": false,
        "maintain": false,
        "push": false,
        "triage": false,
        "pull": true
    },
    "temp_clone_token": "",
    "parent": {
        "id": 64873196,
        "node_id": "MDEwOlJlcG9zaXRvcnk2NDg3MzE5Ng==",
        "name": "ChipsLayoutManager",
        "full_name": "BelooS/ChipsLayoutManager",
        "private": false,
        "owner": {
            "login": "BelooS",
            "id": 4697236,
            "node_id": "MDQ6VXNlcjQ2OTcyMzY=",
            "avatar_url": "https://avatars.githubusercontent.com/u/4697236?v=4",
            "gravatar_id": "",
            "url": "https://api.github.com/users/BelooS",
            "html_url": "https://github.com/BelooS",
            "followers_url": "https://api.github.com/users/BelooS/followers",
            "following_url": "https://api.github.com/users/BelooS/following{/other_user}",
            "gists_url": "https://api.github.com/users/BelooS/gists{/gist_id}",
            "starred_url": "https://api.github.com/users/BelooS/starred{/owner}{/repo}",
            "subscriptions_url": "https://api.github.com/users/BelooS/subscriptions",
            "organizations_url": "https://api.github.com/users/BelooS/orgs",
            "repos_url": "https://api.github.com/users/BelooS/repos",
            "events_url": "https://api.github.com/users/BelooS/events{/privacy}",
            "received_events_url": "https://api.github.com/users/BelooS/received_events",
            "type": "User",
            "site_admin": false
        },
        "html_url": "https://github.com/BelooS/ChipsLayoutManager",
        "description": "ANDROID. ChipsLayoutManager (SpanLayoutManager, FlowLayoutManager). A custom layout manager for RecyclerView which mimicric TextView span behaviour, flow layouts behaviour with support of amazing recyclerView features",
        "fork": false,
        "url": "https://api.github.com/repos/BelooS/ChipsLayoutManager",
        "forks_url": "https://api.github.com/repos/BelooS/ChipsLayoutManager/forks",
        "keys_url": "https://api.github.com/repos/BelooS/ChipsLayoutManager/keys{/key_id}",
        "collaborators_url": "https://api.github.com/repos/BelooS/ChipsLayoutManager/collaborators{/collaborator}",
        "teams_url": "https://api.github.com/repos/BelooS/ChipsLayoutManager/teams",
        "hooks_url": "https://api.github.com/repos/BelooS/ChipsLayoutManager/hooks",
        "issue_events_url": "https://api.github.com/repos/BelooS/ChipsLayoutManager/issues/events{/number}",
        "events_url": "https://api.github.com/repos/BelooS/ChipsLayoutManager/events",
        "assignees_url": "https://api.github.com/repos/BelooS/ChipsLayoutManager/assignees{/user}",
        "branches_url": "https://api.github.com/repos/BelooS/ChipsLayoutManager/branches{/branch}",
        "tags_url": "https://api.github.com/repos/BelooS/ChipsLayoutManager/tags",
        "blobs_url": "https://api.github.com/repos/BelooS/ChipsLayoutManager/git/blobs{/sha}",
        "git_tags_url": "https://api.github.com/repos/BelooS/ChipsLayoutManager/git/tags{/sha}",
        "git_refs_url": "https://api.github.com/repos/BelooS/ChipsLayoutManager/git/refs{/sha}",
        "trees_url": "https://api.github.com/repos/BelooS/ChipsLayoutManager/git/trees{/sha}",
        "statuses_url": "https://api.github.com/repos/BelooS/ChipsLayoutManager/statuses/{sha}",
        "languages_url": "https://api.github.com/repos/BelooS/ChipsLayoutManager/languages",
        "stargazers_url": "https://api.github.com/repos/BelooS/ChipsLayoutManager/stargazers",
        "contributors_url": "https://api.github.com/repos/BelooS/ChipsLayoutManager/contributors",
        "subscribers_url": "https://api.github.com/repos/BelooS/ChipsLayoutManager/subscribers",
        "subscription_url": "https://api.github.com/repos/BelooS/ChipsLayoutManager/subscription",
        "commits_url": "https://api.github.com/repos/BelooS/ChipsLayoutManager/commits{/sha}",
        "git_commits_url": "https://api.github.com/repos/BelooS/ChipsLayoutManager/git/commits{/sha}",
        "comments_url": "https://api.github.com/repos/BelooS/ChipsLayoutManager/comments{/number}",
        "issue_comment_url": "https://api.github.com/repos/BelooS/ChipsLayoutManager/issues/comments{/number}",
        "contents_url": "https://api.github.com/repos/BelooS/ChipsLayoutManager/contents/{+path}",
        "compare_url": "https://api.github.com/repos/BelooS/ChipsLayoutManager/compare/{base}...{head}",
        "merges_url": "https://api.github.com/repos/BelooS/ChipsLayoutManager/merges",
        "archive_url": "https://api.github.com/repos/BelooS/ChipsLayoutManager/{archive_format}{/ref}",
        "downloads_url": "https://api.github.com/repos/BelooS/ChipsLayoutManager/downloads",
        "issues_url": "https://api.github.com/repos/BelooS/ChipsLayoutManager/issues{/number}",
        "pulls_url": "https://api.github.com/repos/BelooS/ChipsLayoutManager/pulls{/number}",
        "milestones_url": "https://api.github.com/repos/BelooS/ChipsLayoutManager/milestones{/number}",
        "notifications_url": "https://api.github.com/repos/BelooS/ChipsLayoutManager/notifications{?since,all,participating}",
        "labels_url": "https://api.github.com/repos/BelooS/ChipsLayoutManager/labels{/name}",
        "releases_url": "https://api.github.com/repos/BelooS/ChipsLayoutManager/releases{/id}",
        "deployments_url": "https://api.github.com/repos/BelooS/ChipsLayoutManager/deployments",
        "created_at": "2016-08-03T19:23:43Z",
        "updated_at": "2024-04-22T14:00:58Z",
        "pushed_at": "2020-01-17T20:46:04Z",
        "git_url": "git://github.com/BelooS/ChipsLayoutManager.git",
        "ssh_url": "git@github.com:BelooS/ChipsLayoutManager.git",
        "clone_url": "https://github.com/BelooS/ChipsLayoutManager.git",
        "svn_url": "https://github.com/BelooS/ChipsLayoutManager",
        "homepage": "",
        "size": 29436,
        "stargazers_count": 3244,
        "watchers_count": 3244,
        "language": "Java",
        "has_issues": true,
        "has_projects": true,
        "has_downloads": true,
        "has_wiki": true,
        "has_pages": false,
        "has_discussions": false,
        "forks_count": 360,
        "mirror_url": null,
        "archived": false,
        "disabled": false,
        "open_issues_count": 37,
        "license": {
            "key": "apache-2.0",
            "name": "Apache License 2.0",
            "spdx_id": "Apache-2.0",
            "url": "https://api.github.com/licenses/apache-2.0",
            "node_id": "MDc6TGljZW5zZTI="
        },
        "allow_forking": true,
        "is_template": false,
        "web_commit_signoff_required": false,
        "topics": [
            "android",
            "layoutmanager",
            "recyclerview",
            "recyclerview-adapter",
            "span",
            "ui"
        ],
        "visibility": "public",
        "forks": 360,
        "open_issues": 37,
        "watchers": 3244,
        "default_branch": "master"
    },
    "source": {
        "id": 64873196,
        "node_id": "MDEwOlJlcG9zaXRvcnk2NDg3MzE5Ng==",
        "name": "ChipsLayoutManager",
        "full_name": "BelooS/ChipsLayoutManager",
        "private": false,
        "owner": {
            "login": "BelooS",
            "id": 4697236,
            "node_id": "MDQ6VXNlcjQ2OTcyMzY=",
            "avatar_url": "https://avatars.githubusercontent.com/u/4697236?v=4",
            "gravatar_id": "",
            "url": "https://api.github.com/users/BelooS",
            "html_url": "https://github.com/BelooS",
            "followers_url": "https://api.github.com/users/BelooS/followers",
            "following_url": "https://api.github.com/users/BelooS/following{/other_user}",
            "gists_url": "https://api.github.com/users/BelooS/gists{/gist_id}",
            "starred_url": "https://api.github.com/users/BelooS/starred{/owner}{/repo}",
            "subscriptions_url": "https://api.github.com/users/BelooS/subscriptions",
            "organizations_url": "https://api.github.com/users/BelooS/orgs",
            "repos_url": "https://api.github.com/users/BelooS/repos",
            "events_url": "https://api.github.com/users/BelooS/events{/privacy}",
            "received_events_url": "https://api.github.com/users/BelooS/received_events",
            "type": "User",
            "site_admin": false
        },
        "html_url": "https://github.com/BelooS/ChipsLayoutManager",
        "description": "ANDROID. ChipsLayoutManager (SpanLayoutManager, FlowLayoutManager). A custom layout manager for RecyclerView which mimicric TextView span behaviour, flow layouts behaviour with support of amazing recyclerView features",
        "fork": false,
        "url": "https://api.github.com/repos/BelooS/ChipsLayoutManager",
        "forks_url": "https://api.github.com/repos/BelooS/ChipsLayoutManager/forks",
        "keys_url": "https://api.github.com/repos/BelooS/ChipsLayoutManager/keys{/key_id}",
        "collaborators_url": "https://api.github.com/repos/BelooS/ChipsLayoutManager/collaborators{/collaborator}",
        "teams_url": "https://api.github.com/repos/BelooS/ChipsLayoutManager/teams",
        "hooks_url": "https://api.github.com/repos/BelooS/ChipsLayoutManager/hooks",
        "issue_events_url": "https://api.github.com/repos/BelooS/ChipsLayoutManager/issues/events{/number}",
        "events_url": "https://api.github.com/repos/BelooS/ChipsLayoutManager/events",
        "assignees_url": "https://api.github.com/repos/BelooS/ChipsLayoutManager/assignees{/user}",
        "branches_url": "https://api.github.com/repos/BelooS/ChipsLayoutManager/branches{/branch}",
        "tags_url": "https://api.github.com/repos/BelooS/ChipsLayoutManager/tags",
        "blobs_url": "https://api.github.com/repos/BelooS/ChipsLayoutManager/git/blobs{/sha}",
        "git_tags_url": "https://api.github.com/repos/BelooS/ChipsLayoutManager/git/tags{/sha}",
        "git_refs_url": "https://api.github.com/repos/BelooS/ChipsLayoutManager/git/refs{/sha}",
        "trees_url": "https://api.github.com/repos/BelooS/ChipsLayoutManager/git/trees{/sha}",
        "statuses_url": "https://api.github.com/repos/BelooS/ChipsLayoutManager/statuses/{sha}",
        "languages_url": "https://api.github.com/repos/BelooS/ChipsLayoutManager/languages",
        "stargazers_url": "https://api.github.com/repos/BelooS/ChipsLayoutManager/stargazers",
        "contributors_url": "https://api.github.com/repos/BelooS/ChipsLayoutManager/contributors",
        "subscribers_url": "https://api.github.com/repos/BelooS/ChipsLayoutManager/subscribers",
        "subscription_url": "https://api.github.com/repos/BelooS/ChipsLayoutManager/subscription",
        "commits_url": "https://api.github.com/repos/BelooS/ChipsLayoutManager/commits{/sha}",
        "git_commits_url": "https://api.github.com/repos/BelooS/ChipsLayoutManager/git/commits{/sha}",
        "comments_url": "https://api.github.com/repos/BelooS/ChipsLayoutManager/comments{/number}",
        "issue_comment_url": "https://api.github.com/repos/BelooS/ChipsLayoutManager/issues/comments{/number}",
        "contents_url": "https://api.github.com/repos/BelooS/ChipsLayoutManager/contents/{+path}",
        "compare_url": "https://api.github.com/repos/BelooS/ChipsLayoutManager/compare/{base}...{head}",
        "merges_url": "https://api.github.com/repos/BelooS/ChipsLayoutManager/merges",
        "archive_url": "https://api.github.com/repos/BelooS/ChipsLayoutManager/{archive_format}{/ref}",
        "downloads_url": "https://api.github.com/repos/BelooS/ChipsLayoutManager/downloads",
        "issues_url": "https://api.github.com/repos/BelooS/ChipsLayoutManager/issues{/number}",
        "pulls_url": "https://api.github.com/repos/BelooS/ChipsLayoutManager/pulls{/number}",
        "milestones_url": "https://api.github.com/repos/BelooS/ChipsLayoutManager/milestones{/number}",
        "notifications_url": "https://api.github.com/repos/BelooS/ChipsLayoutManager/notifications{?since,all,participating}",
        "labels_url": "https://api.github.com/repos/BelooS/ChipsLayoutManager/labels{/name}",
        "releases_url": "https://api.github.com/repos/BelooS/ChipsLayoutManager/releases{/id}",
        "deployments_url": "https://api.github.com/repos/BelooS/ChipsLayoutManager/deployments",
        "created_at": "2016-08-03T19:23:43Z",
        "updated_at": "2024-04-22T14:00:58Z",
        "pushed_at": "2020-01-17T20:46:04Z",
        "git_url": "git://github.com/BelooS/ChipsLayoutManager.git",
        "ssh_url": "git@github.com:BelooS/ChipsLayoutManager.git",
        "clone_url": "https://github.com/BelooS/ChipsLayoutManager.git",
        "svn_url": "https://github.com/BelooS/ChipsLayoutManager",
        "homepage": "",
        "size": 29436,
        "stargazers_count": 3244,
        "watchers_count": 3244,
        "language": "Java",
        "has_issues": true,
        "has_projects": true,
        "has_downloads": true,
        "has_wiki": true,
        "has_pages": false,
        "has_discussions": false,
        "forks_count": 360,
        "mirror_url": null,
        "archived": false,
        "disabled": false,
        "open_issues_count": 37,
        "license": {
            "key": "apache-2.0",
            "name": "Apache License 2.0",
            "spdx_id": "Apache-2.0",
            "url": "https://api.github.com/licenses/apache-2.0",
            "node_id": "MDc6TGljZW5zZTI="
        },
        "allow_forking": true,
        "is_template": false,
        "web_commit_signoff_required": false,
        "topics": [
            "android",
            "layoutmanager",
            "recyclerview",
            "recyclerview-adapter",
            "span",
            "ui"
        ],
        "visibility": "public",
        "forks": 360,
        "open_issues": 37,
        "watchers": 3244,
        "default_branch": "master"
    },
    "network_count": 360,
    "subscribers_count": 1
}