{
    "id": 76805893,
    "node_id": "MDEwOlJlcG9zaXRvcnk3NjgwNTg5Mw==",
    "name": "Launchpad-Pro",
    "full_name": "Dm47021/Launchpad-Pro",
    "private": false,
    "owner": {
        "login": "Dm47021",
        "id": 2576125,
        "node_id": "MDQ6VXNlcjI1NzYxMjU=",
        "avatar_url": "https://avatars.githubusercontent.com/u/2576125?v=4",
        "gravatar_id": "",
        "url": "https://api.github.com/users/Dm47021",
        "html_url": "https://github.com/Dm47021",
        "followers_url": "https://api.github.com/users/Dm47021/followers",
        "following_url": "https://api.github.com/users/Dm47021/following{/other_user}",
        "gists_url": "https://api.github.com/users/Dm47021/gists{/gist_id}",
        "starred_url": "https://api.github.com/users/Dm47021/starred{/owner}{/repo}",
        "subscriptions_url": "https://api.github.com/users/Dm47021/subscriptions",
        "organizations_url": "https://api.github.com/users/Dm47021/orgs",
        "repos_url": "https://api.github.com/users/Dm47021/repos",
        "events_url": "https://api.github.com/users/Dm47021/events{/privacy}",
        "received_events_url": "https://api.github.com/users/Dm47021/received_events",
        "type": "User",
        "site_admin": false
    },
    "html_url": "https://github.com/Dm47021/Launchpad-Pro",
    "description": "Modified Launcher2 with many speed tweaks, changes, addons",
    "fork": false,
    "url": "https://api.github.com/repos/Dm47021/Launchpad-Pro",
    "forks_url": "https://api.github.com/repos/Dm47021/Launchpad-Pro/forks",
    "keys_url": "https://api.github.com/repos/Dm47021/Launchpad-Pro/keys{/key_id}",
    "collaborators_url": "https://api.github.com/repos/Dm47021/Launchpad-Pro/collaborators{/collaborator}",
    "teams_url": "https://api.github.com/repos/Dm47021/Launchpad-Pro/teams",
    "hooks_url": "https://api.github.com/repos/Dm47021/Launchpad-Pro/hooks",
    "issue_events_url": "https://api.github.com/repos/Dm47021/Launchpad-Pro/issues/events{/number}",
    "events_url": "https://api.github.com/repos/Dm47021/Launchpad-Pro/events",
    "assignees_url": "https://api.github.com/repos/Dm47021/Launchpad-Pro/assignees{/user}",
    "branches_url": "https://api.github.com/repos/Dm47021/Launchpad-Pro/branches{/branch}",
    "tags_url": "https://api.github.com/repos/Dm47021/Launchpad-Pro/tags",
    "blobs_url": "https://api.github.com/repos/Dm47021/Launchpad-Pro/git/blobs{/sha}",
    "git_tags_url": "https://api.github.com/repos/Dm47021/Launchpad-Pro/git/tags{/sha}",
    "git_refs_url": "https://api.github.com/repos/Dm47021/Launchpad-Pro/git/refs{/sha}",
    "trees_url": "https://api.github.com/repos/Dm47021/Launchpad-Pro/git/trees{/sha}",
    "statuses_url": "https://api.github.com/repos/Dm47021/Launchpad-Pro/statuses/{sha}",
    "languages_url": "https://api.github.com/repos/Dm47021/Launchpad-Pro/languages",
    "stargazers_url": "https://api.github.com/repos/Dm47021/Launchpad-Pro/stargazers",
    "contributors_url": "https://api.github.com/repos/Dm47021/Launchpad-Pro/contributors",
    "subscribers_url": "https://api.github.com/repos/Dm47021/Launchpad-Pro/subscribers",
    "subscription_url": "https://api.github.com/repos/Dm47021/Launchpad-Pro/subscription",
    "commits_url": "https://api.github.com/repos/Dm47021/Launchpad-Pro/commits{/sha}",
    "git_commits_url": "https://api.github.com/repos/Dm47021/Launchpad-Pro/git/commits{/sha}",
    "comments_url": "https://api.github.com/repos/Dm47021/Launchpad-Pro/comments{/number}",
    "issue_comment_url": "https://api.github.com/repos/Dm47021/Launchpad-Pro/issues/comments{/number}",
    "contents_url": "https://api.github.com/repos/Dm47021/Launchpad-Pro/contents/{+path}",
    "compare_url": "https://api.github.com/repos/Dm47021/Launchpad-Pro/compare/{base}...{head}",
    "merges_url": "https://api.github.com/repos/Dm47021/Launchpad-Pro/merges",
    "archive_url": "https://api.github.com/repos/Dm47021/Launchpad-Pro/{archive_format}{/ref}",
    "downloads_url": "https://api.github.com/repos/Dm47021/Launchpad-Pro/downloads",
    "issues_url": "https://api.github.com/repos/Dm47021/Launchpad-Pro/issues{/number}",
    "pulls_url": "https://api.github.com/repos/Dm47021/Launchpad-Pro/pulls{/number}",
    "milestones_url": "https://api.github.com/repos/Dm47021/Launchpad-Pro/milestones{/number}",
    "notifications_url": "https://api.github.com/repos/Dm47021/Launchpad-Pro/notifications{?since,all,participating}",
    "labels_url": "https://api.github.com/repos/Dm47021/Launchpad-Pro/labels{/name}",
    "releases_url": "https://api.github.com/repos/Dm47021/Launchpad-Pro/releases{/id}",
    "deployments_url": "https://api.github.com/repos/Dm47021/Launchpad-Pro/deployments",
    "created_at": "2016-12-18T20:47:43Z",
    "updated_at": "2016-12-18T20:51:37Z",
    "pushed_at": "2016-12-18T20:51:34Z",
    "git_url": "git://github.com/Dm47021/Launchpad-Pro.git",
    "ssh_url": "git@github.com:Dm47021/Launchpad-Pro.git",
    "clone_url": "https://github.com/Dm47021/Launchpad-Pro.git",
    "svn_url": "https://github.com/Dm47021/Launchpad-Pro",
    "homepage": null,
    "size": 72139,
    "stargazers_count": 0,
    "watchers_count": 0,
    "language": "Java",
    "has_issues": true,
    "has_projects": true,
    "has_downloads": true,
    "has_wiki": true,
    "has_pages": false,
    "has_discussions": false,
    "forks_count": 0,
    "mirror_url": null,
    "archived": false,
    "disabled": false,
    "open_issues_count": 0,
    "license": {
        "key": "apache-2.0",
        "name": "Apache License 2.0",
        "spdx_id": "Apache-2.0",
        "url": "https://api.github.com/licenses/apache-2.0",
        "node_id": "MDc6TGljZW5zZTI="
    },
    "allow_forking": true,
    "is_template": false,
    "web_commit_signoff_required": false,
    "topics": [],
    "visibility": "public",
    "forks": 0,
    "open_issues": 0,
    "watchers": 0,
    "default_branch": "master",
    "permissions": {
        "admin": false,
        "maintain": false,
        "push": false,
        "triage": false,
        "pull": true
    },
    "temp_clone_token": "",
    "network_count": 0,
    "subscribers_count": 2
}