{
    "id": 247608684,
    "node_id": "MDEwOlJlcG9zaXRvcnkyNDc2MDg2ODQ=",
    "name": "cola",
    "full_name": "platini1710/cola",
    "private": false,
    "owner": {
        "login": "platini1710",
        "id": 56076555,
        "node_id": "MDQ6VXNlcjU2MDc2NTU1",
        "avatar_url": "https://avatars.githubusercontent.com/u/56076555?v=4",
        "gravatar_id": "",
        "url": "https://api.github.com/users/platini1710",
        "html_url": "https://github.com/platini1710",
        "followers_url": "https://api.github.com/users/platini1710/followers",
        "following_url": "https://api.github.com/users/platini1710/following{/other_user}",
        "gists_url": "https://api.github.com/users/platini1710/gists{/gist_id}",
        "starred_url": "https://api.github.com/users/platini1710/starred{/owner}{/repo}",
        "subscriptions_url": "https://api.github.com/users/platini1710/subscriptions",
        "organizations_url": "https://api.github.com/users/platini1710/orgs",
        "repos_url": "https://api.github.com/users/platini1710/repos",
        "events_url": "https://api.github.com/users/platini1710/events{/privacy}",
        "received_events_url": "https://api.github.com/users/platini1710/received_events",
        "type": "User",
        "site_admin": false
    },
    "html_url": "https://github.com/platini1710/cola",
    "description": null,
    "fork": false,
    "url": "https://api.github.com/repos/platini1710/cola",
    "forks_url": "https://api.github.com/repos/platini1710/cola/forks",
    "keys_url": "https://api.github.com/repos/platini1710/cola/keys{/key_id}",
    "collaborators_url": "https://api.github.com/repos/platini1710/cola/collaborators{/collaborator}",
    "teams_url": "https://api.github.com/repos/platini1710/cola/teams",
    "hooks_url": "https://api.github.com/repos/platini1710/cola/hooks",
    "issue_events_url": "https://api.github.com/repos/platini1710/cola/issues/events{/number}",
    "events_url": "https://api.github.com/repos/platini1710/cola/events",
    "assignees_url": "https://api.github.com/repos/platini1710/cola/assignees{/user}",
    "branches_url": "https://api.github.com/repos/platini1710/cola/branches{/branch}",
    "tags_url": "https://api.github.com/repos/platini1710/cola/tags",
    "blobs_url": "https://api.github.com/repos/platini1710/cola/git/blobs{/sha}",
    "git_tags_url": "https://api.github.com/repos/platini1710/cola/git/tags{/sha}",
    "git_refs_url": "https://api.github.com/repos/platini1710/cola/git/refs{/sha}",
    "trees_url": "https://api.github.com/repos/platini1710/cola/git/trees{/sha}",
    "statuses_url": "https://api.github.com/repos/platini1710/cola/statuses/{sha}",
    "languages_url": "https://api.github.com/repos/platini1710/cola/languages",
    "stargazers_url": "https://api.github.com/repos/platini1710/cola/stargazers",
    "contributors_url": "https://api.github.com/repos/platini1710/cola/contributors",
    "subscribers_url": "https://api.github.com/repos/platini1710/cola/subscribers",
    "subscription_url": "https://api.github.com/repos/platini1710/cola/subscription",
    "commits_url": "https://api.github.com/repos/platini1710/cola/commits{/sha}",
    "git_commits_url": "https://api.github.com/repos/platini1710/cola/git/commits{/sha}",
    "comments_url": "https://api.github.com/repos/platini1710/cola/comments{/number}",
    "issue_comment_url": "https://api.github.com/repos/platini1710/cola/issues/comments{/number}",
    "contents_url": "https://api.github.com/repos/platini1710/cola/contents/{+path}",
    "compare_url": "https://api.github.com/repos/platini1710/cola/compare/{base}...{head}",
    "merges_url": "https://api.github.com/repos/platini1710/cola/merges",
    "archive_url": "https://api.github.com/repos/platini1710/cola/{archive_format}{/ref}",
    "downloads_url": "https://api.github.com/repos/platini1710/cola/downloads",
    "issues_url": "https://api.github.com/repos/platini1710/cola/issues{/number}",
    "pulls_url": "https://api.github.com/repos/platini1710/cola/pulls{/number}",
    "milestones_url": "https://api.github.com/repos/platini1710/cola/milestones{/number}",
    "notifications_url": "https://api.github.com/repos/platini1710/cola/notifications{?since,all,participating}",
    "labels_url": "https://api.github.com/repos/platini1710/cola/labels{/name}",
    "releases_url": "https://api.github.com/repos/platini1710/cola/releases{/id}",
    "deployments_url": "https://api.github.com/repos/platini1710/cola/deployments",
    "created_at": "2020-03-16T04:13:36Z",
    "updated_at": "2020-03-16T18:00:45Z",
    "pushed_at": "2022-03-31T19:03:38Z",
    "git_url": "git://github.com/platini1710/cola.git",
    "ssh_url": "git@github.com:platini1710/cola.git",
    "clone_url": "https://github.com/platini1710/cola.git",
    "svn_url": "https://github.com/platini1710/cola",
    "homepage": null,
    "size": 61,
    "stargazers_count": 0,
    "watchers_count": 0,
    "language": "Java",
    "has_issues": true,
    "has_projects": true,
    "has_downloads": true,
    "has_wiki": true,
    "has_pages": false,
    "has_discussions": false,
    "forks_count": 0,
    "mirror_url": null,
    "archived": false,
    "disabled": false,
    "open_issues_count": 1,
    "license": {
        "key": "mit",
        "name": "MIT License",
        "spdx_id": "MIT",
        "url": "https://api.github.com/licenses/mit",
        "node_id": "MDc6TGljZW5zZTEz"
    },
    "allow_forking": true,
    "is_template": false,
    "web_commit_signoff_required": false,
    "topics": [],
    "visibility": "public",
    "forks": 0,
    "open_issues": 1,
    "watchers": 0,
    "default_branch": "master",
    "permissions": {
        "admin": false,
        "maintain": false,
        "push": false,
        "triage": false,
        "pull": true
    },
    "temp_clone_token": "",
    "network_count": 0,
    "subscribers_count": 1
}