{
    "id": 80361047,
    "node_id": "MDEwOlJlcG9zaXRvcnk4MDM2MTA0Nw==",
    "name": "SimpleLogo",
    "full_name": "brianlizhou/SimpleLogo",
    "private": false,
    "owner": {
        "login": "brianlizhou",
        "id": 16707465,
        "node_id": "MDQ6VXNlcjE2NzA3NDY1",
        "avatar_url": "https://avatars.githubusercontent.com/u/16707465?v=4",
        "gravatar_id": "",
        "url": "https://api.github.com/users/brianlizhou",
        "html_url": "https://github.com/brianlizhou",
        "followers_url": "https://api.github.com/users/brianlizhou/followers",
        "following_url": "https://api.github.com/users/brianlizhou/following{/other_user}",
        "gists_url": "https://api.github.com/users/brianlizhou/gists{/gist_id}",
        "starred_url": "https://api.github.com/users/brianlizhou/starred{/owner}{/repo}",
        "subscriptions_url": "https://api.github.com/users/brianlizhou/subscriptions",
        "organizations_url": "https://api.github.com/users/brianlizhou/orgs",
        "repos_url": "https://api.github.com/users/brianlizhou/repos",
        "events_url": "https://api.github.com/users/brianlizhou/events{/privacy}",
        "received_events_url": "https://api.github.com/users/brianlizhou/received_events",
        "type": "User",
        "site_admin": false
    },
    "html_url": "https://github.com/brianlizhou/SimpleLogo",
    "description": null,
    "fork": false,
    "url": "https://api.github.com/repos/brianlizhou/SimpleLogo",
    "forks_url": "https://api.github.com/repos/brianlizhou/SimpleLogo/forks",
    "keys_url": "https://api.github.com/repos/brianlizhou/SimpleLogo/keys{/key_id}",
    "collaborators_url": "https://api.github.com/repos/brianlizhou/SimpleLogo/collaborators{/collaborator}",
    "teams_url": "https://api.github.com/repos/brianlizhou/SimpleLogo/teams",
    "hooks_url": "https://api.github.com/repos/brianlizhou/SimpleLogo/hooks",
    "issue_events_url": "https://api.github.com/repos/brianlizhou/SimpleLogo/issues/events{/number}",
    "events_url": "https://api.github.com/repos/brianlizhou/SimpleLogo/events",
    "assignees_url": "https://api.github.com/repos/brianlizhou/SimpleLogo/assignees{/user}",
    "branches_url": "https://api.github.com/repos/brianlizhou/SimpleLogo/branches{/branch}",
    "tags_url": "https://api.github.com/repos/brianlizhou/SimpleLogo/tags",
    "blobs_url": "https://api.github.com/repos/brianlizhou/SimpleLogo/git/blobs{/sha}",
    "git_tags_url": "https://api.github.com/repos/brianlizhou/SimpleLogo/git/tags{/sha}",
    "git_refs_url": "https://api.github.com/repos/brianlizhou/SimpleLogo/git/refs{/sha}",
    "trees_url": "https://api.github.com/repos/brianlizhou/SimpleLogo/git/trees{/sha}",
    "statuses_url": "https://api.github.com/repos/brianlizhou/SimpleLogo/statuses/{sha}",
    "languages_url": "https://api.github.com/repos/brianlizhou/SimpleLogo/languages",
    "stargazers_url": "https://api.github.com/repos/brianlizhou/SimpleLogo/stargazers",
    "contributors_url": "https://api.github.com/repos/brianlizhou/SimpleLogo/contributors",
    "subscribers_url": "https://api.github.com/repos/brianlizhou/SimpleLogo/subscribers",
    "subscription_url": "https://api.github.com/repos/brianlizhou/SimpleLogo/subscription",
    "commits_url": "https://api.github.com/repos/brianlizhou/SimpleLogo/commits{/sha}",
    "git_commits_url": "https://api.github.com/repos/brianlizhou/SimpleLogo/git/commits{/sha}",
    "comments_url": "https://api.github.com/repos/brianlizhou/SimpleLogo/comments{/number}",
    "issue_comment_url": "https://api.github.com/repos/brianlizhou/SimpleLogo/issues/comments{/number}",
    "contents_url": "https://api.github.com/repos/brianlizhou/SimpleLogo/contents/{+path}",
    "compare_url": "https://api.github.com/repos/brianlizhou/SimpleLogo/compare/{base}...{head}",
    "merges_url": "https://api.github.com/repos/brianlizhou/SimpleLogo/merges",
    "archive_url": "https://api.github.com/repos/brianlizhou/SimpleLogo/{archive_format}{/ref}",
    "downloads_url": "https://api.github.com/repos/brianlizhou/SimpleLogo/downloads",
    "issues_url": "https://api.github.com/repos/brianlizhou/SimpleLogo/issues{/number}",
    "pulls_url": "https://api.github.com/repos/brianlizhou/SimpleLogo/pulls{/number}",
    "milestones_url": "https://api.github.com/repos/brianlizhou/SimpleLogo/milestones{/number}",
    "notifications_url": "https://api.github.com/repos/brianlizhou/SimpleLogo/notifications{?since,all,participating}",
    "labels_url": "https://api.github.com/repos/brianlizhou/SimpleLogo/labels{/name}",
    "releases_url": "https://api.github.com/repos/brianlizhou/SimpleLogo/releases{/id}",
    "deployments_url": "https://api.github.com/repos/brianlizhou/SimpleLogo/deployments",
    "created_at": "2017-01-29T17:44:20Z",
    "updated_at": "2017-01-29T17:45:25Z",
    "pushed_at": "2017-01-29T17:45:23Z",
    "git_url": "git://github.com/brianlizhou/SimpleLogo.git",
    "ssh_url": "git@github.com:brianlizhou/SimpleLogo.git",
    "clone_url": "https://github.com/brianlizhou/SimpleLogo.git",
    "svn_url": "https://github.com/brianlizhou/SimpleLogo",
    "homepage": null,
    "size": 3242,
    "stargazers_count": 0,
    "watchers_count": 0,
    "language": "Java",
    "has_issues": true,
    "has_projects": true,
    "has_downloads": true,
    "has_wiki": true,
    "has_pages": false,
    "has_discussions": false,
    "forks_count": 0,
    "mirror_url": null,
    "archived": false,
    "disabled": false,
    "open_issues_count": 0,
    "license": {
        "key": "mit",
        "name": "MIT License",
        "spdx_id": "MIT",
        "url": "https://api.github.com/licenses/mit",
        "node_id": "MDc6TGljZW5zZTEz"
    },
    "allow_forking": true,
    "is_template": false,
    "web_commit_signoff_required": false,
    "topics": [],
    "visibility": "public",
    "forks": 0,
    "open_issues": 0,
    "watchers": 0,
    "default_branch": "master",
    "permissions": {
        "admin": false,
        "maintain": false,
        "push": false,
        "triage": false,
        "pull": true
    },
    "temp_clone_token": "",
    "network_count": 0,
    "subscribers_count": 2
}