{
    "id": 116841749,
    "node_id": "MDEwOlJlcG9zaXRvcnkxMTY4NDE3NDk=",
    "name": "jMetal",
    "full_name": "dungltr/jMetal",
    "private": false,
    "owner": {
        "login": "dungltr",
        "id": 16960300,
        "node_id": "MDQ6VXNlcjE2OTYwMzAw",
        "avatar_url": "https://avatars.githubusercontent.com/u/16960300?v=4",
        "gravatar_id": "",
        "url": "https://api.github.com/users/dungltr",
        "html_url": "https://github.com/dungltr",
        "followers_url": "https://api.github.com/users/dungltr/followers",
        "following_url": "https://api.github.com/users/dungltr/following{/other_user}",
        "gists_url": "https://api.github.com/users/dungltr/gists{/gist_id}",
        "starred_url": "https://api.github.com/users/dungltr/starred{/owner}{/repo}",
        "subscriptions_url": "https://api.github.com/users/dungltr/subscriptions",
        "organizations_url": "https://api.github.com/users/dungltr/orgs",
        "repos_url": "https://api.github.com/users/dungltr/repos",
        "events_url": "https://api.github.com/users/dungltr/events{/privacy}",
        "received_events_url": "https://api.github.com/users/dungltr/received_events",
        "type": "User",
        "site_admin": false
    },
    "html_url": "https://github.com/dungltr/jMetal",
    "description": null,
    "fork": false,
    "url": "https://api.github.com/repos/dungltr/jMetal",
    "forks_url": "https://api.github.com/repos/dungltr/jMetal/forks",
    "keys_url": "https://api.github.com/repos/dungltr/jMetal/keys{/key_id}",
    "collaborators_url": "https://api.github.com/repos/dungltr/jMetal/collaborators{/collaborator}",
    "teams_url": "https://api.github.com/repos/dungltr/jMetal/teams",
    "hooks_url": "https://api.github.com/repos/dungltr/jMetal/hooks",
    "issue_events_url": "https://api.github.com/repos/dungltr/jMetal/issues/events{/number}",
    "events_url": "https://api.github.com/repos/dungltr/jMetal/events",
    "assignees_url": "https://api.github.com/repos/dungltr/jMetal/assignees{/user}",
    "branches_url": "https://api.github.com/repos/dungltr/jMetal/branches{/branch}",
    "tags_url": "https://api.github.com/repos/dungltr/jMetal/tags",
    "blobs_url": "https://api.github.com/repos/dungltr/jMetal/git/blobs{/sha}",
    "git_tags_url": "https://api.github.com/repos/dungltr/jMetal/git/tags{/sha}",
    "git_refs_url": "https://api.github.com/repos/dungltr/jMetal/git/refs{/sha}",
    "trees_url": "https://api.github.com/repos/dungltr/jMetal/git/trees{/sha}",
    "statuses_url": "https://api.github.com/repos/dungltr/jMetal/statuses/{sha}",
    "languages_url": "https://api.github.com/repos/dungltr/jMetal/languages",
    "stargazers_url": "https://api.github.com/repos/dungltr/jMetal/stargazers",
    "contributors_url": "https://api.github.com/repos/dungltr/jMetal/contributors",
    "subscribers_url": "https://api.github.com/repos/dungltr/jMetal/subscribers",
    "subscription_url": "https://api.github.com/repos/dungltr/jMetal/subscription",
    "commits_url": "https://api.github.com/repos/dungltr/jMetal/commits{/sha}",
    "git_commits_url": "https://api.github.com/repos/dungltr/jMetal/git/commits{/sha}",
    "comments_url": "https://api.github.com/repos/dungltr/jMetal/comments{/number}",
    "issue_comment_url": "https://api.github.com/repos/dungltr/jMetal/issues/comments{/number}",
    "contents_url": "https://api.github.com/repos/dungltr/jMetal/contents/{+path}",
    "compare_url": "https://api.github.com/repos/dungltr/jMetal/compare/{base}...{head}",
    "merges_url": "https://api.github.com/repos/dungltr/jMetal/merges",
    "archive_url": "https://api.github.com/repos/dungltr/jMetal/{archive_format}{/ref}",
    "downloads_url": "https://api.github.com/repos/dungltr/jMetal/downloads",
    "issues_url": "https://api.github.com/repos/dungltr/jMetal/issues{/number}",
    "pulls_url": "https://api.github.com/repos/dungltr/jMetal/pulls{/number}",
    "milestones_url": "https://api.github.com/repos/dungltr/jMetal/milestones{/number}",
    "notifications_url": "https://api.github.com/repos/dungltr/jMetal/notifications{?since,all,participating}",
    "labels_url": "https://api.github.com/repos/dungltr/jMetal/labels{/name}",
    "releases_url": "https://api.github.com/repos/dungltr/jMetal/releases{/id}",
    "deployments_url": "https://api.github.com/repos/dungltr/jMetal/deployments",
    "created_at": "2018-01-09T16:34:06Z",
    "updated_at": "2018-01-09T16:42:11Z",
    "pushed_at": "2018-02-02T22:48:29Z",
    "git_url": "git://github.com/dungltr/jMetal.git",
    "ssh_url": "git@github.com:dungltr/jMetal.git",
    "clone_url": "https://github.com/dungltr/jMetal.git",
    "svn_url": "https://github.com/dungltr/jMetal",
    "homepage": null,
    "size": 64492,
    "stargazers_count": 0,
    "watchers_count": 0,
    "language": "HTML",
    "has_issues": true,
    "has_projects": true,
    "has_downloads": true,
    "has_wiki": true,
    "has_pages": false,
    "has_discussions": false,
    "forks_count": 0,
    "mirror_url": null,
    "archived": false,
    "disabled": false,
    "open_issues_count": 0,
    "license": {
        "key": "mit",
        "name": "MIT License",
        "spdx_id": "MIT",
        "url": "https://api.github.com/licenses/mit",
        "node_id": "MDc6TGljZW5zZTEz"
    },
    "allow_forking": true,
    "is_template": false,
    "web_commit_signoff_required": false,
    "topics": [],
    "visibility": "public",
    "forks": 0,
    "open_issues": 0,
    "watchers": 0,
    "default_branch": "master",
    "permissions": {
        "admin": false,
        "maintain": false,
        "push": false,
        "triage": false,
        "pull": true
    },
    "temp_clone_token": "",
    "network_count": 0,
    "subscribers_count": 2
}